キャリア,地域,都道府県,店名,住所,URL,緯度,経度,取得結果
au,北海道,北海道,au Style 麻生,001-0045 北海道札幌市北区麻生町３丁目１０－１３　麻生ハヤシビル１階,https://www.au.com/storelocator/detail/?shopId=D-00004,43.110317,141.338598,ok
au,北海道,北海道,au Style 篠路,002-8023 北海道札幌市北区篠路３条４丁目１番３８号,https://www.au.com/storelocator/detail/?shopId=D-00144,43.144579,141.358338,ok
au,北海道,北海道,au Style 南郷７丁目,003-0022 北海道札幌市白石区南郷通7丁目南6-12,https://www.au.com/storelocator/detail/?shopId=D-00196,43.040198,141.410332,ok
au,北海道,北海道,au Style 南郷１８丁目,003-0022 北海道札幌市白石区南郷通１９丁目南１番１号,https://www.au.com/storelocator/detail/?shopId=D-00297,43.028814,141.435221,ok
au,北海道,北海道,au Style 西宮の沢,006-0004 北海道札幌市手稲区西宮の沢４条３丁目１－１２,https://www.au.com/storelocator/detail/?shopId=D-00287,43.101263,141.258719,ok
au,北海道,北海道,au Style 函館ポールスター,041-0821 北海道函館市港町１丁目２－１ポールスターショッピングセンター内,https://www.au.com/storelocator/detail/?shopId=D-00285,41.802327,140.731829,ok
au,北海道,北海道,au Style 日吉（北海道）,041-0841 北海道函館市日吉町1丁目14-11,https://www.au.com/storelocator/detail/?shopId=D-00198,41.788822,140.787112,ok
au,北海道,北海道,au Style 中道,041-0853 北海道函館市中道２丁目　11-2,https://www.au.com/storelocator/detail/?shopId=D-00044,41.806224,140.761179,ok
au,北海道,北海道,au Style イオン上磯,049-0111 北海道北斗市七重浜４丁目４４番１号　　イオン上磯店 １F,https://www.au.com/storelocator/detail/?shopId=D-00312,41.821693,140.712208,ok
au,北海道,北海道,au Style 室蘭中島,050-0074 北海道室蘭市中島町１丁目２３－５,https://www.au.com/storelocator/detail/?shopId=D-00048,42.354774,141.018024,ok
au,北海道,北海道,au Style 苫小牧西,053-0822 北海道苫小牧市川沿町６丁目２０－１１,https://www.au.com/storelocator/detail/?shopId=D-00095,42.623740,141.530834,ok
au,北海道,北海道,au Style 札幌駅前通,060-0003 北海道札幌市中央区北3条西4丁目1-1日本生命札幌ビル1F,https://www.au.com/storelocator/detail/?shopId=D-00098,43.065094,141.350666,ok
au,北海道,北海道,au Style 北広島,061-1121 北海道北広島市中央３－２－３,https://www.au.com/storelocator/detail/?shopId=D-00005,42.987306,141.564113,ok
au,北海道,北海道,au Style 福住,062-0042 北海道札幌市豊平区福住２条４丁目５－１,https://www.au.com/storelocator/detail/?shopId=D-00222,43.014953,141.397878,ok
au,北海道,北海道,au Style 宮の沢,063-0061 北海道札幌市西区西町北２０丁目３番１０号SRメディカルビル１階,https://www.au.com/storelocator/detail/?shopId=D-00101,43.088218,141.276243,ok
au,北海道,北海道,au Style 札幌西町,063-0062 北海道札幌市西区西町南2丁目1-16　M34 札幌西町ビル1階,https://www.au.com/storelocator/detail/?shopId=D-00097,43.077379,141.291691,ok
au,北海道,北海道,au Style 琴似駅前,063-0811 北海道札幌市西区琴似１条２丁目５－３,https://www.au.com/storelocator/detail/?shopId=D-00124,43.078634,141.306385,ok
au,北海道,北海道,au Style 東区役所前,065-0011 北海道札幌市東区北１１条東８－１－３　高岡ビル１Ｆ,https://www.au.com/storelocator/detail/?shopId=D-00236,43.076364,141.364539,ok
au,北海道,北海道,au Style 野幌,069-0824 北海道江別市東野幌本町３５番地５,https://www.au.com/storelocator/detail/?shopId=D-00003,43.087478,141.535152,ok
au,北海道,北海道,au Style 旭橋,070-0841 北海道旭川市大町１条３－９－３１,https://www.au.com/storelocator/detail/?shopId=D-00077,43.785041,142.361602,ok
au,北海道,北海道,au Style 神楽,070-8005 北海道旭川市神楽５条１２丁目１－４,https://www.au.com/storelocator/detail/?shopId=D-00152,43.751083,142.355779,ok
au,北海道,北海道,au Style 末広,071-8131 北海道旭川市末広１条６丁目１－３７,https://www.au.com/storelocator/detail/?shopId=D-00030,43.806999,142.390671,ok
au,北海道,北海道,au Style 富良野,076-0018 北海道富良野市弥生町4-40,https://www.au.com/storelocator/detail/?shopId=D-00078,43.344823,142.379683,ok
au,北海道,北海道,au Style 豊岡環状,078-8235 北海道旭川市豊岡５条６－５－１５,https://www.au.com/storelocator/detail/?shopId=D-00052,43.761063,142.411716,ok
au,北海道,北海道,au Style 永山,079-8420 北海道旭川市永山１０条４丁目５－１０,https://www.au.com/storelocator/detail/?shopId=D-00029,43.783561,142.412434,ok
au,北海道,北海道,au Style 帯広稲田,080-0016 北海道帯広市西６条南３４丁目８４,https://www.au.com/storelocator/detail/?shopId=D-00118,42.891643,143.198493,ok
au,北海道,北海道,au Style 帯広白樺通,080-0027 北海道帯広市西17条南3丁目２５－３,https://www.au.com/storelocator/detail/?shopId=D-00298,42.919037,143.167858,ok
au,北海道,北海道,au Style 芦野,085-0061 北海道釧路市芦野１丁目８－１８,https://www.au.com/storelocator/detail/?shopId=D-00046,43.010508,144.399374,ok
au,北海道,北海道,au Style 中標津,086-1002 北海道標津郡中標津町東２条南１１丁目６,https://www.au.com/storelocator/detail/?shopId=D-00037,43.542118,144.983670,ok
au,北海道,北海道,au Style 北見東,090-0015 北海道北見市公園町84-1,https://www.au.com/storelocator/detail/?shopId=D-00296,43.817008,143.908204,ok
au,北海道,北海道,au Style 三輪,090-0836 北海道北見市東三輪４丁目８－２４,https://www.au.com/storelocator/detail/?shopId=D-00153,43.796314,143.857438,ok
au,北海道,北海道,au Style 網走,093-0033 北海道網走市駒場北５丁目８３－１０,https://www.au.com/storelocator/detail/?shopId=D-00017,44.001270,144.283458,ok
au,北海道,北海道,au Style 江別,067-0072 北海道江別市一番町３０番２２,https://www.au.com/storelocator/detail/?shopId=D-00280,43.108387,141.546300,ok
au,北海道,北海道,auショップ 札幌屯田,002-0856 北海道札幌市北区屯田６条４丁目４－３０,https://www.au.com/storelocator/detail/?shopId=D-00258,43.134843,141.338125,ok
au,北海道,北海道,auショップ 東札幌,003-0003 北海道札幌市白石区東札幌３条４丁目１－１,https://www.au.com/storelocator/detail/?shopId=D-00010,43.049635,141.389063,ok
au,北海道,北海道,auショップ 菊水元町,003-0822 北海道札幌市白石区菊水元町２条５丁目３－１３,https://www.au.com/storelocator/detail/?shopId=D-00113,43.065040,141.403901,ok
au,北海道,北海道,auショップ 厚別中央,004-0051 北海道札幌市厚別区厚別中央１条４丁目１－２６,https://www.au.com/storelocator/detail/?shopId=D-00247,43.034184,141.469249,ok
au,北海道,北海道,auショップ 新さっぽろデュオ,004-0052 北海道札幌市厚別区厚別中央２条５－６－２　アークシティデュオ１　Ｂ１Ｆ,https://www.au.com/storelocator/detail/?shopId=D-00071,43.039009,141.472425,ok
au,北海道,北海道,auショップ 厚別西,004-0062 北海道札幌市厚別区厚別西２条４丁目２－１,https://www.au.com/storelocator/detail/?shopId=D-00237,43.048962,141.465038,ok
au,北海道,北海道,auショップ 美しが丘,004-0813 北海道札幌市清田区美しが丘3条1丁目7番12号,https://www.au.com/storelocator/detail/?shopId=D-00166,42.986897,141.445308,ok
au,北海道,北海道,auショップ 平岡,004-0863 北海道札幌市清田区北野３条５－１７,https://www.au.com/storelocator/detail/?shopId=D-00163,43.008180,141.446761,ok
au,北海道,北海道,auショップ 真駒内五輪通,005-0012 北海道札幌市南区真駒内上町５丁目４－４,https://www.au.com/storelocator/detail/?shopId=D-00085,42.998238,141.359635,ok
au,北海道,北海道,auショップ 手稲前田,006-0816 北海道札幌市手稲区前田６条１２丁目１－１,https://www.au.com/storelocator/detail/?shopId=D-00064,43.127328,141.252011,ok
au,北海道,北海道,auショップ 東苗穂,007-0804 北海道札幌市東区東苗穂４条２－３－１　渡辺商業ビル　メディカル棟１階,https://www.au.com/storelocator/detail/?shopId=D-00011,43.086244,141.405805,ok
au,北海道,北海道,auショップ 北栄,007-0849 北海道札幌市東区北４９条東８丁目２－１,https://www.au.com/storelocator/detail/?shopId=D-00080,43.119930,141.354230,ok
au,北海道,北海道,auショップ 千代台,040-0013 北海道函館市千代台町21－5,https://www.au.com/storelocator/detail/?shopId=D-00106,41.783492,140.748136,ok
au,北海道,北海道,auショップ 桔梗,041-0808 北海道函館市桔梗１－２４－３３,https://www.au.com/storelocator/detail/?shopId=D-00020,41.828355,140.730134,ok
au,北海道,北海道,auショップ 江差,043-0021 北海道檜山郡江差町柳崎町２０７番地,https://www.au.com/storelocator/detail/?shopId=D-00293,41.918688,140.149037,ok
au,北海道,北海道,auショップ 倶知安,044-0041 北海道虻田郡倶知安町南７条西１丁目１０－６,https://www.au.com/storelocator/detail/?shopId=D-00063,42.894430,140.751685,ok
au,北海道,北海道,auショップ ウイングベイ小樽,047-0008 北海道小樽市築港１１－１　ウイングベイ小樽三番街１Ｆ,https://www.au.com/storelocator/detail/?shopId=D-00228,43.182260,141.026482,ok
au,北海道,北海道,auショップ おたる花園,047-0024 北海道小樽市花園３丁目９－１６,https://www.au.com/storelocator/detail/?shopId=D-00025,43.190915,140.998726,ok
au,北海道,北海道,auショップ 北斗,049-0111 北海道北斗市七重浜7丁目12-22,https://www.au.com/storelocator/detail/?shopId=D-00242,41.818746,140.697444,ok
au,北海道,北海道,auショップ 松前,049-1501 北海道松前郡松前町建石５２番８,https://www.au.com/storelocator/detail/?shopId=D-00243,41.425179,140.084834,ok
au,北海道,北海道,auショップ 八雲,049-3107 北海道二海郡八雲町本町１３１,https://www.au.com/storelocator/detail/?shopId=D-00073,42.254780,140.272395,ok
au,北海道,北海道,auショップ 伊達,052-0014 北海道伊達市舟岡町236-1,https://www.au.com/storelocator/detail/?shopId=D-00102,42.468595,140.878868,ok
au,北海道,北海道,auショップ 苫小牧東,053-0054 北海道苫小牧市明野新町１丁目1-2,https://www.au.com/storelocator/detail/?shopId=D-00225,42.657395,141.639819,ok
au,北海道,北海道,auショップ 苫小牧中央,053-0852 北海道苫小牧市北光町４－１６－１７,https://www.au.com/storelocator/detail/?shopId=D-00232,42.639311,141.574591,ok
au,北海道,北海道,auショップ 静内,056-0025 北海道日高郡新ひだか町静内木場町１丁目１－６９,https://www.au.com/storelocator/detail/?shopId=D-00076,42.340394,142.357335,ok
au,北海道,北海道,auショップ 登別新生,059-0032 北海道登別市新生町３丁目１番地２号,https://www.au.com/storelocator/detail/?shopId=D-00279,42.373556,141.060120,ok
au,北海道,北海道,auショップ 桑園駅前,060-0009 北海道札幌市中央区北９条西１５－２８－１９６　札幌ＩＴフロントビル１階,https://www.au.com/storelocator/detail/?shopId=D-00122,43.069486,141.331743,ok
au,北海道,北海道,auショップ 狸小路,060-0062 北海道札幌市中央区南２条西２丁目６-２狸小路２丁目,https://www.au.com/storelocator/detail/?shopId=D-00183,43.057700,141.355140,ok
au,北海道,北海道,auショップ 恵庭黄金,061-1409 北海道恵庭市黄金南７丁目１８-２の内,https://www.au.com/storelocator/detail/?shopId=D-00143,42.890305,141.601249,ok
au,北海道,北海道,auショップ 恵庭市役所前,061-1414 北海道恵庭市漁町３,https://www.au.com/storelocator/detail/?shopId=D-00009,42.881511,141.576230,ok
au,北海道,北海道,auショップ 藤野,061-2283 北海道札幌市南区藤野３条５丁目１-２３,https://www.au.com/storelocator/detail/?shopId=D-00068,42.961234,141.301255,ok
au,北海道,北海道,auショップ 南平岸,062-0932 北海道札幌市豊平区平岸２条１３丁目３－１０,https://www.au.com/storelocator/detail/?shopId=D-00103,43.027345,141.367807,ok
au,北海道,北海道,auショップ 札幌八軒,063-0845 北海道札幌市西区八軒5条西9丁目4番21号,https://www.au.com/storelocator/detail/?shopId=D-00059,43.094392,141.302451,ok
au,北海道,北海道,auショップ 石山通り,064-0917 北海道札幌市中央区南１７条西１１丁目１－５,https://www.au.com/storelocator/detail/?shopId=D-00079,43.036843,141.343686,ok
au,北海道,北海道,auショップ 元町,065-0023 北海道札幌市東区北２３条東２１－１－８,https://www.au.com/storelocator/detail/?shopId=D-00167,43.093995,141.383413,ok
au,北海道,北海道,auショップ アリオ札幌,065-8518 北海道札幌市東区北７条東９丁目２－２０　アリオ札幌３F,https://www.au.com/storelocator/detail/?shopId=D-00295,43.070942,141.370338,ok
au,北海道,北海道,auショップ 千歳中央大通,066-0037 北海道千歳市新富３丁目２－１９,https://www.au.com/storelocator/detail/?shopId=D-00220,42.836627,141.640596,ok
au,北海道,北海道,auショップ 千歳,066-0064 北海道千歳市錦町２丁目7－１,https://www.au.com/storelocator/detail/?shopId=D-00008,42.821804,141.644210,ok
au,北海道,北海道,auショップ 岩見沢,068-0851 北海道岩見沢市大和１条８丁目３番地外,https://www.au.com/storelocator/detail/?shopId=D-00090,43.187716,141.734323,ok
au,北海道,北海道,auショップ イオンモール旭川駅前,070-0030 北海道旭川市宮下通７－２－５　イオンモール旭川駅前３F,https://www.au.com/storelocator/detail/?shopId=D-00104,43.763974,142.357424,ok
au,北海道,北海道,auショップ 美唄,072-0023 北海道美唄市大通西１条南６－２－３,https://www.au.com/storelocator/detail/?shopId=D-00028,43.323526,141.857579,ok
au,北海道,北海道,auショップ 滝川,073-0024 北海道滝川市東町２丁目４２－１５,https://www.au.com/storelocator/detail/?shopId=D-00049,43.556018,141.927442,ok
au,北海道,北海道,auショップ 留萌,077-0024 北海道留萌市千鳥町１丁目４－２,https://www.au.com/storelocator/detail/?shopId=D-00035,43.934602,141.660671,ok
au,北海道,北海道,auショップ 東光(北海道),078-8354 北海道旭川市東光１４条６丁目５-１,https://www.au.com/storelocator/detail/?shopId=D-00001,43.741385,142.406381,ok
au,北海道,北海道,auショップ 帯広大通,080-0010 北海道帯広市大通南19丁目4番地1,https://www.au.com/storelocator/detail/?shopId=D-00061,42.911040,143.207102,ok
au,北海道,北海道,auショップ おびひろ南,080-0020 北海道帯広市西１０条南１０丁目２番地,https://www.au.com/storelocator/detail/?shopId=D-00031,42.919971,143.189728,ok
au,北海道,北海道,auショップ 音更木野,080-0301 北海道河東郡音更町木野大通西１３丁目１番２４,https://www.au.com/storelocator/detail/?shopId=D-00112,42.960890,143.205766,ok
au,北海道,北海道,auショップ 釧路昭和,084-0909 北海道釧路市昭和南３丁目１６番２３号,https://www.au.com/storelocator/detail/?shopId=D-00226,43.020708,144.358889,ok
au,北海道,北海道,auショップ 久寿里橋,085-0012 北海道釧路市川上町６丁目７番,https://www.au.com/storelocator/detail/?shopId=D-00110,42.985582,144.389449,ok
au,北海道,北海道,auショップ 根室,087-0015 北海道根室市花咲町１－８,https://www.au.com/storelocator/detail/?shopId=D-00238,43.335389,145.581669,ok
au,北海道,北海道,auショップ 士別,095-0029 北海道士別市大通西１８丁目４６３番１５２,https://www.au.com/storelocator/detail/?shopId=D-00233,44.162945,142.396065,ok
au,北海道,北海道,auショップ 稚内,097-0002 北海道稚内市潮見１丁目６番１４号,https://www.au.com/storelocator/detail/?shopId=D-00053,45.396008,141.696841,ok
au,北海道,北海道,auショップ 遠軽,099-0414 北海道紋別郡遠軽町南町3丁目3-12,https://www.au.com/storelocator/detail/?shopId=D-00292,44.049494,143.520898,ok
au,北海道,北海道,auショップ 紋別,099-5171 北海道紋別市渚滑町１丁目２番１　シティもんべつ店内,https://www.au.com/storelocator/detail/?shopId=D-00033,44.367705,143.335755,ok
au,北海道,北海道,auショップ 新琴似,001-0908 北海道札幌市北区新琴似８条１２丁目２－４,https://www.au.com/storelocator/detail/?shopId=D-00058,43.120431,141.317536,ok
au,北海道,北海道,auショップ オーロラ,060-0042 北海道札幌市中央区大通西２丁目１　さっぽろ地下街オーロラタウン,https://www.au.com/storelocator/detail/?shopId=D-00013,43.060683,141.353358,ok
au,北海道,北海道,auショップ 石狩,061-3257 北海道石狩市樽川７条１丁目３,https://www.au.com/storelocator/detail/?shopId=D-00234,43.147586,141.281841,ok
au,北海道,北海道,auショップ 釧路新橋,085-0046 北海道釧路市新橋大通２丁目３－１１１,https://www.au.com/storelocator/detail/?shopId=D-00229,43.004236,144.377506,ok
au,北海道,北海道,auショップ 名寄,096-0071 北海道名寄市徳田５１番地４,https://www.au.com/storelocator/detail/?shopId=D-00241,44.336906,142.456773,ok
au,北海道,北海道,UQスポット MEGAドン・キホーテ函館,041-0806 北海道函館市美原１丁目７－１　　ＭＥＧＡドン・キホーテ函館店Ｂ１Ｆ,https://www.au.com/storelocator/detail/?shopId=D-00306,41.813548,140.756195,ok
au,北海道,北海道,UQスポット MEGAドン・キホーテ苫小牧,053-0033 北海道苫小牧市木場町１－６－１　ＭＥＧＡドン・キホーテ苫小牧店１Ｆ,https://www.au.com/storelocator/detail/?shopId=D-00305,42.641024,141.595398,ok
au,北海道,北海道,UQスポット イオンモール旭川駅前,070-0030 北海道旭川市宮下通７丁目　２－５　イオンモール旭川駅前3F,https://www.au.com/storelocator/detail/?shopId=D-00300,43.763767,142.357503,ok
au,北海道,北海道,UQスポット MEGAドン・キホーテ西帯広,080-2471 北海道帯広市西２１条南４丁目４－１　　ＭＥＧＡドン・キホーテ西帯広店内,https://www.au.com/storelocator/detail/?shopId=D-00307,42.911582,143.143497,ok
au,北海道,北海道,トヨタ au取扱店 函館トヨタ自動車 昭和店,041-0812 北海道函館市昭和４－２２－５,https://www.au.com/storelocator/detail/?shopId=D-00270,41.814004,140.735077,ok
au,北海道,北海道,トヨタ au取扱店 ネッツトヨタ苫小牧 キテネッツ館,053-0052 北海道苫小牧市新開町３丁目２番４号,https://www.au.com/storelocator/detail/?shopId=D-00218,42.660169,141.648127,ok
au,北海道,北海道,トヨタ au取扱店 トヨタカローラ苫小牧 とまこまい店,053-0053 北海道苫小牧市柳町４丁目６－３２,https://www.au.com/storelocator/detail/?shopId=D-00315,42.653535,141.630852,ok
au,北海道,北海道,トヨタ au取扱店 AGHトヨタ札幌 au取扱店,062-0051 北海道札幌市豊平区月寒東１条１４丁目１番１号,https://www.au.com/storelocator/detail/?shopId=D-00282,43.021013,141.404402,ok
au,北海道,北海道,トヨタ au取扱店 札幌トヨタ自動車 琴似支店,064-0953 北海道札幌市中央区宮の森３条１丁目１－４６,https://www.au.com/storelocator/detail/?shopId=D-00284,43.066633,141.310678,ok
au,北海道,北海道,トヨタ au取扱店 ネッツトヨタ道都 中央店,064-0954 北海道札幌市中央区宮の森４条１－３－１,https://www.au.com/storelocator/detail/?shopId=D-00275,43.068477,141.306863,ok
au,北海道,北海道,トヨタ au取扱店 ネッツトヨタ札幌 営業推進課,065-0026 北海道札幌市東区北２５条東１丁目１－３８,https://www.au.com/storelocator/detail/?shopId=D-00276,43.092837,141.349092,ok
au,北海道,北海道,トヨタ au取扱店 旭川トヨタ自動車 旭川店,070-0034 北海道旭川市４条通２丁目,https://www.au.com/storelocator/detail/?shopId=D-00266,43.771553,142.352394,ok
au,北海道,北海道,トヨタ au取扱店 旭川トヨペット 神居店,070-8018 北海道旭川市神居８条１丁目１－２７,https://www.au.com/storelocator/detail/?shopId=D-00262,43.768156,142.320336,ok
au,北海道,北海道,トヨタ au取扱店 トヨタカローラ旭川 旭川店,070-8045 北海道旭川市忠和５条８丁目２番１１号,https://www.au.com/storelocator/detail/?shopId=D-00268,43.769500,142.327369,ok
au,北海道,北海道,トヨタ au取扱店 ネッツトヨタ旭川 かむい店,070-8048 北海道旭川市忠和８条６丁目１番５号,https://www.au.com/storelocator/detail/?shopId=D-00291,43.768906,142.318467,ok
au,北海道,北海道,トヨタ au取扱店 トヨタカローラ道北 カーセレクト３９,079-8413 北海道旭川市永山３条３丁目１ー２,https://www.au.com/storelocator/detail/?shopId=D-00265,43.783325,142.390205,ok
au,北海道,北海道,トヨタ au取扱店 ネッツトヨタたいせつ 旭川店,079-8550 北海道旭川市永山３条１２丁目１－７,https://www.au.com/storelocator/detail/?shopId=D-00264,43.801615,142.420014,ok
au,北海道,北海道,トヨタ au取扱店 釧路トヨタ自動車 クレイン鳥取大通店,084-0906 北海道釧路市鳥取大通６－４－２,https://www.au.com/storelocator/detail/?shopId=D-00271,43.015733,144.343453,ok
au,北海道,北海道,トヨタ au取扱店 トヨタモビリティ釧路 堀川店,085-0007 北海道釧路市堀川町６－１４,https://www.au.com/storelocator/detail/?shopId=D-00314,42.997753,144.394075,ok
au,北海道,北海道,トヨタ au取扱店 ネッツトヨタ北見 北見店,090-0836 北海道北見市東三輪３丁目２２番地,https://www.au.com/storelocator/detail/?shopId=D-00288,43.798023,143.862308,ok
au,東北,青森,au Style 弘前西,036-8275 青森県弘前市大字城西4丁目７番地１０,https://www.au.com/storelocator/detail/?shopId=T-00239,40.601948,140.450806,ok
au,東北,青森,au Style ＆ラビナ,038-0012 青森県青森市柳川１－５ ＆LOVINA ２F,https://www.au.com/storelocator/detail/?shopId=T-00408,40.827955,140.734206,ok
au,東北,青森,au Style イオンモールつがる柏,038-3107 青森県つがる市柏稲盛幾世41,https://www.au.com/storelocator/detail/?shopId=T-00224,40.802345,140.416789,ok
au,東北,青森,auショップ 青森東大野,030-0847 青森県青森市東大野２丁目１１－２,https://www.au.com/storelocator/detail/?shopId=T-00147,40.799872,140.745555,ok
au,東北,青森,auショップ 青森虹ヶ丘,030-0947 青森県青森市浜館４－８－１０,https://www.au.com/storelocator/detail/?shopId=T-00242,40.809497,140.791634,ok
au,東北,青森,auショップ 八戸城下,031-0072 青森県八戸市城下３丁目１４－２２,https://www.au.com/storelocator/detail/?shopId=T-00051,40.522929,141.487698,ok
au,東北,青森,auショップ 八戸売市,031-0073 青森県八戸市売市２丁目１３－１６,https://www.au.com/storelocator/detail/?shopId=T-00375,40.510726,141.473940,ok
au,東北,青森,auショップ 三沢,033-0036 青森県三沢市南町１－３１－３０６８,https://www.au.com/storelocator/detail/?shopId=T-00061,40.673065,141.366592,ok
au,東北,青森,auショップ 十和田,034-0011 青森県十和田市稲生町１３－４３,https://www.au.com/storelocator/detail/?shopId=T-00052,40.616217,141.210972,ok
au,東北,青森,auショップ むつ,035-0073 青森県むつ市中央２－２－３,https://www.au.com/storelocator/detail/?shopId=T-00100,41.289068,141.187218,ok
au,東北,青森,auショップ 黒石,036-0371 青森県黒石市花園町2-5,https://www.au.com/storelocator/detail/?shopId=T-00105,40.647810,140.602161,ok
au,東北,青森,auショップ 弘前堅田,036-8051 青森県弘前市宮川２丁目１－１５,https://www.au.com/storelocator/detail/?shopId=T-00106,40.613154,140.483617,ok
au,東北,青森,auショップ 弘前早稲田,036-8087 青森県弘前市早稲田４丁目３-１５,https://www.au.com/storelocator/detail/?shopId=T-00284,40.601435,140.514385,ok
au,東北,青森,auショップ 新青森駅前,038-0003 青森県青森市大字石江字高間３９－１,https://www.au.com/storelocator/detail/?shopId=T-00366,40.832905,140.697337,ok
au,東北,青森,auショップ 八戸石堂,039-1165 青森県八戸市石堂１－２７－９,https://www.au.com/storelocator/detail/?shopId=T-00367,40.530301,141.474337,ok
au,東北,青森,UQスポット サンロード青森,030-0845 青森県青森市緑３丁目９番地２　　サンロード青森　２階,https://www.au.com/storelocator/detail/?shopId=T-00396,40.806395,140.752762,ok
au,東北,青森,UQスポット イオンタウン弘前樋の口,036-8278 青森県弘前市大字樋の口２丁目９－６　　イオンタウン弘前樋の口　１Ｆ,https://www.au.com/storelocator/detail/?shopId=T-00395,40.602722,140.444197,ok
au,東北,岩手,au Style 津志田,020-0837 岩手県盛岡市津志田町２－４－３,https://www.au.com/storelocator/detail/?shopId=T-00135,39.666132,141.154145,ok
au,東北,岩手,au Style 盛岡本宮,020-0851 岩手県盛岡市向中野３－２－２６,https://www.au.com/storelocator/detail/?shopId=T-00329,39.684674,141.133034,ok
au,東北,岩手,au Style 一関,021-0055 岩手県一関市山目字泥田７２－４,https://www.au.com/storelocator/detail/?shopId=T-00134,38.937307,141.115531,ok
au,東北,岩手,au Style 大船渡,022-0003 岩手県大船渡市盛町字権現堂２番地５,https://www.au.com/storelocator/detail/?shopId=T-00102,39.090680,141.706009,ok
au,東北,岩手,au Style 水沢バイパス,023-0003 岩手県奥州市水沢 佐倉河字嶋舘２８－１,https://www.au.com/storelocator/detail/?shopId=T-00136,39.155381,141.147632,ok
au,東北,岩手,au Style 北上中央,024-0083 岩手県北上市柳原１－１４３－１,https://www.au.com/storelocator/detail/?shopId=T-00266,39.292732,141.112194,ok
au,東北,岩手,auショップ 盛岡バイパス,020-0066 岩手県盛岡市上田４丁目１２－３３,https://www.au.com/storelocator/detail/?shopId=T-00230,39.723231,141.132497,ok
au,東北,岩手,auショップ 青山,020-0122 岩手県盛岡市みたけ３－１９－３０　パークサイドビルド１Ｆ,https://www.au.com/storelocator/detail/?shopId=T-00141,39.738345,141.118426,ok
au,東北,岩手,auショップ 盛岡インター,020-0148 岩手県盛岡市前潟2丁目1-33,https://www.au.com/storelocator/detail/?shopId=T-00270,39.710547,141.105256,ok
au,東北,岩手,auショップ 一関ひがし,021-0002 岩手県一関市中里南白幡204-1,https://www.au.com/storelocator/detail/?shopId=T-00310,38.939497,141.139792,ok
au,東北,岩手,auショップ 花巻,025-0064 岩手県花巻市桜台１丁目１５－１０,https://www.au.com/storelocator/detail/?shopId=T-00070,39.399820,141.106342,ok
au,東北,岩手,auショップ 花巻中央,025-0081 岩手県花巻市里川口町1番4号,https://www.au.com/storelocator/detail/?shopId=T-00370,39.390682,141.124425,ok
au,東北,岩手,auショップ イオンタウン釜石,026-0011 岩手県釜石市港町２丁目１－１　イオンタウン釜石3階,https://www.au.com/storelocator/detail/?shopId=T-00226,39.271125,141.881347,ok
au,東北,岩手,auショップ 宮古,027-0052 岩手県宮古市宮町３－１０－５５,https://www.au.com/storelocator/detail/?shopId=T-00131,39.639201,141.939433,ok
au,東北,岩手,auショップ 久慈,028-0041 岩手県久慈市長内町第３４地割３６－１,https://www.au.com/storelocator/detail/?shopId=T-00225,40.188847,141.788460,ok
au,東北,岩手,auショップ 西根,028-7111 岩手県八幡平市大更２２－１７０－２,https://www.au.com/storelocator/detail/?shopId=T-00314,39.907458,141.096761,ok
au,東北,岩手,UQスポット イオンモール盛岡,020-0148 岩手県盛岡市前潟四丁目７番１号　イオンモール盛岡２階,https://www.au.com/storelocator/detail/?shopId=T-00397,39.711439,141.098604,ok
au,東北,宮城,au Style SENDAI,980-0811 宮城県仙台市青葉区一番町3-8-8　一番町stear,https://www.au.com/storelocator/detail/?shopId=T-00390,38.261159,140.872115,ok
au,東北,宮城,au Style イオンモール名取,981-1227 宮城県名取市杜せきのした５－３－１　イオンモール名取３階,https://www.au.com/storelocator/detail/?shopId=T-00327,38.163858,140.896885,ok
au,東北,宮城,au Style 多賀城,985-0874 宮城県多賀城市八幡２－２４－２６,https://www.au.com/storelocator/detail/?shopId=T-00049,38.286600,141.004912,ok
au,東北,宮城,au Style ブルームワールド岩沼,989-2434 宮城県岩沼市藤浪２－４－１０,https://www.au.com/storelocator/detail/?shopId=T-00263,38.101793,140.873332,ok
au,東北,宮城,au Style イオンモール新利府 南館,981-0114 宮城県宮城郡利府町新中道３－１－１イオンモール新利府　南館１階,https://www.au.com/storelocator/detail/?shopId=T-00033,38.321673,140.972343,ok
au,東北,宮城,au Style イオンスタイル仙台卸町,984-0015 宮城県仙台市若林区卸町１－１－１　イオンスタイル仙台卸町店２Ｆ,https://www.au.com/storelocator/detail/?shopId=T-00299,38.252198,140.918730,ok
au,東北,宮城,au Style 古川バイパス,989-6223 宮城県大崎市古川字青塚93-4,https://www.au.com/storelocator/detail/?shopId=T-00027,38.581021,140.945491,ok
au,東北,宮城,auショップ 仙台クリスロード,980-0021 宮城県仙台市青葉区中央２－３－２０　セザーヌビル１Ｆ,https://www.au.com/storelocator/detail/?shopId=T-00008,38.260940,140.875249,ok
au,東北,宮城,auショップ イオンタウン矢本,981-0504 宮城県東松島市小松字上浮足４３,https://www.au.com/storelocator/detail/?shopId=T-00069,38.426626,141.203998,ok
au,東北,宮城,auショップ 東勝山,981-0923 宮城県仙台市青葉区東勝山２－３－１,https://www.au.com/storelocator/detail/?shopId=T-00130,38.297372,140.867740,ok
au,東北,宮城,auショップ 名取,981-1224 宮城県名取市増田字柳田１３５－２,https://www.au.com/storelocator/detail/?shopId=T-00011,38.171430,140.890381,ok
au,東北,宮城,auショップ 角田,981-1505 宮城県角田市角田字緑町１４－７,https://www.au.com/storelocator/detail/?shopId=T-00279,37.979280,140.786384,ok
au,東北,宮城,auショップ 八乙女,981-3112 宮城県仙台市泉区八乙女4丁目6-9,https://www.au.com/storelocator/detail/?shopId=T-00316,38.309344,140.898960,ok
au,東北,宮城,auショップ 泉,981-3117 宮城県仙台市泉区市名坂字万吉前８３－１,https://www.au.com/storelocator/detail/?shopId=T-00001,38.319329,140.891258,ok
au,東北,宮城,auショップ 泉野村,981-3124 宮城県仙台市泉区野村字菅間前５２－５,https://www.au.com/storelocator/detail/?shopId=T-00129,38.327477,140.866511,ok
au,東北,宮城,auショップ イオンモール富谷,981-3329 宮城県富谷市大清水1丁目3３-1 イオンモール富谷2F,https://www.au.com/storelocator/detail/?shopId=T-00278,38.364746,140.875055,ok
au,東北,宮城,auショップ 吉岡,981-3627 宮城県黒川郡大和町吉岡東車堰３６－２,https://www.au.com/storelocator/detail/?shopId=T-00097,38.439697,140.891155,ok
au,東北,宮城,auショップ 長町インター,982-0003 宮城県仙台市太白区郡山字新橋南８－２,https://www.au.com/storelocator/detail/?shopId=T-00378,38.217551,140.894406,ok
au,東北,宮城,auショップ 東仙台フォレオ,983-0833 宮城県仙台市宮城野区東仙台４－６－３１,https://www.au.com/storelocator/detail/?shopId=T-00368,38.275366,140.908401,ok
au,東北,宮城,auショップ ＢｉＶｉ仙台駅東口,983-0852 宮城県仙台市宮城野区榴岡２丁目１－２５ ＢｉＶｉ仙台東口 1階,https://www.au.com/storelocator/detail/?shopId=T-00376,38.260990,140.883797,ok
au,東北,宮城,auショップ なないろの里,984-0017 宮城県仙台市若林区なないろの里2丁目11-5,https://www.au.com/storelocator/detail/?shopId=T-00028,38.240281,140.930553,ok
au,東北,宮城,auショップ 石巻中里,986-0815 宮城県石巻市中里２－２－７,https://www.au.com/storelocator/detail/?shopId=T-00084,38.441177,141.300394,ok
au,東北,宮城,auショップ 石巻恵み野,986-0868 宮城県石巻市恵み野六丁目2番地26,https://www.au.com/storelocator/detail/?shopId=T-00068,38.440816,141.271046,ok
au,東北,宮城,auショップ 涌谷,987-0141 宮城県遠田郡涌谷町字田町裏４２－１,https://www.au.com/storelocator/detail/?shopId=T-00321,38.531512,141.129329,ok
au,東北,宮城,auショップ イオンタウン佐沼,987-0441 宮城県登米市南方町新島前46-1,https://www.au.com/storelocator/detail/?shopId=T-00333,38.683614,141.183834,ok
au,東北,宮城,auショップ 佐沼,987-0511 宮城県登米市迫町佐沼字中江５－１－３,https://www.au.com/storelocator/detail/?shopId=T-00096,38.691189,141.186792,ok
au,東北,宮城,auショップ 築館,987-2205 宮城県栗原市築館宮野中央１－１５－１,https://www.au.com/storelocator/detail/?shopId=T-00223,38.749296,141.014742,ok
au,東北,宮城,auショップ 大河原,989-1246 宮城県柴田郡大河原町字新東２４－１７,https://www.au.com/storelocator/detail/?shopId=T-00037,38.055994,140.732809,ok
au,東北,宮城,auショップ イオン古川,989-6117 宮城県大崎市古川旭2丁目2-1,https://www.au.com/storelocator/detail/?shopId=T-00363,38.567513,140.972469,ok
au,東北,宮城,auショップ 古川大宮,989-6221 宮城県大崎市古川大宮８－１０－１８,https://www.au.com/storelocator/detail/?shopId=T-00083,38.589064,140.954421,ok
au,東北,宮城,auショップ イオンモール仙台上杉,981-0914 宮城県仙台市青葉区堤通雨宮町1-1 イオンモール仙台上杉2F,https://www.au.com/storelocator/detail/?shopId=T-00003,38.277201,140.872914,ok
au,東北,宮城,auショップ ザ・モール仙台長町,982-0011 宮城県仙台市太白区長町７－２０－１５ザ・モール仙台長町内 Part2 1階,https://www.au.com/storelocator/detail/?shopId=T-00002,38.227116,140.876284,ok
au,東北,宮城,auショップ 西多賀,982-0034 宮城県仙台市太白区西多賀４丁目２８－４５,https://www.au.com/storelocator/detail/?shopId=T-00283,38.220980,140.849695,ok
au,東北,宮城,auショップ 塩釜,985-0021 宮城県塩竈市尾島町２４－２２,https://www.au.com/storelocator/detail/?shopId=T-00328,38.315595,141.027172,ok
au,東北,宮城,auショップ 気仙沼,988-0053 宮城県気仙沼市田中前４－１－１５,https://www.au.com/storelocator/detail/?shopId=T-00120,38.890988,141.561748,ok
au,東北,宮城,auショップ 北環状吉成台,989-3206 宮城県仙台市青葉区吉成台１－２－１２,https://www.au.com/storelocator/detail/?shopId=T-00320,38.293635,140.823398,ok
au,東北,宮城,UQスポット イオンモール新利府南館,981-0114 宮城県宮城郡利府町新中道３－１－１　　イオンモール新利府　南館３階,https://www.au.com/storelocator/detail/?shopId=T-00402,38.321935,140.972308,ok
au,東北,宮城,UQスポット イオン仙台中山,981-3213 宮城県仙台市泉区南中山１丁目３５－４０　　　イオン仙台中山３Ｆ,https://www.au.com/storelocator/detail/?shopId=T-00403,38.297895,140.827181,ok
au,東北,秋田,au Style 秋田東,010-0041 秋田県秋田市広面字小沼古川端34-1,https://www.au.com/storelocator/detail/?shopId=T-00331,39.712905,140.145218,ok
au,東北,秋田,au Style 天王,010-0201 秋田県潟上市天王字蒲沼６３－２７,https://www.au.com/storelocator/detail/?shopId=T-00219,39.865792,140.005329,ok
au,東北,秋田,au Style 大曲,014-0033 秋田県大仙市和合字坪立１３７－２,https://www.au.com/storelocator/detail/?shopId=T-00076,39.441169,140.506074,ok
au,東北,秋田,au Style 大館,017-0872 秋田県大館市片山町３丁目３－６,https://www.au.com/storelocator/detail/?shopId=T-00075,40.274274,140.533609,ok
au,東北,秋田,au Style 横手,013-0063 秋田県横手市婦気大堤字婦気前２５３－１,https://www.au.com/storelocator/detail/?shopId=T-00078,39.301427,140.550325,ok
au,東北,秋田,au Style 本荘,015-0843 秋田県由利本荘市東梵天２５７,https://www.au.com/storelocator/detail/?shopId=T-00080,39.387061,140.062994,ok
au,東北,秋田,au Style 能代,016-0878 秋田県能代市字臥竜山３１－１１,https://www.au.com/storelocator/detail/?shopId=T-00079,40.189885,140.014512,ok
au,東北,秋田,auショップ イオンモール秋田,010-1413 秋田県秋田市御所野地蔵田1-1-1　イオンモール秋田２F,https://www.au.com/storelocator/detail/?shopId=T-00294,39.663223,140.161196,ok
au,東北,秋田,auショップ 仁井田,010-1427 秋田県秋田市仁井田新田1丁目5-14,https://www.au.com/storelocator/detail/?shopId=T-00362,39.682110,140.125713,ok
au,東北,秋田,auショップ 秋田土崎,011-0951 秋田県秋田市土崎港相染町字沼端77-11,https://www.au.com/storelocator/detail/?shopId=T-00308,39.767506,140.068290,ok
au,東北,秋田,auショップ 湯沢,012-0811 秋田県湯沢市桜通り２－７７,https://www.au.com/storelocator/detail/?shopId=T-00117,39.174788,140.491648,ok
au,東北,秋田,auショップ 横手中央,013-0060 秋田県横手市条里3丁目12番20号,https://www.au.com/storelocator/detail/?shopId=T-00315,39.314292,140.555837,ok
au,東北,秋田,auショップ 秋田新国道,010-0962 秋田県秋田市八橋大畑1丁目6-37,https://www.au.com/storelocator/detail/?shopId=T-00227,39.734912,140.099162,ok
au,東北,山形,au Style ときめき通り,990-0074 山形県山形市芳野３－１,https://www.au.com/storelocator/detail/?shopId=T-00144,38.280097,140.356506,ok
au,東北,山形,au Style 山形上町,990-2483 山形県山形市上町３－５－１４,https://www.au.com/storelocator/detail/?shopId=T-00301,38.242807,140.315676,ok
au,東北,山形,au Style 徳町大通り,992-0043 山形県米沢市大字塩野２７４７－１７,https://www.au.com/storelocator/detail/?shopId=T-00043,37.923073,140.093525,ok
au,東北,山形,au Style 長井,993-0013 山形県長井市館町南12-26,https://www.au.com/storelocator/detail/?shopId=T-00050,38.092225,140.042038,ok
au,東北,山形,au Style 新庄(山形県),996-0002 山形県新庄市金沢 字 中関屋 802-2,https://www.au.com/storelocator/detail/?shopId=T-00113,38.765772,140.310180,ok
au,東北,山形,au Style 酒田みずほ,998-0853 山形県酒田市みずほ１丁目２１－８,https://www.au.com/storelocator/detail/?shopId=T-00389,38.904006,139.848340,ok
au,東北,山形,au Style イオンモール山形南,990-2453 山形県山形市若宮３丁目７ー８イオンモール山形南２階,https://www.au.com/storelocator/detail/?shopId=T-00407,38.226630,140.305689,ok
au,東北,山形,auショップ 山形嶋,990-0885 山形県山形市嶋北4-2-7ヨークタウン嶋地内,https://www.au.com/storelocator/detail/?shopId=T-00116,38.285536,140.316472,ok
au,東北,山形,auショップ 寒河江,991-0041 山形県寒河江市大字寒河江字赤田７３－１,https://www.au.com/storelocator/detail/?shopId=T-00115,38.373504,140.287756,ok
au,東北,山形,auショップ 鶴岡新斎町,997-0041 山形県鶴岡市城北町２６－１３,https://www.au.com/storelocator/detail/?shopId=T-00285,38.736354,139.819613,ok
au,東北,山形,auショップ さくらんぼ東根,999-3730 山形県東根市中央南２－５－６,https://www.au.com/storelocator/detail/?shopId=T-00112,38.427235,140.392349,ok
au,東北,山形,auショップ 山形西バイパス,990-0832 山形県山形市城西町５－３５－５０,https://www.au.com/storelocator/detail/?shopId=T-00374,38.262418,140.311313,ok
au,東北,山形,auショップ イオンモール天童,994-0082 山形県天童市芳賀タウン北四丁目1番1号イオンモール天童1F,https://www.au.com/storelocator/detail/?shopId=T-00290,38.344312,140.362615,ok
au,東北,山形,auショップ 村山駅西,995-0038 山形県村山市駅西１７－８,https://www.au.com/storelocator/detail/?shopId=T-00373,38.477402,140.384588,ok
au,東北,山形,UQスポット イオン米沢,992-0044 山形県米沢市春日２丁目１３－４　イオン米沢２Ｆ,https://www.au.com/storelocator/detail/?shopId=T-00400,37.923393,140.108818,ok
au,東北,山形,UQスポット イオンモール天童,994-0000 山形県天童市芳賀タウン北４丁目１番１号　　　イオンモール天童２Ｆ,https://www.au.com/storelocator/detail/?shopId=T-00404,38.343402,140.363298,ok
au,東北,福島,au Style 福島北,960-0112 福島県福島市南矢野目字中江１２－１０,https://www.au.com/storelocator/detail/?shopId=T-00013,37.788109,140.454352,ok
au,東北,福島,au Style 郷野目,960-8161 福島県福島市郷野目字師々田２－２,https://www.au.com/storelocator/detail/?shopId=T-00047,37.734241,140.460229,ok
au,東北,福島,au Style 福島西,960-8254 福島県福島市南沢又字中琵琶渕２９－２,https://www.au.com/storelocator/detail/?shopId=T-00297,37.770798,140.438933,ok
au,東北,福島,au Style 須賀川イオンタウン,962-0852 福島県須賀川市仲の町８４ イオンタウン,https://www.au.com/storelocator/detail/?shopId=T-00304,37.296714,140.384214,ok
au,東北,福島,au Style 富久山,963-8052 福島県郡山市八山田２－１７７－１,https://www.au.com/storelocator/detail/?shopId=T-00139,37.429260,140.374406,ok
au,東北,福島,au Style イオンタウン郡山,963-8812 福島県郡山市松木町２－８８　　　イオンタウン郡山　おしゃれ館,https://www.au.com/storelocator/detail/?shopId=T-00399,37.390104,140.388980,ok
au,東北,福島,au Style 二本松,964-0807 福島県二本松市金色久保２２７－８,https://www.au.com/storelocator/detail/?shopId=T-00046,37.583784,140.432887,ok
au,東北,福島,au Style 会津南,965-0848 福島県会津若松市飯寺北三丁目14-16,https://www.au.com/storelocator/detail/?shopId=T-00300,37.479910,139.902332,ok
au,東北,福島,au Style 喜多方,966-0056 福島県喜多方市屋敷免３９６０－１,https://www.au.com/storelocator/detail/?shopId=T-00086,37.648768,139.882967,ok
au,東北,福島,au Style 本宮エイトタウン,969-1104 福島県本宮市荒井字久保田１３２番エイトタウン本宮内,https://www.au.com/storelocator/detail/?shopId=T-00330,37.486389,140.379913,ok
au,東北,福島,au Style いわき鹿島,971-8144 福島県いわき市鹿島町久保１－５－１７,https://www.au.com/storelocator/detail/?shopId=T-00222,36.991198,140.905865,ok
au,東北,福島,au Style 植田,974-8223 福島県いわき市佐糠町碇田３９－１,https://www.au.com/storelocator/detail/?shopId=T-00048,36.917663,140.804050,ok
au,東北,福島,au Style 保原,960-0669 福島県伊達市保原町字赤橋４７－４,https://www.au.com/storelocator/detail/?shopId=T-00045,37.817501,140.557562,ok
au,東北,福島,au Style 会津,965-0818 福島県会津若松市東千石2丁目1－3,https://www.au.com/storelocator/detail/?shopId=T-00087,37.498045,139.943358,ok
au,東北,福島,auショップ 白河,961-0972 福島県白河市立石１－１３,https://www.au.com/storelocator/detail/?shopId=T-00020,37.128332,140.191838,ok
au,東北,福島,auショップ フレスポ須賀川,962-0001 福島県須賀川市森宿字北向８５番地２０－２,https://www.au.com/storelocator/detail/?shopId=T-00274,37.310047,140.364952,ok
au,東北,福島,auショップ 郡山南,963-0117 福島県郡山市安積荒井2丁目5番地,https://www.au.com/storelocator/detail/?shopId=T-00017,37.368745,140.358274,ok
au,東北,福島,auショップ 大槻,963-0207 福島県郡山市鳴神３丁目１９７,https://www.au.com/storelocator/detail/?shopId=T-00107,37.392189,140.336523,ok
au,東北,福島,auショップ 日和田,963-0534 福島県郡山市日和田町前田３８－４,https://www.au.com/storelocator/detail/?shopId=T-00010,37.447562,140.383382,ok
au,東北,福島,auショップ 石川(福島県),963-7846 福島県石川郡石川町字長久保１０２,https://www.au.com/storelocator/detail/?shopId=T-00379,37.153473,140.445394,ok
au,東北,福島,auショップ 会津インター,965-0052 福島県会津若松市町北町大字始字宮前２０ー１,https://www.au.com/storelocator/detail/?shopId=T-00018,37.518094,139.915220,ok
au,東北,福島,auショップ いわき平,970-8036 福島県いわき市平谷川瀬2丁目5-5,https://www.au.com/storelocator/detail/?shopId=T-00123,37.047390,140.893283,ok
au,東北,福島,auショップ いわき湯本,972-8312 福島県いわき市常磐下船尾町古内１３２－１,https://www.au.com/storelocator/detail/?shopId=T-00125,36.986720,140.868383,ok
au,東北,福島,auショップ いわき内郷,973-8402 福島県いわき市内郷御厩町上宿７７,https://www.au.com/storelocator/detail/?shopId=T-00382,37.047483,140.873363,ok
au,東北,福島,auショップ 相馬,976-0036 福島県相馬市馬場野字雨田９４,https://www.au.com/storelocator/detail/?shopId=T-00073,37.789132,140.930352,ok
au,東北,福島,auショップ 新白河,961-0831 福島県白河市老久保１２５－５,https://www.au.com/storelocator/detail/?shopId=T-00220,37.115464,140.197988,ok
au,東北,福島,auショップ 郡山東,963-0101 福島県郡山市安積町日出山２－１４,https://www.au.com/storelocator/detail/?shopId=T-00016,37.376302,140.384553,ok
au,東北,福島,auショップ 田村,963-4317 福島県田村市船引町東部台４丁目２４,https://www.au.com/storelocator/detail/?shopId=T-00313,37.439986,140.588345,ok
au,東北,福島,auショップ 内環状中央,963-8026 福島県郡山市並木２－１４－１,https://www.au.com/storelocator/detail/?shopId=T-00126,37.414309,140.361977,ok
au,東北,福島,auショップ 神谷,970-8022 福島県いわき市平塩字古川１５－１,https://www.au.com/storelocator/detail/?shopId=T-00264,37.059074,140.919131,ok
au,東北,福島,auショップ イオンモールいわき小名浜,971-8555 福島県いわき市小名浜字辰巳町７９番地　２Ｆ,https://www.au.com/storelocator/detail/?shopId=T-00124,36.946802,140.904000,ok
au,東北,福島,auショップ 原町,975-0032 福島県南相馬市原町区桜井町１丁目１４５－１,https://www.au.com/storelocator/detail/?shopId=T-00074,37.638093,140.981671,ok
au,東北,福島,UQスポット イオンモールいわき小名浜,971-8101 福島県いわき市小名浜字辰巳町７９　イオンモールいわき小名浜2F,https://www.au.com/storelocator/detail/?shopId=T-00405,36.946801,140.903897,ok
au,関東,茨城,au Style 常総水海道,303-0022 茨城県常総市水海道　淵頭町　2881-1,https://www.au.com/storelocator/detail/?shopId=E-01256,36.017672,139.994000,ok
au,関東,茨城,au Style イオンモールつくば,305-0071 茨城県つくば市稲岡６６－１　イオンモールつくば2F,https://www.au.com/storelocator/detail/?shopId=E-00747,36.034960,140.133215,ok
au,関東,茨城,au Style つくば研究学園,305-0816 茨城県つくば市学園の森１－１４－３,https://www.au.com/storelocator/detail/?shopId=E-01041,36.095069,140.075424,ok
au,関東,茨城,au Style イーアスつくば,305-0817 茨城県つくば市研究学園５丁目１９番地　イーアスつくば３Ｆ,https://www.au.com/storelocator/detail/?shopId=E-01362,36.085959,140.083895,ok
au,関東,茨城,au Style 総和,306-0221 茨城県古河市駒羽根６－１,https://www.au.com/storelocator/detail/?shopId=E-00527,36.172883,139.747882,ok
au,関東,茨城,au Style 筑西,308-0847 茨城県筑西市玉戸１０１２－１８,https://www.au.com/storelocator/detail/?shopId=E-00526,36.295226,139.943596,ok
au,関東,茨城,au Style フォレストモール常陸太田,313-0000 茨城県常陸太田市東部土地区画整理事業１街区１画地　103区画,https://www.au.com/storelocator/detail/?shopId=E-01204,36.542765,140.531853,ok
au,関東,茨城,au Style 鹿嶋,314-0031 茨城県鹿嶋市宮中東山３１９－１,https://www.au.com/storelocator/detail/?shopId=E-00524,35.960503,140.642838,ok
au,関東,茨城,au Style ピアシティ石岡,315-0001 茨城県石岡市石岡２２２２－２,https://www.au.com/storelocator/detail/?shopId=E-00521,36.194527,140.282794,ok
au,関東,茨城,au Style 東海,319-1111 茨城県那珂郡東海村舟石川６１２－５,https://www.au.com/storelocator/detail/?shopId=E-00834,36.475202,140.552664,ok
au,関東,茨城,auショップ 土浦北,300-0051 茨城県土浦市真鍋４－１８－２６,https://www.au.com/storelocator/detail/?shopId=E-00886,36.104022,140.204481,ok
au,関東,茨城,auショップ イオンモール土浦,300-0811 茨城県土浦市上高津３６７,https://www.au.com/storelocator/detail/?shopId=E-01123,36.080154,140.180980,ok
au,関東,茨城,auショップ 土浦高津,300-0815 茨城県土浦市中高津１－１４－１,https://www.au.com/storelocator/detail/?shopId=E-00605,36.065109,140.190070,ok
au,関東,茨城,auショップ ジョイフル本田荒川沖,300-0843 茨城県土浦市中村南３－３－４５,https://www.au.com/storelocator/detail/?shopId=E-01020,36.037321,140.165367,ok
au,関東,茨城,auショップ ひたち野うしく,300-1207 茨城県牛久市ひたち野東４－２７－１,https://www.au.com/storelocator/detail/?shopId=E-00726,36.002805,140.163183,ok
au,関東,茨城,auショップ みらい平,300-2359 茨城県つくばみらい市紫峰ヶ丘　１－１－２,https://www.au.com/storelocator/detail/?shopId=E-00957,35.996038,140.034153,ok
au,関東,茨城,auショップ 竜ヶ崎,301-0001 茨城県龍ヶ崎市久保台２丁目１－１２,https://www.au.com/storelocator/detail/?shopId=E-00539,35.932146,140.177608,ok
au,関東,茨城,auショップ 取手市役所前,302-0021 茨城県取手市寺田字原谷　５２０３－１,https://www.au.com/storelocator/detail/?shopId=E-00325,35.909186,140.051070,ok
au,関東,茨城,auショップ 下妻,304-0056 茨城県下妻市長塚9-3,https://www.au.com/storelocator/detail/?shopId=E-00515,36.179810,139.952399,ok
au,関東,茨城,auショップ 古河１２５号,306-0233 茨城県古河市西牛谷１０１７－４,https://www.au.com/storelocator/detail/?shopId=E-01247,36.202545,139.734950,ok
au,関東,茨城,auショップ 境,306-0433 茨城県猿島郡境町２１３－５,https://www.au.com/storelocator/detail/?shopId=E-00519,36.110984,139.799074,ok
au,関東,茨城,auショップ 水戸さくら通り,310-0836 茨城県水戸市元吉田町１０１２－３,https://www.au.com/storelocator/detail/?shopId=E-01190,36.348047,140.464617,ok
au,関東,茨城,auショップ 水戸見川,310-0912 茨城県水戸市見川２丁目－７５－１,https://www.au.com/storelocator/detail/?shopId=E-00725,36.373617,140.440244,ok
au,関東,茨城,auショップ 那珂,311-0110 茨城県那珂市竹ノ内１丁目５－１４,https://www.au.com/storelocator/detail/?shopId=E-01070,36.451599,140.501297,ok
au,関東,茨城,auショップ 潮来,311-2448 茨城県潮来市須賀２９６２－３,https://www.au.com/storelocator/detail/?shopId=E-01202,35.950525,140.564888,ok
au,関東,茨城,auショップ イオンタウン水戸南,311-3116 茨城県東茨城郡茨城町大字長岡３４８０－１０１　イオンタウン水戸南ショッピングセンター内,https://www.au.com/storelocator/detail/?shopId=E-00974,36.310774,140.441239,ok
au,関東,茨城,auショップ ファッションクルーズひたちなか,312-0005 茨城県ひたちなか市新光町３４－１,https://www.au.com/storelocator/detail/?shopId=E-01175,36.405324,140.586595,ok
au,関東,茨城,auショップ ひたちなか,312-0011 茨城県ひたちなか市中根３３２５－３,https://www.au.com/storelocator/detail/?shopId=E-00535,36.396792,140.552109,ok
au,関東,茨城,auショップ 神栖,314-0144 茨城県神栖市大野原３－３８８－１８,https://www.au.com/storelocator/detail/?shopId=E-00537,35.897187,140.644515,ok
au,関東,茨城,auショップ 日立南,316-0025 茨城県日立市森山町２－２４－１８,https://www.au.com/storelocator/detail/?shopId=E-01037,36.523282,140.617869,ok
au,関東,茨城,auショップ 日立,317-0071 茨城県日立市鹿島町２－１６－２,https://www.au.com/storelocator/detail/?shopId=E-00534,36.591174,140.648066,ok
au,関東,茨城,auショップ 高萩,318-0021 茨城県高萩市大字安良川字柳町195番地１,https://www.au.com/storelocator/detail/?shopId=E-00536,36.707738,140.708912,ok
au,関東,茨城,auショップ イオンモール水戸内原,319-0317 茨城県水戸市内原２－１イオンモール水戸内原２階,https://www.au.com/storelocator/detail/?shopId=E-00777,36.374745,140.359322,ok
au,関東,茨城,auショップ 北茨城,319-1541 茨城県北茨城市磯原町磯原2-214,https://www.au.com/storelocator/detail/?shopId=E-00874,36.791655,140.740277,ok
au,関東,茨城,auショップ ひたち大宮,319-2265 茨城県常陸大宮市中富町９８８－３,https://www.au.com/storelocator/detail/?shopId=E-00538,36.545206,140.408892,ok
au,関東,茨城,auショップ 守谷,302-0128 茨城県守谷市けやき台５－９－６,https://www.au.com/storelocator/detail/?shopId=E-00520,35.939098,139.995444,ok
au,関東,茨城,UQスポット イオンモール土浦,300-0811 茨城県土浦市上高津３６７　イオンモール土浦２Ｆ,https://www.au.com/storelocator/detail/?shopId=E-01385,36.079931,140.180987,ok
au,関東,茨城,UQスポット イオンタウン守谷,302-0110 茨城県守谷市百合ケ丘３丁目２４９－１,https://www.au.com/storelocator/detail/?shopId=E-01436,35.944872,139.990399,ok
au,関東,茨城,UQスポット イオンモールつくば,305-0071 茨城県つくば市稲岡６６－１　　　イオンモールつくば３Ｆ,https://www.au.com/storelocator/detail/?shopId=E-01387,36.034595,140.132763,ok
au,関東,茨城,UQスポット ファッションクルーズひたちなか,312-0005 茨城県ひたちなか市新光町３５　　ファッションクルーズニューポートひたちなか本館２Ｆ,https://www.au.com/storelocator/detail/?shopId=E-01390,36.405403,140.586099,ok
au,関東,茨城,UQスポット イオンモール水戸内原,319-0317 茨城県水戸市内原２丁目１　イオンモール水戸内原２Ｆ,https://www.au.com/storelocator/detail/?shopId=E-01388,36.374553,140.359409,ok
au,関東,茨城,トヨタ au取扱店 茨城トヨタ 牛久店,300-1231 茨城県牛久市猪子町９９５－１５３,https://www.au.com/storelocator/detail/?shopId=E-00496,35.990562,140.143681,ok
au,関東,茨城,トヨタ au取扱店 茨城トヨペット ６号取手店,302-0011 茨城県取手市井野台４－１－１,https://www.au.com/storelocator/detail/?shopId=E-00500,35.906357,140.068022,ok
au,関東,茨城,トヨタ au取扱店 茨城トヨタ 守谷店,302-0109 茨城県守谷市本町２１８ー７,https://www.au.com/storelocator/detail/?shopId=E-00811,35.942625,139.994265,ok
au,関東,茨城,トヨタ au取扱店 茨城トヨタ つくば中央店,305-0032 茨城県つくば市竹園２－１９－５,https://www.au.com/storelocator/detail/?shopId=E-00494,36.074818,140.119124,ok
au,関東,茨城,トヨタ au取扱店 トヨタカローラ南茨城 つくば店,305-0036 茨城県つくば市西郷１,https://www.au.com/storelocator/detail/?shopId=E-00517,36.071435,140.093613,ok
au,関東,茨城,トヨタ au取扱店 茨城トヨペット つくば西大橋店,305-0831 茨城県つくば市西大橋６４８－３,https://www.au.com/storelocator/detail/?shopId=E-00989,36.072958,140.077479,ok
au,関東,茨城,トヨタ au取扱店 茨城トヨタ 古河東店,306-0126 茨城県古河市諸川６５０番地１,https://www.au.com/storelocator/detail/?shopId=E-01243,36.200325,139.818548,ok
au,関東,茨城,トヨタ au取扱店 茨城トヨタ 古河店,306-0233 茨城県古河市西牛谷６０,https://www.au.com/storelocator/detail/?shopId=E-00497,36.203361,139.736756,ok
au,関東,茨城,トヨタ au取扱店 茨城トヨペット 筑西神分店,308-0063 茨城県筑西市神分３９３－１,https://www.au.com/storelocator/detail/?shopId=E-00501,36.304697,139.957849,ok
au,関東,茨城,トヨタ au取扱店 トヨタカローラ新茨城 水戸水府店,310-0005 茨城県水戸市水府町１５２２－１,https://www.au.com/storelocator/detail/?shopId=E-00507,36.379120,140.485110,ok
au,関東,茨城,トヨタ au取扱店 茨城トヨタ 水戸千波店,310-0851 茨城県水戸市千波町１８８７,https://www.au.com/storelocator/detail/?shopId=E-00495,36.352950,140.446141,ok
au,関東,茨城,トヨタ au取扱店 茨城トヨペット 水戸千波店,310-0851 茨城県水戸市千波町２０２８－１,https://www.au.com/storelocator/detail/?shopId=E-01016,36.350627,140.445316,ok
au,関東,茨城,トヨタ au取扱店 トヨタカローラ新茨城 勝田昭和通り店,312-0011 茨城県ひたちなか市中根８９９,https://www.au.com/storelocator/detail/?shopId=E-00503,36.397804,140.556873,ok
au,関東,茨城,トヨタ au取扱店 トヨタカローラ新茨城 常陸太田店,313-0004 茨城県常陸太田市馬場町６５－３,https://www.au.com/storelocator/detail/?shopId=E-00510,36.548433,140.529555,ok
au,関東,茨城,トヨタ au取扱店 茨城トヨペット 神栖店,314-0135 茨城県神栖市堀割３－３－８,https://www.au.com/storelocator/detail/?shopId=E-00655,35.924080,140.640208,ok
au,関東,茨城,トヨタ au取扱店 トヨタカローラ新茨城 日立桜川店,316-0002 茨城県日立市桜川町２－１－１,https://www.au.com/storelocator/detail/?shopId=E-00504,36.558440,140.630688,ok
au,関東,茨城,トヨタ au取扱店 茨城トヨペット 日立田尻店,319-1416 茨城県日立市田尻町４－３６－１,https://www.au.com/storelocator/detail/?shopId=E-00499,36.622572,140.679175,ok
au,関東,栃木,au Style 真岡西,321-4337 栃木県真岡市上高間木３－９－３,https://www.au.com/storelocator/detail/?shopId=E-00709,36.439378,139.986638,ok
au,関東,栃木,au Style 鹿沼,322-0024 栃木県鹿沼市晃望台２２－１,https://www.au.com/storelocator/detail/?shopId=E-00693,36.560264,139.767202,ok
au,関東,栃木,au Style イオンモール佐野新都市,327-0821 栃木県佐野市高萩町1324-1　イオンモール佐野新都市1F,https://www.au.com/storelocator/detail/?shopId=E-01323,36.299447,139.606275,ok
au,関東,栃木,auショップ 宇都宮駒生,320-0065 栃木県宇都宮市駒生町３３６４－２,https://www.au.com/storelocator/detail/?shopId=E-00421,36.582931,139.849706,ok
au,関東,栃木,auショップ インターパークビレッジ,321-0118 栃木県宇都宮市インターパーク４－１－３　インターパークショッピングビレッジ内,https://www.au.com/storelocator/detail/?shopId=E-00832,36.494593,139.906762,ok
au,関東,栃木,auショップ 宇都宮西川田,321-0152 栃木県宇都宮市西川田７－４－１８,https://www.au.com/storelocator/detail/?shopId=E-00734,36.505498,139.862064,ok
au,関東,栃木,auショップ 宇都宮ＦＫＤ,321-0962 栃木県宇都宮市今泉町２３７　福田屋ＦＫＤショッピングプラザ３Ｆ,https://www.au.com/storelocator/detail/?shopId=E-00596,36.573627,139.900336,ok
au,関東,栃木,auショップ 宇都宮北,321-0972 栃木県宇都宮市下川俣町２０６－６５,https://www.au.com/storelocator/detail/?shopId=E-00485,36.591683,139.917514,ok
au,関東,栃木,auショップ 日光,321-1261 栃木県日光市今市９７７－１,https://www.au.com/storelocator/detail/?shopId=E-00602,36.723096,139.706016,ok
au,関東,栃木,auショップ 宇都宮ゆいの杜,321-3226 栃木県宇都宮市ゆいの杜６丁目１８－２３,https://www.au.com/storelocator/detail/?shopId=E-01155,36.567873,139.996954,ok
au,関東,栃木,auショップ ベルモール宇都宮,321-8555 栃木県宇都宮市陽東6-2-1 ベルモール宇都宮 2階,https://www.au.com/storelocator/detail/?shopId=E-00601,36.555106,139.928419,ok
au,関東,栃木,auショップ 小山羽川,323-0012 栃木県小山市羽川５１７－３,https://www.au.com/storelocator/detail/?shopId=E-00856,36.367295,139.835701,ok
au,関東,栃木,auショップ 黒磯,325-0038 栃木県那須塩原市豊浦北町６９－６０,https://www.au.com/storelocator/detail/?shopId=E-00604,36.976481,140.041531,ok
au,関東,栃木,auショップ 足利北,326-0042 栃木県足利市助戸東山町９１３－１,https://www.au.com/storelocator/detail/?shopId=E-00840,36.336353,139.467966,ok
au,関東,栃木,auショップ 佐野浅沼,327-0831 栃木県佐野市浅沼町４７２－１,https://www.au.com/storelocator/detail/?shopId=E-00935,36.310462,139.591350,ok
au,関東,栃木,auショップ 佐野,327-0843 栃木県佐野市堀米町２５８７－１,https://www.au.com/storelocator/detail/?shopId=E-00395,36.324424,139.565876,ok
au,関東,栃木,auショップ 栃木,328-0075 栃木県栃木市箱森町４６－２４,https://www.au.com/storelocator/detail/?shopId=E-00609,36.394420,139.731613,ok
au,関東,栃木,auショップ 氏家,329-1323 栃木県さくら市卯の里２－２６－５,https://www.au.com/storelocator/detail/?shopId=E-00607,36.682400,139.959247,ok
au,関東,栃木,auショップ 大田原,329-2713 栃木県那須塩原市緑1丁目8番地61,https://www.au.com/storelocator/detail/?shopId=E-00606,36.868284,140.003338,ok
au,関東,栃木,auショップ 小山中央,323-0025 栃木県小山市城山町２－３－１,https://www.au.com/storelocator/detail/?shopId=E-01236,36.316456,139.802196,ok
au,関東,栃木,auショップ 小山城南,323-0820 栃木県小山市西城南３－１８－９,https://www.au.com/storelocator/detail/?shopId=E-00595,36.295678,139.807150,ok
au,関東,栃木,auショップ 足利コムファースト,326-0823 栃木県足利市朝倉町２４５－５コムファーストショッピングセンター専門店街１階,https://www.au.com/storelocator/detail/?shopId=E-00422,36.320196,139.450440,ok
au,関東,栃木,UQスポット ベルモール宇都宮,321-8555 栃木県宇都宮市陽東６－２－１　　ベルモール２階,https://www.au.com/storelocator/detail/?shopId=E-01363,36.555106,139.928396,ok
au,関東,栃木,UQスポット イオンモール小山,323-0806 栃木県小山市大字中久喜１４６７－１　　イオンモール小山２Ｆ,https://www.au.com/storelocator/detail/?shopId=E-01420,36.321879,139.840354,ok
au,関東,栃木,UQスポット カインズ大平,329-4406 栃木県栃木市大平町下皆川２１１６番地１　　　カインズ大平　本館内,https://www.au.com/storelocator/detail/?shopId=E-01364,36.353593,139.709384,ok
au,関東,栃木,トヨタ au取扱店 ネッツトヨタ栃木 本部,320-0066 栃木県宇都宮市駒生２－１０－２８,https://www.au.com/storelocator/detail/?shopId=E-00586,36.573273,139.849724,ok
au,関東,栃木,トヨタ au取扱店 栃木トヨタ つるた店,320-0851 栃木県宇都宮市鶴田町１４５２－３,https://www.au.com/storelocator/detail/?shopId=E-00580,36.546872,139.850049,ok
au,関東,栃木,トヨタ au取扱店 栃木トヨタ 横田店,321-0105 栃木県宇都宮市横田新町３－４７,https://www.au.com/storelocator/detail/?shopId=E-00689,36.510647,139.876560,ok
au,関東,栃木,トヨタ au取扱店 トヨタカローラ栃木 宇都宮上横田店,321-0106 栃木県宇都宮市上横田町７９８,https://www.au.com/storelocator/detail/?shopId=E-00582,36.523883,139.880588,ok
au,関東,栃木,トヨタ au取扱店 栃木トヨペット 上横田店,321-0106 栃木県宇都宮市上横田町７６７－２,https://www.au.com/storelocator/detail/?shopId=E-01086,36.526165,139.880563,ok
au,関東,栃木,トヨタ au取扱店 栃木トヨタ みぶ店,321-0218 栃木県下都賀郡壬生町落合１－１５－４,https://www.au.com/storelocator/detail/?shopId=E-00666,36.449650,139.819756,ok
au,関東,栃木,トヨタ au取扱店 トヨタカローラ栃木 小山神鳥谷店,323-0827 栃木県小山市神鳥谷３０９番地,https://www.au.com/storelocator/detail/?shopId=E-00585,36.297701,139.786759,ok
au,関東,栃木,トヨタ au取扱店 栃木トヨタ 黒磯店,325-0027 栃木県那須塩原市共懇社９６－９,https://www.au.com/storelocator/detail/?shopId=E-00665,36.962182,140.049671,ok
au,関東,栃木,トヨタ au取扱店 トヨタカローラ栃木 足利大久保店,326-0012 栃木県足利市大久保町１１０１,https://www.au.com/storelocator/detail/?shopId=E-00583,36.315702,139.514421,ok
au,関東,栃木,トヨタ au取扱店 トヨタカローラ栃木 矢板店,329-2136 栃木県矢板市東町３３３－６,https://www.au.com/storelocator/detail/?shopId=E-00584,36.793592,139.944696,ok
au,関東,栃木,トヨタ au取扱店 栃木トヨタ 西那須野店,329-2745 栃木県那須塩原市三区町６２８－８,https://www.au.com/storelocator/detail/?shopId=E-00578,36.879857,139.961990,ok
au,関東,群馬,au Style イオンモール高崎,370-3521 群馬県高崎市棟高町１４００番地３Ｆ,https://www.au.com/storelocator/detail/?shopId=E-01232,36.389863,139.007085,ok
au,関東,群馬,au Style イオンモール太田,373-0808 群馬県太田市石原町８１　イオンモール太田１Ｆ,https://www.au.com/storelocator/detail/?shopId=E-00571,36.294100,139.400673,ok
au,関東,群馬,auショップ 高崎中央,370-0073 群馬県高崎市緑町１丁目２８－１１,https://www.au.com/storelocator/detail/?shopId=E-00563,36.352403,139.004272,ok
au,関東,群馬,auショップ 新田,370-0314 群馬県太田市新田市野井町５９２－１３,https://www.au.com/storelocator/detail/?shopId=E-00984,36.302459,139.302017,ok
au,関東,群馬,auショップ 群馬大泉,370-0513 群馬県邑楽郡大泉町東小泉２－３４－２２,https://www.au.com/storelocator/detail/?shopId=E-00556,36.257733,139.422845,ok
au,関東,群馬,auショップ 高崎,370-0851 群馬県高崎市上中居町１７９－１,https://www.au.com/storelocator/detail/?shopId=E-00558,36.318269,139.027772,ok
au,関東,群馬,auショップ 富岡（群馬県）,370-2343 群馬県富岡市七日市３６１－１,https://www.au.com/storelocator/detail/?shopId=E-00213,36.262827,138.881362,ok
au,関東,群馬,auショップ 群馬県央,370-3511 群馬県高崎市金古町７０,https://www.au.com/storelocator/detail/?shopId=E-00559,36.407015,139.006810,ok
au,関東,群馬,auショップ 前橋北,371-0044 群馬県前橋市荒牧町１丁目１０－８,https://www.au.com/storelocator/detail/?shopId=E-00574,36.426113,139.056753,ok
au,関東,群馬,auショップ 前橋けやきウォーク,371-0801 群馬県前橋市文京町２－１－１　けやきウォーク前橋１F,https://www.au.com/storelocator/detail/?shopId=E-00952,36.378346,139.078515,ok
au,関東,群馬,auショップ 新前橋,371-0831 群馬県前橋市小相木町545-1,https://www.au.com/storelocator/detail/?shopId=E-00573,36.373256,139.060928,ok
au,関東,群馬,auショップ 伊勢崎,372-0025 群馬県伊勢崎市東本町９６－１５,https://www.au.com/storelocator/detail/?shopId=E-00566,36.317873,139.207456,ok
au,関東,群馬,auショップ 太田中央,373-0033 群馬県太田市西本町５８－６,https://www.au.com/storelocator/detail/?shopId=E-00962,36.296195,139.359890,ok
au,関東,群馬,auショップ 太田南,373-0817 群馬県太田市飯塚町１７８９,https://www.au.com/storelocator/detail/?shopId=E-00721,36.279173,139.376915,ok
au,関東,群馬,auショップ 館林,374-0028 群馬県館林市千代田町３－３３,https://www.au.com/storelocator/detail/?shopId=E-00398,36.242475,139.530589,ok
au,関東,群馬,auショップ 藤岡,375-0004 群馬県藤岡市森４５０－１,https://www.au.com/storelocator/detail/?shopId=E-00547,36.274191,139.076426,ok
au,関東,群馬,auショップ 桐生コロンバス通り,376-0021 群馬県桐生市巴町２－３－２,https://www.au.com/storelocator/detail/?shopId=E-00824,36.408731,139.334146,ok
au,関東,群馬,auショップ 渋川,377-0008 群馬県渋川市渋川１９０５－２２,https://www.au.com/storelocator/detail/?shopId=E-00572,36.494574,139.005520,ok
au,関東,群馬,auショップ 沼田,378-0005 群馬県沼田市久屋原町270-1,https://www.au.com/storelocator/detail/?shopId=E-00567,36.663064,139.096253,ok
au,関東,群馬,auショップ 安中,379-0112 群馬県安中市岩井字五反田２４４１－１,https://www.au.com/storelocator/detail/?shopId=E-00644,36.332114,138.924835,ok
au,関東,群馬,auショップ 前橋みなみモール,379-2141 群馬県前橋市鶴光路町１２６－４,https://www.au.com/storelocator/detail/?shopId=E-01152,36.331443,139.093997,ok
au,関東,群馬,auショップ スマーク伊勢崎,379-2224 群馬県伊勢崎市西小保方町368,https://www.au.com/storelocator/detail/?shopId=E-01298,36.339564,139.232907,ok
au,関東,群馬,auショップ 桐生,379-2311 群馬県みどり市笠懸町阿左美１４７５－２,https://www.au.com/storelocator/detail/?shopId=E-00570,36.393517,139.297995,ok
au,関東,群馬,auショップ 伊勢崎西,372-0801 群馬県伊勢崎市宮子町３４１３－５,https://www.au.com/storelocator/detail/?shopId=E-00569,36.327929,139.163966,ok
au,関東,群馬,UQスポット 高崎オーパ,370-0849 群馬県高崎市八島町４６－１　　　高崎オーパ６Ｆ,https://www.au.com/storelocator/detail/?shopId=E-01411,36.323394,139.011203,ok
au,関東,群馬,トヨタ au取扱店 群馬トヨタ PiPit高前バイパス店,370-0008 群馬県高崎市正観寺町２４０,https://www.au.com/storelocator/detail/?shopId=E-01446,36.368181,139.021258,ok
au,関東,群馬,トヨタ au取扱店 ネッツトヨタ高崎 高崎とんやまち店,370-0073 群馬県高崎市緑町４－１－１,https://www.au.com/storelocator/detail/?shopId=E-00554,36.351524,139.011103,ok
au,関東,群馬,トヨタ au取扱店 トヨタカローラ群馬,371-0836 群馬県前橋市江田町３０５,https://www.au.com/storelocator/detail/?shopId=E-00546,36.369481,139.038949,ok
au,関東,群馬,トヨタ au取扱店 群馬トヨタ PiPit太田竜舞店,373-0806 群馬県太田市龍舞町１５６０,https://www.au.com/storelocator/detail/?shopId=E-00861,36.282764,139.405799,ok
au,関東,群馬,トヨタ au取扱店 群馬トヨペット 太田内ヶ島店,373-0813 群馬県太田市内ヶ島町９０４,https://www.au.com/storelocator/detail/?shopId=E-00740,36.283778,139.397764,ok
au,関東,群馬,トヨタ au取扱店 群馬トヨペット 前橋天川大島店,379-2154 群馬県前橋市天川大島町１－１４－３,https://www.au.com/storelocator/detail/?shopId=E-00545,36.382349,139.095386,ok
au,関東,群馬,トヨタ au取扱店 ネッツトヨタ群馬 前橋こじまた店,379-2162 群馬県前橋市小島田町１７５－１,https://www.au.com/storelocator/detail/?shopId=E-01447,36.371923,139.135302,ok
au,関東,埼玉,au Style OMIYA,330-9501 埼玉県さいたま市大宮区桜木町２－３　大宮マルイ２階,https://www.au.com/storelocator/detail/?shopId=E-01299,35.906883,139.621814,ok
au,関東,埼玉,au Style 西区役所前,331-0046 埼玉県さいたま市西区宮前町７２２－２,https://www.au.com/storelocator/detail/?shopId=E-01063,35.924048,139.582558,ok
au,関東,埼玉,au Style 南鳩ヶ谷,332-0001 埼玉県川口市朝日３－１－２,https://www.au.com/storelocator/detail/?shopId=E-00724,35.810176,139.734781,ok
au,関東,埼玉,au Style イオンモール与野,338-0004 埼玉県さいたま市中央区本町西５丁目２の９　イオンモール与野1F,https://www.au.com/storelocator/detail/?shopId=E-01441,35.890884,139.614966,ok
au,関東,埼玉,au Style 草加東口,340-0015 埼玉県草加市高砂２－２１－２２,https://www.au.com/storelocator/detail/?shopId=E-00760,35.827920,139.807208,ok
au,関東,埼玉,au Style 谷塚,340-0022 埼玉県草加市瀬崎２－５－１４,https://www.au.com/storelocator/detail/?shopId=E-01173,35.816307,139.804279,ok
au,関東,埼玉,au Style フレスポ八潮,340-0822 埼玉県八潮市大瀬1-1-3　フレスポ八潮2F　2050・2060区画,https://www.au.com/storelocator/detail/?shopId=E-00763,35.809050,139.844335,ok
au,関東,埼玉,au Style 三郷中央,341-0038 埼玉県三郷市中央３－４－７,https://www.au.com/storelocator/detail/?shopId=E-01125,35.826630,139.877769,ok
au,関東,埼玉,au Style 新越谷ヴァリエ,343-0845 埼玉県越谷市南越谷1-11-4 新越谷ヴァリエ2F,https://www.au.com/storelocator/detail/?shopId=E-01199,35.875539,139.789817,ok
au,関東,埼玉,au Style 春日部東口,344-0061 埼玉県春日部市粕壁１－７－３　岡安ビル１Ｆ,https://www.au.com/storelocator/detail/?shopId=E-00938,35.981047,139.752996,ok
au,関東,埼玉,au Style 坂戸,350-0269 埼玉県坂戸市にっさい花みず木３－１１－７,https://www.au.com/storelocator/detail/?shopId=E-00359,35.969360,139.372044,ok
au,関東,埼玉,au Style 志木南口,352-0001 埼玉県新座市東北２－３１－１４　第２福島ビル１Ｆ,https://www.au.com/storelocator/detail/?shopId=E-01189,35.821201,139.574423,ok
au,関東,埼玉,au Style ふじみ野,354-0035 埼玉県富士見市ふじみ野西１－１７－８　カーサ・アンジェロ１０５,https://www.au.com/storelocator/detail/?shopId=E-00236,35.858810,139.519408,ok
au,関東,埼玉,au Style ピオニウォーク東松山,355-0048 埼玉県東松山市あずま町４丁目３,https://www.au.com/storelocator/detail/?shopId=E-01119,36.005393,139.410031,ok
au,関東,埼玉,au Style TOKOROZAWA,359-0037 埼玉県所沢市くすのき台1丁目14番地5　グランエミオ所沢　3F,https://www.au.com/storelocator/detail/?shopId=E-01308,35.786948,139.474075,ok
au,関東,埼玉,au Style 熊谷西,360-0813 埼玉県熊谷市円光１丁目２－３４,https://www.au.com/storelocator/detail/?shopId=E-00817,36.152793,139.383743,ok
au,関東,埼玉,au Style HONJOWASEDA,367-0030 埼玉県本庄市早稲田の杜一丁目7番4号,https://www.au.com/storelocator/detail/?shopId=E-01267,36.219830,139.179691,ok
au,関東,埼玉,au Style さいたま新都心,330-0843 埼玉県さいたま市大宮区吉敷町４－２６７－２　コクーン１北館２Ｆ,https://www.au.com/storelocator/detail/?shopId=E-00234,35.894746,139.636072,ok
au,関東,埼玉,au Style 大宮ステラタウン,331-0812 埼玉県さいたま市北区宮原町１－８５４－１　大宮ステラタウン２Ｆ,https://www.au.com/storelocator/detail/?shopId=E-01096,35.932918,139.623103,ok
au,関東,埼玉,au Style イオンモール川口,333-0834 埼玉県川口市安行領根岸3180,https://www.au.com/storelocator/detail/?shopId=E-01316,35.837897,139.722364,ok
au,関東,埼玉,au Style イオンモール川口前川,333-0842 埼玉県川口市前川１丁目１－１１　イオンモール川口前川　２階,https://www.au.com/storelocator/detail/?shopId=E-01439,35.833252,139.707019,ok
au,関東,埼玉,au Style 武蔵浦和,336-0022 埼玉県さいたま市南区白幡５－１９－１９　マーレビル２Ｆ,https://www.au.com/storelocator/detail/?shopId=E-00156,35.844827,139.647264,ok
au,関東,埼玉,au Style 川越中央,350-1122 埼玉県川越市脇田町１７－８　アトランタビル弐号館１Ｆ,https://www.au.com/storelocator/detail/?shopId=E-00129,35.908853,139.484299,ok
au,関東,埼玉,au Style アリオ上尾,362-0081 埼玉県上尾市壱丁目北29番地14　アリオ上尾１Ｆ,https://www.au.com/storelocator/detail/?shopId=E-01218,35.961586,139.565334,ok
au,関東,埼玉,auショップ 浦和,330-0062 埼玉県さいたま市浦和区仲町２－１－１３,https://www.au.com/storelocator/detail/?shopId=E-00393,35.859759,139.653387,ok
au,関東,埼玉,auショップ 北浦和,330-0074 埼玉県さいたま市浦和区北浦和１－１７－８,https://www.au.com/storelocator/detail/?shopId=E-00915,35.875318,139.648980,ok
au,関東,埼玉,auショップ 大宮東,330-0846 埼玉県さいたま市大宮区大門町2-118　大宮門街EAST2F,https://www.au.com/storelocator/detail/?shopId=E-00392,35.907751,139.627683,ok
au,関東,埼玉,auショップ さいたま三橋,330-0856 埼玉県さいたま市大宮区三橋１－９９４－１,https://www.au.com/storelocator/detail/?shopId=E-00414,35.907873,139.600041,ok
au,関東,埼玉,auショップ 川口,332-0017 埼玉県川口市栄町３丁目５－１　そごう百貨店ビル東側１階,https://www.au.com/storelocator/detail/?shopId=E-00323,35.803052,139.718591,ok
au,関東,埼玉,auショップ 東川口,333-0802 埼玉県川口市戸塚東１－２－３３　ＹＳパストラル１０１号,https://www.au.com/storelocator/detail/?shopId=E-00376,35.874960,139.748223,ok
au,関東,埼玉,auショップ わらび,333-0851 埼玉県川口市芝新町５－１６,https://www.au.com/storelocator/detail/?shopId=E-00397,35.828746,139.692452,ok
au,関東,埼玉,auショップ 戸田,335-0021 埼玉県戸田市新曽４２５　エスポワールＹＭ　１Ｆ,https://www.au.com/storelocator/detail/?shopId=E-00375,35.816485,139.669051,ok
au,関東,埼玉,auショップ 東浦和駅南通り,336-0926 埼玉県さいたま市緑区東浦和１－１１－１８,https://www.au.com/storelocator/detail/?shopId=E-00904,35.862489,139.703174,ok
au,関東,埼玉,auショップ イオンモール浦和美園,336-0967 埼玉県さいたま市緑区美園５－５０－１　イオンモール浦和美園2階,https://www.au.com/storelocator/detail/?shopId=E-01094,35.890886,139.731310,ok
au,関東,埼玉,auショップ 東大宮,337-0051 埼玉県さいたま市見沼区東大宮４－３１－２,https://www.au.com/storelocator/detail/?shopId=E-00661,35.949956,139.637594,ok
au,関東,埼玉,auショップ 大宮大和田,337-0053 埼玉県さいたま市見沼区大和田町１－１４８２-２,https://www.au.com/storelocator/detail/?shopId=E-00820,35.923210,139.655187,ok
au,関東,埼玉,auショップ 岩槻,339-0057 埼玉県さいたま市岩槻区本町４－１０－１３,https://www.au.com/storelocator/detail/?shopId=E-00492,35.946985,139.698264,ok
au,関東,埼玉,auショップ アリオ鷲宮,340-0212 埼玉県久喜市久本寺　字谷田７－１　アリオ鷲宮２Ｆ,https://www.au.com/storelocator/detail/?shopId=E-01205,36.078595,139.661566,ok
au,関東,埼玉,auショップ イオンタウン吉川美南,342-0038 埼玉県吉川市美南３丁目２５－１東街区１階,https://www.au.com/storelocator/detail/?shopId=E-01022,35.866329,139.859292,ok
au,関東,埼玉,auショップ 北越谷,343-0022 埼玉県越谷市東大沢５－８－１０,https://www.au.com/storelocator/detail/?shopId=E-01149,35.905171,139.789096,ok
au,関東,埼玉,auショップ 越谷駅前,343-0816 埼玉県越谷市弥生町１６－１　越谷ツインシティー　Ｂ１０２－３,https://www.au.com/storelocator/detail/?shopId=E-00290,35.889759,139.786490,ok
au,関東,埼玉,auショップ イオンレイクタウン,343-0828 埼玉県越谷市レイクタウン３－１－１　イオンレイクタウンｍｏｒｉ３４０１区画,https://www.au.com/storelocator/detail/?shopId=E-01051,35.882253,139.828229,ok
au,関東,埼玉,auショップ 春日部,344-0067 埼玉県春日部市中央２－１８－５,https://www.au.com/storelocator/detail/?shopId=E-00377,35.974646,139.749845,ok
au,関東,埼玉,auショップ 久喜,346-0014 埼玉県久喜市吉羽２－１４－６,https://www.au.com/storelocator/detail/?shopId=E-00788,36.070047,139.686765,ok
au,関東,埼玉,auショップ モラージュ菖蒲,346-0195 埼玉県久喜市菖蒲町菖蒲６００５－１　モラージュ菖蒲内２Ｆ２０４０,https://www.au.com/storelocator/detail/?shopId=E-01060,36.075032,139.611354,ok
au,関東,埼玉,auショップ イオンモール羽生,348-0039 埼玉県羽生市川崎２－２８１－３　イオンモール羽生　１階,https://www.au.com/storelocator/detail/?shopId=E-00634,36.142864,139.541862,ok
au,関東,埼玉,auショップ MEGAドン・キホーテ蓮田,349-0111 埼玉県蓮田市東４丁目５-１３　メガドン・キホーテ蓮田１F,https://www.au.com/storelocator/detail/?shopId=E-00488,35.980198,139.657582,ok
au,関東,埼玉,auショップ 白岡,349-0205 埼玉県白岡市西２丁目１－１０,https://www.au.com/storelocator/detail/?shopId=E-01043,36.013766,139.653559,ok
au,関東,埼玉,auショップ 川越北,350-0822 埼玉県川越市大字山田１７７０,https://www.au.com/storelocator/detail/?shopId=E-01284,35.940430,139.481636,ok
au,関東,埼玉,auショップ 川越,350-1124 埼玉県川越市新宿町１－２１－１４,https://www.au.com/storelocator/detail/?shopId=E-00357,35.902691,139.477821,ok
au,関東,埼玉,auショップ 狭山,350-1308 埼玉県狭山市中央３－１－５,https://www.au.com/storelocator/detail/?shopId=E-00618,35.855422,139.426010,ok
au,関東,埼玉,auショップ 鶴ヶ島インター,350-2211 埼玉県鶴ヶ島市脚折町　５－１６－１６,https://www.au.com/storelocator/detail/?shopId=E-01271,35.942237,139.394095,ok
au,関東,埼玉,auショップ 朝霞,351-0016 埼玉県朝霞市青葉台１－２－３,https://www.au.com/storelocator/detail/?shopId=E-00656,35.795258,139.596091,ok
au,関東,埼玉,auショップ 和光,351-0114 埼玉県和光市本町１－１６,https://www.au.com/storelocator/detail/?shopId=E-00235,35.787745,139.611073,ok
au,関東,埼玉,auショップ 新座,352-0011 埼玉県新座市野火止６－２－２,https://www.au.com/storelocator/detail/?shopId=E-00967,35.801502,139.561636,ok
au,関東,埼玉,auショップ ららぽーと富士見,354-0022 埼玉県富士見市山室1-1313,https://www.au.com/storelocator/detail/?shopId=E-01251,35.859560,139.548392,ok
au,関東,埼玉,auショップ 鶴瀬,354-0041 埼玉県入間郡三芳町藤久保９５９－２,https://www.au.com/storelocator/detail/?shopId=E-01072,35.835862,139.528223,ok
au,関東,埼玉,auショップ 嵐山,355-0221 埼玉県比企郡嵐山町大字菅谷５６７－１,https://www.au.com/storelocator/detail/?shopId=E-01025,36.038572,139.320482,ok
au,関東,埼玉,auショップ イオンタウンふじみ野,356-0011 埼玉県ふじみ野市福岡２丁目１－６　イオンタウンふじみ野２階２０６区画,https://www.au.com/storelocator/detail/?shopId=E-00895,35.880593,139.521854,ok
au,関東,埼玉,auショップ 入間,358-0003 埼玉県入間市豊岡１－３－２４,https://www.au.com/storelocator/detail/?shopId=E-00128,35.838433,139.388453,ok
au,関東,埼玉,auショップ 所沢陸橋通り,359-0025 埼玉県所沢市上安松１２４６－１,https://www.au.com/storelocator/detail/?shopId=E-01148,35.790996,139.482025,ok
au,関東,埼玉,auショップ 新所沢,359-1118 埼玉県所沢市けやき台２－４０－１,https://www.au.com/storelocator/detail/?shopId=E-00633,35.800243,139.457868,ok
au,関東,埼玉,auショップ 熊谷,360-0037 埼玉県熊谷市筑波２丁目１１５　アズ熊谷　３階,https://www.au.com/storelocator/detail/?shopId=E-00394,36.139507,139.389639,ok
au,関東,埼玉,auショップ 行田,361-0032 埼玉県行田市佐間１－７－１４,https://www.au.com/storelocator/detail/?shopId=E-00561,36.130845,139.464341,ok
au,関東,埼玉,auショップ イオンモール上尾,362-0034 埼玉県上尾市愛宕３丁目８－１　イオンモール上尾2階,https://www.au.com/storelocator/detail/?shopId=E-00378,35.964994,139.599992,ok
au,関東,埼玉,auショップ 北上尾,362-0072 埼玉県上尾市中妻３－１１－１,https://www.au.com/storelocator/detail/?shopId=E-00792,35.984461,139.571306,ok
au,関東,埼玉,auショップ 伊奈学園前,362-0813 埼玉県北足立郡伊奈町学園２－１８６,https://www.au.com/storelocator/detail/?shopId=E-01147,36.011008,139.612561,ok
au,関東,埼玉,auショップ 北本,364-0013 埼玉県北本市中丸１丁目５０－２,https://www.au.com/storelocator/detail/?shopId=E-01144,36.022729,139.542724,ok
au,関東,埼玉,auショップ ベスタ本庄,367-0023 埼玉県本庄市寿町３－５－１６,https://www.au.com/storelocator/detail/?shopId=E-01194,36.232804,139.209616,ok
au,関東,埼玉,auショップ 寄居,369-1202 埼玉県大里郡寄居町大字桜沢９４３－１,https://www.au.com/storelocator/detail/?shopId=E-00650,36.126057,139.200017,ok
au,関東,埼玉,auショップ アリオ川口,332-0033 埼玉県川口市並木元町１－７９,https://www.au.com/storelocator/detail/?shopId=E-01077,35.807388,139.713913,ok
au,関東,埼玉,auショップ イオンモール北戸田,335-0032 埼玉県戸田市美女木東１－３－１　イオンモール北戸田３Ｆ,https://www.au.com/storelocator/detail/?shopId=E-01269,35.826488,139.653564,ok
au,関東,埼玉,auショップ 草加,340-0044 埼玉県草加市花栗４－２４－１８,https://www.au.com/storelocator/detail/?shopId=E-00401,35.837238,139.790156,ok
au,関東,埼玉,auショップ 幸手,340-0155 埼玉県幸手市上高野826番地1,https://www.au.com/storelocator/detail/?shopId=E-00291,36.065503,139.716491,ok
au,関東,埼玉,auショップ 加須,347-0061 埼玉県加須市諏訪２－６－２９,https://www.au.com/storelocator/detail/?shopId=E-00396,36.129313,139.600789,ok
au,関東,埼玉,auショップ ヤオコー高麗川,350-1231 埼玉県日高市大字鹿山３０８－１　ヤオコー高麗川店２Ｆ,https://www.au.com/storelocator/detail/?shopId=E-01131,35.895740,139.341072,ok
au,関東,埼玉,auショップ 飯能ペペ,357-0038 埼玉県飯能市仲町１１－２１　西武飯能ペペ２Ｆ,https://www.au.com/storelocator/detail/?shopId=E-00632,35.851183,139.319846,ok
au,関東,埼玉,auショップ 狭山ヶ丘,359-1151 埼玉県所沢市若狭４－８６７－１,https://www.au.com/storelocator/detail/?shopId=E-00812,35.803803,139.413282,ok
au,関東,埼玉,auショップ ベニバナウォーク桶川,363-0029 埼玉県桶川市下日出谷東２丁目１５番１,https://www.au.com/storelocator/detail/?shopId=E-00654,35.996237,139.550729,ok
au,関東,埼玉,auショップ エルミこうのす,365-0038 埼玉県鴻巣市本町１－１－２,https://www.au.com/storelocator/detail/?shopId=E-00380,36.060745,139.509407,ok
au,関東,埼玉,auショップ 深谷,366-0051 埼玉県深谷市上柴町東４－１７－１１,https://www.au.com/storelocator/detail/?shopId=E-00412,36.179743,139.303254,ok
au,関東,埼玉,UQスポット コクーンシティさいたま新都心,330-0843 埼玉県さいたま市大宮区吉敷町４丁目２６７－２　　　コクーン１西館１階,https://www.au.com/storelocator/detail/?shopId=E-01359,35.896281,139.634751,ok
au,関東,埼玉,UQスポット ららぽーと新三郷,341-0009 埼玉県三郷市新三郷ららシティ３丁目１番１号　ららぽーと新三郷１階,https://www.au.com/storelocator/detail/?shopId=E-01334,35.859459,139.866404,ok
au,関東,埼玉,UQスポット イオンレイクタウン,343-0828 埼玉県越谷市レイクタウン３丁目１番地１　　　ｍｏｒｉ棟　３Ｆ,https://www.au.com/storelocator/detail/?shopId=E-01352,35.880386,139.828196,ok
au,関東,埼玉,UQスポット ララガーデン春日部,344-0064 埼玉県春日部市南１丁目１番１　　ララガーデン春日部２階,https://www.au.com/storelocator/detail/?shopId=E-01336,35.977155,139.755317,ok
au,関東,埼玉,UQスポット モラージュ菖蒲,346-0106 埼玉県久喜市菖蒲町菖蒲６００５番地１,https://www.au.com/storelocator/detail/?shopId=E-01434,36.075102,139.611895,ok
au,関東,埼玉,UQスポット イオンモール羽生,348-0039 埼玉県羽生市川崎２丁目２８１－３　　　イオンモール羽生　３階,https://www.au.com/storelocator/detail/?shopId=E-01412,36.142863,139.542037,ok
au,関東,埼玉,UQスポット 和光,351-0114 埼玉県和光市本町５－６　　柳瀬ビル１Ｆ,https://www.au.com/storelocator/detail/?shopId=E-01378,35.788502,139.611198,ok
au,関東,埼玉,トヨタ au取扱店 ネッツトヨタ埼玉 大成店,330-0852 埼玉県さいたま市大宮区大成町３－５２７,https://www.au.com/storelocator/detail/?shopId=E-00144,35.919400,139.614752,ok
au,関東,埼玉,トヨタ au取扱店 トヨタレンタリース新埼玉 大宮西口駅前店,330-0854 埼玉県さいたま市大宮区桜木町　４－２０６－１,https://www.au.com/storelocator/detail/?shopId=E-01180,35.906255,139.617225,ok
au,関東,埼玉,トヨタ au取扱店 埼玉トヨペット 大宮西支店,331-0000 埼玉県さいたま市西区指扇４２２-２,https://www.au.com/storelocator/detail/?shopId=E-01459,35.912484,139.581159,ok
au,関東,埼玉,トヨタ au取扱店 ネッツトヨタ東埼玉 マイネッツ川口,333-0866 埼玉県川口市芝１－３８－１,https://www.au.com/storelocator/detail/?shopId=E-00139,35.831793,139.705191,ok
au,関東,埼玉,トヨタ au取扱店 埼玉トヨペット 戸田支店,335-0021 埼玉県戸田市新曽２２７１,https://www.au.com/storelocator/detail/?shopId=E-01461,,,ok
au,関東,埼玉,トヨタ au取扱店 埼玉トヨタ 浦和東店,336-0907 埼玉県さいたま市緑区道租土２－１７－２０,https://www.au.com/storelocator/detail/?shopId=E-00104,35.881149,139.670647,ok
au,関東,埼玉,トヨタ au取扱店 埼玉トヨペット 与野支店,338-0001 埼玉県さいたま市中央区上落合２－２－１,https://www.au.com/storelocator/detail/?shopId=E-00111,35.889508,139.629209,ok
au,関東,埼玉,トヨタ au取扱店 埼玉トヨタ さいたま中央店,338-0002 埼玉県さいたま市中央区下落合６－１－１８,https://www.au.com/storelocator/detail/?shopId=E-00108,35.882731,139.632044,ok
au,関東,埼玉,トヨタ au取扱店 ネッツトヨタ埼玉 さくら店,338-0822 埼玉県さいたま市桜区中島３丁目６番３号,https://www.au.com/storelocator/detail/?shopId=E-01463,,,ok
au,関東,埼玉,トヨタ au取扱店 埼玉トヨペット 浦和美園支店,339-0028 埼玉県さいたま市岩槻区美園東２丁目１－１,https://www.au.com/storelocator/detail/?shopId=E-01454,35.899660,139.731405,ok
au,関東,埼玉,トヨタ au取扱店 埼玉トヨペット 東岩槻支店,339-0073 埼玉県さいたま市岩槻区上野２３１－７,https://www.au.com/storelocator/detail/?shopId=E-01448,35.968523,139.702193,ok
au,関東,埼玉,トヨタ au取扱店 ネッツトヨタ東埼玉 マイネッツ草加,340-0012 埼玉県草加市神明２－３－１０,https://www.au.com/storelocator/detail/?shopId=E-01207,35.834967,139.807563,ok
au,関東,埼玉,トヨタ au取扱店 ネッツトヨタ埼玉 草加店,340-0035 埼玉県草加市西町１１０－１,https://www.au.com/storelocator/detail/?shopId=E-00964,35.826509,139.793247,ok
au,関東,埼玉,トヨタ au取扱店 ネッツトヨタ東埼玉 マイネッツ杉戸高野台,340-0155 埼玉県幸手市大字上高野２０７９－１,https://www.au.com/storelocator/detail/?shopId=E-00790,36.053638,139.715860,ok
au,関東,埼玉,トヨタ au取扱店 埼玉トヨタ 越谷PiPit,343-0856 埼玉県越谷市谷中町１－１１１,https://www.au.com/storelocator/detail/?shopId=E-00107,35.893588,139.769214,ok
au,関東,埼玉,トヨタ au取扱店 ネッツトヨタ埼玉 春日部店,344-0122 埼玉県春日部市下柳７３８－１,https://www.au.com/storelocator/detail/?shopId=E-01285,35.988548,139.785938,ok
au,関東,埼玉,トヨタ au取扱店 埼玉トヨタ 川越店,350-0032 埼玉県川越市大仙波３９５－１,https://www.au.com/storelocator/detail/?shopId=E-00105,35.912715,139.498541,ok
au,関東,埼玉,トヨタ au取扱店 埼玉トヨペット 狭山支店,350-1308 埼玉県狭山市中央１－３－３３,https://www.au.com/storelocator/detail/?shopId=E-00118,35.854111,139.422488,ok
au,関東,埼玉,トヨタ au取扱店 ネッツトヨタ埼玉 狭山店,350-1325 埼玉県狭山市根岸２丁目１番３３号,https://www.au.com/storelocator/detail/?shopId=E-01460,,,ok
au,関東,埼玉,トヨタ au取扱店 ネッツトヨタ埼玉 鶴ヶ島店,350-2211 埼玉県鶴ヶ島市脚折町５－４－５３,https://www.au.com/storelocator/detail/?shopId=E-00146,35.945740,139.395255,ok
au,関東,埼玉,トヨタ au取扱店 埼玉トヨペット ふじみ野支店,356-0053 埼玉県ふじみ野市大井１丁目８－３１,https://www.au.com/storelocator/detail/?shopId=E-01453,35.849417,139.518600,ok
au,関東,埼玉,トヨタ au取扱店 埼玉トヨペット 武蔵藤沢支店,358-0012 埼玉県入間市東藤沢４丁目２－１４,https://www.au.com/storelocator/detail/?shopId=E-01458,35.818318,139.417968,ok
au,関東,埼玉,トヨタ au取扱店 埼玉トヨペット 熊谷肥塚支店,360-0015 埼玉県埼玉県熊谷市肥塚７２６,https://www.au.com/storelocator/detail/?shopId=E-01450,36.163212,139.391888,ok
au,関東,埼玉,トヨタ au取扱店 トヨタカローラ埼玉 TCS上尾本店,362-0032 埼玉県上尾市日の出３－２－２８,https://www.au.com/storelocator/detail/?shopId=E-00119,35.964878,139.606251,ok
au,関東,埼玉,トヨタ au取扱店 ネッツトヨタ埼玉 本庄店,367-0003 埼玉県本庄市台町９１２,https://www.au.com/storelocator/detail/?shopId=E-00143,36.244250,139.198387,ok
au,関東,埼玉,トヨタ au取扱店 埼玉トヨタ 熊谷南店,369-0111 埼玉県鴻巣市新宿２丁目１７６番２,https://www.au.com/storelocator/detail/?shopId=E-01320,36.114568,139.439838,ok
au,関東,千葉,au Style KASHIWA,277-8550 千葉県柏市末広町1番1号柏高島屋ステーションモール S館専門店 6F,https://www.au.com/storelocator/detail/?shopId=E-01293,35.862787,139.970822,ok
au,関東,千葉,au Style 千葉Ｃ－ｏｎｅ,260-0015 千葉県千葉市中央区富士見2-24-1　Ｃ－２１,https://www.au.com/storelocator/detail/?shopId=E-01318,35.609178,140.116952,ok
au,関東,千葉,au Style あびこショッピングプラザ,270-1166 千葉県我孫子市我孫子４－１１－１あびこショッピングプラザ３Ｆ,https://www.au.com/storelocator/detail/?shopId=E-00533,35.875957,140.009658,ok
au,関東,千葉,au Style 印西,270-1327 千葉県印西市大森２５１５－１２,https://www.au.com/storelocator/detail/?shopId=E-00340,35.834231,140.145922,ok
au,関東,千葉,au Style ニッケコルトンプラザ市川,272-0015 千葉県市川市鬼高１－１－１　ニッケコルトンプラザ　センターモール　３Ｆ,https://www.au.com/storelocator/detail/?shopId=E-01079,35.716741,139.934233,ok
au,関東,千葉,au Style 市川八幡,272-0021 千葉県市川市八幡２丁目３－１１ 　ＧＥエジソンビル本八幡１Ｆ,https://www.au.com/storelocator/detail/?shopId=E-00437,35.722859,139.928226,ok
au,関東,千葉,au Style アクロスモール新鎌ケ谷,273-0107 千葉県鎌ヶ谷市新鎌ケ谷２－１２－１　アクロスモール新鎌ケ谷２Ｆ,https://www.au.com/storelocator/detail/?shopId=E-01158,35.780820,140.001319,ok
au,関東,千葉,au Style 鎌ケ谷,273-0123 千葉県鎌ヶ谷市南初富６－１－７　第２谷村ビル,https://www.au.com/storelocator/detail/?shopId=E-00335,35.770776,140.000492,ok
au,関東,千葉,au Style ららぽーとTOKYO-BAY,273-8530 千葉県船橋市浜町２－１－１　ららぽーとＴＯＫＹＯ－ＢＡＹ北館１Ｆ,https://www.au.com/storelocator/detail/?shopId=E-00330,35.686243,139.991459,ok
au,関東,千葉,au Style 北習志野,274-0063 千葉県船橋市習志野台２－１－６　北習志野駅前ビル１Ｆ,https://www.au.com/storelocator/detail/?shopId=E-01071,35.721798,140.042282,ok
au,関東,千葉,au Style 船橋三咲,274-0812 千葉県船橋市三咲３－６－８,https://www.au.com/storelocator/detail/?shopId=E-00887,35.753640,140.037630,ok
au,関東,千葉,au Style イオンモール津田沼North,275-0016 千葉県習志野市津田沼１－２３－１　イオンモール津田沼３階,https://www.au.com/storelocator/detail/?shopId=E-00314,35.690476,140.024798,ok
au,関東,千葉,au Style ロハル津田沼,275-0026 千葉県習志野市谷津７-７-１ ロハル津田沼１F,https://www.au.com/storelocator/detail/?shopId=E-01015,35.689890,140.018473,ok
au,関東,千葉,au Style エルム八千代台,276-0032 千葉県八千代市八千代台東１－１－１０　ユアエルム八千代台店２F,https://www.au.com/storelocator/detail/?shopId=E-00339,35.700792,140.091251,ok
au,関東,千葉,au Style 東金,283-0802 千葉県東金市東金３６４－２,https://www.au.com/storelocator/detail/?shopId=E-00328,35.552649,140.364621,ok
au,関東,千葉,au Style イトーヨーカドー四街道,284-0009 千葉県四街道市中央５　イトーヨーカドー四街道１Ｆ,https://www.au.com/storelocator/detail/?shopId=E-01317,35.667770,140.165178,ok
au,関東,千葉,au Style 勝田台,285-0855 千葉県佐倉市井野１５６０－１,https://www.au.com/storelocator/detail/?shopId=E-00337,35.717267,140.130050,ok
au,関東,千葉,au Style イオンモール木更津,292-0835 千葉県木更津市築地１－４　イオンモール木更津　２階,https://www.au.com/storelocator/detail/?shopId=E-01281,35.364650,139.909544,ok
au,関東,千葉,au Style 大網,299-3238 千葉県大網白里市東駒込7－１　TKMビル1F,https://www.au.com/storelocator/detail/?shopId=E-00900,35.519972,140.313849,ok
au,関東,千葉,au Style アリオ蘇我,260-0835 千葉県千葉市中央区川崎町５２－７　アリオ蘇我　２Ｆ,https://www.au.com/storelocator/detail/?shopId=E-01270,35.588327,140.122516,ok
au,関東,千葉,au Style イオンモール幕張新都心,261-0024 千葉県千葉市美浜区豊砂１－１　イオンモール幕張新都心グランドモール３Ｆ,https://www.au.com/storelocator/detail/?shopId=E-01225,35.652220,140.031856,ok
au,関東,千葉,au Style ネクスト京成船橋,273-8627 千葉県船橋市本町１－５－１　ネクスト京成船橋１F,https://www.au.com/storelocator/detail/?shopId=E-00943,35.700174,139.985471,ok
au,関東,千葉,auショップ 稲毛海岸,261-0004 千葉県千葉市美浜区高洲３－２０－４５,https://www.au.com/storelocator/detail/?shopId=E-00871,35.628019,140.075056,ok
au,関東,千葉,auショップ 海浜幕張,261-0021 千葉県千葉市美浜区ひび野１－７－１　ＲＯＯＭＤＥＣＯ店内,https://www.au.com/storelocator/detail/?shopId=E-00750,35.651093,140.043596,ok
au,関東,千葉,auショップ 宮野木,262-0015 千葉県千葉市花見川区宮野木台２－７－１８,https://www.au.com/storelocator/detail/?shopId=E-01049,35.657649,140.094753,ok
au,関東,千葉,auショップ フレスポ稲毛,263-0001 千葉県千葉市稲毛区長沼原町７３１－１７,https://www.au.com/storelocator/detail/?shopId=E-01106,35.657605,140.127730,ok
au,関東,千葉,auショップ 稲毛作草部,263-0015 千葉県千葉市稲毛区作草部町１３６９－１,https://www.au.com/storelocator/detail/?shopId=E-01058,35.623954,140.116140,ok
au,関東,千葉,auショップ 稲毛,263-0043 千葉県千葉市稲毛区小仲台６－３－１　奈三喜ビル１Ｆ,https://www.au.com/storelocator/detail/?shopId=E-00387,35.639032,140.092765,ok
au,関東,千葉,auショップ 千城台,264-0005 千葉県千葉市若葉区千城台北３－２１－１　イコアス千城台１Ｆ,https://www.au.com/storelocator/detail/?shopId=E-00386,35.621797,140.189687,ok
au,関東,千葉,auショップ 都賀,264-0025 千葉県千葉市若葉区都賀2-25-16,https://www.au.com/storelocator/detail/?shopId=E-01061,35.632509,140.150343,ok
au,関東,千葉,auショップ 鎌取,266-0031 千葉県千葉市緑区おゆみ野３－１６　イオンゆみ～る内,https://www.au.com/storelocator/detail/?shopId=E-00302,35.561930,140.177731,ok
au,関東,千葉,auショップ 土気あすみが丘,267-0067 千葉県千葉市緑区あすみが丘東２－２６－４,https://www.au.com/storelocator/detail/?shopId=E-01121,35.522119,140.272928,ok
au,関東,千葉,auショップ テラスモール松戸,270-0023 千葉県松戸市八ケ崎２丁目８-１　３F,https://www.au.com/storelocator/detail/?shopId=E-00364,35.817839,139.933638,ok
au,関東,千葉,auショップ 新松戸,270-0034 千葉県松戸市新松戸３丁目４１６－２５,https://www.au.com/storelocator/detail/?shopId=E-00366,35.821992,139.914299,ok
au,関東,千葉,auショップ 流山おおたかの森,270-0139 千葉県流山市おおたかの森南1-5-1　流山おおたかの森S・C 3F,https://www.au.com/storelocator/detail/?shopId=E-01004,35.870705,139.926174,ok
au,関東,千葉,auショップ 流山,270-0161 千葉県流山市鰭ヶ崎１１－１,https://www.au.com/storelocator/detail/?shopId=E-00245,35.839367,139.907591,ok
au,関東,千葉,auショップ 白井,270-1431 千葉県白井市根５５－１,https://www.au.com/storelocator/detail/?shopId=E-00244,35.798308,140.056472,ok
au,関東,千葉,auショップ 東松戸,270-2225 千葉県松戸市東松戸４丁目２－１０,https://www.au.com/storelocator/detail/?shopId=E-01098,35.772146,139.942047,ok
au,関東,千葉,auショップ 新八柱,270-2253 千葉県松戸市日暮１丁目１６－１ 　ＲＧ八柱ビル１Ｆ,https://www.au.com/storelocator/detail/?shopId=E-00367,35.791018,139.938229,ok
au,関東,千葉,auショップ 松戸西口,271-0091 千葉県松戸市本町４－９　流鉄松戸ビル,https://www.au.com/storelocator/detail/?shopId=E-01029,35.784384,139.899476,ok
au,関東,千葉,auショップ 市川,272-0034 千葉県市川市市川１－２３－１０　アルファツインビル１Ｆ,https://www.au.com/storelocator/detail/?shopId=E-00217,35.730717,139.908259,ok
au,関東,千葉,auショップ 妙典,272-0111 千葉県市川市妙典４－９－２７,https://www.au.com/storelocator/detail/?shopId=E-01160,35.691702,139.928096,ok
au,関東,千葉,auショップ 行徳,272-0133 千葉県市川市行徳駅前１－２７－１９　アネックス渋谷１Ｆ,https://www.au.com/storelocator/detail/?shopId=E-00331,35.681879,139.916206,ok
au,関東,千葉,auショップ 南行徳,272-0143 千葉県市川市相之川３－１５－１２　オザリア南行徳１Ｆ,https://www.au.com/storelocator/detail/?shopId=E-00971,35.674124,139.898948,ok
au,関東,千葉,auショップ 船橋,273-0005 千葉県船橋市本町６－４－２８　竹内ビル１Ｆ,https://www.au.com/storelocator/detail/?shopId=E-00310,35.704009,139.986007,ok
au,関東,千葉,auショップ イオンモール船橋,273-0045 千葉県船橋市山手１－１－８　イオンモール船橋３階,https://www.au.com/storelocator/detail/?shopId=E-01280,35.712239,139.978928,ok
au,関東,千葉,auショップ 津田沼１４号,275-0016 千葉県習志野市津田沼６－２－３２,https://www.au.com/storelocator/detail/?shopId=E-00478,35.676291,140.023250,ok
au,関東,千葉,auショップ 八千代村上,276-0029 千葉県八千代市村上南３－１０－１０,https://www.au.com/storelocator/detail/?shopId=E-01134,35.720304,140.116295,ok
au,関東,千葉,auショップ イオンモール八千代緑が丘,276-0049 千葉県八千代市緑が丘２－１－３イオンモール八千代緑が丘　2階,https://www.au.com/storelocator/detail/?shopId=E-00835,35.727935,140.072631,ok
au,関東,千葉,auショップ 柏,277-0005 千葉県柏市柏２丁目５－４　ＴＭビル１Ｆ,https://www.au.com/storelocator/detail/?shopId=E-00363,35.860553,139.973696,ok
au,関東,千葉,auショップ 南柏,277-0074 千葉県柏市今谷上町４７－１,https://www.au.com/storelocator/detail/?shopId=E-01036,35.842086,139.954116,ok
au,関東,千葉,auショップ ららぽーと柏の葉,277-0871 千葉県柏市若柴１７５　ららぽーと柏の葉１Ｆ　１５１－２区画,https://www.au.com/storelocator/detail/?shopId=E-01165,35.894004,139.951683,ok
au,関東,千葉,auショップ セブンパークアリオ柏,277-0922 千葉県柏市大島田１－６ー１　セブンパークアリオ柏　2階,https://www.au.com/storelocator/detail/?shopId=E-00736,35.834105,140.012807,ok
au,関東,千葉,auショップ 野田,278-0005 千葉県野田市宮崎５６－３２,https://www.au.com/storelocator/detail/?shopId=E-00419,35.951538,139.875117,ok
au,関東,千葉,auショップ イオン新浦安,279-0012 千葉県浦安市入船１－４－１　イオン３Ｆ,https://www.au.com/storelocator/detail/?shopId=E-01151,35.649004,139.914974,ok
au,関東,千葉,auショップ 佐倉２９６号,285-0025 千葉県佐倉市鏑木町３９９－３,https://www.au.com/storelocator/detail/?shopId=E-01132,35.713479,140.228892,ok
au,関東,千葉,auショップ 佐原,287-0001 千葉県香取市佐原ロ２０２８－６５,https://www.au.com/storelocator/detail/?shopId=E-00477,35.902450,140.492732,ok
au,関東,千葉,auショップ イオンモール銚子,288-0815 千葉県銚子市三崎町２丁目２６６０－１,https://www.au.com/storelocator/detail/?shopId=E-00476,35.710110,140.787700,ok
au,関東,千葉,auショップ 八街,289-1104 千葉県八街市文違３０１－３６０５,https://www.au.com/storelocator/detail/?shopId=E-00220,35.673942,140.316609,ok
au,関東,千葉,auショップ 成東,289-1326 千葉県山武市成東１８０８－１　ＭＥＧＡドン・キホーテラパーク成東１階,https://www.au.com/storelocator/detail/?shopId=E-01255,35.596039,140.398017,ok
au,関東,千葉,auショップ 八日市場,289-2144 千葉県匝瑳市八日市場イ－３６４,https://www.au.com/storelocator/detail/?shopId=E-00203,35.698274,140.546253,ok
au,関東,千葉,auショップ 八幡宿,290-0051 千葉県市原市君塚３－１６－１１,https://www.au.com/storelocator/detail/?shopId=E-00838,35.522238,140.108537,ok
au,関東,千葉,auショップ 市原,290-0056 千葉県市原市五井５５１１－２,https://www.au.com/storelocator/detail/?shopId=E-00385,35.520234,140.090745,ok
au,関東,千葉,auショップ 木更津ほたる野,292-0038 千葉県木更津市ほたる野１－１３－５,https://www.au.com/storelocator/detail/?shopId=E-01057,35.378812,139.963902,ok
au,関東,千葉,auショップ 富津,293-0012 千葉県富津市青木2-7-7,https://www.au.com/storelocator/detail/?shopId=E-00658,35.330276,139.848363,ok
au,関東,千葉,auショップ イオンタウン館山,294-0047 千葉県館山市八幡５４５－１,https://www.au.com/storelocator/detail/?shopId=E-00768,35.008216,139.862099,ok
au,関東,千葉,auショップ 鴨川,296-0001 千葉県鴨川市横渚１１０３－４,https://www.au.com/storelocator/detail/?shopId=E-00327,35.108110,140.102371,ok
au,関東,千葉,auショップ いすみ,298-0002 千葉県いすみ市日在　１５９１－１,https://www.au.com/storelocator/detail/?shopId=E-00727,35.274802,140.394505,ok
au,関東,千葉,auショップ 袖ヶ浦,299-0257 千葉県袖ヶ浦市神納１－１９－６,https://www.au.com/storelocator/detail/?shopId=E-00631,35.422951,139.959739,ok
au,関東,千葉,auショップ 君津,299-1162 千葉県君津市南子安４－２１－８,https://www.au.com/storelocator/detail/?shopId=E-00894,35.323207,139.917835,ok
au,関東,千葉,auショップ 千葉,260-0015 千葉県千葉市中央区富士見２－８－１４　エキニア千葉１Ｆ,https://www.au.com/storelocator/detail/?shopId=E-00309,35.610083,140.118286,ok
au,関東,千葉,auショップ 蘇我,260-0842 千葉県千葉市中央区南町２－１９－１,https://www.au.com/storelocator/detail/?shopId=E-00281,35.580866,140.133747,ok
au,関東,千葉,auショップ イオンモール千葉ニュータウン,270-1350 千葉県印西市中央北３丁目２,https://www.au.com/storelocator/detail/?shopId=E-00949,35.802206,140.112084,ok
au,関東,千葉,auショップ 五香,270-2213 千葉県松戸市五香２－２３－１,https://www.au.com/storelocator/detail/?shopId=E-00934,35.792801,139.972149,ok
au,関東,千葉,auショップ 西船橋,273-0033 千葉県船橋市本郷町４２４－２　ルーラル七番館１F,https://www.au.com/storelocator/detail/?shopId=E-00978,35.707623,139.954600,ok
au,関東,千葉,auショップ 柏西口,277-0852 千葉県柏市旭町１－２－１　第１１関口ビル１階,https://www.au.com/storelocator/detail/?shopId=E-00218,35.863364,139.968355,ok
au,関東,千葉,auショップ 浦安,279-0002 千葉県浦安市北栄１ー１５ー１２　ピュルテ1F,https://www.au.com/storelocator/detail/?shopId=E-01217,35.665582,139.893622,ok
au,関東,千葉,auショップ 佐倉,285-0837 千葉県佐倉市王子台２－１３－１３,https://www.au.com/storelocator/detail/?shopId=E-00417,35.728862,140.184378,ok
au,関東,千葉,auショップ イオンモール成田,286-0029 千葉県成田市ウイング土屋24,https://www.au.com/storelocator/detail/?shopId=E-01154,35.795570,140.318690,ok
au,関東,千葉,auショップ 成田,286-0033 千葉県成田市花崎町９４９,https://www.au.com/storelocator/detail/?shopId=E-00384,35.774882,140.316782,ok
au,関東,千葉,auショップ 富里,286-0221 千葉県富里市七栄６３８－５,https://www.au.com/storelocator/detail/?shopId=E-00888,35.739197,140.315542,ok
au,関東,千葉,auショップ 旭,289-2504 千葉県旭市ニ５３０－１,https://www.au.com/storelocator/detail/?shopId=E-00420,35.725390,140.653283,ok
au,関東,千葉,auショップ ユニモちはら台,290-0143 千葉県市原市ちはら台西３－４　ユニモちはら台１Ｆ,https://www.au.com/storelocator/detail/?shopId=E-00991,35.527671,140.172828,ok
au,関東,千葉,auショップ 茂原,297-0029 千葉県茂原市高師字長荒１７００－１,https://www.au.com/storelocator/detail/?shopId=E-00204,35.437095,140.287065,ok
au,関東,千葉,auショップ 姉崎,299-0111 千葉県市原市姉崎２０６５－１,https://www.au.com/storelocator/detail/?shopId=E-00489,35.472015,140.043269,ok
au,関東,千葉,UQスポット イオンモール幕張新都心,261-0024 千葉県千葉市美浜区豊砂１－１　　イオンモール幕張新都心グランドモール３Ｆ,https://www.au.com/storelocator/detail/?shopId=E-01384,35.653874,140.031599,ok
au,関東,千葉,UQスポット ネクスト船橋,273-0005 千葉県船橋市本町１－５－１　　　ｎｅｘｔ船橋１Ｆ,https://www.au.com/storelocator/detail/?shopId=E-01382,35.700238,139.985701,ok
au,関東,千葉,UQスポット モラージュ柏,277-0837 千葉県柏市大山台２丁目３－１　モラージュ柏１Ｆ,https://www.au.com/storelocator/detail/?shopId=E-01392,35.882398,139.969104,ok
au,関東,千葉,UQスポット ららぽーと柏の葉,277-0871 千葉県柏市若柴１７５　　　ららぽーと柏の葉３階,https://www.au.com/storelocator/detail/?shopId=E-01395,35.893777,139.950115,ok
au,関東,千葉,UQスポット イオンタウンユーカリが丘,285-0850 千葉県佐倉市西ユーカリが丘６丁目１２－３　イオンタウンユーカリが丘東館2F,https://www.au.com/storelocator/detail/?shopId=E-01423,35.726178,140.150296,ok
au,関東,千葉,UQスポット ユニモちはら台,290-0143 千葉県市原市ちはら台西3-4　unimoちはら台2F,https://www.au.com/storelocator/detail/?shopId=E-01383,35.527590,140.172493,ok
au,関東,千葉,UQスポット イオンモール木更津,292-0835 千葉県木更津市築地１－４　イオンモール木更津２Ｆ,https://www.au.com/storelocator/detail/?shopId=E-01386,35.365333,139.908553,ok
au,関東,千葉,UQスポット イオンタウン成田富里,286-0025 千葉県成田市東町１３３番地,https://www.au.com/storelocator/detail/?shopId=E-01424,35.778016,140.323199,ok
au,関東,千葉,UQスポット アリオ市原,290-0050 千葉県市原市更級四丁目３番地２,https://www.au.com/storelocator/detail/?shopId=E-01427,35.508141,140.101600,ok
au,関東,千葉,トヨタ au取扱店 ネッツトヨタ千葉 末広店,260-0843 千葉県千葉市中央区末広３－２４－３,https://www.au.com/storelocator/detail/?shopId=E-00672,35.592353,140.128032,ok
au,関東,千葉,トヨタ au取扱店 トヨタカローラ千葉 営業本部,261-0002 千葉県千葉市美浜区新港57,https://www.au.com/storelocator/detail/?shopId=E-01452,35.615502,140.089741,ok
au,関東,千葉,トヨタ au取扱店 千葉トヨペット 稲毛海岸店,261-0005 千葉県千葉市美浜区稲毛海岸４－５－１,https://www.au.com/storelocator/detail/?shopId=E-00165,35.636409,140.077875,ok
au,関東,千葉,トヨタ au取扱店 ネッツトヨタ東都 ベイ幕張店,261-0014 千葉県千葉市美浜区若葉２－２,https://www.au.com/storelocator/detail/?shopId=E-00201,35.651441,140.059149,ok
au,関東,千葉,トヨタ au取扱店 千葉トヨタ 幕張店,262-0032 千葉県千葉市花見川区幕張町１丁目７６８５,https://www.au.com/storelocator/detail/?shopId=E-01462,,,ok
au,関東,千葉,トヨタ au取扱店 千葉トヨタ 穴川店,263-0051 千葉県千葉市稲毛区園生町３７０－１,https://www.au.com/storelocator/detail/?shopId=E-00764,35.649436,140.118504,ok
au,関東,千葉,トヨタ au取扱店 ネッツトヨタ東都 おおたかの森店,270-0128 千葉県流山市おおたかの森西3-6-4,https://www.au.com/storelocator/detail/?shopId=E-01303,35.873714,139.916630,ok
au,関東,千葉,トヨタ au取扱店 千葉トヨタ 千葉ニュータウン店,270-1334 千葉県印西市西の原４丁目１番地,https://www.au.com/storelocator/detail/?shopId=E-00161,35.804990,140.150674,ok
au,関東,千葉,トヨタ au取扱店 千葉トヨタ 習志野店,274-0071 千葉県船橋市習志野1-12-1,https://www.au.com/storelocator/detail/?shopId=E-00673,35.713495,140.056777,ok
au,関東,千葉,トヨタ au取扱店 千葉トヨタ 浦安やなぎ通り店,279-0002 千葉県浦安市北栄４－２－１１,https://www.au.com/storelocator/detail/?shopId=E-01023,35.659503,139.903516,ok
au,関東,千葉,トヨタ au取扱店 千葉トヨタ 佐倉駅前店,285-0817 千葉県佐倉市大崎台１－１２－７,https://www.au.com/storelocator/detail/?shopId=E-00671,35.707617,140.227415,ok
au,関東,千葉,トヨタ au取扱店 ネッツトヨタ東都 旭店,289-2504 千葉県旭市二３０９６－１,https://www.au.com/storelocator/detail/?shopId=E-00842,35.723926,140.638408,ok
au,関東,千葉,トヨタ au取扱店 千葉トヨタ 国分寺店,290-0072 千葉県市原市西国分寺台１－１－１６,https://www.au.com/storelocator/detail/?shopId=E-00162,35.501609,140.110578,ok
au,関東,東京,GINZA 456 Created by KDDI,104-0061 東京都中央区銀座4-5-6 山野楽器銀座本店ビル　2Ｆ,https://www.au.com/storelocator/detail/?shopId=E-01309,35.671757,139.765322,ok
au,関東,東京,au Style UENO,110-0005 東京都台東区上野２－７－７ 上野HSビル,https://www.au.com/storelocator/detail/?shopId=E-01300,35.709331,139.773164,ok
au,関東,東京,au Style SHINJUKU,160-0022 東京都新宿区新宿　３丁目２５－１,https://www.au.com/storelocator/detail/?shopId=E-01181,35.692385,139.701890,ok
au,関東,東京,au Style IKEBUKURO,170-0013 東京都豊島区東池袋１－１４－１　池袋スクエア １Ｆ/Ｂ１,https://www.au.com/storelocator/detail/?shopId=E-01307,35.730004,139.715184,ok
au,関東,東京,au Style TACHIKAWA,190-0023 東京都立川市柴崎町３丁目１－１　エキュート立川　３階,https://www.au.com/storelocator/detail/?shopId=E-01297,35.698116,139.412772,ok
au,関東,東京,au Style HACHIOJI,192-0083 東京都八王子市旭町９－１八王子オクトーレ３Ｆ,https://www.au.com/storelocator/detail/?shopId=E-01305,35.657427,139.338766,ok
au,関東,東京,au Style 足立一ツ家,121-0075 東京都足立区一ツ家１－１５－１４　アーバンライフ１Ｆ,https://www.au.com/storelocator/detail/?shopId=E-00916,35.780991,139.810792,ok
au,関東,東京,au Style 足立江北,123-0872 東京都足立区江北４－３１－１,https://www.au.com/storelocator/detail/?shopId=E-01048,35.774365,139.769946,ok
au,関東,東京,au Style カメイドクロック,136-0071 東京都江東区亀戸6-31-6　カメイドクロック3階,https://www.au.com/storelocator/detail/?shopId=E-01324,35.696086,139.829142,ok
au,関東,東京,au Style 雑色,144-0055 東京都大田区仲六郷２－１５－８,https://www.au.com/storelocator/detail/?shopId=E-01145,35.550460,139.714700,ok
au,関東,東京,au Style 池上,146-0082 東京都大田区池上４－３１－１２,https://www.au.com/storelocator/detail/?shopId=E-01248,35.573172,139.704526,ok
au,関東,東京,au Style 恵比寿,150-0013 東京都渋谷区恵比寿４－６－１　恵比寿ＭＦビル１Ｆ,https://www.au.com/storelocator/detail/?shopId=E-00391,35.645987,139.712387,ok
au,関東,東京,au Style 下北沢,155-0031 東京都世田谷区北沢２丁目１２－６　リバーストーンビル,https://www.au.com/storelocator/detail/?shopId=E-01276,35.660839,139.667688,ok
au,関東,東京,au Style 神楽坂,162-0825 東京都新宿区神楽坂６－４８　TOMOSビル１Ｆ,https://www.au.com/storelocator/detail/?shopId=E-01272,35.703296,139.736230,ok
au,関東,東京,au Style 中野サンモール,164-0001 東京都中野区中野５－６７－１０,https://www.au.com/storelocator/detail/?shopId=E-00884,35.708272,139.665585,ok
au,関東,東京,au Style 荻窪駅前,167-0032 東京都杉並区天沼３－３－４,https://www.au.com/storelocator/detail/?shopId=E-00276,35.705538,139.620430,ok
au,関東,東京,au Style 西荻窪,167-0042 東京都杉並区西荻北3-18-1　ガゼルビル１Ｆ,https://www.au.com/storelocator/detail/?shopId=E-00211,35.704280,139.599389,ok
au,関東,東京,au Style 浜田山,168-0065 東京都杉並区浜田山３－３０－５,https://www.au.com/storelocator/detail/?shopId=E-00960,35.681973,139.627441,ok
au,関東,東京,au Style 東武練馬,175-0083 東京都板橋区徳丸３丁目１－２４　武蔵屋ビル１Ｆ,https://www.au.com/storelocator/detail/?shopId=E-00275,35.769164,139.660809,ok
au,関東,東京,au Style 練馬,176-0001 東京都練馬区練馬１－５－４　ＭＩビル１Ｆ,https://www.au.com/storelocator/detail/?shopId=E-00389,35.737313,139.653382,ok
au,関東,東京,au Style 石神井公園,177-0041 東京都練馬区石神井町２丁目１４－１　石神井公園ピアレスＡ棟１Ｆ,https://www.au.com/storelocator/detail/?shopId=E-00648,35.744109,139.607461,ok
au,関東,東京,au Style 光が丘,179-0075 東京都練馬区高松６－２－１５,https://www.au.com/storelocator/detail/?shopId=E-01013,35.757118,139.620535,ok
au,関東,東京,au Style KICHIJOJI,180-8552 東京都武蔵野市吉祥寺南町１-７-１　丸井吉祥寺店　２階,https://www.au.com/storelocator/detail/?shopId=E-01311,35.702002,139.579321,ok
au,関東,東京,au Style 府中北口,183-0055 東京都府中市府中町１－１０－３　府中南ビル1F,https://www.au.com/storelocator/detail/?shopId=E-00918,35.673381,139.480957,ok
au,関東,東京,au Style ららぽーと立川立飛,190-0015 東京都立川市泉町９３５－１　ららぽーと立川立飛３階,https://www.au.com/storelocator/detail/?shopId=E-01182,35.712558,139.417698,ok
au,関東,東京,au Style 八王子駅前,192-0083 東京都八王子市旭町１０－３　安嶋中央ビル１Ｆ,https://www.au.com/storelocator/detail/?shopId=E-00848,35.656940,139.339635,ok
au,関東,東京,au Style 稲城矢野口,206-0812 東京都稲城市大字矢野口１６０３,https://www.au.com/storelocator/detail/?shopId=E-01157,35.637696,139.516627,ok
au,関東,東京,au Style アルカキット錦糸町,130-0013 東京都墨田区錦糸２丁目２番１号　アルカキット錦糸町6F,https://www.au.com/storelocator/detail/?shopId=E-00356,35.697497,139.812391,ok
au,関東,東京,au Style 武蔵小山,142-0063 東京都品川区荏原３－８－４,https://www.au.com/storelocator/detail/?shopId=E-00222,35.617939,139.706322,ok
au,関東,東京,au Style 大森東口,143-0016 東京都大田区大森北１－８－１３　カスタリア大森２ １Ｆ,https://www.au.com/storelocator/detail/?shopId=E-01136,35.586686,139.727353,ok
au,関東,東京,au Style 中野マルイ,164-0001 東京都中野区中野3-34-28　丸井2階,https://www.au.com/storelocator/detail/?shopId=E-00240,35.704745,139.665189,ok
au,関東,東京,au Style 方南町,168-0063 東京都杉並区和泉４－５１－１４　エクセレント和泉１Ｆ,https://www.au.com/storelocator/detail/?shopId=E-01117,35.682847,139.656652,ok
au,関東,東京,au Style 高島平,175-0082 東京都板橋区高島平８－１０－１０,https://www.au.com/storelocator/detail/?shopId=E-00373,35.789782,139.663941,ok
au,関東,東京,au Style 上石神井,177-0044 東京都練馬区上石神井２－２５－４,https://www.au.com/storelocator/detail/?shopId=E-00697,35.726693,139.591585,ok
au,関東,東京,au Style 光が丘ＩＭＡ,179-0072 東京都練馬区光が丘５－１－１　光が丘ＩＭＡ専門店街３Ｆ,https://www.au.com/storelocator/detail/?shopId=E-00702,35.759191,139.628661,ok
au,関東,東京,au Style 調布駅前,182-0024 東京都調布市布田４－６－１　調布丸善ビル１Ｆ,https://www.au.com/storelocator/detail/?shopId=E-00241,35.650929,139.546261,ok
au,関東,東京,au Style 国立,186-0004 東京都国立市中１－９－４,https://www.au.com/storelocator/detail/?shopId=E-00638,35.697773,139.446416,ok
au,関東,東京,au Style 久米川,189-0013 東京都東村山市栄町1-1-22　山本ビル1F,https://www.au.com/storelocator/detail/?shopId=E-00362,35.750507,139.471874,ok
au,関東,東京,au Style 福生,197-0021 東京都福生市東町１０－１　第３ＮＴビル１Ｆ,https://www.au.com/storelocator/detail/?shopId=E-00700,35.744445,139.327531,ok
au,関東,東京,au Style イオンモールむさし村山,208-0022 東京都武蔵村山市榎１丁目１－３,https://www.au.com/storelocator/detail/?shopId=E-01338,35.746383,139.384799,ok
au,関東,東京,auショップ 有楽町,100-0006 東京都千代田区有楽町２－３－５　ａｕｎｅ有楽町１Ｆ,https://www.au.com/storelocator/detail/?shopId=E-01188,35.673296,139.761663,ok
au,関東,東京,auショップ 秋葉原電気街口,101-0021 東京都千代田区外神田１丁目１５－１,https://www.au.com/storelocator/detail/?shopId=E-00428,35.697667,139.772384,ok
au,関東,東京,auショップ 新橋,105-0004 東京都港区新橋２－１４－４　Rビル1階・2階,https://www.au.com/storelocator/detail/?shopId=E-00911,35.666681,139.755636,ok
au,関東,東京,auショップ 麻布十番,106-0045 東京都港区麻布十番２－１０－３　マイスクエア１Ｆ,https://www.au.com/storelocator/detail/?shopId=E-01019,35.654671,139.734755,ok
au,関東,東京,auショップ 浅草ROX,111-0032 東京都台東区浅草１－２４－１,https://www.au.com/storelocator/detail/?shopId=E-00809,35.712337,139.793027,ok
au,関東,東京,auショップ 茗荷谷,112-0012 東京都文京区大塚１丁目４－１５　アトラスタワー茗荷谷 １階,https://www.au.com/storelocator/detail/?shopId=E-00678,35.717544,139.736124,ok
au,関東,東京,auショップ 本郷三丁目,113-0033 東京都文京区本郷５丁目２４－３　志水ビル１Ｆ,https://www.au.com/storelocator/detail/?shopId=E-00288,35.708873,139.760592,ok
au,関東,東京,auショップ 十条,114-0031 東京都北区十条仲原１－２－７　嵯峨根ビル１Ｆ,https://www.au.com/storelocator/detail/?shopId=E-00630,35.761931,139.721384,ok
au,関東,東京,auショップ 赤羽,115-0045 東京都北区赤羽１－１３－２　アンセム赤羽駅前ビル,https://www.au.com/storelocator/detail/?shopId=E-00828,35.779330,139.721463,ok
au,関東,東京,auショップ 町屋,116-0001 東京都荒川区町屋１－３－７,https://www.au.com/storelocator/detail/?shopId=E-00837,35.743749,139.781332,ok
au,関東,東京,auショップ 南千住,116-0003 東京都荒川区南千住４－７－１　ＢｉＶｉ１F,https://www.au.com/storelocator/detail/?shopId=E-00705,35.735007,139.800884,ok
au,関東,東京,auショップ 日暮里,116-0013 東京都荒川区西日暮里２丁目１９－１０　ＫＳビル１Ｆ・２Ｆ,https://www.au.com/storelocator/detail/?shopId=E-00851,35.728976,139.770747,ok
au,関東,東京,auショップ 綾瀬,120-0005 東京都足立区綾瀬４－８－２１　柏芳ビル　壱号館１Ｆ,https://www.au.com/storelocator/detail/?shopId=E-00850,35.763041,139.823785,ok
au,関東,東京,auショップ 竹の塚西口,121-0822 東京都足立区西竹の塚２－１３－４竹ノ塚ロジュマン,https://www.au.com/storelocator/detail/?shopId=E-01082,35.797110,139.789150,ok
au,関東,東京,auショップ 立石,124-0012 東京都葛飾区立石１－２２－２,https://www.au.com/storelocator/detail/?shopId=E-00732,35.738066,139.849537,ok
au,関東,東京,auショップ MARK IS 葛飾かなまち,125-0041 東京都葛飾区東金町１－１０－１　MARK IS 葛飾かなまち ３F,https://www.au.com/storelocator/detail/?shopId=E-00365,35.769555,139.865709,ok
au,関東,東京,auショップ 亀有,125-0061 東京都葛飾区亀有３－２９－１　リリオ弐番館１０７,https://www.au.com/storelocator/detail/?shopId=E-00243,35.765970,139.848764,ok
au,関東,東京,auショップ 青砥,125-0062 東京都葛飾区青戸３－３２－２　エスアール青砥,https://www.au.com/storelocator/detail/?shopId=E-01183,35.746059,139.854693,ok
au,関東,東京,auショップ 東京スカイツリータウン・ソラマチ,131-0045 東京都墨田区押上１－１－２　東京ソラマチ商店街1Fウエストヤード,https://www.au.com/storelocator/detail/?shopId=E-00399,35.709823,139.809073,ok
au,関東,東京,auショップ 平井,132-0035 東京都江戸川区平井４丁目８－８,https://www.au.com/storelocator/detail/?shopId=E-00982,35.705571,139.844280,ok
au,関東,東京,auショップ 小岩駅前,133-0057 東京都江戸川区西小岩１－２１－２０　坂牧ビル１階,https://www.au.com/storelocator/detail/?shopId=E-00298,35.733903,139.880832,ok
au,関東,東京,auショップ アリオ葛西,134-0084 東京都江戸川区東葛西　９－３－３,https://www.au.com/storelocator/detail/?shopId=E-01274,35.652465,139.881245,ok
au,関東,東京,auショップ 東陽町,135-0016 東京都江東区東陽４－１０－４　東陽町ＳＨビル１Ｆ,https://www.au.com/storelocator/detail/?shopId=E-01089,35.671431,139.816586,ok
au,関東,東京,auショップ ららぽーと豊洲,135-0061 東京都江東区豊洲２－４－９　ららぽーと豊洲３Ｆ,https://www.au.com/storelocator/detail/?shopId=E-00813,35.656198,139.792490,ok
au,関東,東京,auショップ 亀戸,136-0071 東京都江東区亀戸６ー５８ー１４　ドムステラ１０１,https://www.au.com/storelocator/detail/?shopId=E-00285,35.696866,139.827343,ok
au,関東,東京,auショップ 大島,136-0072 東京都江東区大島６－３０－１２　第二林ビル１Ｆ,https://www.au.com/storelocator/detail/?shopId=E-01105,35.690174,139.837665,ok
au,関東,東京,auショップ アリオ北砂,136-0073 東京都江東区北砂２－１７－１　アリオ北砂２階,https://www.au.com/storelocator/detail/?shopId=E-00226,35.682947,139.825691,ok
au,関東,東京,auショップ 大井町（東京都）,140-0014 東京都品川区大井１－１０－２　ＹＫビル１Ｆ　※指定提携駐車場あり,https://www.au.com/storelocator/detail/?shopId=E-01005,35.607540,139.732840,ok
au,関東,東京,auショップ 荏原町,142-0053 東京都品川区中延５－8－2　Court Branche AP 1階　※指定駐車場あり,https://www.au.com/storelocator/detail/?shopId=E-01253,35.603545,139.706992,ok
au,関東,東京,auショップ 大森,143-0023 東京都大田区山王２－１－６,https://www.au.com/storelocator/detail/?shopId=E-00266,35.590189,139.728393,ok
au,関東,東京,auショップ 蒲田,144-0051 東京都大田区西蒲田７丁目６９－１　東急プラザ蒲田,https://www.au.com/storelocator/detail/?shopId=E-00265,35.561958,139.715359,ok
au,関東,東京,auショップ 蒲田西口,144-0051 東京都大田区西蒲田７－６２－２,https://www.au.com/storelocator/detail/?shopId=E-00944,35.562185,139.712643,ok
au,関東,東京,auショップ 雪谷,145-0067 東京都大田区雪谷大塚町８－１,https://www.au.com/storelocator/detail/?shopId=E-00280,35.592018,139.680500,ok
au,関東,東京,auショップ 笹塚,151-0073 東京都渋谷区笹塚１－５６－１０　笹塚総榮ビル１Ｆ　※指定駐車場あり,https://www.au.com/storelocator/detail/?shopId=E-00410,35.674359,139.668068,ok
au,関東,東京,auショップ 学芸大学,152-0004 東京都目黒区鷹番３－１８－２１　ツインタウン学芸大ビル１Ｆ,https://www.au.com/storelocator/detail/?shopId=E-00784,35.629278,139.683418,ok
au,関東,東京,auショップ 中目黒,153-0051 東京都目黒区上目黒３－２－１,https://www.au.com/storelocator/detail/?shopId=E-00493,35.644964,139.698004,ok
au,関東,東京,auショップ 三軒茶屋駅前,154-0004 東京都世田谷区太子堂２－１６－６　三恵ビル１Ｆ,https://www.au.com/storelocator/detail/?shopId=E-00897,35.644235,139.670925,ok
au,関東,東京,auショップ 経堂,156-0052 東京都世田谷区経堂１－２１－１６　キリン堂ビル１F,https://www.au.com/storelocator/detail/?shopId=E-00224,35.650680,139.637142,ok
au,関東,東京,auショップ 千歳烏山,157-0062 東京都世田谷区南烏山６－４－３　タカラビル１Ｆ,https://www.au.com/storelocator/detail/?shopId=E-00223,35.668003,139.600372,ok
au,関東,東京,auショップ 二子玉川,158-0094 東京都世田谷区玉川３－６－１３　栄家新倉ビル１F,https://www.au.com/storelocator/detail/?shopId=E-00979,35.612367,139.626519,ok
au,関東,東京,auショップ 新宿西口,160-0023 東京都新宿区西新宿１－２３－３　廣和ビル１Ｆ,https://www.au.com/storelocator/detail/?shopId=E-00299,35.689485,139.696283,ok
au,関東,東京,auショップ 早稲田,162-0045 東京都新宿区馬場下町６１　市川ビル１Ｆ,https://www.au.com/storelocator/detail/?shopId=E-00781,35.706017,139.720335,ok
au,関東,東京,auショップ 鷺ノ宮,165-0032 東京都中野区鷺宮４－４－２４,https://www.au.com/storelocator/detail/?shopId=E-01073,35.723734,139.638088,ok
au,関東,東京,auショップ 高円寺,166-0002 東京都杉並区高円寺北３丁目２３－１０ 若松店舗 １Ｆ,https://www.au.com/storelocator/detail/?shopId=E-00667,35.706700,139.649739,ok
au,関東,東京,auショップ 阿佐ヶ谷,166-0004 東京都杉並区阿佐ヶ谷南１丁目３６－１０,https://www.au.com/storelocator/detail/?shopId=E-00346,35.702635,139.636695,ok
au,関東,東京,auショップ 巣鴨,170-0002 東京都豊島区巣鴨１丁目１２－４,https://www.au.com/storelocator/detail/?shopId=E-01291,35.732723,139.739841,ok
au,関東,東京,auショップ 池袋西口,171-0014 東京都豊島区池袋２－１４－４　池袋西口スカイビル,https://www.au.com/storelocator/detail/?shopId=E-00345,35.732044,139.706534,ok
au,関東,東京,auショップ 池袋北口駅前,171-0021 東京都豊島区西池袋１－２９－２,https://www.au.com/storelocator/detail/?shopId=E-00663,35.731909,139.711265,ok
au,関東,東京,auショップ 池袋西口駅前,171-0021 東京都豊島区西池袋１－１８－６　藤久ビル別館１階・Ｂ１階,https://www.au.com/storelocator/detail/?shopId=E-01110,35.731450,139.708872,ok
au,関東,東京,auショップ 池袋東口,171-0022 東京都豊島区南池袋１－２６－１０,https://www.au.com/storelocator/detail/?shopId=E-00351,35.728981,139.713659,ok
au,関東,東京,auショップ 板橋,173-0004 東京都板橋区板橋１－２２－９　相田ビル１Ｆ,https://www.au.com/storelocator/detail/?shopId=E-01288,35.747368,139.718652,ok
au,関東,東京,auショップ 大山,173-0023 東京都板橋区大山町４－７,https://www.au.com/storelocator/detail/?shopId=E-00246,35.748316,139.702258,ok
au,関東,東京,auショップ 志村坂上,174-0056 東京都板橋区志村２－８－１　Ｙビル志村坂上１Ｆ,https://www.au.com/storelocator/detail/?shopId=E-01011,35.776301,139.692863,ok
au,関東,東京,auショップ 成増,175-0094 東京都板橋区成増２－１７－２１,https://www.au.com/storelocator/detail/?shopId=E-00434,35.777680,139.630783,ok
au,関東,東京,auショップ 中村橋,176-0023 東京都練馬区中村北４－４－１３,https://www.au.com/storelocator/detail/?shopId=E-01099,35.735486,139.638463,ok
au,関東,東京,auショップ 大泉学園,178-0061 東京都練馬区大泉学園町１－１－３　サンビームＡＺ,https://www.au.com/storelocator/detail/?shopId=E-00268,35.757220,139.588372,ok
au,関東,東京,auショップ 平和台（東京都）,179-0081 東京都練馬区北町６－９－３　スリーストーンハイツ１Ｆ,https://www.au.com/storelocator/detail/?shopId=E-01126,35.758995,139.654266,ok
au,関東,東京,auショップ 吉祥寺大通り,180-0004 東京都武蔵野市吉祥寺本町１－１３－１１　メアリヒト吉祥寺ビル,https://www.au.com/storelocator/detail/?shopId=E-01118,35.704651,139.580869,ok
au,関東,東京,auショップ 三鷹,181-0013 東京都三鷹市下連雀３丁目３４－３,https://www.au.com/storelocator/detail/?shopId=E-00271,35.700566,139.560969,ok
au,関東,東京,auショップ 府中,183-0023 東京都府中市宮町１－１００　ル・シーニュ　2Ｆ,https://www.au.com/storelocator/detail/?shopId=E-00294,35.671777,139.479730,ok
au,関東,東京,auショップ 国分寺（東京都）,185-0012 東京都国分寺市本町３－１１－１　第８千代鶴ビル１Ｆ,https://www.au.com/storelocator/detail/?shopId=E-01052,35.702664,139.480954,ok
au,関東,東京,auショップ 小平,187-0004 東京都小平市天神町１－１８－７,https://www.au.com/storelocator/detail/?shopId=E-00818,35.730659,139.495022,ok
au,関東,東京,auショップ 立川通り,190-0002 東京都立川市幸町３－３－７,https://www.au.com/storelocator/detail/?shopId=E-01044,35.718198,139.430865,ok
au,関東,東京,auショップ 立川,190-0012 東京都立川市曙町２－７－１５　ＡＬＢＡ　ＮＡＩＴＯ　ＢＵＩＬＤＩＮＧ,https://www.au.com/storelocator/detail/?shopId=E-00388,35.700154,139.414429,ok
au,関東,東京,auショップ ジョイフル本田瑞穂,190-1212 東京都西多摩郡瑞穂町大字殿ケ谷４４２－１　ジョイフル本田瑞穂２F,https://www.au.com/storelocator/detail/?shopId=E-01287,35.760983,139.357970,ok
au,関東,東京,auショップ 高幡不動駅前,191-0031 東京都日野市高幡１０００－７ＧＴ－２　１Ｆ,https://www.au.com/storelocator/detail/?shopId=E-00253,35.661561,139.412798,ok
au,関東,東京,auショップ 日野,191-0061 東京都日野市大坂上１－３０－１１,https://www.au.com/storelocator/detail/?shopId=E-00487,35.678883,139.391065,ok
au,関東,東京,auショップ 南大沢,192-0364 東京都八王子市南大沢２丁目２５　フォレストモール南大沢２Ｆ,https://www.au.com/storelocator/detail/?shopId=E-00913,35.612957,139.381453,ok
au,関東,東京,auショップ みなみ野駅前,192-0916 東京都八王子市みなみ野１－７－３　フレスポみなみ野２Ｆ,https://www.au.com/storelocator/detail/?shopId=E-00780,35.631813,139.328543,ok
au,関東,東京,auショップ 八王子楢原,193-0803 東京都八王子市楢原町３８２,https://www.au.com/storelocator/detail/?shopId=E-00225,35.677004,139.311696,ok
au,関東,東京,auショップ 西八王子駅前,193-0832 東京都八王子市散田町３－８－１,https://www.au.com/storelocator/detail/?shopId=E-00304,35.656084,139.312935,ok
au,関東,東京,auショップ イーアス高尾,193-0834 東京都八王子市東浅川町５５０－１,https://www.au.com/storelocator/detail/?shopId=E-01161,35.643221,139.288433,ok
au,関東,東京,auショップ 町田ジョルナ,194-0013 東京都町田市原町田６－６－１４　町田ジョルナ１Ｆ,https://www.au.com/storelocator/detail/?shopId=E-00348,35.542230,139.447219,ok
au,関東,東京,auショップ 町田木曽,194-0037 東京都町田市木曽西３－１９－１４,https://www.au.com/storelocator/detail/?shopId=E-00720,35.573885,139.419383,ok
au,関東,東京,auショップ 成瀬,194-0045 東京都町田市南成瀬１－２５－６,https://www.au.com/storelocator/detail/?shopId=E-01067,35.538116,139.473566,ok
au,関東,東京,auショップ 昭島モリタウン,196-0014 東京都昭島市田中町５６２－１　モリタウン東館２Ｆ,https://www.au.com/storelocator/detail/?shopId=E-00313,35.713403,139.362922,ok
au,関東,東京,auショップ 青梅,198-0031 東京都青梅市師岡町３丁目２－１,https://www.au.com/storelocator/detail/?shopId=E-01002,35.788986,139.284405,ok
au,関東,東京,auショップ ひばりヶ丘,202-0002 東京都西東京市ひばりケ丘北４丁目３－２９　アレックスビル１Ｆ,https://www.au.com/storelocator/detail/?shopId=E-00361,35.752515,139.545036,ok
au,関東,東京,auショップ 保谷,202-0012 東京都西東京市東町３－１１－１８,https://www.au.com/storelocator/detail/?shopId=E-01150,35.747523,139.565348,ok
au,関東,東京,auショップ 東久留米,203-0033 東京都東久留米市滝山７－１－１０,https://www.au.com/storelocator/detail/?shopId=E-00891,35.749938,139.508034,ok
au,関東,東京,auショップ 清瀬,204-0021 東京都清瀬市元町１－８－２　清水ビル１Ｆ,https://www.au.com/storelocator/detail/?shopId=E-00215,35.772647,139.519631,ok
au,関東,東京,auショップ 多摩永山,206-0025 東京都多摩市永山１丁目５－６　ベルブ永山１Ｆ,https://www.au.com/storelocator/detail/?shopId=E-00333,35.628123,139.448480,ok
au,関東,東京,auショップ ココリア多摩センター,206-0033 東京都多摩市落合1-46-1 ココリア多摩センター1F,https://www.au.com/storelocator/detail/?shopId=E-00292,35.622352,139.424902,ok
au,関東,東京,auショップ 東大和,207-0016 東京都東大和市仲原２－１６－１２　プランドール砂田１Ｆ,https://www.au.com/storelocator/detail/?shopId=E-00710,35.742757,139.440801,ok
au,関東,東京,auショップ 浜松町,105-0013 東京都港区浜松町１－２７－１４　サン・キツカワビル１Ｆ,https://www.au.com/storelocator/detail/?shopId=E-00317,35.657275,139.755049,ok
au,関東,東京,auショップ 王子,114-0002 東京都北区王子１－８－１　王子パークビル１Ｆ,https://www.au.com/storelocator/detail/?shopId=E-00262,35.753965,139.738368,ok
au,関東,東京,auショップ 北千住マルイ,120-8501 東京都足立区千住３－９２　北千住マルイ店　８階,https://www.au.com/storelocator/detail/?shopId=E-00402,35.750828,139.804764,ok
au,関東,東京,auショップ 竹の塚,121-0813 東京都足立区竹の塚２－３２－１３,https://www.au.com/storelocator/detail/?shopId=E-00400,35.792651,139.797676,ok
au,関東,東京,auショップ アリオ西新井,123-0843 東京都足立区西新井栄町１－２０－１　アリオ西新井２階,https://www.au.com/storelocator/detail/?shopId=E-00954,35.774878,139.786293,ok
au,関東,東京,auショップ 新小岩,124-0024 東京都葛飾区新小岩１－５１－５,https://www.au.com/storelocator/detail/?shopId=E-00287,35.715197,139.860244,ok
au,関東,東京,auショップ 瑞江,132-0011 東京都江戸川区瑞江２－３－１０　サティバ瑞江１Ｆ,https://www.au.com/storelocator/detail/?shopId=E-00284,35.692982,139.898799,ok
au,関東,東京,auショップ 西葛西,134-0088 東京都江戸川区西葛西６－６－１　第５喜楽ビル１Ｆ,https://www.au.com/storelocator/detail/?shopId=E-00263,35.664596,139.856477,ok
au,関東,東京,auショップ 船堀,134-0091 東京都江戸川区船堀４－８－２２　エクセレントシティ船堀ステーションアヴェニュー1階,https://www.au.com/storelocator/detail/?shopId=E-00773,35.682605,139.866527,ok
au,関東,東京,auショップ イトーヨーカドー木場,135-0042 東京都江東区木場　１－５－３０,https://www.au.com/storelocator/detail/?shopId=E-01127,35.666138,139.804224,ok
au,関東,東京,auショップ 自由が丘駅前正面口,152-0035 東京都目黒区自由が丘２－１１－２２,https://www.au.com/storelocator/detail/?shopId=E-00758,35.607824,139.667669,ok
au,関東,東京,auショップ 千歳船橋,156-0055 東京都世田谷区船橋１－２９－３　サンステージビル１Ｆ,https://www.au.com/storelocator/detail/?shopId=E-01028,35.647350,139.621606,ok
au,関東,東京,auショップ 武蔵境,180-0022 東京都武蔵野市境２－１４－１　スイング１Ｆ,https://www.au.com/storelocator/detail/?shopId=E-00757,35.702489,139.542992,ok
au,関東,東京,auショップ 三鷹東八道路,181-0014 東京都三鷹市野崎１－２０－２０　１２１ＭＹビル１階,https://www.au.com/storelocator/detail/?shopId=E-01021,35.681459,139.550225,ok
au,関東,東京,auショップ 仙川,182-0002 東京都調布市仙川町１－４９－１　パール仙川１Ｆ,https://www.au.com/storelocator/detail/?shopId=E-00711,35.661177,139.585942,ok
au,関東,東京,auショップ 小金井,184-0004 東京都小金井市本町２－６－５　クラルテ武蔵小金井レジデンス１Ｆ,https://www.au.com/storelocator/detail/?shopId=E-00214,35.702573,139.507574,ok
au,関東,東京,auショップ 花小金井,187-0003 東京都小平市花小金井南町１－２４－３　東京プライムウエスト１Ｆ,https://www.au.com/storelocator/detail/?shopId=E-01176,35.725411,139.513490,ok
au,関東,東京,auショップ 田無,188-0011 東京都西東京市田無町４－１－２　西武田無駅ビル１Ｆ,https://www.au.com/storelocator/detail/?shopId=E-00216,35.727539,139.539053,ok
au,関東,東京,auショップ 東村山,189-0014 東京都東村山市本町２－１９－４　ＥＮスクエア１Ｆ,https://www.au.com/storelocator/detail/?shopId=E-01008,35.760213,139.467403,ok
au,関東,東京,auショップ 町田,194-0013 東京都町田市原町田6-9-8　AETA　machida　1F,https://www.au.com/storelocator/detail/?shopId=E-00765,35.543261,139.446857,ok
au,関東,東京,auショップ 鶴川,195-0053 東京都町田市能ヶ谷２－１２－４８　マノワール・Ｍ・鶴川１Ｆ,https://www.au.com/storelocator/detail/?shopId=E-00782,35.584012,139.480907,ok
au,関東,東京,auショップ あきる野,197-0826 東京都あきる野市牛沼１７０－４,https://www.au.com/storelocator/detail/?shopId=E-00880,35.723713,139.291070,ok
au,関東,東京,auショップ 小作,198-0024 東京都青梅市新町３－３－１　宇源ビル,https://www.au.com/storelocator/detail/?shopId=E-01196,35.778151,139.302948,ok
au,関東,東京,auショップ 狛江,201-0013 東京都狛江市元和泉１－２－１エコルマ１ビル　１階,https://www.au.com/storelocator/detail/?shopId=E-01319,35.633426,139.578034,ok
au,関東,東京,auショップ 聖蹟桜ヶ丘,206-0002 東京都多摩市一ノ宮２－１１－３２,https://www.au.com/storelocator/detail/?shopId=E-00745,35.650811,139.445992,ok
au,関東,東京,UQスポット 浅草ＲＯＸ,111-0032 東京都台東区浅草１丁目２５－１５　　　浅草ＲＯＸ４階４０８区画,https://www.au.com/storelocator/detail/?shopId=E-01394,35.713133,139.792756,ok
au,関東,東京,UQスポット 新小岩,124-0024 東京都葛飾区新小岩１丁目　４２－８　Ｋ．Ｓ．Ｔビル,https://www.au.com/storelocator/detail/?shopId=E-01408,35.715204,139.860101,ok
au,関東,東京,UQスポット 蒲田,144-0052 東京都大田区蒲田５丁目８－７,https://www.au.com/storelocator/detail/?shopId=E-01430,35.563048,139.719199,ok
au,関東,東京,UQスポット 池袋西口駅前,171-0021 東京都豊島区西池袋１丁目　１８－１　五光ビル１階,https://www.au.com/storelocator/detail/?shopId=E-01366,35.731280,139.709303,ok
au,関東,東京,UQスポット 池袋東口駅前,171-0022 東京都豊島区南池袋１丁目２７－８　　　サンパレスビル１Ｆ,https://www.au.com/storelocator/detail/?shopId=E-01343,35.729490,139.712902,ok
au,関東,東京,UQスポット アリオ亀有,125-0061 東京都葛飾区亀有３丁目４９番３号　　　アリオ亀有３階,https://www.au.com/storelocator/detail/?shopId=E-01360,35.764459,139.852589,ok
au,関東,東京,UQスポット 瑞江,132-0011 東京都江戸川区瑞江２丁目１－２　ドン・キホーテラパーク瑞江３Ｆ,https://www.au.com/storelocator/detail/?shopId=E-01426,,,Unexpected end of JSON input
au,関東,東京,UQスポット イオンモール日の出,190-0182 東京都西多摩郡日の出町大字平井字三吉野桜木２３７番地３　イオンモール日の出３階,https://www.au.com/storelocator/detail/?shopId=E-01335,,,Unexpected end of JSON input
au,関東,東京,トヨタ au取扱店 トヨタモビリティサービス 本社PiPit,103-0007 東京都中央区日本橋浜町２丁目１２番４号,https://www.au.com/storelocator/detail/?shopId=E-01455,,,Unexpected end of JSON input
au,関東,東京,トヨタ au取扱店 ネッツトヨタ東都 葛飾店,124-0013 東京都葛飾区東立石１－４－４,https://www.au.com/storelocator/detail/?shopId=E-00029,,,Unexpected end of JSON input
au,関東,東京,トヨタ au取扱店 トヨタモビリティ東京 T-プラザ金町店,125-0042 東京都葛飾区金町１－７－１０,https://www.au.com/storelocator/detail/?shopId=E-01438,,,Unexpected end of JSON input
au,関東,東京,トヨタ au取扱店 トヨタモビリティ東京 深川店,135-0015 東京都江東区千石２丁目１２－２４,https://www.au.com/storelocator/detail/?shopId=E-01310,,,Unexpected end of JSON input
au,関東,東京,トヨタ au取扱店 トヨタモビリティ東京 小平BS前店,187-0031 東京都小平市小川東町１－１８－１４,https://www.au.com/storelocator/detail/?shopId=E-01456,,,Unexpected end of JSON input
au,関東,東京,トヨタ au取扱店 トヨタS&Dフリート西東京 桜ヶ丘店,206-0011 東京都多摩市関戸４－８－３　トヨタS＆Dﾌﾘｰﾄ西東京（株）内,https://www.au.com/storelocator/detail/?shopId=E-00035,,,Unexpected end of JSON input
au,関東,神奈川,au Style YOKOHAMA,220-0005 神奈川県横浜市西区南幸１丁目５－１　相鉄ジョイナス４階,https://www.au.com/storelocator/detail/?shopId=E-01304,35.464358,139.620488,ok
au,関東,神奈川,au Style 川崎アゼリア,210-0007 神奈川県川崎市川崎区駅前本町２６－２　川崎アゼリア地下街３０６６,https://www.au.com/storelocator/detail/?shopId=E-01177,35.530585,139.698050,ok
au,関東,神奈川,au Style 川崎（神奈川県）,210-0015 神奈川県川崎市川崎区南町１６－１　朝日生命川崎ビル１Ｆ,https://www.au.com/storelocator/detail/?shopId=E-00369,,,Unexpected end of JSON input
au,関東,神奈川,au Style 横浜モアーズ,220-0005 神奈川県横浜市西区南幸１－３－１　横浜モアーズ４Ｆ,https://www.au.com/storelocator/detail/?shopId=E-00927,35.467168,139.622163,ok
au,関東,神奈川,au Style シァルプラット東神奈川,221-0044 神奈川県横浜市神奈川区東神奈川１－２９,https://www.au.com/storelocator/detail/?shopId=E-01322,35.478108,139.633896,ok
au,関東,神奈川,au Style トレッサ横浜,222-0002 神奈川県横浜市港北区師岡町７００番　トレッサ横浜南棟２階,https://www.au.com/storelocator/detail/?shopId=E-00719,35.524597,139.645632,ok
au,関東,神奈川,au Style 綱島,223-0053 神奈川県横浜市港北区綱島西２－６－１７　黒川ビル１Ｆ,https://www.au.com/storelocator/detail/?shopId=E-00089,35.535988,139.632461,ok
au,関東,神奈川,au Style モザイクモール港北,224-0003 神奈川県横浜市都筑区中川中央1-31-1-2　モザイクモール港北3F,https://www.au.com/storelocator/detail/?shopId=E-01321,35.555014,139.577893,ok
au,関東,神奈川,au Style 鶴見西口駅前,230-0062 神奈川県横浜市鶴見区豊岡町２－２　フーガ２　３Ｆ,https://www.au.com/storelocator/detail/?shopId=E-00896,,,Unexpected end of JSON input
au,関東,神奈川,au Style 伊勢佐木モール,231-0045 神奈川県横浜市中区伊勢佐木町２－８－７　ハマ楽器ビル１Ｆ,https://www.au.com/storelocator/detail/?shopId=E-00826,,,Unexpected end of JSON input
au,関東,神奈川,au Style みなとみらい,231-0062 神奈川県横浜市中区桜木町一丁目１番７号　コレットマーレ1階,https://www.au.com/storelocator/detail/?shopId=E-01264,35.452041,139.630617,ok
au,関東,神奈川,au Style 港南台バーズ,234-0054 神奈川県横浜市港南区港南台３－１－３　港南台バーズ２F,https://www.au.com/storelocator/detail/?shopId=E-00372,,,Unexpected end of JSON input
au,関東,神奈川,au Style 港南台インター,234-0054 神奈川県横浜市港南区港南台９－３２－２３　ヒルトップ港南台１F,https://www.au.com/storelocator/detail/?shopId=E-00814,,,Unexpected end of JSON input
au,関東,神奈川,au Style 金沢八景,236-0031 神奈川県横浜市金沢区六浦１－２１－９,https://www.au.com/storelocator/detail/?shopId=E-00901,35.326529,139.619923,ok
au,関東,神奈川,au Style 金沢文庫,236-0042 神奈川県横浜市金沢区釜利谷東２－１４－１１,https://www.au.com/storelocator/detail/?shopId=E-00091,35.343403,139.617879,ok
au,関東,神奈川,au Style 横須賀武山,238-0315 神奈川県横須賀市林１丁目２３－５,https://www.au.com/storelocator/detail/?shopId=E-00822,35.220274,139.639284,ok
au,関東,神奈川,au Style 久里浜,239-0831 神奈川県横須賀市久里浜４-１４-１原ビル１F,https://www.au.com/storelocator/detail/?shopId=E-01129,35.230255,139.703891,ok
au,関東,神奈川,au Style 大和駅前,242-0017 神奈川県大和市大和東1-4-20,https://www.au.com/storelocator/detail/?shopId=E-01135,35.470500,139.462400,ok
au,関東,神奈川,au Style 厚木妻田,243-0812 神奈川県厚木市妻田北１－１２－１８,https://www.au.com/storelocator/detail/?shopId=E-00649,35.463030,139.357126,ok
au,関東,神奈川,au Style 戸塚,244-0003 神奈川県横浜市戸塚区戸塚町１６－５　ＡＲＫビル１Ｆ,https://www.au.com/storelocator/detail/?shopId=E-00370,35.400288,139.532855,ok
au,関東,神奈川,au Style ゆめが丘ソラトス,245-0019 神奈川県横浜市泉区ゆめが丘31番地　ゆめが丘ソラトス3F,https://www.au.com/storelocator/detail/?shopId=E-01451,35.405255,139.482761,ok
au,関東,神奈川,au Style 相鉄ライフ三ツ境,246-0022 神奈川県横浜市瀬谷区三ツ境２-１９　相鉄ライフ三ツ境４階,https://www.au.com/storelocator/detail/?shopId=E-00823,35.467911,139.503191,ok
au,関東,神奈川,au Style 小田原富水,250-0856 神奈川県小田原市新屋４１－２　ミズノビル１Ｆ,https://www.au.com/storelocator/detail/?shopId=E-01097,35.295034,139.138758,ok
au,関東,神奈川,au Style ダイナシティ小田原,250-0872 神奈川県小田原市中里２０８,https://www.au.com/storelocator/detail/?shopId=E-01143,35.283954,139.185914,ok
au,関東,神奈川,au Style 藤沢南口,251-0025 神奈川県藤沢市鵠沼石上１－６－１　エスタ藤沢１Ｆ,https://www.au.com/storelocator/detail/?shopId=E-01040,35.335519,139.489552,ok
au,関東,神奈川,au Style テラスモール湘南,251-0041 神奈川県藤沢市辻堂神台１－３－１,https://www.au.com/storelocator/detail/?shopId=E-00882,35.339222,139.446937,ok
au,関東,神奈川,au Style 湘南モールフィル,251-0042 神奈川県藤沢市辻堂新町４丁目１－１　　湘南モールフィル内,https://www.au.com/storelocator/detail/?shopId=E-01372,35.338818,139.464701,ok
au,関東,神奈川,au Style イオンモール座間,252-0012 神奈川県座間市広野台２丁目　１０－４,https://www.au.com/storelocator/detail/?shopId=E-01282,35.498301,139.423494,ok
au,関東,神奈川,au Style 橋本（神奈川県）,252-0143 神奈川県相模原市緑区橋本３－１３　パークスクエア１Ｆ,https://www.au.com/storelocator/detail/?shopId=E-00425,35.594615,139.348051,ok
au,関東,神奈川,au Style 淵野辺,252-0234 神奈川県相模原市中央区共和４－７－８,https://www.au.com/storelocator/detail/?shopId=E-01012,35.563918,139.393932,ok
au,関東,神奈川,au Style 相模原田名,252-0244 神奈川県相模原市中央区田名４１５６－１,https://www.au.com/storelocator/detail/?shopId=E-00983,35.554291,139.343497,ok
au,関東,神奈川,au Style 相模大野,252-0303 神奈川県相模原市南区相模大野３－１３－１３　第２タカビル１Ｆ,https://www.au.com/storelocator/detail/?shopId=E-01277,35.531962,139.435282,ok
au,関東,神奈川,au Style 小田急相模原,252-0313 神奈川県相模原市南区松が枝町２４－３,https://www.au.com/storelocator/detail/?shopId=E-00662,35.515209,139.424026,ok
au,関東,神奈川,au Style 湘南台,252-0804 神奈川県藤沢市湘南台７－１－１　パークサイドカネイシ1階,https://www.au.com/storelocator/detail/?shopId=E-00090,35.398406,139.470183,ok
au,関東,神奈川,au Style 綾瀬市役所前,252-1108 神奈川県綾瀬市深谷上１丁目５－９,https://www.au.com/storelocator/detail/?shopId=E-00831,35.440196,139.426665,ok
au,関東,神奈川,au Style 平塚桜ヶ丘,254-0053 神奈川県平塚市桜ヶ丘１－４０,https://www.au.com/storelocator/detail/?shopId=E-00912,35.326215,139.329915,ok
au,関東,神奈川,au Style ららぽーと湘南平塚,254-8510 神奈川県平塚市天沼10-1　 ららぽーと湘南平塚,https://www.au.com/storelocator/detail/?shopId=E-01302,35.337922,139.356079,ok
au,関東,神奈川,au Style 横浜そごう店,220-0011 神奈川県横浜市西区高島２－１８－１　横浜新都市ビル９Ｆ,https://www.au.com/storelocator/detail/?shopId=E-00405,35.465389,139.624791,ok
au,関東,神奈川,au Style 青葉台,227-0062 神奈川県横浜市青葉区青葉台２－８－２０　パルテ青葉台1Ｆ,https://www.au.com/storelocator/detail/?shopId=E-00354,35.543556,139.515218,ok
au,関東,神奈川,au Style 座間,252-0028 神奈川県座間市入谷東３-28-13　カーサ　ラ　フロレスタ１Ｆ,https://www.au.com/storelocator/detail/?shopId=E-00810,35.479006,139.404088,ok
au,関東,神奈川,au Style 城山,252-0105 神奈川県相模原市緑区久保沢１－４－１２,https://www.au.com/storelocator/detail/?shopId=E-00278,35.596513,139.302760,ok
au,関東,神奈川,au Style 茅ヶ崎,253-0044 神奈川県茅ヶ崎市新栄町１１番１６,https://www.au.com/storelocator/detail/?shopId=E-00355,35.331681,139.404562,ok
au,関東,神奈川,auショップ グランツリー武蔵小杉,211-0004 神奈川県川崎市中原区新丸子東３－１１３５－１　グランツリー武蔵小杉３階,https://www.au.com/storelocator/detail/?shopId=E-00324,35.574012,139.660099,ok
au,関東,神奈川,auショップ 元住吉,211-0025 神奈川県川崎市中原区木月１－３５－４６　NEXUS M.K,https://www.au.com/storelocator/detail/?shopId=E-01141,35.565130,139.653521,ok
au,関東,神奈川,auショップ ラゾーナ川崎,212-0013 神奈川県川崎市幸区堀川町７２－１ラゾーナ川崎プラザ　4階,https://www.au.com/storelocator/detail/?shopId=E-00227,35.532934,139.695690,ok
au,関東,神奈川,auショップ 鹿島田,212-0053 神奈川県川崎市幸区下平間１１１－４　川粧第２ビル１Ｆ,https://www.au.com/storelocator/detail/?shopId=E-01174,35.551677,139.678039,ok
au,関東,神奈川,auショップ 溝ノ口,213-0001 神奈川県川崎市高津区溝口１－３－１　ＮＯＣＴＹプラザ１Ｆ,https://www.au.com/storelocator/detail/?shopId=E-00326,35.599013,139.612079,ok
au,関東,神奈川,auショップ 溝の口中央通り,213-0001 神奈川県川崎市高津区溝口１－１４－６　クロカワビル１Ｆ,https://www.au.com/storelocator/detail/?shopId=E-01162,35.600515,139.614420,ok
au,関東,神奈川,auショップ 向ヶ丘遊園,214-0014 神奈川県川崎市多摩区登戸２７７７－２　Ｎ１００ビル１Ｆ,https://www.au.com/storelocator/detail/?shopId=E-00228,35.614981,139.565770,ok
au,関東,神奈川,auショップ 横浜片倉,221-0865 神奈川県横浜市神奈川区片倉3丁目1番25号 Luana１F,https://www.au.com/storelocator/detail/?shopId=E-00869,35.490275,139.606371,ok
au,関東,神奈川,auショップ 新横浜,222-0033 神奈川県横浜市港北区新横浜２－４－１　新横浜ＷＮビル１Ｆ,https://www.au.com/storelocator/detail/?shopId=E-00334,35.508296,139.615772,ok
au,関東,神奈川,auショップ 新羽,223-0057 神奈川県横浜市港北区新羽町１６９３－１　シエスタロワール１Ｆ,https://www.au.com/storelocator/detail/?shopId=E-00972,35.528218,139.610813,ok
au,関東,神奈川,auショップ 日吉,223-0062 神奈川県横浜市港北区日吉本町１－１９－１５　ビック第３ビル１Ｆ,https://www.au.com/storelocator/detail/?shopId=E-00251,35.553574,139.645462,ok
au,関東,神奈川,auショップ たまプラーザ,225-0002 神奈川県横浜市青葉区美しが丘一丁目1番地２外　たまプラーザテラス　ゲートプラザ2階,https://www.au.com/storelocator/detail/?shopId=E-00440,35.577523,139.559162,ok
au,関東,神奈川,auショップ あざみ野江田,225-0012 神奈川県横浜市青葉区あざみ野南３－６－１,https://www.au.com/storelocator/detail/?shopId=E-00995,35.562113,139.549350,ok
au,関東,神奈川,auショップ カエデウォーク長津田,226-0018 神奈川県横浜市緑区長津田みなみ台４丁目7－１,https://www.au.com/storelocator/detail/?shopId=E-00937,35.518802,139.499060,ok
au,関東,神奈川,auショップ 中山,226-0019 神奈川県横浜市緑区中山１-２２-１３,https://www.au.com/storelocator/detail/?shopId=E-00232,35.516108,139.540891,ok
au,関東,神奈川,auショップ 本牧,231-0827 神奈川県横浜市中区本牧和田１－１　グランデュオ本牧１Ｆ,https://www.au.com/storelocator/detail/?shopId=E-00479,35.422347,139.663802,ok
au,関東,神奈川,auショップ 南太田,232-0004 神奈川県横浜市南区前里町４－１０２,https://www.au.com/storelocator/detail/?shopId=E-00490,35.438194,139.617017,ok
au,関東,神奈川,auショップ 上大岡,233-0002 神奈川県横浜市港南区上大岡西１－１２－５　朝日生命ビル１Ｆ,https://www.au.com/storelocator/detail/?shopId=E-00343,35.411263,139.596097,ok
au,関東,神奈川,auショップ 新杉田,235-0023 神奈川県横浜市磯子区森３丁目　１０－１０　グリーンハイツ1Ｆ,https://www.au.com/storelocator/detail/?shopId=E-00651,35.391027,139.614927,ok
au,関東,神奈川,auショップ 横須賀,238-0006 神奈川県横須賀市日の出町２－４－１,https://www.au.com/storelocator/detail/?shopId=E-00350,35.278134,139.676386,ok
au,関東,神奈川,auショップ 横須賀三笠,238-0008 神奈川県横須賀市大滝町２丁目２３,https://www.au.com/storelocator/detail/?shopId=E-00653,35.280471,139.669450,ok
au,関東,神奈川,auショップ 保土ヶ谷,240-0013 神奈川県横浜市保土ケ谷区帷子町１－４６－１,https://www.au.com/storelocator/detail/?shopId=E-00256,35.446908,139.598478,ok
au,関東,神奈川,auショップ 旭今宿,241-0032 神奈川県横浜市旭区今宿東町１５０９－２,https://www.au.com/storelocator/detail/?shopId=E-01164,35.480077,139.535576,ok
au,関東,神奈川,auショップ 二俣川,241-0821 神奈川県横浜市旭区二俣川１－４３－２８　ドン・キホーテ二俣川　４階,https://www.au.com/storelocator/detail/?shopId=E-00347,35.464809,139.531837,ok
au,関東,神奈川,auショップ 大和,242-0016 神奈川県大和市大和南２－１０－４　山善ビル,https://www.au.com/storelocator/detail/?shopId=E-00424,35.465897,139.466433,ok
au,関東,神奈川,auショップ 本厚木,243-0018 神奈川県厚木市中町２－５－２ 一番街和光ビル１Ｆ,https://www.au.com/storelocator/detail/?shopId=E-01275,35.440917,139.364898,ok
au,関東,神奈川,auショップ 厚木農大入口,243-0034 神奈川県厚木市船子１０８２,https://www.au.com/storelocator/detail/?shopId=E-00739,35.430274,139.352350,ok
au,関東,神奈川,auショップ 東戸塚,244-0801 神奈川県横浜市戸塚区品濃町５１７－１　パークハウス南の街１０６号,https://www.au.com/storelocator/detail/?shopId=E-00257,35.429251,139.558061,ok
au,関東,神奈川,auショップ 戸塚不動坂,244-0812 神奈川県横浜市戸塚区柏尾町９７４　南山ハイム１Ｆ,https://www.au.com/storelocator/detail/?shopId=E-01050,35.415654,139.544954,ok
au,関東,神奈川,auショップ 横浜いずみ,245-0024 神奈川県横浜市泉区和泉中央北２丁目１６－３３　安西ビル１Ｆ,https://www.au.com/storelocator/detail/?shopId=E-00756,35.415469,139.495084,ok
au,関東,神奈川,auショップ 大船,247-0056 神奈川県鎌倉市大船１－８－１３,https://www.au.com/storelocator/detail/?shopId=E-00430,35.353262,139.532150,ok
au,関東,神奈川,auショップ 鎌倉,248-0006 神奈川県鎌倉市小町１－７－１０ 　ニッコウビル１Ｆ,https://www.au.com/storelocator/detail/?shopId=E-01179,35.319713,139.552200,ok
au,関東,神奈川,auショップ 逗子葉山,249-0006 神奈川県逗子市逗子５－１－６　新逗子京急ビル１Ｆ,https://www.au.com/storelocator/detail/?shopId=E-00728,35.295723,139.581136,ok
au,関東,神奈川,auショップ アリオ橋本,252-0146 神奈川県相模原市緑区大山町１－２２　アリオ橋本２Ｆ　２５０区画,https://www.au.com/storelocator/detail/?shopId=E-01140,35.590923,139.349241,ok
au,関東,神奈川,auショップ 相模原,252-0242 神奈川県相模原市中央区横山１－１－１　ノジマ相模原本店内,https://www.au.com/storelocator/detail/?shopId=E-00252,35.570286,139.363232,ok
au,関東,神奈川,auショップ イオン茅ヶ崎中央,253-0041 神奈川県茅ヶ崎市茅ヶ崎３－５－１６　イオン茅ヶ崎中央１Ｆ,https://www.au.com/storelocator/detail/?shopId=E-01146,35.336017,139.402788,ok
au,関東,神奈川,auショップ ジアウトレット湘南平塚,254-0012 神奈川県平塚市大神８丁目１－１　ＴＨＥ　ＯＵＴＬＥＴ湘南平塚２階,https://www.au.com/storelocator/detail/?shopId=E-01185,35.391572,139.362560,ok
au,関東,神奈川,auショップ イオン秦野,257-0041 神奈川県秦野市入船町12-1 イオン秦野2F,https://www.au.com/storelocator/detail/?shopId=E-00481,35.378193,139.227928,ok
au,関東,神奈川,auショップ 大井松田,258-0016 神奈川県足柄上郡大井町上大井３０８－４,https://www.au.com/storelocator/detail/?shopId=E-00816,35.320857,139.158788,ok
au,関東,神奈川,auショップ 二宮,259-0134 神奈川県中郡二宮町一色３０２５,https://www.au.com/storelocator/detail/?shopId=E-01076,35.315437,139.242948,ok
au,関東,神奈川,auショップ 渋沢,259-1314 神奈川県秦野市若松町２－１５,https://www.au.com/storelocator/detail/?shopId=E-01009,35.374468,139.188449,ok
au,関東,神奈川,auショップ 武蔵新城,211-0045 神奈川県川崎市中原区上新城２－１１－２５　セシーズイシイ　５-１0２号,https://www.au.com/storelocator/detail/?shopId=E-00231,35.587577,139.629416,ok
au,関東,神奈川,auショップ 川崎南加瀬,212-0054 神奈川県川崎市幸区小倉５－５－３４　マスダＡＧビル１Ｆ,https://www.au.com/storelocator/detail/?shopId=E-00771,35.539469,139.663611,ok
au,関東,神奈川,auショップ 生田府中街道,214-0038 神奈川県川崎市多摩区生田１－１１－１１,https://www.au.com/storelocator/detail/?shopId=E-01055,35.624299,139.544936,ok
au,関東,神奈川,auショップ 新百合ヶ丘,215-0021 神奈川県川崎市麻生区上麻生１－２０－１　小田急アコルデ新百合ケ丘２Ｆ,https://www.au.com/storelocator/detail/?shopId=E-00312,35.603889,139.508292,ok
au,関東,神奈川,auショップ 鷺沼,216-0004 神奈川県川崎市宮前区鷺沼３－５－１６　フェリーク鷺沼Ｂ１Ｆ,https://www.au.com/storelocator/detail/?shopId=E-00744,35.578142,139.571339,ok
au,関東,神奈川,auショップ ららぽーと横浜,224-0053 神奈川県横浜市都筑区池辺町４０３５－１　ららぽーと横浜３Ｆ,https://www.au.com/storelocator/detail/?shopId=E-01215,35.517473,139.567078,ok
au,関東,神奈川,auショップ 市が尾,225-0024 神奈川県横浜市青葉区市ヶ尾町２５－１０,https://www.au.com/storelocator/detail/?shopId=E-01169,35.549432,139.538948,ok
au,関東,神奈川,auショップ 鶴見,230-0051 神奈川県横浜市鶴見区鶴見中央３－２－３　田口ビル１Ｆ,https://www.au.com/storelocator/detail/?shopId=E-00318,35.509254,139.681781,ok
au,関東,神奈川,auショップ 北久里浜,239-0807 神奈川県横須賀市根岸町２－３２－１　石留ビル１Ｆ,https://www.au.com/storelocator/detail/?shopId=E-00431,35.248728,139.685942,ok
au,関東,神奈川,auショップ 南林間,242-0006 神奈川県大和市南林間１－９－１２　南林間メゾン・ド・ユースリバーズ１Ｆ,https://www.au.com/storelocator/detail/?shopId=E-00426,35.494774,139.445676,ok
au,関東,神奈川,auショップ ららぽーと海老名,243-0436 神奈川県海老名市扇町１３－１　ららぽーと海老名３階,https://www.au.com/storelocator/detail/?shopId=E-00432,35.455530,139.389430,ok
au,関東,神奈川,auショップ 鎌倉手広,247-0064 神奈川県鎌倉市寺分２１４－９,https://www.au.com/storelocator/detail/?shopId=E-00776,35.334445,139.511227,ok
au,関東,神奈川,auショップ 小田原,250-0011 神奈川県小田原市栄町２-８-３５　宮澤商事第２ビル,https://www.au.com/storelocator/detail/?shopId=E-00433,35.254561,139.158357,ok
au,関東,神奈川,auショップ 伊勢原,259-1132 神奈川県伊勢原市桜台１－１９－５　田中ビル１Ｆ,https://www.au.com/storelocator/detail/?shopId=E-00427,35.393210,139.313708,ok
au,関東,神奈川,UQスポット ららぽーと横浜,224-0053 神奈川県横浜市都筑区池辺町４０３５番１　　　ららぽーと横浜３階,https://www.au.com/storelocator/detail/?shopId=E-01405,35.517180,139.566514,ok
au,関東,神奈川,UQスポット 上大岡,233-0002 神奈川県横浜市港南区上大岡西１丁目１２－１１　　　マルイビル１階,https://www.au.com/storelocator/detail/?shopId=E-01422,35.410822,139.595897,ok
au,関東,神奈川,UQスポット コースカベイサイド横須賀,238-0041 神奈川県横須賀市本町2丁目1-12　コースカベイサイドストアーズ3F,https://www.au.com/storelocator/detail/?shopId=E-01403,35.283448,139.662604,ok
au,関東,神奈川,UQスポット 二俣川,241-0821 神奈川県横浜市旭区二俣川１丁目４３－２８　ドン・キホーテ 二俣川店 ２階,https://www.au.com/storelocator/detail/?shopId=E-01376,35.464745,139.531520,ok
au,関東,神奈川,UQスポット イオンモール大和,242-0001 神奈川県大和市下鶴間１丁目２－１　イオンモール大和3F,https://www.au.com/storelocator/detail/?shopId=E-01371,35.488962,139.457895,ok
au,関東,神奈川,UQスポット ららぽーと海老名,243-0436 神奈川県海老名市扇町１３－１　ららぽーと海老名 4F,https://www.au.com/storelocator/detail/?shopId=E-01350,35.455994,139.389302,ok
au,関東,神奈川,UQスポット 西武東戸塚,244-0801 神奈川県横浜市戸塚区品濃町５３７－１　５階,https://www.au.com/storelocator/detail/?shopId=E-01404,35.430550,139.558639,ok
au,関東,神奈川,UQスポット イオンモール座間,252-0012 神奈川県座間市広野台２丁目１０－４　　イオンモール座間３Ｆ,https://www.au.com/storelocator/detail/?shopId=E-01373,35.500680,139.425307,ok
au,関東,神奈川,UQスポット アリオ橋本,252-0146 神奈川県相模原市緑区大山町１－２２　　アリオ橋本２階　【区画２６６】,https://www.au.com/storelocator/detail/?shopId=E-01365,35.590919,139.349799,ok
au,関東,神奈川,UQスポット ららぽーと湘南平塚,254-0031 神奈川県平塚市天沼１０－１　　　ららぽーと湘南平塚３Ｆ,https://www.au.com/storelocator/detail/?shopId=E-01345,35.336576,139.355830,ok
au,関東,神奈川,トヨタ au取扱店 トヨタモビリティ神奈川 myX横浜店,221-0052 神奈川県横浜市神奈川区栄町７－１,https://www.au.com/storelocator/detail/?shopId=E-00048,35.469282,139.629167,ok
au,関東,神奈川,トヨタ au取扱店 ウエインズトヨタ神奈川 青葉台店,227-0062 神奈川県横浜市青葉区青葉台１－１－１０,https://www.au.com/storelocator/detail/?shopId=E-01326,35.542386,139.519742,ok
au,関東,神奈川,トヨタ au取扱店 ウエインズトヨタ神奈川 山下公園店,231-0023 神奈川県横浜市中区山下町３３,https://www.au.com/storelocator/detail/?shopId=E-00051,35.443587,139.650272,ok
au,関東,神奈川,トヨタ au取扱店 トヨタモビリティ神奈川 港南店,234-0051 神奈川県横浜市港南区日野７－１－５,https://www.au.com/storelocator/detail/?shopId=E-00046,35.391186,139.582583,ok
au,関東,神奈川,トヨタ au取扱店 ウエインズトヨタ神奈川 逗子マリン店,249-0001 神奈川県逗子市久木1丁目1－3,https://www.au.com/storelocator/detail/?shopId=E-01457,35.298449,139.573827,ok
au,関東,神奈川,トヨタ au取扱店 トヨタモビリティ神奈川 辻堂店,251-0041 神奈川県藤沢市辻堂神台２－１－３３,https://www.au.com/storelocator/detail/?shopId=E-00722,35.339561,139.448535,ok
au,関東,神奈川,トヨタ au取扱店 ウエインズトヨタ神奈川 相模原中央店,252-0203 神奈川県相模原市中央区東淵野辺４－１５－４１,https://www.au.com/storelocator/detail/?shopId=E-01235,35.555691,139.411387,ok
au,関東,神奈川,トヨタ au取扱店 ウエインズトヨタ神奈川 湘南台店,252-0804 神奈川県藤沢市湘南台1-22-8,https://www.au.com/storelocator/detail/?shopId=E-01442,35.394590,139.470839,ok
au,関東,神奈川,トヨタ au取扱店 ウエインズトヨタ神奈川 平塚花水橋店,254-0052 神奈川県平塚市平塚５－２５－７,https://www.au.com/storelocator/detail/?shopId=E-00969,35.326232,139.332177,ok
au,関東,山梨,auショップ 甲府昭和,400-0043 山梨県甲府市国母５－９－１８,https://www.au.com/storelocator/detail/?shopId=E-00623,35.641067,138.550030,ok
au,関東,山梨,auショップ 甲府荒川,400-0061 山梨県甲府市荒川１－８－２５,https://www.au.com/storelocator/detail/?shopId=E-00621,35.675645,138.539736,ok
au,関東,山梨,auショップ ラザウォーク双葉,400-0107 山梨県甲斐市志田字柿木６４５－１　ラザウォーク甲斐双葉店内,https://www.au.com/storelocator/detail/?shopId=E-01085,35.684720,138.483311,ok
au,関東,山梨,auショップ 甲斐竜王,400-0117 山梨県甲斐市西八幡２２３３－１,https://www.au.com/storelocator/detail/?shopId=E-00625,35.639250,138.520306,ok
au,関東,山梨,auショップ 甲府和戸,400-0802 山梨県甲府市横根町４８８－４,https://www.au.com/storelocator/detail/?shopId=E-00841,35.654449,138.614371,ok
au,関東,山梨,auショップ 甲府,400-0854 山梨県甲府市中小河原町５３３,https://www.au.com/storelocator/detail/?shopId=E-00619,35.630089,138.570518,ok
au,関東,山梨,auショップ 都留,402-0001 山梨県都留市田野倉４５５,https://www.au.com/storelocator/detail/?shopId=E-00622,35.598619,138.931927,ok
au,関東,山梨,auショップ 富士吉田,403-0004 山梨県富士吉田市下吉田　６丁目１８－２１,https://www.au.com/storelocator/detail/?shopId=E-00624,35.484426,138.805355,ok
au,関東,山梨,auショップ 山梨万力,405-0031 山梨県山梨市万力１００,https://www.au.com/storelocator/detail/?shopId=E-00642,35.686417,138.668447,ok
au,関東,山梨,auショップ 石和,406-0036 山梨県笛吹市石和町窪中島１２６－１,https://www.au.com/storelocator/detail/?shopId=E-00620,35.647370,138.634897,ok
au,関東,山梨,auショップ 長坂,408-0034 山梨県北杜市長坂町大八田１４７－６,https://www.au.com/storelocator/detail/?shopId=E-00657,35.833589,138.391170,ok
au,関東,山梨,auショップ イオンタウン山梨中央,409-3821 山梨県中央市下河東３０５３－１,https://www.au.com/storelocator/detail/?shopId=E-00627,35.608453,138.542924,ok
au,関東,山梨,auショップ 韮崎,407-0014 山梨県韮崎市富士見１－５－１０,https://www.au.com/storelocator/detail/?shopId=E-00626,35.710450,138.454159,ok
au,関東,山梨,auショップ イオンモール甲府昭和,409-3852 山梨県中巨摩郡昭和町飯喰１５０５－１ イオンモール甲府昭和１F,https://www.au.com/storelocator/detail/?shopId=E-00932,35.623878,138.527053,ok
au,関東,山梨,UQスポット イオンモール甲府昭和,409-3852 山梨県中巨摩郡昭和町飯喰１５０５－１　３Ｆ,https://www.au.com/storelocator/detail/?shopId=E-01332,35.623161,138.527196,ok
au,関東,山梨,トヨタ au取扱店 山梨トヨタ,400-0043 山梨県甲府市国母５－６－１７,https://www.au.com/storelocator/detail/?shopId=E-00610,35.639531,138.550468,ok
au,関東,山梨,トヨタ au取扱店 トヨタカローラ山梨 甲府本店,400-0113 山梨県甲斐市富竹新田１９４１,https://www.au.com/storelocator/detail/?shopId=E-00612,35.652962,138.531478,ok
au,関東,山梨,トヨタ au取扱店 山梨トヨペット 本店,400-0815 山梨県甲府市国玉町２３８－１,https://www.au.com/storelocator/detail/?shopId=E-00611,35.653619,138.603163,ok
au,関東,山梨,トヨタ au取扱店 ネッツトヨタ甲斐 本社・甲府店,400-0862 山梨県甲府市朝気３－１０－２１,https://www.au.com/storelocator/detail/?shopId=E-00616,35.650553,138.578971,ok
au,関東,新潟,auショップ 長岡東,940-0037 新潟県長岡市東栄１－１－１６,https://www.au.com/storelocator/detail/?shopId=E-00698,37.457866,138.862502,ok
au,関東,新潟,auショップ 長岡柏町,940-0088 新潟県長岡市柏町２－２－３２,https://www.au.com/storelocator/detail/?shopId=T-00044,37.444419,138.848091,ok
au,関東,新潟,auショップ リバーサイド千秋アピタ長岡店,940-2108 新潟県長岡市千秋２丁目２７８　リバーサイド千秋店 1F,https://www.au.com/storelocator/detail/?shopId=E-01351,37.460950,138.826896,ok
au,関東,新潟,auショップ 糸魚川,941-0057 新潟県糸魚川市南寺町１－１０－３,https://www.au.com/storelocator/detail/?shopId=T-00132,37.041140,137.867092,ok
au,関東,新潟,auショップ 上越,942-0063 新潟県上越市下門前１８７９番地,https://www.au.com/storelocator/detail/?shopId=T-00258,37.158610,138.253847,ok
au,関東,新潟,auショップ 上越高田,943-0827 新潟県上越市栄町５番７号,https://www.au.com/storelocator/detail/?shopId=T-00066,37.124756,138.248962,ok
au,関東,新潟,auショップ 柏崎,945-0821 新潟県柏崎市幸町４－３９,https://www.au.com/storelocator/detail/?shopId=T-00064,37.361082,138.559530,ok
au,関東,新潟,auショップ 小千谷,947-0042 新潟県小千谷市平沢１－９－２０,https://www.au.com/storelocator/detail/?shopId=E-00970,37.318093,138.794918,ok
au,関東,新潟,auショップ 十日町,948-0077 新潟県十日町市下島丑６３４－１,https://www.au.com/storelocator/detail/?shopId=E-00742,37.138609,138.748006,ok
au,関東,新潟,auショップ 六日町,949-6680 新潟県南魚沼市六日町７６－１９,https://www.au.com/storelocator/detail/?shopId=T-00082,37.066519,138.878486,ok
au,関東,新潟,auショップ 新潟河渡,950-0016 新潟県新潟市東区河渡本町２２－６０,https://www.au.com/storelocator/detail/?shopId=T-00007,37.934057,139.106955,ok
au,関東,新潟,auショップ 亀田,950-0157 新潟県新潟市江南区鵜ノ子１－１－１,https://www.au.com/storelocator/detail/?shopId=T-00122,37.872224,139.094888,ok
au,関東,新潟,auショップ イオン新潟東,950-0872 新潟県新潟市東区大形本町３－１－２　イオン新潟東2F　207区画,https://www.au.com/storelocator/detail/?shopId=T-00026,37.924920,139.114739,ok
au,関東,新潟,auショップ 県庁前（新潟県）,950-0962 新潟県新潟市中央区出来島１－２－２,https://www.au.com/storelocator/detail/?shopId=T-00029,37.902387,139.026513,ok
au,関東,新潟,auショップ 新潟とやの,950-0982 新潟県新潟市中央区堀之内南３－１－１０,https://www.au.com/storelocator/detail/?shopId=E-00684,37.904579,139.048531,ok
au,関東,新潟,auショップ 新潟亀貝,950-2033 新潟県新潟市西区亀貝　字前田１２３５－１,https://www.au.com/storelocator/detail/?shopId=E-00691,37.866510,138.983591,ok
au,関東,新潟,auショップ 新潟坂井,950-2042 新潟県新潟市西区坂井７０４,https://www.au.com/storelocator/detail/?shopId=T-00232,37.866014,138.951291,ok
au,関東,新潟,auショップ 豊栄,950-3317 新潟県新潟市北区かぶとやま１－５－３,https://www.au.com/storelocator/detail/?shopId=E-00929,37.928595,139.220909,ok
au,関東,新潟,auショップ 佐渡,952-1307 新潟県佐渡市東大通２２４２－２,https://www.au.com/storelocator/detail/?shopId=E-00879,38.003333,138.327127,ok
au,関東,新潟,auショップ 見附,954-0112 新潟県見附市上新田町１３０,https://www.au.com/storelocator/detail/?shopId=E-01001,37.537551,138.885332,ok
au,関東,新潟,auショップ 三条中央,955-0081 新潟県三条市東裏館３－１－１０,https://www.au.com/storelocator/detail/?shopId=E-00743,37.639459,138.961331,ok
au,関東,新潟,auショップ 新津,956-0035 新潟県新潟市秋葉区程島１９２９－１　マックスタウン４０３内,https://www.au.com/storelocator/detail/?shopId=E-00729,37.786175,139.113113,ok
au,関東,新潟,auショップ 村上,958-0824 新潟県村上市本町９８９－２,https://www.au.com/storelocator/detail/?shopId=T-00065,38.220923,139.489829,ok
au,関東,新潟,auショップ 燕吉田,959-0242 新潟県燕市吉田大保町２１－３１,https://www.au.com/storelocator/detail/?shopId=E-01112,37.688114,138.884135,ok
au,関東,新潟,auショップ 燕三条,959-1232 新潟県燕市井土巻３－９３,https://www.au.com/storelocator/detail/?shopId=T-00009,37.649895,138.934214,ok
au,関東,新潟,auショップ 五泉,959-1811 新潟県五泉市三本木３０４９－３,https://www.au.com/storelocator/detail/?shopId=T-00036,37.750081,139.180405,ok
au,関東,新潟,auショップ 新発田,957-0062 新潟県新発田市富塚町３－２８８－６,https://www.au.com/storelocator/detail/?shopId=T-00062,37.949929,139.296178,ok
au,関東,新潟,UQスポット 上越エルマール,942-0004 新潟県上越市西本町3-8-8 直江津ショッピングセンター・エルマール1F,https://www.au.com/storelocator/detail/?shopId=E-01418,37.170800,138.237648,ok
au,関東,新潟,UQスポット アピタ新潟西,950-2023 新潟県新潟市西区小新５丁目７－２１,https://www.au.com/storelocator/detail/?shopId=E-01433,37.880398,139.003402,ok
au,関東,新潟,トヨタ au取扱店 ネッツトヨタ越後 長岡駅東口店,940-0048 新潟県長岡市台町２－４－５６　越後交通ﾋﾞﾙ１Ｆ,https://www.au.com/storelocator/detail/?shopId=E-00996,37.447055,138.854526,ok
au,関東,新潟,トヨタ au取扱店 トヨタカローラ北越,940-1153 新潟県長岡市要町３－２－３４,https://www.au.com/storelocator/detail/?shopId=E-01091,37.429004,138.840595,ok
au,関東,新潟,トヨタ au取扱店 トヨタカローラ新潟,950-0150 新潟県新潟市江南区下早通柳田２－２－１５,https://www.au.com/storelocator/detail/?shopId=E-01101,37.876500,139.078081,ok
au,関東,新潟,トヨタ au取扱店 ネッツトヨタ新潟 新潟空港店,950-0807 新潟県新潟市東区木工新町１１７７－３,https://www.au.com/storelocator/detail/?shopId=E-01156,37.934474,139.124831,ok
au,関東,新潟,トヨタ au取扱店 新潟トヨタ 本社,950-0948 新潟県新潟市中央区女池南１－２－１３,https://www.au.com/storelocator/detail/?shopId=E-01088,37.895816,139.050564,ok
au,北陸,富山,au Style 新庄,930-0985 富山県富山市田中町５丁目４－１８,https://www.au.com/storelocator/detail/?shopId=H-00047,36.695837,137.245216,ok
au,北陸,富山,au Style 高岡野村,933-0014 富山県高岡市野村６５５－１,https://www.au.com/storelocator/detail/?shopId=H-00176,36.744401,137.039134,ok
au,北陸,富山,au Style 高岡清水町,933-0866 富山県高岡市清水町１－１－１２,https://www.au.com/storelocator/detail/?shopId=H-00049,36.741016,137.005020,ok
au,北陸,富山,au Style 滑川,936-0053 富山県滑川市上小泉４７３,https://www.au.com/storelocator/detail/?shopId=H-00070,36.755569,137.346678,ok
au,北陸,富山,au Style 小杉,939-0341 富山県射水市三ケ２７５０－１,https://www.au.com/storelocator/detail/?shopId=H-00072,36.715388,137.091561,ok
au,北陸,富山,au Style 南砺,939-1702 富山県南砺市吉江中１２２４,https://www.au.com/storelocator/detail/?shopId=H-00076,36.569398,136.888206,ok
au,北陸,富山,au Style 山室,939-8015 富山県富山市中川原５００,https://www.au.com/storelocator/detail/?shopId=H-00057,36.675907,137.249865,ok
au,北陸,富山,au Style イオンモール高岡,933-0813 富山県高岡市下伏間江３８３　　　イオンモール高岡　西館　１Ｆ,https://www.au.com/storelocator/detail/?shopId=H-00196,36.723917,137.016710,ok
au,北陸,富山,auショップ 魚津アップルヒル,937-0046 富山県魚津市上村木４１３　アップルヒル,https://www.au.com/storelocator/detail/?shopId=H-00067,36.823509,137.414572,ok
au,北陸,富山,auショップ 黒部,938-0031 富山県黒部市三日市２１１７－２５,https://www.au.com/storelocator/detail/?shopId=H-00058,36.871249,137.455509,ok
au,北陸,富山,auショップ イオンモールとなみ,939-1344 富山県砺波市中神一丁目174番地　イオンモールとなみ1F,https://www.au.com/storelocator/detail/?shopId=H-00042,36.642261,136.948057,ok
au,北陸,富山,auショップ ファボーレ,939-2716 富山県富山市婦中町下轡田１６５－１,https://www.au.com/storelocator/detail/?shopId=H-00168,36.661978,137.171935,ok
au,北陸,富山,auショップ アピタ富山,939-8071 富山県富山市上袋１００　アピタ富山１Ｆ,https://www.au.com/storelocator/detail/?shopId=H-00142,36.660763,137.211500,ok
au,北陸,富山,auショップ 婦中,939-2726 富山県富山市婦中町蔵島２９２－１,https://www.au.com/storelocator/detail/?shopId=H-00048,36.646484,137.170950,ok
au,北陸,富山,トヨタ au取扱店 トヨタカローラ富山 本店,930-0845 富山県富山市綾田町３－１２－２６,https://www.au.com/storelocator/detail/?shopId=H-00124,36.695801,137.236218,ok
au,北陸,富山,トヨタ au取扱店 トヨタモビリティ富山 ランドマークSOTY双代,930-0971 富山県富山市双代町１－６,https://www.au.com/storelocator/detail/?shopId=H-00121,36.695164,137.236361,ok
au,北陸,富山,トヨタ au取扱店 ネッツトヨタ富山 本店,930-8561 富山県富山市新庄本町三丁目３番３３号,https://www.au.com/storelocator/detail/?shopId=H-00183,36.703887,137.258986,ok
au,北陸,石川,au Style イオンもりの里,920-1184 石川県金沢市もりの里１丁目７０ イオンもりの里１F,https://www.au.com/storelocator/detail/?shopId=H-00003,36.551710,136.690012,ok
au,北陸,石川,au Style 石川県庁前,920-8202 石川県金沢市西都２丁目１番地,https://www.au.com/storelocator/detail/?shopId=H-00136,36.592210,136.625958,ok
au,北陸,石川,au Style 久安,921-8164 石川県金沢市久安１－４８３,https://www.au.com/storelocator/detail/?shopId=H-00014,36.532663,136.631824,ok
au,北陸,石川,au Style イオンモール白山,921-8777 石川県白山市横江町5001番地イオンモール白山3F,https://www.au.com/storelocator/detail/?shopId=H-00008,36.544596,136.581745,ok
au,北陸,石川,au Style 小松,923-0801 石川県小松市園町ハ１３４－１,https://www.au.com/storelocator/detail/?shopId=H-00012,36.405726,136.457796,ok
au,北陸,石川,au Style 三口新町,920-0944 石川県金沢市三口新町４－２８－１,https://www.au.com/storelocator/detail/?shopId=H-00152,36.543157,136.678720,ok
au,北陸,石川,au Style アビオシティ加賀,922-0423 石川県加賀市作見町ル25-1　アビオシティ加賀1F,https://www.au.com/storelocator/detail/?shopId=H-00016,36.319759,136.352294,ok
au,北陸,石川,auショップ イオンタウン金沢示野,920-0069 石川県金沢市戸板西１－５５　イオンタウン金沢示野ＳＣ内マックスバリュ棟,https://www.au.com/storelocator/detail/?shopId=H-00166,36.580140,136.616868,ok
au,北陸,石川,auショップ 金沢おこばた,920-0210 石川県金沢市大河端西２丁目３２－Ｂ,https://www.au.com/storelocator/detail/?shopId=H-00023,36.616965,136.640069,ok
au,北陸,石川,auショップ アクロスプラザ野々市,921-8825 石川県野々市市三納１丁目７７番地　アクロスプラザ野々市,https://www.au.com/storelocator/detail/?shopId=H-00018,36.517943,136.608868,ok
au,北陸,石川,auショップ 羽咋,925-0027 石川県羽咋市鶴多町亀田58-1,https://www.au.com/storelocator/detail/?shopId=H-00029,36.895741,136.793010,ok
au,北陸,石川,auショップ 七尾,926-0816 石川県七尾市藤橋町戌６－３(ユニクロ様敷地内),https://www.au.com/storelocator/detail/?shopId=H-00009,37.038407,136.954680,ok
au,北陸,石川,auショップ 輪島ワイプラザ,928-0022 石川県輪島市宅田町　４１番地　ワイプラザ輪島,https://www.au.com/storelocator/detail/?shopId=H-00192,37.385947,136.904683,ok
au,北陸,石川,auショップ イオンモール新小松,923-0862 石川県小松市清六町３１５番地　イオンモール新小松３階,https://www.au.com/storelocator/detail/?shopId=H-00191,36.394962,136.466914,ok
au,北陸,石川,auショップ アピタ松任,924-0817 石川県白山市幸明町２８０　アピタ松任１Ｆ,https://www.au.com/storelocator/detail/?shopId=H-00140,36.515853,136.576897,ok
au,北陸,石川,auショップ イオンモールかほく,929-1198 石川県かほく市内日角夕－２５　イオンモールかほく２階,https://www.au.com/storelocator/detail/?shopId=H-00024,36.708988,136.701247,ok
au,北陸,石川,UQスポット イオンモール新小松,923-0862 石川県小松市清六町３１５番地,https://www.au.com/storelocator/detail/?shopId=H-00200,36.395042,136.467201,ok
au,北陸,石川,UQスポット イオンモール白山,924-8777 石川県白山市横江町5001番地イオンモール白山3F,https://www.au.com/storelocator/detail/?shopId=H-00198,36.545018,136.583205,ok
au,北陸,石川,UQスポット イオンモールかほく,929-1126 石川県かほく市内日角タ25番 イオンモールかほく2F,https://www.au.com/storelocator/detail/?shopId=H-00199,36.709023,136.701117,ok
au,北陸,石川,トヨタ au取扱店 石川トヨペットカローラ 金沢本店,920-0841 石川県金沢市浅野本町ロ１０４,https://www.au.com/storelocator/detail/?shopId=H-00203,36.584860,136.660138,ok
au,北陸,石川,トヨタ au取扱店 石川トヨタ自動車 金沢御影店,921-8025 石川県金沢市増泉４丁目４番５号,https://www.au.com/storelocator/detail/?shopId=H-00111,36.556842,136.635532,ok
au,北陸,石川,トヨタ au取扱店 トヨタレンタリース石川 金沢神田店,921-8027 石川県金沢市神田１－３－１０,https://www.au.com/storelocator/detail/?shopId=H-00114,36.559666,136.638061,ok
au,北陸,石川,トヨタ au取扱店 ネッツトヨタ石川 西泉,921-8620 石川県金沢市西泉２丁目１７８番地,https://www.au.com/storelocator/detail/?shopId=H-00181,36.549738,136.633185,ok
au,北陸,福井,au Style ピアゴ丸岡,910-0254 福井県坂井市丸岡町一本田弐字小深町１１－３　ピアゴ丸岡店１Ｆ,https://www.au.com/storelocator/detail/?shopId=H-00149,36.152583,136.263887,ok
au,北陸,福井,au Style 開発,910-0842 福井県福井市開発５－１１２２,https://www.au.com/storelocator/detail/?shopId=H-00157,36.085616,136.244395,ok
au,北陸,福井,au Style 敦賀,914-0812 福井県敦賀市昭和町２－２２－３８,https://www.au.com/storelocator/detail/?shopId=H-00085,35.642331,136.059674,ok
au,北陸,福井,au Style 越前芝原,915-0805 福井県越前市芝原３丁目４番２１号,https://www.au.com/storelocator/detail/?shopId=H-00086,35.916552,136.156368,ok
au,北陸,福井,au Style ベル,918-8015 福井県福井市花堂南２－１６－１,https://www.au.com/storelocator/detail/?shopId=H-00094,36.033737,136.212146,ok
au,北陸,福井,au Style やしろ,918-8045 福井県福井市福新町１９１２－１,https://www.au.com/storelocator/detail/?shopId=H-00090,36.049539,136.186552,ok
au,北陸,福井,au Style アル・プラザアミ,919-0413 福井県坂井市春江町随応寺16-11　アル・プラザアミ1F,https://www.au.com/storelocator/detail/?shopId=H-00082,36.134513,136.219445,ok
au,北陸,福井,auショップ 大宮（福井県）,910-0015 福井県福井市二の宮５－１－３,https://www.au.com/storelocator/detail/?shopId=H-00080,36.083058,136.208757,ok
au,北陸,福井,auショップ 大野,912-0016 福井県大野市友江１３－４－４,https://www.au.com/storelocator/detail/?shopId=H-00083,35.996118,136.499531,ok
au,北陸,福井,auショップ 小浜,917-0026 福井県小浜市多田７号野本４番,https://www.au.com/storelocator/detail/?shopId=H-00088,35.484382,135.769290,ok
au,北陸,福井,auショップ エルパ,910-0802 福井県福井市大和田２－１２１２　ショッピングモールエルパ内,https://www.au.com/storelocator/detail/?shopId=H-00159,36.096517,136.250324,ok
au,北陸,福井,auショップ 鯖江,916-0028 福井県鯖江市小黒町１－１２－９,https://www.au.com/storelocator/detail/?shopId=H-00091,35.954445,136.176059,ok
au,北陸,福井,トヨタ au取扱店 福井トヨタ 本社,918-8017 福井県福井市下荒井町１９－５０,https://www.au.com/storelocator/detail/?shopId=H-00128,36.023499,136.208161,ok
au,北陸,福井,トヨタ au取扱店 トヨタカローラ福井 福井店,918-8152 福井県福井市今市町６２－１６,https://www.au.com/storelocator/detail/?shopId=H-00130,36.020617,136.207423,ok
au,北陸,福井,トヨタ au取扱店 ネッツトヨタ福井 本店,918-8152 福井県福井市今市町５８－１２,https://www.au.com/storelocator/detail/?shopId=H-00131,36.019876,136.207084,ok
au,東海,長野,ａｕショップ 長野若里,380-0928 長野県長野市若里５－７－５,https://www.au.com/storelocator/detail/?shopId=N-00258,36.628159,138.184291,ok
au,東海,長野,ａｕショップ 長野東郵便局前,381-0038 長野県長野市東和田７１４－１,https://www.au.com/storelocator/detail/?shopId=N-00485,36.654473,138.229763,ok
au,東海,長野,ａｕショップ 長野若槻,381-0042 長野県長野市稲田１丁目１４－２５,https://www.au.com/storelocator/detail/?shopId=N-00489,36.674921,138.217881,ok
au,東海,長野,ａｕショップ 長野南バイパス,381-2217 長野県長野市稲里町中央２-２-７１,https://www.au.com/storelocator/detail/?shopId=N-00270,36.602656,138.173850,ok
au,東海,長野,ａｕショップ 長野篠ノ井,381-2224 長野県長野市川中島町原字権現堂沖762-1,https://www.au.com/storelocator/detail/?shopId=N-00410,36.582301,138.149458,ok
au,東海,長野,ａｕショップ イオンモール須坂,382-8501 長野県須坂市大字福島386番地1,https://www.au.com/storelocator/detail/?shopId=N-00492,36.640027,138.273599,ok
au,東海,長野,ａｕショップ 中野（長野県）,383-0051 長野県中野市大字　七瀬　字　前田77-1,https://www.au.com/storelocator/detail/?shopId=N-00261,36.752068,138.349700,ok
au,東海,長野,ａｕショップ 佐久北インター,384-0808 長野県小諸市大字御影新田字香久保２５８７－１,https://www.au.com/storelocator/detail/?shopId=N-00262,36.298467,138.468094,ok
au,東海,長野,ａｕショップ 佐久野沢,385-0053 長野県佐久市大字野沢字辻５８６－１,https://www.au.com/storelocator/detail/?shopId=N-00282,36.224653,138.456756,ok
au,東海,長野,ａｕショップ 上田秋和,386-0041 長野県上田市秋和字立石３３５－２,https://www.au.com/storelocator/detail/?shopId=N-00552,36.414871,138.223600,ok
au,東海,長野,ａｕショップ 上田川西,386-1103 長野県上田市神畑164-5,https://www.au.com/storelocator/detail/?shopId=N-00271,36.389123,138.213501,ok
au,東海,長野,ａｕショップ 更埴,387-0012 長野県千曲市大字桜堂字水引278-2,https://www.au.com/storelocator/detail/?shopId=N-00263,36.527585,138.123501,ok
au,東海,長野,ａｕショップ 上田大屋,389-0505 長野県東御市和　字　丸山　1052-2,https://www.au.com/storelocator/detail/?shopId=N-00284,36.369130,138.302107,ok
au,東海,長野,ａｕショップ 飯山,389-2255 長野県飯山市大字静間字野尻1378番地,https://www.au.com/storelocator/detail/?shopId=N-00279,36.836021,138.358375,ok
au,東海,長野,ａｕショップ 南松本,390-0828 長野県松本市庄内3丁目3-16,https://www.au.com/storelocator/detail/?shopId=N-00278,36.220007,137.972120,ok
au,東海,長野,ａｕショップ 松本空港,390-1243 長野県松本市神林２５３７－２,https://www.au.com/storelocator/detail/?shopId=N-00254,36.186593,137.932607,ok
au,東海,長野,ａｕショップ 梓川,390-1701 長野県松本市梓川倭２３９４－６,https://www.au.com/storelocator/detail/?shopId=N-00285,36.242003,137.890626,ok
au,東海,長野,ａｕショップ 茅野,391-0001 長野県茅野市ちの２８３５－２,https://www.au.com/storelocator/detail/?shopId=N-00283,35.994103,138.145210,ok
au,東海,長野,ａｕショップ 諏訪,392-0012 長野県諏訪市四賀１８３０,https://www.au.com/storelocator/detail/?shopId=N-00268,36.017078,138.125127,ok
au,東海,長野,ａｕショップ 下諏訪,393-0047 長野県諏訪郡下諏訪町西赤砂4383-2,https://www.au.com/storelocator/detail/?shopId=N-00275,36.066203,138.075011,ok
au,東海,長野,ａｕショップ 大町(長野県),398-0002 長野県大町市旭町２９４５－６,https://www.au.com/storelocator/detail/?shopId=N-00281,36.495005,137.861701,ok
au,東海,長野,ａｕショップ 塩尻,399-0742 長野県塩尻市大門泉町１３００－１１,https://www.au.com/storelocator/detail/?shopId=N-00280,36.118974,137.959377,ok
au,東海,長野,ａｕショップ 駒ヶ根,399-4117 長野県駒ヶ根市赤穂1568,https://www.au.com/storelocator/detail/?shopId=N-00501,35.741504,137.927385,ok
au,東海,長野,ａｕショップ 箕輪,399-4601 長野県上伊那郡箕輪町中箕輪８６２０－４,https://www.au.com/storelocator/detail/?shopId=N-00371,35.917294,137.991985,ok
au,東海,長野,ａｕショップ 穂高,399-8303 長野県安曇野市穂高８０９－１,https://www.au.com/storelocator/detail/?shopId=N-00260,36.324202,137.895234,ok
au,東海,長野,ａｕショップ 松本元町,390-0803 長野県松本市元町1-1-21,https://www.au.com/storelocator/detail/?shopId=N-00255,36.240118,137.980310,ok
au,東海,長野,ａｕショップ 飯田上郷,395-0003 長野県飯田市上郷別府１３８５－１,https://www.au.com/storelocator/detail/?shopId=N-00274,35.509364,137.846994,ok
au,東海,長野,ａｕショップ 伊那,396-0012 長野県伊那市上新田2665-1,https://www.au.com/storelocator/detail/?shopId=N-00256,35.828227,137.962865,ok
au,東海,長野,ａｕショップ 松本村井,399-0035 長野県松本市村井町北２－９－１８,https://www.au.com/storelocator/detail/?shopId=N-00286,36.183875,137.963538,ok
au,東海,長野,ａｕショップ 塩尻広丘,399-0702 長野県塩尻市広丘野村１５０１－６,https://www.au.com/storelocator/detail/?shopId=N-00257,36.140682,137.952865,ok
au,東海,長野,UQスポット イオンモール松本,390-0811 長野県松本市中央４丁目９番５１号,https://www.au.com/storelocator/detail/?shopId=N-00691,36.233986,137.978403,ok
au,東海,長野,トヨタ au取扱店 長野トヨタ自動車 川中島モビリティライフショップ,381-2226 長野県長野市川中島町今井字薬師堂１８２３－１,https://www.au.com/storelocator/detail/?shopId=N-00243,36.593628,138.155176,ok
au,東海,長野,トヨタ au取扱店 NTPトヨタ信州 飯田インター店,395-0152 長野県飯田市育良町2002/2/1,https://www.au.com/storelocator/detail/?shopId=N-00698,35.500860,137.800706,ok
au,東海,長野,トヨタ au取扱店 NTPトヨタ信州 木曽店,397-0001 長野県木曽郡木曽町福島２８７３,https://www.au.com/storelocator/detail/?shopId=N-00609,35.837853,137.688119,ok
au,東海,岐阜,au Style 大垣西,503-0033 岐阜県大垣市福田町丸内７５－１,https://www.au.com/storelocator/detail/?shopId=N-00490,35.378981,136.588062,ok
au,東海,岐阜,au Style 多治見インター,507-0052 岐阜県多治見市光が丘4丁目57-1,https://www.au.com/storelocator/detail/?shopId=N-00051,35.347015,137.110689,ok
au,東海,岐阜,au Style 可児下恵土,509-0203 岐阜県可児市下恵土広瀬６０８７－１,https://www.au.com/storelocator/detail/?shopId=N-00551,35.415129,137.047211,ok
au,東海,岐阜,au Style イオンモール土岐,509-5022 岐阜県土岐市土岐津町土岐口１３７２番地の1　イオンモール土岐,https://www.au.com/storelocator/detail/?shopId=N-00692,35.350039,137.151187,ok
au,東海,岐阜,ａｕショップ 岐阜茜部,500-8262 岐阜県岐阜市茜部本郷１丁目９,https://www.au.com/storelocator/detail/?shopId=N-00109,35.393824,136.755162,ok
au,東海,岐阜,ａｕショップ 岐阜オーキッドパーク,500-8891 岐阜県岐阜市香蘭２－２３　オーキッドパーク東棟２Ｆ,https://www.au.com/storelocator/detail/?shopId=N-00373,35.410826,136.745494,ok
au,東海,岐阜,ａｕショップ モレラ岐阜,501-0406 岐阜県本巣市三橋１１００　モレラ岐阜内,https://www.au.com/storelocator/detail/?shopId=N-00524,35.454381,136.672599,ok
au,東海,岐阜,ａｕショップ イオンタウン岐阜北方,501-0422 岐阜県本巣郡北方町曲路東3丁目1番1号イオンタウン岐阜北方119区画,https://www.au.com/storelocator/detail/?shopId=N-00156,35.430484,136.698011,ok
au,東海,岐阜,ａｕショップ 高富,501-2113 岐阜県山県市高木１５０３,https://www.au.com/storelocator/detail/?shopId=N-00205,35.505939,136.788751,ok
au,東海,岐阜,ａｕショップ 岐阜芥見,501-3112 岐阜県岐阜市芥見東山２－１６,https://www.au.com/storelocator/detail/?shopId=N-00437,35.460671,136.853440,ok
au,東海,岐阜,ａｕショップ 関マーゴ,501-3296 岐阜県関市倉知５１６　サンサンシティマーゴ２階,https://www.au.com/storelocator/detail/?shopId=N-00487,35.477950,136.900122,ok
au,東海,岐阜,ａｕショップ 岐南,501-6001 岐阜県羽島郡岐南町上印食４丁目１５１,https://www.au.com/storelocator/detail/?shopId=N-00601,35.396314,136.785442,ok
au,東海,岐阜,ａｕショップ 柳津,501-6104 岐阜県岐阜市柳津町本郷３－１１８,https://www.au.com/storelocator/detail/?shopId=N-00206,35.368206,136.741056,ok
au,東海,岐阜,ａｕショップ 羽島東,501-6232 岐阜県羽島市竹鼻町狐穴字円福４１７－１,https://www.au.com/storelocator/detail/?shopId=N-00576,35.316338,136.712548,ok
au,東海,岐阜,ａｕショップ 岐阜鏡島,502-0914 岐阜県岐阜市菅生６丁目1-10,https://www.au.com/storelocator/detail/?shopId=N-00532,35.424962,136.729633,ok
au,東海,岐阜,ａｕショップ アクアウォーク大垣,503-0015 岐阜県大垣市林町　六丁目80番21,https://www.au.com/storelocator/detail/?shopId=N-00697,35.370207,136.617090,ok
au,東海,岐阜,ａｕショップ 大垣インター,503-0854 岐阜県大垣市築捨町５－６９－２,https://www.au.com/storelocator/detail/?shopId=N-00187,35.335766,136.620833,ok
au,東海,岐阜,ａｕショップ 各務原いちょう通り,504-0838 岐阜県各務原市那加不動丘１－３５－１,https://www.au.com/storelocator/detail/?shopId=N-00154,35.407097,136.846899,ok
au,東海,岐阜,ａｕショップ イオンモール各務原インター,504-0943 岐阜県各務原市那加萱場町３－８　２Ｆ,https://www.au.com/storelocator/detail/?shopId=N-00543,35.391787,136.824423,ok
au,東海,岐阜,ａｕショップ 美濃加茂,505-0032 岐阜県美濃加茂市田島町３丁目７－６,https://www.au.com/storelocator/detail/?shopId=N-00372,35.448758,137.026732,ok
au,東海,岐阜,ａｕショップ 中津川,508-0036 岐阜県中津川市東宮町１－２６,https://www.au.com/storelocator/detail/?shopId=N-00131,35.496467,137.507486,ok
au,東海,岐阜,ａｕショップ 各務原鵜沼,509-0126 岐阜県各務原市鵜沼東町5-43-1,https://www.au.com/storelocator/detail/?shopId=N-00408,35.402550,136.940994,ok
au,東海,岐阜,ａｕショップ 可児,509-0202 岐阜県可児市中恵土字宮前２２８８－８,https://www.au.com/storelocator/detail/?shopId=N-00142,35.428347,137.062982,ok
au,東海,岐阜,ａｕショップ 下呂,509-2515 岐阜県下呂市萩原町　花池１６４－１　バロー萩原店内,https://www.au.com/storelocator/detail/?shopId=N-00476,35.863627,137.220059,ok
au,東海,岐阜,ａｕショップ 土岐,509-5106 岐阜県土岐市泉仲森町１－３,https://www.au.com/storelocator/detail/?shopId=N-00188,35.365978,137.186748,ok
au,東海,岐阜,ａｕショップ 瑞浪,509-6124 岐阜県瑞浪市一色町６丁目５２,https://www.au.com/storelocator/detail/?shopId=N-00144,35.356921,137.246675,ok
au,東海,岐阜,ａｕショップ 恵那,509-7203 岐阜県恵那市長島町正家２丁目２－２９,https://www.au.com/storelocator/detail/?shopId=N-00374,35.447212,137.413036,ok
au,東海,岐阜,ａｕショップ マーサ21,502-0882 岐阜県岐阜市正木中１丁目２－１ マーサ21 3F,https://www.au.com/storelocator/detail/?shopId=N-00446,35.447920,136.745010,ok
au,東海,岐阜,ａｕショップ 高山,506-0055 岐阜県高山市上岡本町３－３４１,https://www.au.com/storelocator/detail/?shopId=N-00123,36.139284,137.243409,ok
au,東海,岐阜,UQスポット イオンモール各務原インター,504-0943 岐阜県各務原市那加萱場町３丁目８番地,https://www.au.com/storelocator/detail/?shopId=N-00668,35.391706,136.824388,ok
au,東海,岐阜,UQスポット イオンモール大垣,503-0933 岐阜県大垣市外野２丁目１００　　イオンモール大垣内２Ｆ,https://www.au.com/storelocator/detail/?shopId=N-00689,35.336738,136.613998,ok
au,東海,岐阜,トヨタ au取扱店 岐阜トヨタ自動車 金園店,500-8113 岐阜県岐阜市金園町９－２８,https://www.au.com/storelocator/detail/?shopId=N-00207,35.416915,136.776973,ok
au,東海,岐阜,トヨタ au取扱店 トヨタカローラネッツ岐阜 au取扱店,500-8357 岐阜県岐阜市六条大溝４－１－３,https://www.au.com/storelocator/detail/?shopId=N-00693,35.392128,136.736054,ok
au,東海,岐阜,トヨタ au取扱店 岐阜トヨペット 県庁前店,500-8384 岐阜県岐阜市薮田南1-10-18,https://www.au.com/storelocator/detail/?shopId=N-00694,35.394759,136.722975,ok
au,東海,静岡,au Style 磐田豊田,438-0834 静岡県磐田市森下１２－５,https://www.au.com/storelocator/detail/?shopId=N-00466,34.723218,137.821255,ok
au,東海,静岡,au Style 浜松三方原,433-8112 静岡県浜松市中央区初生町７１８－２,https://www.au.com/storelocator/detail/?shopId=N-00400,34.767115,137.717908,ok
au,東海,静岡,ａｕショップ 沼津北,410-0022 静岡県沼津市大岡１９５６－１０,https://www.au.com/storelocator/detail/?shopId=N-00354,35.113778,138.866865,ok
au,東海,静岡,ａｕショップ ららぽーと沼津,410-0302 静岡県沼津市東椎路字東荒301番地3　ららぽーと沼津1階,https://www.au.com/storelocator/detail/?shopId=N-00201,35.118387,138.840099,ok
au,東海,静岡,ａｕショップ 沼津香貫,410-0833 静岡県沼津市三園町１２－１０,https://www.au.com/storelocator/detail/?shopId=N-00353,35.088924,138.866681,ok
au,東海,静岡,ａｕショップ 裾野,410-1118 静岡県裾野市佐野１４９６－１,https://www.au.com/storelocator/detail/?shopId=N-00330,35.172915,138.905800,ok
au,東海,静岡,ａｕショップ 大仁,410-2317 静岡県伊豆の国市守木８３９,https://www.au.com/storelocator/detail/?shopId=N-00333,35.021699,138.946060,ok
au,東海,静岡,ａｕショップ 三島中央,411-0837 静岡県三島市南田町１－７,https://www.au.com/storelocator/detail/?shopId=N-00356,35.113627,138.915289,ok
au,東海,静岡,ａｕショップ 長泉,411-0942 静岡県駿東郡長泉町中土狩３３９－５,https://www.au.com/storelocator/detail/?shopId=N-00346,35.138489,138.908194,ok
au,東海,静岡,ａｕショップ 御殿場,412-0043 静岡県御殿場市新橋７３５ー５,https://www.au.com/storelocator/detail/?shopId=N-00358,35.298954,138.940491,ok
au,東海,静岡,ａｕショップ 御殿場R246,412-0045 静岡県御殿場市川島田８５４－６,https://www.au.com/storelocator/detail/?shopId=N-00556,35.302149,138.922256,ok
au,東海,静岡,ａｕショップ 熱海,413-0015 静岡県熱海市中央町１８－６,https://www.au.com/storelocator/detail/?shopId=N-00454,35.095084,139.071441,ok
au,東海,静岡,ａｕショップ 伊東,414-0051 静岡県伊東市吉田７１７－１,https://www.au.com/storelocator/detail/?shopId=N-00545,34.942698,139.117645,ok
au,東海,静岡,ａｕショップ 下田,415-0018 静岡県下田市西中１２－２,https://www.au.com/storelocator/detail/?shopId=N-00519,34.689873,138.941633,ok
au,東海,静岡,ａｕショップ 富士柚木,416-0908 静岡県富士市柚木３８５－１,https://www.au.com/storelocator/detail/?shopId=N-00363,35.158059,138.644223,ok
au,東海,静岡,ａｕショップ イオン富士南,416-0934 静岡県富士市鮫島１１８－１０　イオンタウン富士南２階,https://www.au.com/storelocator/detail/?shopId=N-00591,35.140114,138.675319,ok
au,東海,静岡,ａｕショップ 富士吉原,417-0047 静岡県富士市青島町２３番地,https://www.au.com/storelocator/detail/?shopId=N-00338,35.157756,138.677435,ok
au,東海,静岡,ａｕショップ 富士宮北,418-0005 静岡県富士宮市宮原３７６－１,https://www.au.com/storelocator/detail/?shopId=N-00362,35.248869,138.610746,ok
au,東海,静岡,ａｕショップ 富士宮,418-0025 静岡県富士宮市前田町１０７,https://www.au.com/storelocator/detail/?shopId=N-00329,35.214261,138.630992,ok
au,東海,静岡,ａｕショップ イオンモール富士宮,418-0032 静岡県富士宮市浅間町１番８号　イオンモール富士宮１階,https://www.au.com/storelocator/detail/?shopId=N-00617,35.220573,138.612090,ok
au,東海,静岡,ａｕショップ 函南,419-0123 静岡県田方郡函南町間宮３２９―６,https://www.au.com/storelocator/detail/?shopId=N-00328,35.084664,138.936555,ok
au,東海,静岡,ａｕショップ 静岡井宮,420-0008 静岡県静岡市葵区水道町７０－６,https://www.au.com/storelocator/detail/?shopId=N-00536,34.984909,138.370203,ok
au,東海,静岡,ａｕショップ 静岡本通,420-0064 静岡県静岡市葵区本通９丁目２１－１１,https://www.au.com/storelocator/detail/?shopId=N-00339,34.967863,138.373196,ok
au,東海,静岡,ａｕショップ 静波,421-0422 静岡県牧之原市静波２０３１－１,https://www.au.com/storelocator/detail/?shopId=N-00554,34.735298,138.227732,ok
au,東海,静岡,ａｕショップ 静岡駅南,422-8055 静岡県静岡市駿河区寿町13-18,https://www.au.com/storelocator/detail/?shopId=N-00336,34.960472,138.380470,ok
au,東海,静岡,ａｕショップ 静岡小黒,422-8072 静岡県静岡市駿河区小黒3丁目11－17,https://www.au.com/storelocator/detail/?shopId=N-00161,34.971420,138.404812,ok
au,東海,静岡,ａｕショップ 清水大曲,424-0819 静岡県静岡市清水区元城町１－１５,https://www.au.com/storelocator/detail/?shopId=N-00331,35.020734,138.477275,ok
au,東海,静岡,ａｕショップ 草薙,424-0888 静岡県静岡市清水区中之郷１－２－１１,https://www.au.com/storelocator/detail/?shopId=N-00344,34.999221,138.440881,ok
au,東海,静岡,ａｕショップ 焼津中央,425-0036 静岡県焼津市西小川１－１－８,https://www.au.com/storelocator/detail/?shopId=N-00343,34.860725,138.313180,ok
au,東海,静岡,ａｕショップ 焼津南,425-0038 静岡県焼津市黒石２丁目２番地１１,https://www.au.com/storelocator/detail/?shopId=N-00449,34.843378,138.307743,ok
au,東海,静岡,ａｕショップ 藤枝１号線,426-0026 静岡県藤枝市岡出山１－１７－１９,https://www.au.com/storelocator/detail/?shopId=N-00506,34.866143,138.258258,ok
au,東海,静岡,ａｕショップ 島田,427-0056 静岡県島田市大津通８５８９－１,https://www.au.com/storelocator/detail/?shopId=N-00351,34.835663,138.178711,ok
au,東海,静岡,ａｕショップ 浜松柳通り,430-0801 静岡県浜松市中央区神立町１２５－５,https://www.au.com/storelocator/detail/?shopId=N-00566,34.718053,137.751648,ok
au,東海,静岡,ａｕショップ 浜松高林,430-0907 静岡県浜松市中央区高林5丁目5-28,https://www.au.com/storelocator/detail/?shopId=N-00377,34.731834,137.734707,ok
au,東海,静岡,ａｕショップ 湖西,431-0442 静岡県湖西市古見８９０－１,https://www.au.com/storelocator/detail/?shopId=N-00448,34.714393,137.536178,ok
au,東海,静岡,ａｕショップ 浜松西伊場,432-8038 静岡県浜松市中央区西伊場町５７－１８,https://www.au.com/storelocator/detail/?shopId=N-00350,34.699481,137.700857,ok
au,東海,静岡,ａｕショップ 浜松小豆餅,433-8113 静岡県浜松市中央区小豆餅１－１４－２,https://www.au.com/storelocator/detail/?shopId=N-00334,34.753260,137.725222,ok
au,東海,静岡,ａｕショップ サンストリート浜北,434-0041 静岡県浜松市浜名区平口2861,https://www.au.com/storelocator/detail/?shopId=N-00579,34.795782,137.762038,ok
au,東海,静岡,ａｕショップ プレ葉ウォーク浜北,434-8502 静岡県浜松市浜名区貴布祢１２００　プレ葉ウォーク浜北２階,https://www.au.com/storelocator/detail/?shopId=N-00510,34.796892,137.779682,ok
au,東海,静岡,ａｕショップ イオンモール浜松市野,435-0052 静岡県浜松市中央区天王町字諏訪1981-3　イオンモール浜松市野１Ｆ,https://www.au.com/storelocator/detail/?shopId=N-00611,34.740209,137.763556,ok
au,東海,静岡,ａｕショップ 掛川大池,436-0046 静岡県掛川市中央高町１３１,https://www.au.com/storelocator/detail/?shopId=N-00357,34.771670,137.997632,ok
au,東海,静岡,ａｕショップ 掛川北池,436-0068 静岡県掛川市御所原１８番７号,https://www.au.com/storelocator/detail/?shopId=N-00643,34.778633,138.019360,ok
au,東海,静岡,ａｕショップ 浜岡,437-1612 静岡県御前崎市池新田５４９３－１,https://www.au.com/storelocator/detail/?shopId=N-00436,34.638800,138.127736,ok
au,東海,静岡,ａｕショップ 磐田今之浦,438-0071 静岡県磐田市今之浦３－１２－６,https://www.au.com/storelocator/detail/?shopId=N-00348,34.720521,137.857920,ok
au,東海,静岡,ａｕショップ 菊川,439-0031 静岡県菊川市加茂５２３４,https://www.au.com/storelocator/detail/?shopId=N-00562,34.742697,138.085123,ok
au,東海,静岡,ａｕショップ 静岡流通,420-0816 静岡県静岡市葵区沓谷５－９－２,https://www.au.com/storelocator/detail/?shopId=N-00352,34.997263,138.410913,ok
au,東海,静岡,ａｕショップ 新静岡,420-0857 静岡県静岡市葵区御幸町５－２,https://www.au.com/storelocator/detail/?shopId=N-00165,34.974702,138.385966,ok
au,東海,静岡,ａｕショップ ベイドリーム清水,424-0906 静岡県静岡市清水区駒越北町８－１　ベイドリーム清水,https://www.au.com/storelocator/detail/?shopId=N-00335,34.984727,138.499582,ok
au,東海,静岡,ａｕショップ 藤枝駅南,426-0061 静岡県藤枝市田沼1-17-22,https://www.au.com/storelocator/detail/?shopId=N-00332,34.848115,138.256159,ok
au,東海,静岡,ａｕショップ 浜松さんじの,430-0812 静岡県浜松市中央区本郷町２３６－１,https://www.au.com/storelocator/detail/?shopId=N-00484,34.695216,137.756313,ok
au,東海,静岡,ａｕショップ イオンモール浜松志都呂,432-8069 静岡県浜松市中央区志都呂２丁目３７－１　イオンモール浜松志都呂１Ｆ　159－1区画,https://www.au.com/storelocator/detail/?shopId=N-00696,34.696794,137.651219,ok
au,東海,静岡,ａｕショップ 天竜,434-0003 静岡県浜松市浜名区新原５３１６,https://www.au.com/storelocator/detail/?shopId=N-00189,34.821368,137.797653,ok
au,東海,静岡,ａｕショップ 袋井,437-0065 静岡県袋井市堀越３８８－３,https://www.au.com/storelocator/detail/?shopId=N-00340,34.751431,137.908463,ok
au,東海,静岡,UQスポット ららぽーと沼津,410-0302 静岡県沼津市東椎路字東荒３０１番地３　ららぽーと沼津３階　３０１８０,https://www.au.com/storelocator/detail/?shopId=N-00687,35.119150,138.840123,ok
au,東海,静岡,UQスポット サントムーン柿田川,411-0902 静岡県駿東郡清水町玉川６１－２　サントムーン柿田川　本館２Ｆ,https://www.au.com/storelocator/detail/?shopId=N-00685,35.110552,138.903998,ok
au,東海,静岡,UQスポット ららぽーと磐田,438-0801 静岡県磐田市高見丘1200番地 ２階,https://www.au.com/storelocator/detail/?shopId=N-00656,34.750452,137.842203,ok
au,東海,静岡,トヨタ au取扱店 ネッツトヨタ静岡 沼津店,410-0806 静岡県沼津市本丸子町７５２－６,https://www.au.com/storelocator/detail/?shopId=N-00304,35.100767,138.849132,ok
au,東海,静岡,トヨタ au取扱店 ネッツトヨタ静岡 三島店,411-0811 静岡県三島市青木１３８－１,https://www.au.com/storelocator/detail/?shopId=N-00306,35.110041,138.919785,ok
au,東海,静岡,トヨタ au取扱店 ネッツトヨタ静岡 長泉店,411-0933 静岡県駿東郡長泉町納米里１６９－１,https://www.au.com/storelocator/detail/?shopId=N-00310,35.146100,138.898183,ok
au,東海,静岡,トヨタ au取扱店 ネッツトヨタ静岡 伊東店,414-0045 静岡県伊東市玖須美元和田７３４,https://www.au.com/storelocator/detail/?shopId=N-00308,34.957947,139.102271,ok
au,東海,静岡,トヨタ au取扱店 ネッツトヨタ静岡 富士店,417-0061 静岡県富士市緑町５－３３,https://www.au.com/storelocator/detail/?shopId=N-00307,35.159613,138.682159,ok
au,東海,静岡,トヨタ au取扱店 トヨタユナイテッド静岡 静岡トヨペット静岡長沼店,420-0813 静岡県静岡市葵区長沼６１１,https://www.au.com/storelocator/detail/?shopId=N-00297,34.986798,138.411325,ok
au,東海,静岡,トヨタ au取扱店 トヨタカローラ静岡 静岡店,420-0837 静岡県静岡市葵区日出町２－７,https://www.au.com/storelocator/detail/?shopId=N-00302,34.975387,138.394084,ok
au,東海,静岡,トヨタ au取扱店 ネッツトヨタ静岡 草薙店,424-0886 静岡県静岡市清水区草薙１９８２－６,https://www.au.com/storelocator/detail/?shopId=N-00309,35.005299,138.440635,ok
au,東海,静岡,トヨタ au取扱店 静岡トヨタ自動車 西焼津店,425-0074 静岡県焼津市柳新屋７２４－７,https://www.au.com/storelocator/detail/?shopId=N-00317,34.855564,138.288706,ok
au,東海,静岡,トヨタ au取扱店 静岡トヨタ自動車 浜松店,432-8048 静岡県浜松市中央区森田町１６,https://www.au.com/storelocator/detail/?shopId=N-00311,34.694951,137.720513,ok
au,東海,静岡,トヨタ au取扱店 ネッツトヨタ静浜 和田店,435-0016 静岡県浜松市中央区和田町８０９,https://www.au.com/storelocator/detail/?shopId=N-00322,34.720777,137.765565,ok
au,東海,静岡,トヨタ au取扱店 トヨタユナイテッド静岡 静岡トヨペット浜松宮竹店,435-0043 静岡県浜松市中央区宮竹町７５８,https://www.au.com/storelocator/detail/?shopId=N-00301,34.718079,137.762669,ok
au,東海,静岡,トヨタ au取扱店 静岡トヨタ自動車 磐田鳥之瀬店,438-0072 静岡県磐田市鳥之瀬８９,https://www.au.com/storelocator/detail/?shopId=N-00314,34.713511,137.865289,ok
au,東海,愛知,au Style NAGOYA,460-0003 愛知県名古屋市中区錦３丁目２４－２０,https://www.au.com/storelocator/detail/?shopId=N-00612,35.169095,136.906189,ok
au,東海,愛知,au Style 安城横山,446-0044 愛知県安城市百石町１丁目２２－４,https://www.au.com/storelocator/detail/?shopId=N-00069,34.955439,137.076330,ok
au,東海,愛知,au Style 黒川,462-0026 愛知県名古屋市北区萩野通１丁目４４－１０,https://www.au.com/storelocator/detail/?shopId=N-00065,35.204173,136.911755,ok
au,東海,愛知,au Style プライムツリー赤池,470-0126 愛知県日進市赤池町箕ノ手１番　プライムツリー赤池１Ｆ,https://www.au.com/storelocator/detail/?shopId=N-00174,35.118577,137.021877,ok
au,東海,愛知,au Style ららぽーと愛知東郷,470-0186 愛知県愛知郡東郷町東郷中央土地区画整理事業62街区1・3　3階,https://www.au.com/storelocator/detail/?shopId=N-00649,35.098547,137.046683,ok
au,東海,愛知,au Style 豊田山之手,471-0833 愛知県豊田市山之手５丁目９３－１,https://www.au.com/storelocator/detail/?shopId=N-00082,35.055857,137.146066,ok
au,東海,愛知,au Style 豊田吉原,473-0916 愛知県豊田市吉原町平池184番地１,https://www.au.com/storelocator/detail/?shopId=N-00108,35.018470,137.096230,ok
au,東海,愛知,au Style イオンモール扶桑,480-0105 愛知県丹羽郡扶桑町大字南山名高塚５-１　イオンモール扶桑２F,https://www.au.com/storelocator/detail/?shopId=N-00564,35.361131,136.900789,ok
au,東海,愛知,au Style 江南,483-8226 愛知県江南市赤童子町大間253,https://www.au.com/storelocator/detail/?shopId=N-00072,35.332967,136.864424,ok
au,東海,愛知,au Style 小牧中央,485-0029 愛知県小牧市中央５－２０５,https://www.au.com/storelocator/detail/?shopId=N-00463,35.287262,136.934508,ok
au,東海,愛知,au Style 勝川,486-0914 愛知県春日井市若草通り４－８９,https://www.au.com/storelocator/detail/?shopId=N-00063,35.238881,136.960640,ok
au,東海,愛知,au Style 本地ヶ原,488-0044 愛知県尾張旭市南本地ケ原町３丁目３－３,https://www.au.com/storelocator/detail/?shopId=N-00103,35.196949,137.035086,ok
au,東海,愛知,au Style 瀬戸瀬港,489-0925 愛知県瀬戸市西寺山町２-４,https://www.au.com/storelocator/detail/?shopId=N-00102,35.213265,137.070103,ok
au,東海,愛知,au Style 美和,490-1211 愛知県あま市篠田八原１,https://www.au.com/storelocator/detail/?shopId=N-00460,35.181526,136.786942,ok
au,東海,愛知,au Style イオンモール木曽川,493-0001 愛知県一宮市木曽川町黒田字南ハツケ池２５－１,https://www.au.com/storelocator/detail/?shopId=N-00672,35.349420,136.773774,ok
au,東海,愛知,au Style タカシマヤ ゲートタワーモール,450-0002 愛知県名古屋市中村区名駅1-1-3 タカシマヤゲートタワーモール2F,https://www.au.com/storelocator/detail/?shopId=N-00653,35.172068,136.882797,ok
au,東海,愛知,au Style 豊橋佐藤,440-0853 愛知県豊橋市佐藤１－３－２４,https://www.au.com/storelocator/detail/?shopId=N-00628,34.749264,137.400055,ok
au,東海,愛知,au Style イオンスタイル岡崎,444-0840 愛知県岡崎市戸崎町ばら山１－１ イオンスタイル岡崎 ３F,https://www.au.com/storelocator/detail/?shopId=N-00087,34.938697,137.164370,ok
au,東海,愛知,au Style 岡崎上里,444-2136 愛知県岡崎市上里２丁目１－１,https://www.au.com/storelocator/detail/?shopId=N-00624,34.989461,137.164098,ok
au,東海,愛知,au Style ららぽーと安城,446-8530 愛知県安城市大東町９－３０ ららぽーと安城３F,https://www.au.com/storelocator/detail/?shopId=N-00079,34.966106,137.079463,ok
au,東海,愛知,au Style 名古屋則武,451-0051 愛知県名古屋市西区則武新町3-1-17　3階,https://www.au.com/storelocator/detail/?shopId=N-00407,35.179976,136.880489,ok
au,東海,愛知,au Style 上小田井,452-0822 愛知県名古屋市西区中小田井５－４０６,https://www.au.com/storelocator/detail/?shopId=N-00090,35.218914,136.873697,ok
au,東海,愛知,au Style 中村公園,453-0834 愛知県名古屋市中村区豊国通２－４　天寿ビル１Ｆ,https://www.au.com/storelocator/detail/?shopId=N-00067,35.165923,136.855029,ok
au,東海,愛知,au Style ららぽーと名古屋みなとアクルス,455-8501 愛知県名古屋市港区港明２－３－２　ららぽーと名古屋みなとアクルス3階,https://www.au.com/storelocator/detail/?shopId=N-00646,35.110284,136.883196,ok
au,東海,愛知,au Style イオンモール熱田,456-8763 愛知県名古屋市熱田区六野１－２－１１　１Ｆ,https://www.au.com/storelocator/detail/?shopId=N-00633,35.136676,136.909071,ok
au,東海,愛知,au Style 鳴海山下,458-0847 愛知県名古屋市緑区浦里２－１４,https://www.au.com/storelocator/detail/?shopId=N-00101,35.091067,136.949243,ok
au,東海,愛知,au Style 桶狭間,458-0910 愛知県名古屋市緑区桶狭間森前１７２０,https://www.au.com/storelocator/detail/?shopId=N-00613,35.048471,136.963120,ok
au,東海,愛知,au Style イオンモールナゴヤドーム前,461-0048 愛知県名古屋市東区矢田南４－１０２－３　イオンモールナゴヤドーム前１階,https://www.au.com/storelocator/detail/?shopId=N-00616,35.187500,136.944086,ok
au,東海,愛知,au Style 今池,464-0850 愛知県名古屋市千種区今池１－８－８　今池ガスビル１Ｆ,https://www.au.com/storelocator/detail/?shopId=N-00081,35.168938,136.936465,ok
au,東海,愛知,au Style 御器所,466-0027 愛知県名古屋市昭和区阿由知通4-12,https://www.au.com/storelocator/detail/?shopId=N-00092,35.148057,136.933322,ok
au,東海,愛知,au Style 三好南,470-0224 愛知県みよし市三好町西荒田100－7,https://www.au.com/storelocator/detail/?shopId=N-00582,35.076808,137.055669,ok
au,東海,愛知,au Style 豊明,470-1124 愛知県豊明市三崎町井ノ花６－５,https://www.au.com/storelocator/detail/?shopId=N-00059,35.050260,137.006618,ok
au,東海,愛知,au Style 豊田小坂,471-0035 愛知県豊田市小坂町１２－１１－１,https://www.au.com/storelocator/detail/?shopId=N-00098,35.083475,137.148064,ok
au,東海,愛知,au Style 豊田高橋,471-0807 愛知県豊田市広川町1 1 - 9 0 - 7,https://www.au.com/storelocator/detail/?shopId=N-00091,35.086090,137.182046,ok
au,東海,愛知,au Style 知立,472-0005 愛知県知立市新池３－２９－１,https://www.au.com/storelocator/detail/?shopId=N-00106,34.999145,137.054223,ok
au,東海,愛知,au Style 東海荒尾,476-0003 愛知県東海市荒尾町大城１５１,https://www.au.com/storelocator/detail/?shopId=N-00068,35.039697,136.908347,ok
au,東海,愛知,au Style 春日井篠木,486-0851 愛知県春日井市篠木町７－１９－１７,https://www.au.com/storelocator/detail/?shopId=N-00060,35.258101,136.994526,ok
au,東海,愛知,au Style 蟹江,497-0053 愛知県海部郡蟹江町平安２－７８,https://www.au.com/storelocator/detail/?shopId=N-00064,35.136932,136.779963,ok
au,東海,愛知,ａｕショップ 豊橋二川,441-3145 愛知県豊橋市大岩町北元屋敷５６－１,https://www.au.com/storelocator/detail/?shopId=N-00565,34.727220,137.441325,ok
au,東海,愛知,ａｕショップ 田原,441-3421 愛知県田原市田原町晩田４８－８,https://www.au.com/storelocator/detail/?shopId=N-00129,34.674789,137.271719,ok
au,東海,愛知,ａｕショップ 豊橋西,441-8016 愛知県豊橋市新栄町字東小向６９－１,https://www.au.com/storelocator/detail/?shopId=N-00132,34.767397,137.369326,ok
au,東海,愛知,ａｕショップ 豊橋南,441-8058 愛知県豊橋市柱六番町１２６,https://www.au.com/storelocator/detail/?shopId=N-00149,34.747338,137.374588,ok
au,東海,愛知,ａｕショップ 豊川中央,442-0051 愛知県豊川市中央通４－７１,https://www.au.com/storelocator/detail/?shopId=N-00431,34.823111,137.385940,ok
au,東海,愛知,ａｕショップ イオンモール豊川,442-0848 愛知県豊川市白鳥町兎足1-16　イオンモール豊川 ３F,https://www.au.com/storelocator/detail/?shopId=N-00148,34.823397,137.351846,ok
au,東海,愛知,ａｕショップ 豊川南大通,442-0889 愛知県豊川市南大通４－３２,https://www.au.com/storelocator/detail/?shopId=N-00572,34.817071,137.374012,ok
au,東海,愛知,ａｕショップ 蒲郡,443-0046 愛知県蒲郡市竹谷町字中野２－１,https://www.au.com/storelocator/detail/?shopId=N-00152,34.827773,137.211222,ok
au,東海,愛知,ａｕショップ 岡崎北,444-0076 愛知県岡崎市井田町４－５７－１,https://www.au.com/storelocator/detail/?shopId=N-00375,34.978692,137.172990,ok
au,東海,愛知,ａｕショップ 幸田,444-0117 愛知県額田郡幸田町大字相見字越丸１２,https://www.au.com/storelocator/detail/?shopId=N-00511,34.888577,137.164473,ok
au,東海,愛知,ａｕショップ 岡崎六ツ美,444-0204 愛知県岡崎市土井町荒井甲１２,https://www.au.com/storelocator/detail/?shopId=N-00390,34.921626,137.137436,ok
au,東海,愛知,ａｕショップ 岡崎竜美丘,444-0863 愛知県岡崎市東明大寺町９－１３,https://www.au.com/storelocator/detail/?shopId=N-00289,34.945469,137.177761,ok
au,東海,愛知,ａｕショップ 岡崎矢作,444-0903 愛知県岡崎市東大友町字松花48-1,https://www.au.com/storelocator/detail/?shopId=N-00615,34.973997,137.134316,ok
au,東海,愛知,ａｕショップ 安城桜井,444-1154 愛知県安城市桜井町城向２丁目１－６,https://www.au.com/storelocator/detail/?shopId=N-00542,34.921559,137.086604,ok
au,東海,愛知,ａｕショップ 高浜,444-1305 愛知県高浜市神明町７-１-３,https://www.au.com/storelocator/detail/?shopId=N-00169,34.934558,137.001457,ok
au,東海,愛知,ａｕショップ 西尾駅前,445-0852 愛知県西尾市花ノ木町３－４９－３,https://www.au.com/storelocator/detail/?shopId=N-00135,34.864762,137.056773,ok
au,東海,愛知,ａｕショップ 西尾シャオ前,445-0891 愛知県西尾市下町御城下３３－１,https://www.au.com/storelocator/detail/?shopId=N-00472,34.867843,137.046969,ok
au,東海,愛知,ａｕショップ 碧南中央,447-0877 愛知県碧南市栄町３－５６,https://www.au.com/storelocator/detail/?shopId=N-00151,34.886182,136.991589,ok
au,東海,愛知,ａｕショップ 刈谷北,448-0038 愛知県刈谷市稲場町4丁目306,https://www.au.com/storelocator/detail/?shopId=N-00171,35.005642,137.000123,ok
au,東海,愛知,ａｕショップ 東刈谷,448-0807 愛知県刈谷市東刈谷町２－２－１０,https://www.au.com/storelocator/detail/?shopId=N-00430,34.976549,137.039275,ok
au,東海,愛知,ａｕショップ 刈谷南,448-0822 愛知県刈谷市松坂町2-201,https://www.au.com/storelocator/detail/?shopId=N-00137,34.979860,136.992427,ok
au,東海,愛知,ａｕショップ 名古屋西区役所前,451-0062 愛知県名古屋市西区花の木2丁目15番14,https://www.au.com/storelocator/detail/?shopId=N-00112,35.188430,136.890579,ok
au,東海,愛知,ａｕショップ mozoワンダーシティ,452-0817 愛知県名古屋市西区二方町４０番４５４　mozoワンダーシティ４Ｆ,https://www.au.com/storelocator/detail/?shopId=N-00614,35.225810,136.884219,ok
au,東海,愛知,ａｕショップ 清洲,452-0932 愛知県清須市朝日城屋敷７１,https://www.au.com/storelocator/detail/?shopId=N-00456,35.217585,136.845063,ok
au,東海,愛知,ａｕショップ 中川太平通,454-0838 愛知県名古屋市中川区太平通５－９,https://www.au.com/storelocator/detail/?shopId=N-00425,35.132469,136.869203,ok
au,東海,愛知,ａｕショップ 高畑,454-0911 愛知県名古屋市中川区高畑１－１９９　細野ビル１Ｆ,https://www.au.com/storelocator/detail/?shopId=N-00196,35.140567,136.855926,ok
au,東海,愛知,ａｕショップ 中川一号線,454-0932 愛知県名古屋市中川区中島新町４－２６１２－１,https://www.au.com/storelocator/detail/?shopId=N-00378,35.123648,136.849985,ok
au,東海,愛知,ａｕショップ 六番町,456-0058 愛知県名古屋市熱田区六番３－１－１１,https://www.au.com/storelocator/detail/?shopId=N-00195,35.123590,136.887694,ok
au,東海,愛知,ａｕショップ 道徳,457-0841 愛知県名古屋市南区豊田５－４－４,https://www.au.com/storelocator/detail/?shopId=N-00567,35.101039,136.911097,ok
au,東海,愛知,ａｕショップ 滝ノ水,458-0016 愛知県名古屋市緑区上旭２－２０２,https://www.au.com/storelocator/detail/?shopId=N-00443,35.091587,136.974295,ok
au,東海,愛知,ａｕショップ 緑徳重,458-0814 愛知県名古屋市緑区鶴が沢１－２２０２,https://www.au.com/storelocator/detail/?shopId=N-00193,35.093417,136.999852,ok
au,東海,愛知,ａｕショップ 守山西城,463-0082 愛知県名古屋市守山区村前町２０３,https://www.au.com/storelocator/detail/?shopId=N-00494,35.208594,136.964654,ok
au,東海,愛知,ａｕショップ 名東よもぎ台,465-0018 愛知県名古屋市名東区八前2－１209　（セブンイレブン跡地）,https://www.au.com/storelocator/detail/?shopId=N-00433,35.179781,136.988853,ok
au,東海,愛知,ａｕショップ 一社,465-0092 愛知県名古屋市名東区社台３－２３５,https://www.au.com/storelocator/detail/?shopId=N-00447,35.169758,137.002105,ok
au,東海,愛知,ａｕショップ イオン八事,466-0834 愛知県名古屋市昭和区広路町石坂2-1イオン八事内1F,https://www.au.com/storelocator/detail/?shopId=N-00185,35.136752,136.962747,ok
au,東海,愛知,ａｕショップ 新瑞,467-0806 愛知県名古屋市瑞穂区瑞穂通７－１８,https://www.au.com/storelocator/detail/?shopId=N-00136,35.119874,136.936523,ok
au,東海,愛知,ａｕショップ 焼山,468-0002 愛知県名古屋市天白区焼山１－４１９,https://www.au.com/storelocator/detail/?shopId=N-00422,35.143295,136.991042,ok
au,東海,愛知,ａｕショップ 東郷,470-0155 愛知県愛知郡東郷町白鳥２－１６－８,https://www.au.com/storelocator/detail/?shopId=N-00138,35.111938,137.051394,ok
au,東海,愛知,ａｕショップ イオン三好,470-0224 愛知県みよし市三好町青木91番地,https://www.au.com/storelocator/detail/?shopId=N-00150,35.093333,137.078563,ok
au,東海,愛知,ａｕショップ 豊田浄水,470-0343 愛知県豊田市浄水町1丁目6番地11,https://www.au.com/storelocator/detail/?shopId=N-00621,35.117005,137.138380,ok
au,東海,愛知,ａｕショップ 阿久比,470-2213 愛知県知多郡阿久比町駅前２－２,https://www.au.com/storelocator/detail/?shopId=N-00386,34.929914,136.918488,ok
au,東海,愛知,ａｕショップ 豊田梅坪,471-0071 愛知県豊田市東梅坪町８－７－３,https://www.au.com/storelocator/detail/?shopId=N-00141,35.102927,137.163197,ok
au,東海,愛知,ａｕショップ メグリアエムパーク,471-0828 愛知県豊田市前山町１－２７,https://www.au.com/storelocator/detail/?shopId=N-00573,35.048875,137.166648,ok
au,東海,愛知,ａｕショップ 大府,474-0053 愛知県大府市柊山町3-385,https://www.au.com/storelocator/detail/?shopId=N-00134,35.018843,136.953112,ok
au,東海,愛知,ａｕショップ 半田,475-0922 愛知県半田市昭和町２－３４,https://www.au.com/storelocator/detail/?shopId=N-00127,34.889873,136.923333,ok
au,東海,愛知,ａｕショップ 東海加木屋,477-0032 愛知県東海市加木屋町裾56番地1,https://www.au.com/storelocator/detail/?shopId=N-00130,35.011154,136.908482,ok
au,東海,愛知,ａｕショップ 南加木屋,477-0032 愛知県東海市加木屋町丸根７－４３　プライムマサヤ１階,https://www.au.com/storelocator/detail/?shopId=N-00546,34.971263,136.913937,ok
au,東海,愛知,ａｕショップ 知多,478-0064 愛知県知多市新知台２－９－２３,https://www.au.com/storelocator/detail/?shopId=N-00143,34.981824,136.867679,ok
au,東海,愛知,ａｕショップ 常滑,479-0069 愛知県常滑市字折戸４－１,https://www.au.com/storelocator/detail/?shopId=N-00133,34.891560,136.847455,ok
au,東海,愛知,ａｕショップ イオンモール常滑,479-0882 愛知県常滑市りんくう町２-20-3　イオンモール常滑２階,https://www.au.com/storelocator/detail/?shopId=N-00163,34.882080,136.826568,ok
au,東海,愛知,ａｕショップ 扶桑,480-0102 愛知県丹羽郡扶桑町大字高雄字伊勢帰２３０,https://www.au.com/storelocator/detail/?shopId=N-00121,35.364840,136.917759,ok
au,東海,愛知,ａｕショップ 豊山,480-0202 愛知県西春日井郡豊山町大字豊場字冨士１３８番,https://www.au.com/storelocator/detail/?shopId=N-00514,35.243791,136.917130,ok
au,東海,愛知,ａｕショップ アピタ長久手,480-1124 愛知県長久手市戸田谷901番1 アピタ長久手1F,https://www.au.com/storelocator/detail/?shopId=N-00126,35.172762,137.038272,ok
au,東海,愛知,ａｕショップ イオンモール長久手,480-1128 愛知県長久手市勝入塚５０１　イオンモール長久手4階,https://www.au.com/storelocator/detail/?shopId=N-00639,35.173310,137.050630,ok
au,東海,愛知,ａｕショップ 北名古屋,481-0004 愛知県北名古屋市鹿田合田237,https://www.au.com/storelocator/detail/?shopId=N-00641,35.248943,136.883153,ok
au,東海,愛知,ａｕショップ 西春徳重,481-0038 愛知県北名古屋市徳重吉原９０,https://www.au.com/storelocator/detail/?shopId=N-00288,35.258877,136.866237,ok
au,東海,愛知,ａｕショップ 小牧田県,485-0004 愛知県小牧市田県町　36-1,https://www.au.com/storelocator/detail/?shopId=N-00406,35.316107,136.942130,ok
au,東海,愛知,ａｕショップ 小牧山,485-0049 愛知県小牧市山北町５０,https://www.au.com/storelocator/detail/?shopId=N-00115,35.294871,136.913409,ok
au,東海,愛知,ａｕショップ 春日井市民病院前,486-0841 愛知県春日井市南下原町４－２－１０,https://www.au.com/storelocator/detail/?shopId=N-00518,35.268216,136.972202,ok
au,東海,愛知,ａｕショップ サンマルシェ高蔵寺,487-0011 愛知県春日井市中央台１－２－２　サンマルシェ南館３F,https://www.au.com/storelocator/detail/?shopId=N-00627,35.281671,137.048741,ok
au,東海,愛知,ａｕショップ 高蔵寺,487-0015 愛知県春日井市気噴町北１－１７７,https://www.au.com/storelocator/detail/?shopId=N-00192,35.266620,137.030012,ok
au,東海,愛知,ａｕショップ 尾張旭,488-0073 愛知県尾張旭市新居町上の田２６番,https://www.au.com/storelocator/detail/?shopId=N-00113,35.220690,137.037465,ok
au,東海,愛知,ａｕショップ 瀬戸(愛知県),489-0805 愛知県瀬戸市陶原町１－３８－２,https://www.au.com/storelocator/detail/?shopId=N-00140,35.222611,137.092344,ok
au,東海,愛知,ａｕショップ 甚目寺,490-1115 愛知県あま市坂牧北浦５８－１,https://www.au.com/storelocator/detail/?shopId=N-00125,35.184057,136.828593,ok
au,東海,愛知,ａｕショップ 弥富１号線,490-1406 愛知県弥富市鍋平２丁目３７－１,https://www.au.com/storelocator/detail/?shopId=N-00457,35.115728,136.743318,ok
au,東海,愛知,ａｕショップ テラスウォーク一宮,491-0022 愛知県一宮市両郷町一丁目2番地,https://www.au.com/storelocator/detail/?shopId=N-00426,35.310538,136.816954,ok
au,東海,愛知,ａｕショップ 一宮東,491-0024 愛知県一宮市富士３－１－３４,https://www.au.com/storelocator/detail/?shopId=N-00442,35.302299,136.818841,ok
au,東海,愛知,ａｕショップ 一宮牛野通,491-0846 愛知県一宮市牛野通３－１５－２,https://www.au.com/storelocator/detail/?shopId=N-00117,35.287892,136.807066,ok
au,東海,愛知,ａｕショップ 一宮西,491-0931 愛知県一宮市大和町馬引字宮浦４１,https://www.au.com/storelocator/detail/?shopId=N-00523,35.305688,136.782067,ok
au,東海,愛知,ａｕショップ 稲沢,492-8267 愛知県稲沢市船橋町花の木１１６９-１,https://www.au.com/storelocator/detail/?shopId=N-00119,35.247315,136.778829,ok
au,東海,愛知,ａｕショップ リーフウォーク稲沢,492-8601 愛知県稲沢市長野7丁目1-2リーフウォーク稲沢２階,https://www.au.com/storelocator/detail/?shopId=N-00599,35.260906,136.818958,ok
au,東海,愛知,ａｕショップ 尾西,494-0003 愛知県一宮市三条字賀７０,https://www.au.com/storelocator/detail/?shopId=N-00114,35.310184,136.760808,ok
au,東海,愛知,ａｕショップ イオンタウン弥富,498-0014 愛知県弥富市五明町蒲原１３７１－４　イオンタウン弥富ショッピングセンター内,https://www.au.com/storelocator/detail/?shopId=N-00575,35.114208,136.716190,ok
au,東海,愛知,ａｕショップ 豊橋牛川,440-0014 愛知県豊橋市南牛川１－２１－９,https://www.au.com/storelocator/detail/?shopId=N-00393,34.771777,137.421634,ok
au,東海,愛知,ａｕショップ 新城（愛知県）,441-1354 愛知県新城市片山字西野畑５４8－３,https://www.au.com/storelocator/detail/?shopId=N-00167,34.905385,137.493840,ok
au,東海,愛知,ａｕショップ 豊橋大清水,441-8132 愛知県豊橋市南大清水町富士見６９８－２,https://www.au.com/storelocator/detail/?shopId=N-00622,34.686940,137.362019,ok
au,東海,愛知,ａｕショップ 豊橋草間,441-8149 愛知県豊橋市中野町字大原１３,https://www.au.com/storelocator/detail/?shopId=N-00539,34.734325,137.374523,ok
au,東海,愛知,ａｕショップ 吉良,444-0516 愛知県西尾市吉良町吉田山中４３－１,https://www.au.com/storelocator/detail/?shopId=N-00570,34.800062,137.061111,ok
au,東海,愛知,ａｕショップ 岡崎光ヶ丘,444-0814 愛知県岡崎市羽根町小豆坂１１２－１,https://www.au.com/storelocator/detail/?shopId=N-00204,34.923385,137.179045,ok
au,東海,愛知,ａｕショップ 千音寺,454-0972 愛知県名古屋市中川区新家１－１９１７,https://www.au.com/storelocator/detail/?shopId=N-00199,35.156153,136.807203,ok
au,東海,愛知,ａｕショップ イオンモール名古屋茶屋,455-0858 愛知県名古屋市港区西茶屋２丁目11　1Ｆ　1039区画,https://www.au.com/storelocator/detail/?shopId=N-00644,35.103468,136.824984,ok
au,東海,愛知,ａｕショップ イオンモール新瑞橋,457-0012 愛知県名古屋市南区菊住1-7-10,https://www.au.com/storelocator/detail/?shopId=N-00605,35.114726,136.936077,ok
au,東海,愛知,ａｕショップ 上飯田,462-0807 愛知県名古屋市北区御成通４－８,https://www.au.com/storelocator/detail/?shopId=N-00405,35.200573,136.930070,ok
au,東海,愛知,ａｕショップ イオンタウン千種,464-0858 愛知県名古屋市千種区千種２－１６－１３　イオンタウン千種１階,https://www.au.com/storelocator/detail/?shopId=N-00502,35.161193,136.924345,ok
au,東海,愛知,ａｕショップ 武豊,470-2382 愛知県知多郡武豊町東長宗７７－２,https://www.au.com/storelocator/detail/?shopId=N-00445,34.858388,136.911219,ok
au,東海,愛知,ａｕショップ 岩倉八剱,482-0031 愛知県岩倉市八剱町長野１－１　カーマホームセンター岩倉店隣り,https://www.au.com/storelocator/detail/?shopId=N-00440,35.294188,136.883097,ok
au,東海,愛知,ａｕショップ アピタ江南西,483-8342 愛知県江南市松竹町上野205,https://www.au.com/storelocator/detail/?shopId=N-00610,35.342692,136.855615,ok
au,東海,愛知,ａｕショップ 津島,496-0043 愛知県津島市古川町１－１１１,https://www.au.com/storelocator/detail/?shopId=N-00200,35.175444,136.742878,ok
au,東海,愛知,UQスポット ヴェルサウォーク西尾,445-0064 愛知県西尾市高畠町３丁目２３－９　ヴェルサウォーク西尾２階,https://www.au.com/storelocator/detail/?shopId=N-00690,34.863167,137.058983,ok
au,東海,愛知,UQスポット イオンモール新瑞橋,457-0012 愛知県名古屋市南区菊住１丁目７－１０　イオンモール新瑞橋　２Ｆ,https://www.au.com/storelocator/detail/?shopId=N-00673,35.114768,136.935801,ok
au,東海,愛知,UQスポット ヒルズウォーク徳重,458-0852 愛知県名古屋市緑区元徳重１丁目５０５　ヒルズウォーク徳重ガーデンズ２Ｆ,https://www.au.com/storelocator/detail/?shopId=N-00677,35.094321,136.999297,ok
au,東海,愛知,UQスポット イオンモール常滑,479-0882 愛知県常滑市りんくう町２－２０－３　　イオンモール常滑２Ｆ,https://www.au.com/storelocator/detail/?shopId=N-00681,34.880751,136.826501,ok
au,東海,愛知,UQスポット イオンモール長久手,480-1128 愛知県長久手市勝入塚５０１ イオンモール長久手店 4F,https://www.au.com/storelocator/detail/?shopId=N-00682,35.173523,137.051399,ok
au,東海,愛知,UQスポット イオン豊橋南,441-8124 愛知県豊橋市野依町字落合１－１２　イオン豊橋南店２F,https://www.au.com/storelocator/detail/?shopId=N-00657,34.709549,137.388302,ok
au,東海,愛知,UQスポット イオンモール名古屋茶屋,455-0858 愛知県名古屋市港区西茶屋２丁目１１　イオンモール名古屋茶屋3F,https://www.au.com/storelocator/detail/?shopId=N-00660,35.103407,136.825001,ok
au,東海,愛知,UQスポット エアポートウォーク名古屋,480-0200 愛知県西春日井郡豊山町豊場林先１番８,https://www.au.com/storelocator/detail/?shopId=N-00670,35.245953,136.924816,ok
au,東海,愛知,トヨタ au取扱店 NTP名古屋トヨペット 豊橋下地店,440-0083 愛知県豊橋市下地町字境田９０,https://www.au.com/storelocator/detail/?shopId=N-00016,34.785167,137.387894,ok
au,東海,愛知,トヨタ au取扱店 NTP名古屋トヨペット 田原店,441-3417 愛知県田原市豊島町道南9－1,https://www.au.com/storelocator/detail/?shopId=N-00581,34.669534,137.280784,ok
au,東海,愛知,トヨタ au取扱店 NTP名古屋トヨペット 欠町店,444-0011 愛知県岡崎市欠町字金谷１１－１,https://www.au.com/storelocator/detail/?shopId=N-00030,34.951886,137.186217,ok
au,東海,愛知,トヨタ au取扱店 トヨタカローラ愛知 岡崎大樹寺,444-2137 愛知県岡崎市薮田１丁目２－１２,https://www.au.com/storelocator/detail/?shopId=N-00699,34.987973,137.163696,ok
au,東海,愛知,トヨタ au取扱店 NTP名古屋トヨペット 碧南店,447-0041 愛知県碧南市緑町２－８９,https://www.au.com/storelocator/detail/?shopId=N-00634,34.894356,137.006569,ok
au,東海,愛知,トヨタ au取扱店 NTP名古屋トヨペット 上重原店,448-0031 愛知県刈谷市東新町6丁目48番地3,https://www.au.com/storelocator/detail/?shopId=N-00027,35.003225,137.016241,ok
au,東海,愛知,トヨタ au取扱店 愛知トヨタ 刈谷高松店,448-0853 愛知県刈谷市高松町４－３３,https://www.au.com/storelocator/detail/?shopId=N-00650,34.982752,137.002565,ok
au,東海,愛知,トヨタ au取扱店 トヨタカローラ名古屋 みなと店ＰｉＰｉｔ,455-0057 愛知県名古屋市港区築盛町２７,https://www.au.com/storelocator/detail/?shopId=N-00499,35.104844,136.870539,ok
au,東海,愛知,トヨタ au取扱店 NTP名古屋トヨペット 熱田店,456-0017 愛知県名古屋市熱田区尾頭町２－２２,https://www.au.com/storelocator/detail/?shopId=N-00021,35.135637,136.900646,ok
au,東海,愛知,トヨタ au取扱店 NTP名古屋トヨペット 南店,457-0828 愛知県名古屋市南区宝生町４－３０,https://www.au.com/storelocator/detail/?shopId=N-00018,35.085732,136.912962,ok
au,東海,愛知,トヨタ au取扱店 トヨタモビリティ東名古屋 新栄店,460-0006 愛知県名古屋市中区葵１－２７－２９,https://www.au.com/storelocator/detail/?shopId=N-00607,35.170024,136.923322,ok
au,東海,愛知,トヨタ au取扱店 トヨタレンタリース愛知 白川店,460-0008 愛知県名古屋市中区栄２－１２－１２　白川第二ビル別館,https://www.au.com/storelocator/detail/?shopId=N-00632,35.166274,136.900997,ok
au,東海,愛知,トヨタ au取扱店 トヨタモビリティ中京 吹上店,464-0858 愛知県名古屋市千種区千種３－６－２,https://www.au.com/storelocator/detail/?shopId=N-00041,35.161640,136.935470,ok
au,東海,愛知,トヨタ au取扱店 愛知トヨタ 高辻店,466-0057 愛知県名古屋市昭和区高辻町６－８,https://www.au.com/storelocator/detail/?shopId=N-00013,35.139778,136.917904,ok
au,東海,愛知,トヨタ au取扱店 トヨタカローラ名古屋 日進竹の山店ＰｉＰｉｔ,470-0136 愛知県日進市竹の山１－１０２,https://www.au.com/storelocator/detail/?shopId=N-00042,35.161021,137.041426,ok
au,東海,愛知,トヨタ au取扱店 トヨタカローラ名古屋 東浦店ＰｉＰｉｔ,470-2102 愛知県知多郡東浦町大字緒川旭１８－１,https://www.au.com/storelocator/detail/?shopId=N-00548,34.980119,136.976340,ok
au,東海,愛知,トヨタ au取扱店 トヨタカローラ名古屋 豊田寿店ＰｉＰｉｔ,471-0834 愛知県豊田市寿町２－１８,https://www.au.com/storelocator/detail/?shopId=N-00549,35.057602,137.137300,ok
au,東海,愛知,トヨタ au取扱店 NTP名古屋トヨペット 豊田土橋店,471-0842 愛知県豊田市土橋町２－５,https://www.au.com/storelocator/detail/?shopId=N-00023,35.064382,137.132483,ok
au,東海,愛知,トヨタ au取扱店 愛知トヨタ 豊田下市場店,471-0875 愛知県豊田市下市場町５－２５,https://www.au.com/storelocator/detail/?shopId=N-00001,35.065591,137.159892,ok
au,東海,愛知,トヨタ au取扱店 ネッツトヨタ中部 プラザ春日井,486-0817 愛知県春日井市東野町９－２０－１０,https://www.au.com/storelocator/detail/?shopId=N-00638,35.261983,136.987498,ok
au,東海,愛知,トヨタ au取扱店 愛知トヨタ 春日井店,486-0857 愛知県春日井市浅山町１－１－５５,https://www.au.com/storelocator/detail/?shopId=N-00003,35.252489,136.981935,ok
au,東海,愛知,トヨタ au取扱店 NTP名古屋トヨペット 瀬戸店,489-0808 愛知県瀬戸市見付町３７,https://www.au.com/storelocator/detail/?shopId=N-00588,35.218739,137.078558,ok
au,東海,愛知,トヨタ au取扱店 愛知トヨタ 一宮店,491-0847 愛知県一宮市大和町,https://www.au.com/storelocator/detail/?shopId=N-00651,35.287826,136.806246,ok
au,東海,愛知,トヨタ au取扱店 NTP名古屋トヨペット 一宮浅野店,491-0871 愛知県一宮市大字浅野字西沼６３－１,https://www.au.com/storelocator/detail/?shopId=N-00017,35.297956,136.819391,ok
au,東海,愛知,トヨタ au取扱店 NTP名古屋トヨペット 稲沢店,492-8217 愛知県稲沢市稲沢町前田２５５,https://www.au.com/storelocator/detail/?shopId=N-00032,35.249643,136.790426,ok
au,東海,三重,au Style 四日市久保田,510-0821 三重県四日市市久保田二丁目１０番１５号,https://www.au.com/storelocator/detail/?shopId=N-00088,34.974656,136.608004,ok
au,東海,三重,au Style 鈴鹿中央通,513-0807 三重県鈴鹿市三日市３－８－１３,https://www.au.com/storelocator/detail/?shopId=N-00074,34.875302,136.558187,ok
au,東海,三重,au Style 四日市笹川,510-0943 三重県四日市市西日野字溝野４９６５－１,https://www.au.com/storelocator/detail/?shopId=N-00505,34.951343,136.586652,ok
au,東海,三重,au Style 桑名東,511-0811 三重県桑名市東方３３４－２,https://www.au.com/storelocator/detail/?shopId=N-00062,35.070908,136.686874,ok
au,東海,三重,au Style 桑名星川,511-0912 三重県桑名市星川８９２－４,https://www.au.com/storelocator/detail/?shopId=N-00107,35.066333,136.629145,ok
au,東海,三重,au Style 津桜橋,514-0003 三重県津市桜橋３－６７－１　ショッピングタウンＮＯＶＡ１階,https://www.au.com/storelocator/detail/?shopId=N-00058,34.738891,136.518913,ok
au,東海,三重,au Style イオンタウン津城山,514-1112 三重県津市久居小野辺町１１３０－７,https://www.au.com/storelocator/detail/?shopId=N-00700,34.679578,136.501616,ok
au,東海,三重,ａｕショップ 四日市かすみ,510-0007 三重県四日市市別名５丁目１５１０－１,https://www.au.com/storelocator/detail/?shopId=N-00577,34.996454,136.632421,ok
au,東海,三重,ａｕショップ イオンタウン四日市泊,510-0883 三重県四日市市泊小柳町４－５,https://www.au.com/storelocator/detail/?shopId=N-00647,34.937596,136.601340,ok
au,東海,三重,ａｕショップ 四日市北,510-8017 三重県四日市市平町１－３,https://www.au.com/storelocator/detail/?shopId=N-00388,35.011664,136.657568,ok
au,東海,三重,ａｕショップ イオンモール東員,511-0255 三重県員弁郡東員町東員町長深 字築田５１０－１,https://www.au.com/storelocator/detail/?shopId=N-00652,35.060772,136.580697,ok
au,東海,三重,ａｕショップ 桑名サンシパーク,511-0947 三重県桑名市大字大仲新田新井水下９２-９３　桑名サンシパーク敷地内,https://www.au.com/storelocator/detail/?shopId=N-00465,35.079448,136.607743,ok
au,東海,三重,ａｕショップ 四日市生桑,512-0911 三重県四日市市生桑町２０１－６,https://www.au.com/storelocator/detail/?shopId=N-00464,34.985078,136.600234,ok
au,東海,三重,ａｕショップ イオンタウン鈴鹿玉垣,513-0816 三重県鈴鹿市南玉垣町５５２０－１０６　イオンタウン鈴鹿玉垣内,https://www.au.com/storelocator/detail/?shopId=N-00533,34.857388,136.581652,ok
au,東海,三重,ａｕショップ イオンモール津南,514-0816 三重県津市高茶屋小森町145番地　イオンモール津南3階,https://www.au.com/storelocator/detail/?shopId=N-00471,34.670782,136.517678,ok
au,東海,三重,ａｕショップ 久居,514-1101 三重県津市久居明神町７５－２,https://www.au.com/storelocator/detail/?shopId=N-00370,34.683223,136.470949,ok
au,東海,三重,ａｕショップ イオンタウン松阪船江,515-0812 三重県松阪市船江町1392-27　イオンタウン松阪船江2階,https://www.au.com/storelocator/detail/?shopId=N-00559,34.594024,136.523401,ok
au,東海,三重,ａｕショップ 松阪,515-0818 三重県松阪市川井町４７３－１,https://www.au.com/storelocator/detail/?shopId=N-00145,34.579590,136.516505,ok
au,東海,三重,ａｕショップ イオンタウン伊勢ララパーク,516-0007 三重県伊勢市小木町 曽祢５３８,https://www.au.com/storelocator/detail/?shopId=N-00496,34.506445,136.722503,ok
au,東海,三重,ａｕショップ 宇治山田,516-0037 三重県伊勢市岩渕３－５－１,https://www.au.com/storelocator/detail/?shopId=N-00147,34.487979,136.718153,ok
au,東海,三重,ａｕショップ 鵜方,517-0501 三重県志摩市阿児町鵜方１６２２－２,https://www.au.com/storelocator/detail/?shopId=N-00146,34.327951,136.822549,ok
au,東海,三重,ａｕショップ 名張桔梗が丘,518-0752 三重県名張市蔵持町原出2024-1,https://www.au.com/storelocator/detail/?shopId=N-00416,34.638919,136.113496,ok
au,東海,三重,ａｕショップ イオンタウン伊賀上野,518-0823 三重県伊賀市四十九町字堂山1850,https://www.au.com/storelocator/detail/?shopId=N-00602,34.747310,136.135910,ok
au,東海,三重,ａｕショップ 伊賀上野,518-0830 三重県伊賀市平野城北町１４５,https://www.au.com/storelocator/detail/?shopId=N-00461,34.774444,136.130039,ok
au,東海,三重,ａｕショップ 尾鷲,519-3664 三重県尾鷲市坂場町６－１,https://www.au.com/storelocator/detail/?shopId=N-00438,34.078582,136.190342,ok
au,東海,三重,ａｕショップ アドバンスモール松阪,515-0055 三重県松阪市田村町２３５－１　アドバンスモール松阪内,https://www.au.com/storelocator/detail/?shopId=N-00459,34.553918,136.514257,ok
au,東海,三重,UQスポット イオンタウン四日市泊,510-0883 三重県四日市市泊小柳町４－５－１,https://www.au.com/storelocator/detail/?shopId=N-00671,34.939010,136.601297,ok
au,東海,三重,UQスポット イオンモール津南,514-0817 三重県津市高茶屋小森町１４５番地,https://www.au.com/storelocator/detail/?shopId=N-00666,34.671008,136.517916,ok
au,東海,三重,トヨタ au取扱店 三重トヨタ自動車 四日市羽津店,510-0013 三重県四日市市富士町5-3,https://www.au.com/storelocator/detail/?shopId=N-00228,34.989419,136.639709,ok
au,東海,三重,トヨタ au取扱店 トヨタカローラ三重 四日市本社 au取扱店,510-0062 三重県四日市市北浜田町１０－３,https://www.au.com/storelocator/detail/?shopId=N-00238,34.960071,136.625312,ok
au,東海,三重,トヨタ au取扱店 ネッツトヨタノヴェル三重 au取扱店四日市本社店,510-0063 三重県四日市市十七軒町３－１８,https://www.au.com/storelocator/detail/?shopId=N-00241,34.960156,136.621846,ok
au,東海,三重,トヨタ au取扱店 トヨタカローラ三重 桑名 au取扱店,511-0836 三重県桑名市江場中野４８１,https://www.au.com/storelocator/detail/?shopId=N-00236,35.047149,136.687486,ok
au,東海,三重,トヨタ au取扱店 三重トヨペット 桑名大山田店,511-0865 三重県桑名市藤が丘４－２０１,https://www.au.com/storelocator/detail/?shopId=N-00232,35.076410,136.653365,ok
au,東海,三重,トヨタ au取扱店 三重トヨペット 津垂水本店,514-0806 三重県津市上弁財町４－１,https://www.au.com/storelocator/detail/?shopId=N-00231,34.700482,136.508061,ok
au,東海,三重,トヨタ au取扱店 三重トヨタ自動車 本店,514-0821 三重県津市垂水９９－１,https://www.au.com/storelocator/detail/?shopId=N-00226,34.697540,136.509320,ok
au,東海,三重,トヨタ au取扱店 ネッツトヨタ三重 津店,514-0821 三重県津市垂水１６５,https://www.au.com/storelocator/detail/?shopId=N-00239,34.697545,136.508315,ok
au,東海,三重,トヨタ au取扱店 トヨタカローラ三重 伊勢 au取扱店,516-0016 三重県伊勢市神田久志本町１４４８－１,https://www.au.com/storelocator/detail/?shopId=N-00235,34.489854,136.723756,ok
au,東海,三重,トヨタ au取扱店 三重トヨペット グリーンテラス亀山店,519-0103 三重県亀山市川合町１１９０番,https://www.au.com/storelocator/detail/?shopId=N-00695,34.870649,136.471907,ok
au,東海,三重,トヨタ au取扱店 三重トヨタ自動車 伊勢店,519-0504 三重県伊勢市小俣町宮前３００,https://www.au.com/storelocator/detail/?shopId=N-00227,34.493026,136.676657,ok
au,近畿,滋賀,au Style 野洲,520-2352 滋賀県野洲市冨波乙６１６－１,https://www.au.com/storelocator/detail/?shopId=K-00251,35.078347,136.031138,ok
au,近畿,滋賀,au Style 栗東,520-3026 滋賀県栗東市下鈎１１４４－１,https://www.au.com/storelocator/detail/?shopId=K-00597,35.032382,135.980710,ok
au,近畿,滋賀,au Style イオンタウン湖南,520-3252 滋賀県湖南市岩根４５８０ イオンタウン湖南1F,https://www.au.com/storelocator/detail/?shopId=K-00871,34.993948,136.107764,ok
au,近畿,滋賀,au Style イオンタウン彦根,522-0007 滋賀県彦根市古沢町２５５－１　　イオンタウン彦根,https://www.au.com/storelocator/detail/?shopId=K-00837,35.270599,136.268939,ok
au,近畿,滋賀,au Style 長浜,526-0031 滋賀県長浜市八幡東町24-1,https://www.au.com/storelocator/detail/?shopId=K-00247,35.385521,136.283887,ok
au,近畿,滋賀,au Style 八日市,527-0023 滋賀県東近江市八日市緑町２２－６,https://www.au.com/storelocator/detail/?shopId=K-00410,35.111104,136.209325,ok
au,近畿,滋賀,au Style フォレオ大津一里山,520-2153 滋賀県大津市一里山７－１－１フォレオ大津一里山２Ｆ,https://www.au.com/storelocator/detail/?shopId=K-00818,34.974664,135.933596,ok
au,近畿,滋賀,au Style 守山,524-0012 滋賀県守山市播磨田町３００４-２,https://www.au.com/storelocator/detail/?shopId=K-00235,35.068774,135.993566,ok
au,近畿,滋賀,ａｕショップ 膳所,520-0802 滋賀県大津市馬場２丁目１２－６１　ZEZE・ヒルズ１階,https://www.au.com/storelocator/detail/?shopId=K-00821,34.998907,135.879936,ok
au,近畿,滋賀,ａｕショップ 安曇川,520-1212 滋賀県高島市安曇川町西万木１１８,https://www.au.com/storelocator/detail/?shopId=K-00414,35.326738,136.026652,ok
au,近畿,滋賀,ａｕショップ 瀬田,520-2141 滋賀県大津市大江２－１６－１３,https://www.au.com/storelocator/detail/?shopId=K-00027,34.981396,135.918344,ok
au,近畿,滋賀,ａｕショップ 甲西,520-3234 滋賀県湖南市中央２－９８,https://www.au.com/storelocator/detail/?shopId=K-00643,35.004019,136.082459,ok
au,近畿,滋賀,ａｕショップ 能登川,521-1221 滋賀県東近江市垣見町５２３番地１,https://www.au.com/storelocator/detail/?shopId=K-00723,35.184358,136.166206,ok
au,近畿,滋賀,ａｕショップ 彦根,522-0010 滋賀県彦根市駅東町７－６,https://www.au.com/storelocator/detail/?shopId=K-00421,35.269272,136.265478,ok
au,近畿,滋賀,ａｕショップ 河瀬,522-0223 滋賀県彦根市川瀬馬場７６９－２,https://www.au.com/storelocator/detail/?shopId=K-00667,35.227332,136.226713,ok
au,近畿,滋賀,ａｕショップ 近江八幡,523-0896 滋賀県近江八幡市鷹飼町北１丁目９－９,https://www.au.com/storelocator/detail/?shopId=K-00359,35.128150,136.105937,ok
au,近畿,滋賀,ａｕショップ 草津エイスクエア,525-0025 滋賀県草津市西渋川1-23-110A・SQUARE　SARA東館＆パーキング,https://www.au.com/storelocator/detail/?shopId=K-00415,35.024716,135.961379,ok
au,近畿,滋賀,ａｕショップ 南草津,525-0055 滋賀県草津市野路町６８３-６　フォレストコート南草津,https://www.au.com/storelocator/detail/?shopId=K-00548,35.005641,135.944585,ok
au,近畿,滋賀,ａｕショップ イオンモール草津,525-0067 滋賀県草津市新浜町３００番地　イオンモール草津内,https://www.au.com/storelocator/detail/?shopId=K-00567,34.997772,135.911030,ok
au,近畿,滋賀,ａｕショップ 水口南,528-0012 滋賀県甲賀市水口町暁５－２３,https://www.au.com/storelocator/detail/?shopId=K-00053,34.966021,136.169875,ok
au,近畿,滋賀,ａｕショップ 西大津,520-0024 滋賀県大津市松山町１番３５号,https://www.au.com/storelocator/detail/?shopId=K-00564,35.025056,135.862159,ok
au,近畿,滋賀,ａｕショップ 堅田,520-0241 滋賀県大津市今堅田２丁目１７番地６,https://www.au.com/storelocator/detail/?shopId=K-00417,35.123998,135.918408,ok
au,近畿,滋賀,ａｕショップ 長浜インター,526-0847 滋賀県長浜市山階町４９６,https://www.au.com/storelocator/detail/?shopId=K-00666,35.393995,136.286966,ok
au,近畿,滋賀,ａｕショップ 水口,528-0057 滋賀県甲賀市水口町　北脇１７１８番地１,https://www.au.com/storelocator/detail/?shopId=K-00738,34.982281,136.148401,ok
au,近畿,滋賀,ａｕショップ 滋賀高月,529-0261 滋賀県長浜市高月町東物部５,https://www.au.com/storelocator/detail/?shopId=K-00248,35.482474,136.229822,ok
au,近畿,滋賀,UQスポット イオンモール草津,525-0067 滋賀県草津市新浜町３００　イオンモール草津２階,https://www.au.com/storelocator/detail/?shopId=K-00824,34.997742,135.913302,ok
au,近畿,滋賀,UQスポット イオン近江八幡ＳＣ,523-0898 滋賀県近江八幡市鷹飼町190-9　イオン近江八幡ショッピングセンター１番街２Ｆ,https://www.au.com/storelocator/detail/?shopId=K-00833,35.121292,136.102830,ok
au,近畿,滋賀,トヨタ au取扱店 株式会社滋賀トヨタ,520-0804 滋賀県大津市本宮２丁目９番１２号,https://www.au.com/storelocator/detail/?shopId=K-00788,35.000185,135.877211,ok
au,近畿,滋賀,トヨタ au取扱店 トヨタモビリティ滋賀 ウエルコム栗東,520-3046 滋賀県栗東市大橋７-３-１７,https://www.au.com/storelocator/detail/?shopId=K-00796,35.029632,136.008254,ok
au,近畿,滋賀,トヨタ au取扱店 トヨタカローラ滋賀 草津店,525-0033 滋賀県草津市東草津２丁目３番５４号,https://www.au.com/storelocator/detail/?shopId=K-00805,35.012335,135.962707,ok
au,近畿,京都,au Style KYOTO,600-8002 京都府京都市下京区四条通寺町東入2丁目御旅町21-2,https://www.au.com/storelocator/detail/?shopId=K-00806,35.003586,135.767880,ok
au,近畿,京都,au Style 城陽,610-0101 京都府城陽市平川古宮８,https://www.au.com/storelocator/detail/?shopId=K-00178,34.862316,135.777106,ok
au,近畿,京都,au Style 松井山手,610-0354 京都府京田辺市山手南１－３－２　日東ビル１Ｆ,https://www.au.com/storelocator/detail/?shopId=K-00593,34.832252,135.726198,ok
au,近畿,京都,au Style イオンモール久御山,613-0024 京都府久世郡久御山町森南大内１５６－１（イオンモール久御山　２階）,https://www.au.com/storelocator/detail/?shopId=K-00764,34.894541,135.744127,ok
au,近畿,京都,au Style 長岡京,617-0828 京都府長岡京市馬場図所２６,https://www.au.com/storelocator/detail/?shopId=K-00390,34.927173,135.711537,ok
au,近畿,京都,au Style 木津,619-0214 京都府木津川市木津川原田４７－１,https://www.au.com/storelocator/detail/?shopId=K-00598,34.732865,135.822068,ok
au,近畿,京都,au Style 福知山,620-0931 京都府福知山市駅南町3-20-1,https://www.au.com/storelocator/detail/?shopId=K-00221,35.295215,135.117373,ok
au,近畿,京都,ａｕショップ 京都駅前,600-8216 京都府京都市下京区塩小路通烏丸西入東塩小路町６１４,https://www.au.com/storelocator/detail/?shopId=K-00179,34.987303,135.756243,ok
au,近畿,京都,ａｕショップ イオンモール京都桂川,601-8211 京都府京都市南区久世高田町３７６番１,https://www.au.com/storelocator/detail/?shopId=K-00799,34.964027,135.709307,ok
au,近畿,京都,ａｕショップ 吉祥院,601-8317 京都府京都市南区吉祥院新田弐ノ段町32,https://www.au.com/storelocator/detail/?shopId=K-00181,34.975554,135.725698,ok
au,近畿,京都,ａｕショップ イオンモールＫＹＯＴＯ,601-8417 京都府京都市南区西九条鳥居口町１番地　Ｓａｋｕｒａ館４Ｆ,https://www.au.com/storelocator/detail/?shopId=K-00716,34.983248,135.754590,ok
au,近畿,京都,ａｕショップ 九条御前,601-8451 京都府京都市南区唐橋川久保町２－１,https://www.au.com/storelocator/detail/?shopId=K-00460,34.978072,135.735938,ok
au,近畿,京都,ａｕショップ 河原町今出川,602-0847 京都府京都市上京区今出川通寺町東入大宮町312　アルモード御所東1階,https://www.au.com/storelocator/detail/?shopId=K-00370,35.028995,135.768938,ok
au,近畿,京都,ａｕショップ 紫野,603-8247 京都府京都市北区紫野泉堂町1-1,https://www.au.com/storelocator/detail/?shopId=K-00349,35.048741,135.741126,ok
au,近畿,京都,ａｕショップ 三条,604-8036 京都府京都市中京区三条通新京極角石橋町6,https://www.au.com/storelocator/detail/?shopId=K-00287,35.008645,135.767337,ok
au,近畿,京都,ａｕショップ 烏丸御池,604-8186 京都府京都市中京区梅屋町３６１－１　アーバネックス御池ビル東館１Ｆ,https://www.au.com/storelocator/detail/?shopId=K-00416,35.010551,135.760310,ok
au,近畿,京都,ａｕショップ 四条大宮,604-8365 京都府京都市中京区四条通大宮西入錦大宮町１１６－０２　ブラネシア阪急大宮ビル１F,https://www.au.com/storelocator/detail/?shopId=K-00376,35.003778,135.748374,ok
au,近畿,京都,ａｕショップ ＢｉＶｉ二条,604-8415 京都府京都市中京区西ノ京栂尾町107　ＢｉＶｉ二条内,https://www.au.com/storelocator/detail/?shopId=K-00608,35.010631,135.741225,ok
au,近畿,京都,ａｕショップ 宝ヶ池,606-0002 京都府京都市左京区岩倉中大鷺町10番地　コーポ大鷺1階,https://www.au.com/storelocator/detail/?shopId=K-00637,35.064174,135.787465,ok
au,近畿,京都,ａｕショップ 洛北阪急スクエア,606-8103 京都府京都市左京区高野西開町３６　B1Ｆ,https://www.au.com/storelocator/detail/?shopId=K-00840,35.040575,135.779441,ok
au,近畿,京都,ａｕショップ 高野,606-8231 京都府京都市左京区田中上古川町８番２号,https://www.au.com/storelocator/detail/?shopId=K-00286,35.040437,135.784794,ok
au,近畿,京都,ａｕショップ 北白川,606-8276 京都府京都市左京区北白川別当町３番地,https://www.au.com/storelocator/detail/?shopId=K-00377,35.031841,135.791287,ok
au,近畿,京都,ａｕショップ 山科新十条,607-8203 京都府京都市山科区栗栖野打越町４０-３,https://www.au.com/storelocator/detail/?shopId=K-00654,34.971484,135.807500,ok
au,近畿,京都,ａｕショップ 山科三条,607-8411 京都府京都市山科区御陵大津畑町２２－８,https://www.au.com/storelocator/detail/?shopId=K-00350,34.989930,135.813816,ok
au,近畿,京都,ａｕショップ 城陽長池,610-0112 京都府城陽市長池北清水110-3,https://www.au.com/storelocator/detail/?shopId=K-00785,34.840503,135.788992,ok
au,近畿,京都,ａｕショップ 六地蔵,611-0002 京都府宇治市木幡陣ノ内55,https://www.au.com/storelocator/detail/?shopId=K-00372,34.932123,135.798774,ok
au,近畿,京都,ａｕショップ 小倉,611-0042 京都府宇治市小倉町久保１１９－２,https://www.au.com/storelocator/detail/?shopId=K-00101,34.898612,135.783230,ok
au,近畿,京都,ａｕショップ 深草,612-0029 京都府京都市伏見区深草西浦町４丁目８５－２,https://www.au.com/storelocator/detail/?shopId=K-00102,34.959754,135.767956,ok
au,近畿,京都,ａｕショップ 横大路,612-8245 京都府京都市伏見区横大路下三栖宮ノ後２５,https://www.au.com/storelocator/detail/?shopId=K-00655,34.926810,135.747032,ok
au,近畿,京都,ａｕショップ 伏見,612-8455 京都府京都市伏見区中島外山町４１－１,https://www.au.com/storelocator/detail/?shopId=K-00412,34.946154,135.747371,ok
au,近畿,京都,ａｕショップ 大久保バイパス,613-0032 京都府久世郡久御山町栄１－１－１１４,https://www.au.com/storelocator/detail/?shopId=K-00408,34.879647,135.763273,ok
au,近畿,京都,ａｕショップ 八幡,614-8279 京都府八幡市美濃山幸水２－１,https://www.au.com/storelocator/detail/?shopId=K-00387,34.856084,135.709873,ok
au,近畿,京都,ａｕショップ 西院,615-0022 京都府京都市右京区西院平町１０番,https://www.au.com/storelocator/detail/?shopId=K-00097,35.001018,135.731770,ok
au,近畿,京都,ａｕショップ イオンモール京都五条,615-0035 京都府京都市右京区西院追分町25-1,https://www.au.com/storelocator/detail/?shopId=K-00809,34.997365,135.727235,ok
au,近畿,京都,ａｕショップ 四条天神川,615-0057 京都府京都市右京区西院西貝川町６０－１,https://www.au.com/storelocator/detail/?shopId=K-00595,35.001897,135.716331,ok
au,近畿,京都,ａｕショップ 五条桂,615-8004 京都府京都市西京区桂畑ヶ田町６２－１,https://www.au.com/storelocator/detail/?shopId=K-00173,34.992290,135.703473,ok
au,近畿,京都,ａｕショップ 常盤東,616-8216 京都府京都市右京区常盤一ノ井町１番地,https://www.au.com/storelocator/detail/?shopId=K-00369,35.018323,135.711905,ok
au,近畿,京都,ａｕショップ 東向日,617-0002 京都府向日市寺戸町向畑62,https://www.au.com/storelocator/detail/?shopId=K-00183,34.952856,135.702137,ok
au,近畿,京都,ａｕショップ イオンモール高の原,619-0223 京都府木津川市相楽台１－１－１　イオンモール高の原2階,https://www.au.com/storelocator/detail/?shopId=K-00363,34.725335,135.790866,ok
au,近畿,京都,ａｕショップ 福知山堀,620-0875 京都府福知山市堀三白２４９１－１,https://www.au.com/storelocator/detail/?shopId=K-00022,35.294906,135.134686,ok
au,近畿,京都,ａｕショップ 並河,621-0011 京都府亀岡市大井町土田１丁目３４７－１,https://www.au.com/storelocator/detail/?shopId=K-00024,35.034472,135.550844,ok
au,近畿,京都,ａｕショップ 亀岡,621-0805 京都府亀岡市安町野々神１５－８,https://www.au.com/storelocator/detail/?shopId=K-00011,35.013363,135.571876,ok
au,近畿,京都,ａｕショップ 西舞鶴,624-0841 京都府舞鶴市字引土小字中ノ堂156-1,https://www.au.com/storelocator/detail/?shopId=K-00367,35.439932,135.328102,ok
au,近畿,京都,ａｕショップ 峰山マイン,627-0005 京都府京丹後市峰山町新町１６０６-１　ショッピングセンターマイン２階,https://www.au.com/storelocator/detail/?shopId=K-00468,35.608285,135.082721,ok
au,近畿,京都,ａｕショップ 烏丸北大路,603-8143 京都府京都市北区小山上総町9番,https://www.au.com/storelocator/detail/?shopId=K-00659,35.042931,135.759510,ok
au,近畿,京都,ａｕショップ 大手筋,612-8053 京都府京都市伏見区東大手町７５９,https://www.au.com/storelocator/detail/?shopId=K-00326,34.933088,135.761724,ok
au,近畿,京都,ａｕショップ 東舞鶴,625-0036 京都府舞鶴市字浜９８１,https://www.au.com/storelocator/detail/?shopId=K-00449,35.471138,135.394086,ok
au,近畿,京都,ａｕショップ 野田川,629-2303 京都府与謝郡与謝野町石川５３６－１,https://www.au.com/storelocator/detail/?shopId=K-00213,35.531150,135.121793,ok
au,近畿,京都,UQスポット イオン京都洛南ＳＣ,601-8327 京都府京都市南区吉祥院御池町３１　　　イオン京都洛南ショッピングセンター２Ｆ,https://www.au.com/storelocator/detail/?shopId=K-00848,34.975581,135.735907,ok
au,近畿,京都,UQスポット ＭＯＭＯテラス六地蔵,612-8002 京都府京都市伏見区桃山町山ノ下３２,https://www.au.com/storelocator/detail/?shopId=K-00860,34.937367,135.795004,ok
au,近畿,京都,トヨタ au取扱店 京都トヨタ自動車 本社店,601-8319 京都府京都市南区吉祥院三ノ宮町１００,https://www.au.com/storelocator/detail/?shopId=K-00505,34.976380,135.729116,ok
au,近畿,京都,トヨタ au取扱店 京都トヨタ自動車 中央店,602-0046 京都府京都市上京区上立売通新町西入西大路町60,https://www.au.com/storelocator/detail/?shopId=K-00706,35.031984,135.755138,ok
au,近畿,京都,トヨタ au取扱店 トヨタカローラ京都 円町店,604-8466 京都府京都市中京区西ノ京南大炊御門町１－１,https://www.au.com/storelocator/detail/?shopId=K-00507,35.018427,135.729875,ok
au,近畿,京都,トヨタ au取扱店 ネッツトヨタヤサカ ＡＬＡＬ京田辺店,610-0311 京都府京田辺市草内大東１－１４,https://www.au.com/storelocator/detail/?shopId=K-00508,34.819292,135.789529,ok
au,近畿,京都,トヨタ au取扱店 京都トヨタ自動車 桂川洛西店,617-0002 京都府向日市寺戸町寺田50-3,https://www.au.com/storelocator/detail/?shopId=K-00798,34.961196,135.706534,ok
au,近畿,大阪,au Style SHINSAIBASHI,542-0085 大阪府大阪市中央区心斎橋筋一丁目6番5号 心斎橋グローブ1F,https://www.au.com/storelocator/detail/?shopId=K-00817,34.672294,135.501234,ok
au,近畿,大阪,au Style ABENO,545-0052 大阪府大阪市阿倍野区阿倍野筋1-2-30 Hoop 2階,https://www.au.com/storelocator/detail/?shopId=K-00807,34.645195,135.513855,ok
au,近畿,大阪,au Style ホワイティうめだ,530-0013 大阪府大阪市北区茶屋町梅田地下街１－４,https://www.au.com/storelocator/detail/?shopId=K-00582,34.704982,135.499120,ok
au,近畿,大阪,au Style 都島駅前,534-0014 大阪府大阪市都島区都島北通１－２－１ファーストビル都島北通り１F,https://www.au.com/storelocator/detail/?shopId=K-00446,34.709110,135.527232,ok
au,近畿,大阪,au Style なんばウォーク,542-0074 大阪府大阪市中央区千日前1丁目虹のまち５－１,https://www.au.com/storelocator/detail/?shopId=K-00546,34.667220,135.503608,ok
au,近畿,大阪,au Style 北巽駅前,544-0013 大阪府大阪市生野区巽中１－２３－６　シェルブラン１階,https://www.au.com/storelocator/detail/?shopId=K-00613,34.651868,135.554574,ok
au,近畿,大阪,au Style 西田辺,545-0021 大阪府大阪市阿倍野区阪南町５－２１－５,https://www.au.com/storelocator/detail/?shopId=K-00246,34.621858,135.513481,ok
au,近畿,大阪,au Style 南田辺,546-0033 大阪府大阪市東住吉区南田辺５丁目１８－６,https://www.au.com/storelocator/detail/?shopId=K-00762,34.616973,135.526583,ok
au,近畿,大阪,au Style 長吉,547-0016 大阪府大阪市平野区長吉長原２－１－３２,https://www.au.com/storelocator/detail/?shopId=K-00154,34.605595,135.567460,ok
au,近畿,大阪,au Style 喜連,547-0026 大阪府大阪市平野区喜連西４－６－６２,https://www.au.com/storelocator/detail/?shopId=K-00640,34.609458,135.543825,ok
au,近畿,大阪,au Style 平野,547-0031 大阪府大阪市平野区平野南1丁目1番6号,https://www.au.com/storelocator/detail/?shopId=K-00614,34.620414,135.556622,ok
au,近畿,大阪,au Style 長居,558-0004 大阪府大阪市住吉区長居東４－２１－１０,https://www.au.com/storelocator/detail/?shopId=K-00153,34.606480,135.513220,ok
au,近畿,大阪,au Style 豊中駅前,560-0021 大阪府豊中市本町１－９－２３,https://www.au.com/storelocator/detail/?shopId=K-00074,34.788418,135.463283,ok
au,近畿,大阪,au Style 曽根,561-0802 大阪府豊中市曽根東町１－９－２５　ファミール曽根１Ｆ,https://www.au.com/storelocator/detail/?shopId=K-00004,34.771895,135.468318,ok
au,近畿,大阪,au Style みのおキューズモール,562-0034 大阪府箕面市西宿１－１３－１０　ＥＡＳＴ２－２１１,https://www.au.com/storelocator/detail/?shopId=K-00570,34.832417,135.490691,ok
au,近畿,大阪,au Style イオンモール茨木,567-0033 大阪府茨木市松ヶ本町8-30　イオンモール茨木3F,https://www.au.com/storelocator/detail/?shopId=K-00867,34.810753,135.558289,ok
au,近畿,大阪,au Style 摂津富田,569-1144 大阪府高槻市大畑町２６－８,https://www.au.com/storelocator/detail/?shopId=K-00635,34.840621,135.591101,ok
au,近畿,大阪,au Style ららぽーと門真,571-8620 大阪府門真市松生町1-11　ららぽーと門真3F,https://www.au.com/storelocator/detail/?shopId=K-00869,34.732710,135.584089,ok
au,近畿,大阪,au Style 東大阪みくりや,577-0032 大阪府東大阪市御厨５－１－２,https://www.au.com/storelocator/detail/?shopId=K-00155,34.670470,135.588944,ok
au,近畿,大阪,au Style 布施,577-0056 大阪府東大阪市長堂３－１－１－１０　ポッポアベニュー内,https://www.au.com/storelocator/detail/?shopId=K-00157,34.664224,135.566739,ok
au,近畿,大阪,au Style 外環八尾柏原,581-0034 大阪府八尾市弓削町南３丁目３２－１,https://www.au.com/storelocator/detail/?shopId=K-00149,34.595080,135.613994,ok
au,近畿,大阪,au Style 八尾太子堂,581-0063 大阪府八尾市太子堂５丁目１番３１号,https://www.au.com/storelocator/detail/?shopId=K-00159,34.614048,135.584740,ok
au,近畿,大阪,au Style 八尾南本町,581-0081 大阪府八尾市南本町１丁目５－３,https://www.au.com/storelocator/detail/?shopId=K-00639,34.625577,135.604189,ok
au,近畿,大阪,au Style アリオ八尾,581-0803 大阪府八尾市光町２－３－３　　アリオモール３Ｆ,https://www.au.com/storelocator/detail/?shopId=K-00755,34.632509,135.605869,ok
au,近畿,大阪,au Style 藤井寺小山,583-0021 大阪府藤井寺市御舟町１－４０,https://www.au.com/storelocator/detail/?shopId=K-00672,34.574702,135.598666,ok
au,近畿,大阪,au Style ジョイパーク泉ヶ丘,590-0111 大阪府堺市南区三原台1-1-3　ジョイパーク泉ヶ丘2F,https://www.au.com/storelocator/detail/?shopId=K-00083,34.498625,135.514169,ok
au,近畿,大阪,au Style OSAKA,530-0011 大阪府大阪市北区大深町３－１　グランフロント大阪 北館　ナレッジキャピタル２Ｆ,https://www.au.com/storelocator/detail/?shopId=K-00783,34.706007,135.494277,ok
au,近畿,大阪,au Style 千林,535-0012 大阪府大阪市旭区千林1-5-10　スマイル千林1F,https://www.au.com/storelocator/detail/?shopId=K-00222,34.723905,135.552963,ok
au,近畿,大阪,au Style 枚方モール,573-0032 大阪府枚方市岡東町19-1　枚方モール4F,https://www.au.com/storelocator/detail/?shopId=K-00873,34.817057,135.649556,ok
au,近畿,大阪,au Style ららぽーと堺,587-8577 大阪府堺市美原区黒山22-1　ららぽーと堺 3F,https://www.au.com/storelocator/detail/?shopId=K-00866,34.540641,135.560709,ok
au,近畿,大阪,au Style イオンモールりんくう泉南,590-0535 大阪府泉南市りんくう南浜3-12　イオンモールりんくう泉南2F,https://www.au.com/storelocator/detail/?shopId=K-00814,34.381405,135.268311,ok
au,近畿,大阪,ａｕショップ 南森町駅前,530-0041 大阪府大阪市北区天神橋２丁目北１－１３メゾン天神橋１０１号,https://www.au.com/storelocator/detail/?shopId=K-00007,34.698197,135.511786,ok
au,近畿,大阪,ａｕショップ 十三,532-0024 大阪府大阪市淀川区十三本町１－９－１９,https://www.au.com/storelocator/detail/?shopId=K-00005,34.719490,135.480551,ok
au,近畿,大阪,ａｕショップ 江口橋,533-0003 大阪府大阪市東淀川区南江口３－２－４　カサ・アルメリア１０１号,https://www.au.com/storelocator/detail/?shopId=K-00185,34.755782,135.551097,ok
au,近畿,大阪,ａｕショップ 東淀川菅原,533-0022 大阪府大阪市東淀川区菅原２－８－１０,https://www.au.com/storelocator/detail/?shopId=K-00352,34.738721,135.528434,ok
au,近畿,大阪,ａｕショップ 今福鶴見,536-0002 大阪府大阪市城東区今福東２丁目１４－１２,https://www.au.com/storelocator/detail/?shopId=K-00556,34.702166,135.559778,ok
au,近畿,大阪,ａｕショップ 関目,536-0008 大阪府大阪市城東区関目５丁目３－５,https://www.au.com/storelocator/detail/?shopId=K-00753,34.713486,135.546721,ok
au,近畿,大阪,ａｕショップ 深江橋,537-0001 大阪府大阪市東成区深江北２－１４－２０,https://www.au.com/storelocator/detail/?shopId=K-00645,34.674361,135.557725,ok
au,近畿,大阪,ａｕショップ 鶴見安田,538-0032 大阪府大阪市鶴見区安田４丁目１－４３,https://www.au.com/storelocator/detail/?shopId=K-00751,34.705938,135.590204,ok
au,近畿,大阪,ａｕショップ イオンモール鶴見緑地,538-0053 大阪府大阪市鶴見区鶴見4丁目17-1　イオンモール鶴見緑地4F　424,https://www.au.com/storelocator/detail/?shopId=K-00704,34.703124,135.567327,ok
au,近畿,大阪,ａｕショップ もりのみやキューズモールＢＡＳＥ,540-0003 大阪府大阪市中央区森ノ宮中央２丁目１－７０,https://www.au.com/storelocator/detail/?shopId=K-00673,34.680914,135.530954,ok
au,近畿,大阪,ａｕショップ 本町,541-0053 大阪府大阪市中央区本町４丁目２－１２　野村不動産御堂筋本町ビル１階,https://www.au.com/storelocator/detail/?shopId=K-00563,34.683260,135.500373,ok
au,近畿,大阪,ａｕショップ クリスタ長堀,542-0081 大阪府大阪市中央区南船場4丁目　長堀地下街7号,https://www.au.com/storelocator/detail/?shopId=K-00138,34.675107,135.499293,ok
au,近畿,大阪,ａｕショップ 上六,543-0001 大阪府大阪市天王寺区上本町６－３－３１,https://www.au.com/storelocator/detail/?shopId=K-00134,34.665497,135.518866,ok
au,近畿,大阪,ａｕショップ 生野,544-0005 大阪府大阪市生野区中川６－９－２８,https://www.au.com/storelocator/detail/?shopId=K-00167,34.654614,135.541235,ok
au,近畿,大阪,ａｕショップ あべのキューズモール,545-0052 大阪府大阪市阿倍野区阿倍野筋１丁目６番1号　あべのマーケットパークキューズモールＢ１Ｆ　Ｑ－００３,https://www.au.com/storelocator/detail/?shopId=K-00218,34.645417,135.512259,ok
au,近畿,大阪,ａｕショップ イオンモール大阪ドームシティ,550-0023 大阪府大阪市西区千代崎３－１３－１イオンモール大阪ドームシティ４階,https://www.au.com/storelocator/detail/?shopId=K-00284,34.670413,135.477896,ok
au,近畿,大阪,ａｕショップ 大正駅前,551-0001 大阪府大阪市大正区三軒家西１－１７－１８,https://www.au.com/storelocator/detail/?shopId=K-00298,34.665164,135.478118,ok
au,近畿,大阪,ａｕショップ 野田阪神,553-0006 大阪府大阪市福島区吉野２－１5－１２　KADOＹＡビル１階,https://www.au.com/storelocator/detail/?shopId=K-00279,34.693341,135.475347,ok
au,近畿,大阪,ａｕショップ 千鳥橋,554-0014 大阪府大阪市此花区四貫島２－３－５　角一ビル１Ｆ,https://www.au.com/storelocator/detail/?shopId=K-00312,34.683579,135.454785,ok
au,近畿,大阪,ａｕショップ 御幣島,555-0012 大阪府大阪市西淀川区御幣島１－８－７,https://www.au.com/storelocator/detail/?shopId=K-00749,34.712801,135.455919,ok
au,近畿,大阪,ａｕショップ 大国町駅前,556-0013 大阪府大阪市浪速区戎本町１－７－１９,https://www.au.com/storelocator/detail/?shopId=K-00594,34.654874,135.498180,ok
au,近畿,大阪,ａｕショップ あびこ,558-0011 大阪府大阪市住吉区苅田９－１４－２０　ヤヨイビル１Ｆ,https://www.au.com/storelocator/detail/?shopId=K-00309,34.597974,135.513542,ok
au,近畿,大阪,ａｕショップ 住之江公園,559-0024 大阪府大阪市住之江区新北島１－６－１,https://www.au.com/storelocator/detail/?shopId=K-00717,34.605964,135.472614,ok
au,近畿,大阪,ａｕショップ 豊中ロマンチック街道,560-0004 大阪府豊中市少路１－２－７　リッツ　サントノーレ１Ｆ,https://www.au.com/storelocator/detail/?shopId=K-00615,34.804137,135.471284,ok
au,近畿,大阪,ａｕショップ 庄内,561-0832 大阪府豊中市庄内西町２丁目２２－１５,https://www.au.com/storelocator/detail/?shopId=K-00264,34.749309,135.474613,ok
au,近畿,大阪,ａｕショップ 服部,561-0853 大阪府豊中市服部南町2-1-16,https://www.au.com/storelocator/detail/?shopId=K-00075,34.762419,135.477240,ok
au,近畿,大阪,ａｕショップ 小野原,562-0031 大阪府箕面市小野原東１丁目２－５,https://www.au.com/storelocator/detail/?shopId=K-00722,34.835647,135.517900,ok
au,近畿,大阪,ａｕショップ 石橋,563-0032 大阪府池田市石橋３－４－１１,https://www.au.com/storelocator/detail/?shopId=K-00572,34.804892,135.447310,ok
au,近畿,大阪,ａｕショップ 阪急池田,563-0056 大阪府池田市栄町1-1　マルシェ池田2番館,https://www.au.com/storelocator/detail/?shopId=K-00761,34.821787,135.425629,ok
au,近畿,大阪,ａｕショップ JR吹田駅前,564-0027 大阪府吹田市朝日町１－番 吹田さんくす１番館２階,https://www.au.com/storelocator/detail/?shopId=K-00135,34.763293,135.524245,ok
au,近畿,大阪,ａｕショップ 山田南,565-0822 大阪府吹田市山田市場6-8,https://www.au.com/storelocator/detail/?shopId=K-00721,34.789768,135.539504,ok
au,近畿,大阪,ａｕショップ ららぽーとEXPOCITY,565-0826 大阪府吹田市千里万博公園2-1　ららぽーとEXPOCITY　1F,https://www.au.com/storelocator/detail/?shopId=K-00663,34.804475,135.534463,ok
au,近畿,大阪,ａｕショップ トナリエ南千里,565-0862 大阪府吹田市津雲台１丁目１－３０トナリエ南千里内　２Ｆ,https://www.au.com/storelocator/detail/?shopId=K-00743,34.794195,135.509884,ok
au,近畿,大阪,ａｕショップ 摂津鳥飼,566-0064 大阪府摂津市鳥飼中１－２１－５,https://www.au.com/storelocator/detail/?shopId=K-00121,34.780607,135.591402,ok
au,近畿,大阪,ａｕショップ ＪＲ茨木,567-0032 大阪府茨木市西駅前町１１－１４　孝成ビル１F,https://www.au.com/storelocator/detail/?shopId=K-00072,34.816770,135.558772,ok
au,近畿,大阪,ａｕショップ 千里丘,567-0042 大阪府茨木市宇野辺2-14-29,https://www.au.com/storelocator/detail/?shopId=K-00118,34.800858,135.555180,ok
au,近畿,大阪,ａｕショップ 阪急茨木,567-0829 大阪府茨木市双葉町３－１７　上田ビル１階,https://www.au.com/storelocator/detail/?shopId=K-00652,34.816976,135.578418,ok
au,近畿,大阪,ａｕショップ 茨木鮎川,567-0831 大阪府茨木市鮎川２丁目２７番６号,https://www.au.com/storelocator/detail/?shopId=K-00035,34.819612,135.593704,ok
au,近畿,大阪,ａｕショップ 高槻上牧,569-0004 大阪府高槻市上牧南駅前町１２５　ホームセンターコーナン内,https://www.au.com/storelocator/detail/?shopId=K-00285,34.867809,135.658965,ok
au,近畿,大阪,ａｕショップ 高槻センター街,569-0803 大阪府高槻市高槻町１６－１６,https://www.au.com/storelocator/detail/?shopId=K-00642,34.849468,135.620054,ok
au,近畿,大阪,ａｕショップ イオンモール大日,570-0016 大阪府守口市大日東町1-18,https://www.au.com/storelocator/detail/?shopId=K-00767,34.749042,135.580292,ok
au,近畿,大阪,ａｕショップ 守口南寺方,570-0043 大阪府守口市南寺方東通２丁目１１－２４,https://www.au.com/storelocator/detail/?shopId=K-00754,34.719481,135.570594,ok
au,近畿,大阪,ａｕショップ 守口,570-0056 大阪府守口市寺内町2丁目2-9,https://www.au.com/storelocator/detail/?shopId=K-00090,34.734871,135.564861,ok
au,近畿,大阪,ａｕショップ 古川橋,571-0030 大阪府門真市末広町８－１３ ラブリーワールド８７,https://www.au.com/storelocator/detail/?shopId=K-00021,34.738953,135.592270,ok
au,近畿,大阪,ａｕショップ 香里園,572-0084 大阪府寝屋川市香里南之町２０－５,https://www.au.com/storelocator/detail/?shopId=K-00384,34.783607,135.630071,ok
au,近畿,大阪,ａｕショップ ビバモール寝屋川,572-0855 大阪府寝屋川市寝屋南２－２２－２　モール棟２階,https://www.au.com/storelocator/detail/?shopId=K-00605,34.766760,135.650803,ok
au,近畿,大阪,ａｕショップ 枚方山之上,573-0047 大阪府枚方市山之上２丁目２３－９,https://www.au.com/storelocator/detail/?shopId=K-00332,34.798127,135.657203,ok
au,近畿,大阪,ａｕショップ 枚方長尾,573-0165 大阪府枚方市山田池東町21-25,https://www.au.com/storelocator/detail/?shopId=K-00708,34.825650,135.697811,ok
au,近畿,大阪,ａｕショップ ニトリモール枚方,573-0171 大阪府枚方市北山１丁目２番１号　ニトリモール内１階,https://www.au.com/storelocator/detail/?shopId=K-00865,34.838855,135.697697,ok
au,近畿,大阪,ａｕショップ 枚方船橋,573-1115 大阪府枚方市東船橋１－６０－２,https://www.au.com/storelocator/detail/?shopId=K-00581,34.851950,135.683655,ok
au,近畿,大阪,ａｕショップ くずはモール,573-1121 大阪府枚方市楠葉花園町１５－１　くずはモール３Ｆ,https://www.au.com/storelocator/detail/?shopId=K-00091,34.861047,135.677299,ok
au,近畿,大阪,ａｕショップ 枚方中央,573-1192 大阪府枚方市西禁野２丁目２－１０,https://www.au.com/storelocator/detail/?shopId=K-00106,34.818740,135.652915,ok
au,近畿,大阪,ａｕショップ 外環大東,574-0016 大阪府大東市南津の辺町６７－１,https://www.au.com/storelocator/detail/?shopId=K-00163,34.720339,135.635210,ok
au,近畿,大阪,ａｕショップ 交野駅前,576-0041 大阪府交野市私部西１－３１－７,https://www.au.com/storelocator/detail/?shopId=K-00399,34.787362,135.674040,ok
au,近畿,大阪,ａｕショップ 若江,578-0943 大阪府東大阪市若江南町１丁目２－４,https://www.au.com/storelocator/detail/?shopId=K-00760,34.653632,135.607161,ok
au,近畿,大阪,ａｕショップ 鴻池新田,578-0975 大阪府東大阪市中鴻池町３丁目３－９,https://www.au.com/storelocator/detail/?shopId=K-00591,34.696513,135.606152,ok
au,近畿,大阪,ａｕショップ 東大阪吉田,578-0981 大阪府東大阪市島之内1丁目８-１５,https://www.au.com/storelocator/detail/?shopId=K-00351,34.679487,135.618716,ok
au,近畿,大阪,ａｕショップ 新石切,579-8013 大阪府東大阪市西石切町１－９－１８　グローリー新石切１０１,https://www.au.com/storelocator/detail/?shopId=K-00560,34.681677,135.642637,ok
au,近畿,大阪,ａｕショップ 外環はびきの,583-0854 大阪府羽曳野市軽里３－２２０－３,https://www.au.com/storelocator/detail/?shopId=K-00653,34.550506,135.600987,ok
au,近畿,大阪,ａｕショップ 羽曳野伊賀,583-0876 大阪府羽曳野市伊賀４－５－２,https://www.au.com/storelocator/detail/?shopId=K-00750,34.558341,135.582680,ok
au,近畿,大阪,ａｕショップ 外環富田林,584-0031 大阪府富田林市寿町３－１６－７,https://www.au.com/storelocator/detail/?shopId=K-00170,34.503114,135.592916,ok
au,近畿,大阪,ａｕショップ 富田林藤沢台,584-0071 大阪府富田林市藤沢台１－４－２０,https://www.au.com/storelocator/detail/?shopId=K-00780,34.506004,135.575228,ok
au,近畿,大阪,ａｕショップ 外環河内長野,586-0023 大阪府河内長野市野作町１０－２０,https://www.au.com/storelocator/detail/?shopId=K-00081,34.452332,135.560608,ok
au,近畿,大阪,ａｕショップ 河内長野,586-0033 大阪府河内長野市喜多町１９７－１,https://www.au.com/storelocator/detail/?shopId=K-00208,34.446460,135.568995,ok
au,近畿,大阪,ａｕショップ 大阪狭山,589-0013 大阪府大阪狭山市茱萸木６－８３９－１　池島ビル1F,https://www.au.com/storelocator/detail/?shopId=K-00210,34.486192,135.552877,ok
au,近畿,大阪,ａｕショップ 光明池,590-0138 大阪府堺市南区鴨谷台２丁２－１　サンピア本館２Ｆ,https://www.au.com/storelocator/detail/?shopId=K-00052,34.473887,135.476001,ok
au,近畿,大阪,ａｕショップ 泉北,590-0153 大阪府堺市南区大庭寺７９９－２,https://www.au.com/storelocator/detail/?shopId=K-00082,34.499818,135.492192,ok
au,近畿,大阪,ａｕショップ 熊取,590-0412 大阪府泉南郡熊取町紺屋１－２６－２３,https://www.au.com/storelocator/detail/?shopId=K-00080,34.404357,135.347994,ok
au,近畿,大阪,ａｕショップ 泉南,590-0521 大阪府泉南市樽井６丁目２－６,https://www.au.com/storelocator/detail/?shopId=K-00029,34.369696,135.265893,ok
au,近畿,大阪,ａｕショップ イオンモール堺鉄砲町,590-0905 大阪府堺市堺区鉄砲町1番地　イオンモール堺鉄砲町3F,https://www.au.com/storelocator/detail/?shopId=K-00290,34.594621,135.479740,ok
au,近畿,大阪,ａｕショップ 堺駅,590-0985 大阪府堺市堺区戎島町３－２２－１　南海堺駅ビル２階２０２,https://www.au.com/storelocator/detail/?shopId=K-00214,34.581514,135.469046,ok
au,近畿,大阪,ａｕショップ イオンモール堺北花田,591-8008 大阪府堺市北区東浅香山町４－１－１２　イオンモール堺北花田プラウ４階　4017,https://www.au.com/storelocator/detail/?shopId=K-00590,34.586073,135.513304,ok
au,近畿,大阪,ａｕショップ 中もず,591-8032 大阪府堺市北区百舌鳥梅町３－１－３,https://www.au.com/storelocator/detail/?shopId=K-00010,34.553029,135.502678,ok
au,近畿,大阪,ａｕショップ 鳳,593-8325 大阪府堺市西区鳳南町５－４８２－１,https://www.au.com/storelocator/detail/?shopId=K-00648,34.529204,135.462795,ok
au,近畿,大阪,ａｕショップ 和泉,594-0032 大阪府和泉市池田下町２１７－３,https://www.au.com/storelocator/detail/?shopId=K-00144,34.469659,135.457856,ok
au,近畿,大阪,ａｕショップ 和泉中央,594-0041 大阪府和泉市いぶき野５－１－１４　エコール・いずみ東館１階,https://www.au.com/storelocator/detail/?shopId=K-00641,34.460286,135.456302,ok
au,近畿,大阪,ａｕショップ 和泉府中,594-0071 大阪府和泉市府中町２－４－１,https://www.au.com/storelocator/detail/?shopId=K-00125,34.484379,135.424811,ok
au,近畿,大阪,ａｕショップ 泉大津,595-0036 大阪府泉大津市昭和町9-10,https://www.au.com/storelocator/detail/?shopId=K-00209,34.499529,135.404428,ok
au,近畿,大阪,ａｕショップ 和泉大宮,596-0048 大阪府岸和田市上野町西２６－３２,https://www.au.com/storelocator/detail/?shopId=K-00677,34.471428,135.383747,ok
au,近畿,大阪,ａｕショップ 岸和田和泉,596-0806 大阪府岸和田市摩湯町９２３－１,https://www.au.com/storelocator/detail/?shopId=K-00609,34.461683,135.428362,ok
au,近畿,大阪,ａｕショップ 泉佐野,598-0005 大阪府泉佐野市市場東２丁目１３－３０,https://www.au.com/storelocator/detail/?shopId=K-00123,34.407465,135.323182,ok
au,近畿,大阪,ａｕショップ 羽倉崎,598-0046 大阪府泉佐野市羽倉崎１丁目３３１９－２,https://www.au.com/storelocator/detail/?shopId=K-00145,34.399910,135.298189,ok
au,近畿,大阪,ａｕショップ 尾崎駅前,599-0201 大阪府阪南市尾崎町２－３－１６,https://www.au.com/storelocator/detail/?shopId=K-00124,34.362716,135.241687,ok
au,近畿,大阪,ａｕショップ 北野田駅前,599-8122 大阪府堺市東区丈六１８３－５６,https://www.au.com/storelocator/detail/?shopId=K-00020,34.523638,135.540805,ok
au,近畿,大阪,ａｕショップ 大阪駅前第４ビル,530-0001 大阪府大阪市北区梅田１－１１－４　１００号　１Ｆ,https://www.au.com/storelocator/detail/?shopId=K-00748,34.699874,135.499046,ok
au,近畿,大阪,ａｕショップ 天六,530-0041 大阪府大阪市北区天神橋６－４－９,https://www.au.com/storelocator/detail/?shopId=K-00293,34.709788,135.511412,ok
au,近畿,大阪,ａｕショップ 阪急三国,532-0005 大阪府大阪市淀川区三国本町３－３６－３,https://www.au.com/storelocator/detail/?shopId=K-00195,34.736204,135.483711,ok
au,近畿,大阪,ａｕショップ 上新庄駅前,533-0005 大阪府大阪市東淀川区瑞光１－３－５,https://www.au.com/storelocator/detail/?shopId=K-00358,34.748149,135.533696,ok
au,近畿,大阪,ａｕショップ なんば御堂筋,542-0076 大阪府大阪市中央区難波３－６－１１なんば池田ビル１階,https://www.au.com/storelocator/detail/?shopId=K-00763,34.666400,135.500690,ok
au,近畿,大阪,ａｕショップ 港通り,552-0003 大阪府大阪市港区磯路３－１－７,https://www.au.com/storelocator/detail/?shopId=K-00096,34.663621,135.458678,ok
au,近畿,大阪,ａｕショップ 天下茶屋,557-0015 大阪府大阪市西成区花園南1丁目１３番２６,https://www.au.com/storelocator/detail/?shopId=K-00547,34.640823,135.495952,ok
au,近畿,大阪,ａｕショップ 玉出,557-0045 大阪府大阪市西成区玉出西１－６－１,https://www.au.com/storelocator/detail/?shopId=K-00071,34.626521,135.490928,ok
au,近畿,大阪,ａｕショップ 千里中央,560-0082 大阪府豊中市新千里東町１－３　せんちゅうパル専門店街３Ｆ,https://www.au.com/storelocator/detail/?shopId=K-00003,34.809806,135.495071,ok
au,近畿,大阪,ａｕショップ 池田１７６,563-0024 大阪府池田市鉢塚１－１－１７,https://www.au.com/storelocator/detail/?shopId=K-00117,34.817266,135.434741,ok
au,近畿,大阪,ａｕショップ 江坂,564-0051 大阪府吹田市豊津町１０－６　エクセル江坂ビル１Ｆ,https://www.au.com/storelocator/detail/?shopId=K-00316,34.759364,135.495940,ok
au,近畿,大阪,ａｕショップ 茨木真砂,567-0895 大阪府茨木市玉櫛２丁目２８－８,https://www.au.com/storelocator/detail/?shopId=K-00746,34.801728,135.577057,ok
au,近畿,大阪,ａｕショップ 高槻南,569-0064 大阪府高槻市庄所町９－６,https://www.au.com/storelocator/detail/?shopId=K-00627,34.839454,135.616969,ok
au,近畿,大阪,ａｕショップ 高槻北,569-1123 大阪府高槻市芥川町１丁目１１番１５号,https://www.au.com/storelocator/detail/?shopId=K-00165,34.853127,135.615750,ok
au,近畿,大阪,ａｕショップ 大和田,571-0079 大阪府門真市野里町７－１０,https://www.au.com/storelocator/detail/?shopId=K-00119,34.742192,135.602720,ok
au,近畿,大阪,ａｕショップ アドバンス寝屋川,572-0837 大阪府寝屋川市早子町２３番２号アドバンスねやがわ２号館１１５号,https://www.au.com/storelocator/detail/?shopId=K-00740,34.763361,135.621842,ok
au,近畿,大阪,ａｕショップ アクロスプラザ大東,574-0062 大阪府大東市氷野２－１－３４,https://www.au.com/storelocator/detail/?shopId=K-00197,34.710220,135.617444,ok
au,近畿,大阪,ａｕショップ イオンモール四條畷,575-0001 大阪府四條畷市砂四丁目３番２号　イオンモール四條畷３階３０４５区画,https://www.au.com/storelocator/detail/?shopId=K-00192,34.746146,135.630174,ok
au,近畿,大阪,ａｕショップ 東大阪長瀬,577-0833 大阪府東大阪市柏田東町11-16,https://www.au.com/storelocator/detail/?shopId=K-00676,34.646287,135.573290,ok
au,近畿,大阪,ａｕショップ 瓢箪山,579-8045 大阪府東大阪市本町８－２０,https://www.au.com/storelocator/detail/?shopId=K-00334,34.662975,135.640193,ok
au,近畿,大阪,ａｕショップ イオンタウン松原,580-0015 大阪府松原市新堂4丁目1154　2階,https://www.au.com/storelocator/detail/?shopId=K-00458,34.566480,135.551830,ok
au,近畿,大阪,ａｕショップ セブンパーク天美,580-0032 大阪府松原市天美東3丁目500番地　3Ｆ,https://www.au.com/storelocator/detail/?shopId=K-00571,34.592042,135.542279,ok
au,近畿,大阪,ａｕショップ 堺東一条通,590-0048 大阪府堺市堺区一条通１６－８　三井生命堺ビル１階,https://www.au.com/storelocator/detail/?shopId=K-00002,34.571157,135.482255,ok
au,近畿,大阪,ａｕショップ 高石,594-0082 大阪府和泉市富秋町２丁目７－１３,https://www.au.com/storelocator/detail/?shopId=K-00079,34.506370,135.432247,ok
au,近畿,大阪,ａｕショップ ららぽーと和泉,594-1157 大阪府和泉市あゆみ野４－４－７　ららぽーと和泉４Ｆ４２３００,https://www.au.com/storelocator/detail/?shopId=K-00801,34.437216,135.448227,ok
au,近畿,大阪,ａｕショップ 岸和田,596-0049 大阪府岸和田市八阪町1-11-20,https://www.au.com/storelocator/detail/?shopId=K-00078,34.460538,135.391354,ok
au,近畿,大阪,ａｕショップ 貝塚,597-0082 大阪府貝塚市石才　１６４－１,https://www.au.com/storelocator/detail/?shopId=K-00077,34.435134,135.360838,ok
au,近畿,大阪,ａｕショップ 大野芝,599-8233 大阪府堺市中区大野芝町１７９,https://www.au.com/storelocator/detail/?shopId=K-00650,34.533667,135.519430,ok
au,近畿,大阪,UQスポット ディアモール大阪,530-0001 大阪府大阪市北区梅田１丁目　大阪駅前ダイヤモンド地下街３号　ディアモール大阪,https://www.au.com/storelocator/detail/?shopId=K-00836,34.700347,135.497400,ok
au,近畿,大阪,UQスポット イオンモール鶴見緑地,538-0053 大阪府大阪市鶴見区鶴見４－１７－１　　イオンモール鶴見緑地４Ｆ,https://www.au.com/storelocator/detail/?shopId=K-00829,34.703558,135.566354,ok
au,近畿,大阪,UQスポット ららぽーとＥＸＰＯＣＩＴＹ,565-0826 大阪府吹田市千里万博公園２－１　ららぽーとＥＸＰＯＣＩＴＹ３階,https://www.au.com/storelocator/detail/?shopId=K-00838,34.806006,135.536212,ok
au,近畿,大阪,UQスポット くずはモール,573-1121 大阪府枚方市楠葉花園町１５－１　くずはモール３Ｆ,https://www.au.com/storelocator/detail/?shopId=K-00835,34.861283,135.677307,ok
au,近畿,大阪,UQスポット イオンモール四條畷,575-0001 大阪府四條畷市砂４丁目３番２号　イオンモール四條畷３階,https://www.au.com/storelocator/detail/?shopId=K-00850,34.746114,135.629287,ok
au,近畿,大阪,UQスポット セブンパーク天美,580-0032 大阪府松原市天美東3丁目500番地　3Ｆ,https://www.au.com/storelocator/detail/?shopId=K-00849,34.591979,135.542681,ok
au,近畿,大阪,UQスポット アリオ八尾,581-0803 大阪府八尾市光町２－３－３　　アリオモール３Ｆ,https://www.au.com/storelocator/detail/?shopId=K-00844,34.632476,135.605804,ok
au,近畿,大阪,UQスポット イオンモール堺鉄砲町,590-0905 大阪府堺市堺区鉄砲町１　３Ｆ,https://www.au.com/storelocator/detail/?shopId=K-00851,34.594078,135.481176,ok
au,近畿,大阪,UQスポット アリオ鳳,593-8325 大阪府堺市西区鳳南町３丁１９９－１２,https://www.au.com/storelocator/detail/?shopId=K-00863,34.524745,135.459401,ok
au,近畿,大阪,UQスポット ららぽーと和泉,594-1157 大阪府和泉市あゆみ野４－４－７　ららぽーと和泉４Ｆ,https://www.au.com/storelocator/detail/?shopId=K-00864,34.436824,135.448196,ok
au,近畿,大阪,UQスポット 岸和田カンカンベイサイドモール,596-0014 大阪府岸和田市港緑町２－１　　　ＥＡＳＴ１階,https://www.au.com/storelocator/detail/?shopId=K-00852,34.466260,135.371301,ok
au,近畿,大阪,UQスポット あべのキューズモール,545-0052 大阪府大阪市阿倍野区阿倍野筋1丁目6-1　あべのキューズモールB1F,https://www.au.com/storelocator/detail/?shopId=K-00868,34.645417,135.512259,ok
au,近畿,大阪,UQスポット イオンモール堺北花田,591-8008 大阪府堺市北区東浅香山町４丁１－１２　イオンモール堺北花田４Ｆ,https://www.au.com/storelocator/detail/?shopId=K-00832,34.583909,135.515764,ok
au,近畿,大阪,トヨタ au取扱店 トヨタモビリティ新大阪 新大阪本店,532-0002 大阪府大阪市淀川区東三国３－１１－２,https://www.au.com/storelocator/detail/?shopId=K-00752,34.746278,135.498149,ok
au,近畿,大阪,トヨタ au取扱店 大阪トヨタNorth 福島店,553-0003 大阪府大阪市福島区福島５－１７－２,https://www.au.com/storelocator/detail/?shopId=K-00588,34.695193,135.485205,ok
au,近畿,大阪,トヨタ au取扱店 ネッツトヨタ大阪 本社営業店,556-0025 大阪府大阪市浪速区浪速東１丁目１－７６,https://www.au.com/storelocator/detail/?shopId=K-00812,34.658328,135.491175,ok
au,近畿,大阪,トヨタ au取扱店 トヨタモビリティ新大阪 緑丘店,560-0053 大阪府豊中市向丘2-10-16,https://www.au.com/storelocator/detail/?shopId=K-00714,34.810009,135.472912,ok
au,近畿,大阪,トヨタ au取扱店 トヨタモビリティ新大阪 吹田店,564-0041 大阪府吹田市泉町3-19-15,https://www.au.com/storelocator/detail/?shopId=K-00557,34.757366,135.511306,ok
au,近畿,大阪,トヨタ au取扱店 トヨタモビリティ新大阪 茨木店,567-0826 大阪府茨木市大池１丁目１－３２,https://www.au.com/storelocator/detail/?shopId=K-00484,34.812362,135.577333,ok
au,近畿,大阪,トヨタ au取扱店 トヨタモビリティ新大阪 南高槻店,569-0035 大阪府高槻市深沢町1-26-2,https://www.au.com/storelocator/detail/?shopId=K-00728,34.827846,135.631863,ok
au,近畿,大阪,トヨタ au取扱店 大阪トヨペット 高槻店,569-0036 大阪府高槻市辻子２丁目２－８,https://www.au.com/storelocator/detail/?shopId=K-00759,34.831095,135.631422,ok
au,近畿,大阪,トヨタ au取扱店 トヨタモビリティ新大阪 高槻西店,569-1133 大阪府高槻市川西町１丁目３－１,https://www.au.com/storelocator/detail/?shopId=K-00870,34.848841,135.606440,ok
au,近畿,大阪,トヨタ au取扱店 大阪トヨタNorth サンテラス寝屋川,572-0037 大阪府寝屋川市葛原新町１１－１０,https://www.au.com/storelocator/detail/?shopId=K-00729,34.769631,135.605120,ok
au,近畿,大阪,トヨタ au取扱店 トヨタモビリティ新大阪 寝屋川店,572-0073 大阪府寝屋川市池田北町１５番２０号,https://www.au.com/storelocator/detail/?shopId=K-00745,34.778683,135.616506,ok
au,近畿,大阪,トヨタ au取扱店 大阪トヨタＳｏｕｔｈ ケータイショップアリオ八尾,581-0803 大阪府八尾市光町２－３　１Ｆ,https://www.au.com/storelocator/detail/?shopId=K-00810,34.633132,135.606451,ok
au,近畿,大阪,トヨタ au取扱店 トヨタカローラ南海 諏訪森店,592-8347 大阪府堺市西区浜寺諏訪森町西１－７,https://www.au.com/storelocator/detail/?shopId=K-00553,34.552396,135.447887,ok
au,近畿,大阪,トヨタ au取扱店 ネッツ南海諏訪森店,592-8347 大阪府堺市西区浜寺諏訪森町西１－７,https://www.au.com/storelocator/detail/?shopId=K-00804,34.552396,135.447887,ok
au,近畿,大阪,トヨタ au取扱店 大阪トヨタＳｏｕｔｈ ケータイショップサンテラス松原,599-8101 大阪府堺市東区八下町3-46,https://www.au.com/storelocator/detail/?shopId=K-00795,34.558638,135.545837,ok
au,近畿,兵庫,au Style SANNOMIYA,650-0021 兵庫県神戸市中央区三宮町１－８－１　さんプラザビル１Ｆ,https://www.au.com/storelocator/detail/?shopId=K-00056,34.691839,135.193200,ok
au,近畿,兵庫,au Style 押部谷,651-2212 兵庫県神戸市西区押部谷町押部５１７－１,https://www.au.com/storelocator/detail/?shopId=K-00734,34.755982,135.043747,ok
au,近畿,兵庫,au Style 御影クラッセ,658-0054 兵庫県神戸市東灘区御影中町３－２－１　御影クラッセ２階,https://www.au.com/storelocator/detail/?shopId=K-00782,34.715494,135.255574,ok
au,近畿,兵庫,au Style 芦屋,659-0061 兵庫県芦屋市上宮川町９番１１号,https://www.au.com/storelocator/detail/?shopId=K-00550,34.733371,135.310637,ok
au,近畿,兵庫,au Style つかしん,661-0001 兵庫県尼崎市塚口本町４－８－１　つかしんひがしまち南館３Ｆ,https://www.au.com/storelocator/detail/?shopId=K-00828,34.761379,135.419503,ok
au,近畿,兵庫,au Style 塚口北,661-0002 兵庫県尼崎市塚口町２-３５-１０,https://www.au.com/storelocator/detail/?shopId=K-00226,34.758714,135.411907,ok
au,近畿,兵庫,au Style 尼崎下坂部,661-0975 兵庫県尼崎市下坂部３丁目５－２０,https://www.au.com/storelocator/detail/?shopId=K-00239,34.743473,135.438797,ok
au,近畿,兵庫,au Style 阪急西宮ガーデンズ,663-8204 兵庫県西宮市高松町１４－２番５Ｆ,https://www.au.com/storelocator/detail/?shopId=K-00549,34.744286,135.358977,ok
au,近畿,兵庫,au Style 伊丹市役所前,664-0014 兵庫県伊丹市広畑２－５６－１,https://www.au.com/storelocator/detail/?shopId=K-00240,34.785248,135.400230,ok
au,近畿,兵庫,au Style 川西加茂,666-0025 兵庫県川西市加茂6-1-20,https://www.au.com/storelocator/detail/?shopId=K-00792,34.813646,135.411497,ok
au,近畿,兵庫,au Style 豊岡バイパス,668-0805 兵庫県豊岡市船町２９５－１,https://www.au.com/storelocator/detail/?shopId=K-00242,35.553791,134.816250,ok
au,近畿,兵庫,au Style 和田山,669-5213 兵庫県朝来市和田山町玉置１０７０－３,https://www.au.com/storelocator/detail/?shopId=K-00219,35.332792,134.862284,ok
au,近畿,兵庫,au Style ニッケパークタウン,675-0066 兵庫県加古川市加古川町寺家町１７３－１　　ニッケパークタウン１Ｆ,https://www.au.com/storelocator/detail/?shopId=K-00830,34.769048,134.836352,ok
au,近畿,兵庫,au Style 福崎,679-2203 兵庫県神崎郡福崎町南田原３０９４－１,https://www.au.com/storelocator/detail/?shopId=K-00249,34.950131,134.757676,ok
au,近畿,兵庫,au Style 岡場,651-1313 兵庫県神戸市北区有野中町１－１８－３９,https://www.au.com/storelocator/detail/?shopId=K-00638,34.823031,135.224360,ok
au,近畿,兵庫,au Style 甲南山手,658-0012 兵庫県神戸市東灘区本庄町１－１３－１５,https://www.au.com/storelocator/detail/?shopId=K-00230,34.728067,135.292455,ok
au,近畿,兵庫,au Style 塚口,661-0012 兵庫県尼崎市南塚口町２－１５－１０　ＭＹＴビル１Ｆ,https://www.au.com/storelocator/detail/?shopId=K-00204,34.751401,135.417405,ok
au,近畿,兵庫,au Style あまがさきキューズモール,661-0976 兵庫県尼崎市潮江１－３－１　あまがさきキューズモール3Ｆ,https://www.au.com/storelocator/detail/?shopId=K-00223,34.733134,135.431274,ok
au,近畿,兵庫,au Style 西宮門戸,663-8017 兵庫県西宮市大島町６－６,https://www.au.com/storelocator/detail/?shopId=K-00620,34.762673,135.367681,ok
au,近畿,兵庫,au Style 三田ウッディタウン,669-1322 兵庫県三田市すずかけ台３－２,https://www.au.com/storelocator/detail/?shopId=K-00617,34.903329,135.190407,ok
au,近畿,兵庫,ａｕショップ 元町商店街,650-0022 兵庫県神戸市中央区元町通２丁目６－４,https://www.au.com/storelocator/detail/?shopId=K-00322,34.688623,135.187602,ok
au,近畿,兵庫,ａｕショップ ＪＲ神戸北,650-0027 兵庫県神戸市中央区中町通２－３－２　三共神戸ツインビル1Ｆ,https://www.au.com/storelocator/detail/?shopId=K-00318,34.679626,135.176072,ok
au,近畿,兵庫,ａｕショップ 神戸ハーバーランドumie,650-0044 兵庫県神戸市中央区東川崎町１－７－４　サウスモールB1F,https://www.au.com/storelocator/detail/?shopId=K-00440,34.678999,135.182002,ok
au,近畿,兵庫,ａｕショップ ブルメールＨＡＴ神戸,651-0073 兵庫県神戸市中央区脇浜海岸通２－２－２ブルメールＨＡＴ神戸1階,https://www.au.com/storelocator/detail/?shopId=K-00253,34.699199,135.214325,ok
au,近畿,兵庫,ａｕショップ 鈴蘭台北町,651-1111 兵庫県神戸市北区鈴蘭台北町９－１２－５,https://www.au.com/storelocator/detail/?shopId=K-00649,34.730170,135.159522,ok
au,近畿,兵庫,ａｕショップ 鈴蘭台,651-1147 兵庫県神戸市北区松宮台２丁目２６－３,https://www.au.com/storelocator/detail/?shopId=K-00311,34.736472,135.142823,ok
au,近畿,兵庫,ａｕショップ イオンモール神戸北,651-1515 兵庫県神戸市北区上津台8丁目1-1,https://www.au.com/storelocator/detail/?shopId=K-00808,34.860918,135.194623,ok
au,近畿,兵庫,ａｕショップ 学園都市,651-2103 兵庫県神戸市西区学園西町１－４　キャンパススクエア,https://www.au.com/storelocator/detail/?shopId=K-00668,34.683044,135.057408,ok
au,近畿,兵庫,ａｕショップ 伊川谷,651-2117 兵庫県神戸市西区北別府５丁目１５－３,https://www.au.com/storelocator/detail/?shopId=K-00428,34.672820,135.008889,ok
au,近畿,兵庫,ａｕショップ 西神プレンティ,651-2273 兵庫県神戸市西区糀台５－６－１　プレンティ専門店二番館２Ｆ,https://www.au.com/storelocator/detail/?shopId=K-00555,34.718300,135.018929,ok
au,近畿,兵庫,ａｕショップ 湊川,652-0047 兵庫県神戸市兵庫区下沢通２丁目２－２１,https://www.au.com/storelocator/detail/?shopId=K-00404,34.677526,135.165327,ok
au,近畿,兵庫,ａｕショップ 東急プラザ新長田,653-0038 兵庫県神戸市長田区若松町5-5-1　2階204,https://www.au.com/storelocator/detail/?shopId=K-00439,34.656489,135.144719,ok
au,近畿,兵庫,ａｕショップ 垂水(兵庫県),655-0029 兵庫県神戸市垂水区天ノ下町１－１　ウエステ垂水１Ｆ,https://www.au.com/storelocator/detail/?shopId=K-00434,34.630041,135.052552,ok
au,近畿,兵庫,ａｕショップ 舞子,655-0046 兵庫県神戸市垂水区舞子台２－９－５,https://www.au.com/storelocator/detail/?shopId=K-00276,34.635572,135.032041,ok
au,近畿,兵庫,ａｕショップ ブルメール舞多聞,655-0052 兵庫県神戸市垂水区舞多聞東２丁目１－４５ブルメール舞多聞１Ｆ,https://www.au.com/storelocator/detail/?shopId=K-00344,34.663475,135.053287,ok
au,近畿,兵庫,ａｕショップ ジェームス山,655-0873 兵庫県神戸市垂水区青山台８丁目１番１５号,https://www.au.com/storelocator/detail/?shopId=K-00689,34.647198,135.076867,ok
au,近畿,兵庫,ａｕショップ 洲本インター,656-0121 兵庫県南あわじ市山添２６１－１,https://www.au.com/storelocator/detail/?shopId=K-00647,34.329273,134.838209,ok
au,近畿,兵庫,ａｕショップ ＪＲ六甲道,657-0037 兵庫県神戸市灘区備後町４－１－１　ウェルブ六甲道三番街1F,https://www.au.com/storelocator/detail/?shopId=K-00562,34.713368,135.239865,ok
au,近畿,兵庫,ａｕショップ 岡本,658-0072 兵庫県神戸市東灘区岡本１－４－２８　マサニ岡本ビル１Ｆ,https://www.au.com/storelocator/detail/?shopId=K-00257,34.727370,135.275933,ok
au,近畿,兵庫,ａｕショップ 立花,660-0054 兵庫県尼崎市西立花町3-4-3,https://www.au.com/storelocator/detail/?shopId=K-00255,34.733698,135.397795,ok
au,近畿,兵庫,ａｕショップ 阪神尼崎,660-0884 兵庫県尼崎市神田中通３丁目５３,https://www.au.com/storelocator/detail/?shopId=K-00317,34.719931,135.413696,ok
au,近畿,兵庫,ａｕショップ 武庫之荘,661-0026 兵庫県尼崎市水堂町４丁目１５－１５,https://www.au.com/storelocator/detail/?shopId=K-00259,34.744590,135.386737,ok
au,近畿,兵庫,ａｕショップ 西宮,662-0911 兵庫県西宮市池田町３－１　サンテックビル１Ｆ,https://www.au.com/storelocator/detail/?shopId=K-00633,34.737806,135.344615,ok
au,近畿,兵庫,ａｕショップ 阪神西宮,662-0916 兵庫県西宮市戸田町６－２３,https://www.au.com/storelocator/detail/?shopId=K-00781,34.735858,135.339790,ok
au,近畿,兵庫,ａｕショップ 甲子園南,663-8178 兵庫県西宮市甲子園八番町７－１２,https://www.au.com/storelocator/detail/?shopId=K-00741,34.717179,135.362413,ok
au,近畿,兵庫,ａｕショップ オアシスタウン伊丹鴻池,664-0006 兵庫県伊丹市鴻池４－１－１０オアシスタウン内（１階）,https://www.au.com/storelocator/detail/?shopId=K-00455,34.799082,135.388913,ok
au,近畿,兵庫,ａｕショップ イオンモール伊丹昆陽,664-0027 兵庫県伊丹市池尻４丁目１－１イオンモール伊丹昆陽 3Ｆ,https://www.au.com/storelocator/detail/?shopId=K-00400,34.784826,135.382432,ok
au,近畿,兵庫,ａｕショップ イオンモール伊丹,664-0847 兵庫県伊丹市藤ノ木１丁目１番１号　イオンモール伊丹テラス３階,https://www.au.com/storelocator/detail/?shopId=K-00730,34.781160,135.423794,ok
au,近畿,兵庫,ａｕショップ 伊丹中央,664-0851 兵庫県伊丹市中央２－２－１３,https://www.au.com/storelocator/detail/?shopId=K-00333,34.781480,135.414140,ok
au,近畿,兵庫,ａｕショップ 逆瀬川小林,665-0045 兵庫県宝塚市光明町８－６,https://www.au.com/storelocator/detail/?shopId=K-00060,34.790350,135.357225,ok
au,近畿,兵庫,ａｕショップ 宝塚,665-0845 兵庫県宝塚市栄町２－１－１　ソリオ宝塚第１棟ＧＦ,https://www.au.com/storelocator/detail/?shopId=K-00059,34.809668,135.342036,ok
au,近畿,兵庫,ａｕショップ イオンタウン川西,666-0124 兵庫県川西市多田桜木１－４－１,https://www.au.com/storelocator/detail/?shopId=K-00456,34.855984,135.417636,ok
au,近畿,兵庫,ａｕショップ 三田,669-1535 兵庫県三田市南ヶ丘１－２２－７,https://www.au.com/storelocator/detail/?shopId=K-00626,34.879494,135.220569,ok
au,近畿,兵庫,ａｕショップ 丹波柏原,669-3301 兵庫県丹波市柏原町南多田２１４－１,https://www.au.com/storelocator/detail/?shopId=K-00600,35.141732,135.060633,ok
au,近畿,兵庫,ａｕショップ 氷上,669-3465 兵庫県丹波市氷上町横田１３６－６,https://www.au.com/storelocator/detail/?shopId=K-00062,35.158197,135.048091,ok
au,近畿,兵庫,ａｕショップ 姫路西,670-0055 兵庫県姫路市神子岡前2丁目1番6号,https://www.au.com/storelocator/detail/?shopId=K-00690,34.837779,134.671683,ok
au,近畿,兵庫,ａｕショップ 姫路辻井,670-0083 兵庫県姫路市辻井２－６－２,https://www.au.com/storelocator/detail/?shopId=K-00406,34.852385,134.666909,ok
au,近畿,兵庫,ａｕショップ 姫路みゆき通り,670-0927 兵庫県姫路市駅前町２４７　新御幸苑ビル１階,https://www.au.com/storelocator/detail/?shopId=K-00669,34.828286,134.691269,ok
au,近畿,兵庫,ａｕショップ 姫路別所,671-0224 兵庫県姫路市別所町佐土２丁目４,https://www.au.com/storelocator/detail/?shopId=K-00558,34.811510,134.748640,ok
au,近畿,兵庫,ａｕショップ 広畑,671-1153 兵庫県姫路市広畑区高浜町１－６７,https://www.au.com/storelocator/detail/?shopId=K-00651,34.799507,134.626547,ok
au,近畿,兵庫,ａｕショップ 播磨太子,671-1531 兵庫県揖保郡太子町立岡８０－４,https://www.au.com/storelocator/detail/?shopId=K-00315,34.821394,134.580927,ok
au,近畿,兵庫,ａｕショップ 山崎,671-2542 兵庫県宍粟市山崎町船元251-1,https://www.au.com/storelocator/detail/?shopId=K-00095,34.997375,134.547658,ok
au,近畿,兵庫,ａｕショップ 飾磨,672-8064 兵庫県姫路市飾磨区細江２０１３,https://www.au.com/storelocator/detail/?shopId=K-00045,34.804744,134.668443,ok
au,近畿,兵庫,ａｕショップ 明石,673-0892 兵庫県明石市本町２－１－１　インティ明石ビル１Ｆ,https://www.au.com/storelocator/detail/?shopId=K-00566,34.647603,134.990602,ok
au,近畿,兵庫,ａｕショップ 明石大久保,674-0051 兵庫県明石市大久保町大窪字村ノ北1724-1,https://www.au.com/storelocator/detail/?shopId=K-00313,34.695953,134.943150,ok
au,近畿,兵庫,ａｕショップ 魚住,674-0074 兵庫県明石市魚住町清水４６５-５,https://www.au.com/storelocator/detail/?shopId=K-00340,34.704332,134.908267,ok
au,近畿,兵庫,ａｕショップ 明石土山,674-0074 兵庫県明石市魚住町清水2125-7,https://www.au.com/storelocator/detail/?shopId=K-00715,34.718666,134.892887,ok
au,近畿,兵庫,ａｕショップ 加古川石守,675-0005 兵庫県加古川市神野町石守４６７－３,https://www.au.com/storelocator/detail/?shopId=K-00055,34.766242,134.875038,ok
au,近畿,兵庫,ａｕショップ 明姫加古川,675-0021 兵庫県加古川市尾上町安田２８７-１,https://www.au.com/storelocator/detail/?shopId=K-00624,34.744677,134.838895,ok
au,近畿,兵庫,ａｕショップ 加古川,675-0039 兵庫県加古川市加古川町粟津１０１２セイコービル1F,https://www.au.com/storelocator/detail/?shopId=K-00345,34.761012,134.840695,ok
au,近畿,兵庫,ａｕショップ 加古川別府,675-0127 兵庫県加古川市別府町石町５６,https://www.au.com/storelocator/detail/?shopId=K-00407,34.727985,134.847823,ok
au,近畿,兵庫,ａｕショップ 小野,675-1371 兵庫県小野市黒川町１７１０－２,https://www.au.com/storelocator/detail/?shopId=K-00569,34.854216,134.940220,ok
au,近畿,兵庫,ａｕショップ 宝殿,676-0807 兵庫県高砂市米田町島７２－３,https://www.au.com/storelocator/detail/?shopId=K-00327,34.785780,134.806160,ok
au,近畿,兵庫,ａｕショップ 赤穂,678-0233 兵庫県赤穂市加里屋中洲１－２４－１,https://www.au.com/storelocator/detail/?shopId=K-00405,34.754952,134.397472,ok
au,近畿,兵庫,ａｕショップ たつの,679-4129 兵庫県たつの市龍野町堂本３６９－１,https://www.au.com/storelocator/detail/?shopId=K-00435,34.852168,134.552145,ok
au,近畿,兵庫,ａｕショップ 高速長田,653-0016 兵庫県神戸市長田区北町１－５４　高速長田ステーションビル１Ｆ,https://www.au.com/storelocator/detail/?shopId=K-00343,34.667681,135.151828,ok
au,近畿,兵庫,ａｕショップ 名谷,654-0154 兵庫県神戸市須磨区中落合2丁目3番3号　北ゾーン2階1202号,https://www.au.com/storelocator/detail/?shopId=K-00612,34.680085,135.094341,ok
au,近畿,兵庫,ａｕショップ 宝塚中山,665-0874 兵庫県宝塚市中筋1-2-32,https://www.au.com/storelocator/detail/?shopId=K-00187,34.818044,135.371578,ok
au,近畿,兵庫,ａｕショップ 川西,666-0033 兵庫県川西市栄町１１－１,https://www.au.com/storelocator/detail/?shopId=K-00061,34.828289,135.413039,ok
au,近畿,兵庫,ａｕショップ イオンモール猪名川,666-0257 兵庫県川辺郡猪名川町白金２丁目１　イオンモール猪名川　３階,https://www.au.com/storelocator/detail/?shopId=K-00076,34.902033,135.364481,ok
au,近畿,兵庫,ａｕショップ 姫路けいさつ前,670-0943 兵庫県姫路市市之郷4-19-1,https://www.au.com/storelocator/detail/?shopId=K-00756,34.826124,134.706873,ok
au,近畿,兵庫,ａｕショップ 西明石,673-0017 兵庫県明石市野々上２丁目１０－１５,https://www.au.com/storelocator/detail/?shopId=K-00621,34.669153,134.967122,ok
au,近畿,兵庫,ａｕショップ 三木(兵庫県),673-0403 兵庫県三木市末広３丁目２０番２２,https://www.au.com/storelocator/detail/?shopId=K-00274,34.801913,134.972731,ok
au,近畿,兵庫,ａｕショップ 東加古川,675-0101 兵庫県加古川市平岡町新在家3丁目２８９－１０,https://www.au.com/storelocator/detail/?shopId=K-00646,34.745330,134.865112,ok
au,近畿,兵庫,ａｕショップ 加西,675-2311 兵庫県加西市北条町横尾３４４－１,https://www.au.com/storelocator/detail/?shopId=K-00346,34.928135,134.834668,ok
au,近畿,兵庫,ａｕショップ 高砂明姫,676-0803 兵庫県高砂市百合丘９番５２号,https://www.au.com/storelocator/detail/?shopId=K-00670,34.770510,134.802651,ok
au,近畿,兵庫,ａｕショップ 西脇,677-0054 兵庫県西脇市野村町771,https://www.au.com/storelocator/detail/?shopId=K-00337,34.970336,134.965248,ok
au,近畿,兵庫,UQスポット イオンモール神戸北,651-1515 兵庫県神戸市北区上津台８丁目１－１,https://www.au.com/storelocator/detail/?shopId=K-00839,34.861134,135.194698,ok
au,近畿,兵庫,UQスポット あまがさきキューズモール,661-0976 兵庫県尼崎市潮江１－３－１　　　あまがさきキューズモール３Ｆ,https://www.au.com/storelocator/detail/?shopId=K-00827,34.733572,135.430904,ok
au,近畿,兵庫,UQスポット イオンモール伊丹昆陽,664-0027 兵庫県伊丹市池尻４丁目１－１　　イオンモール伊丹昆陽３F,https://www.au.com/storelocator/detail/?shopId=K-00855,34.784456,135.381396,ok
au,近畿,兵庫,UQスポット イオンモール姫路リバーシティ,672-8064 兵庫県姫路市飾磨区細江２５６０　イオンモール姫路リバーシティ３Ｆ,https://www.au.com/storelocator/detail/?shopId=K-00853,34.798692,134.668254,ok
au,近畿,兵庫,UQスポット ららぽーと甲子園,663-8178 兵庫県西宮市甲子園八番町１－１００　ららぽーと甲子園２Ｆ,https://www.au.com/storelocator/detail/?shopId=K-00841,34.717783,135.363600,ok
au,近畿,兵庫,UQスポット イオンモール猪名川,666-0257 兵庫県川辺郡猪名川町白金２－１　イオンモール猪名川２Ｆ,https://www.au.com/storelocator/detail/?shopId=K-00831,34.902043,135.364851,ok
au,近畿,兵庫,トヨタ au取扱店 トヨタレンタリース神戸 新神戸駅前店,650-0002 兵庫県神戸市中央区北野町1-1　コトノハコ神戸1F,https://www.au.com/storelocator/detail/?shopId=K-00816,34.704494,135.195302,ok
au,近畿,兵庫,トヨタ au取扱店 兵庫トヨタ自動車 藤原台店,651-1302 兵庫県神戸市北区藤原台中町5-3-1,https://www.au.com/storelocator/detail/?shopId=K-00513,34.818738,135.210705,ok
au,近畿,兵庫,トヨタ au取扱店 トヨタカローラ神戸 神戸北センター店,651-1313 兵庫県神戸市北区有野中町1丁目17-6,https://www.au.com/storelocator/detail/?shopId=K-00820,34.822349,135.224625,ok
au,近畿,兵庫,トヨタ au取扱店 兵庫トヨタ自動車 学園南店,655-0001 兵庫県神戸市垂水区多聞町小束山868-1373,https://www.au.com/storelocator/detail/?shopId=K-00802,34.670031,135.057472,ok
au,近畿,兵庫,トヨタ au取扱店 ネッツトヨタウエスト兵庫 名谷店,655-0033 兵庫県神戸市垂水区小束山本町４丁目３番１６号,https://www.au.com/storelocator/detail/?shopId=K-00819,34.665535,135.067265,ok
au,近畿,兵庫,トヨタ au取扱店 ネッツトヨタ神戸 ネッツテラス伊丹,664-0026 兵庫県伊丹市寺本６丁目６２,https://www.au.com/storelocator/detail/?shopId=K-00527,34.779583,135.384982,ok
au,近畿,兵庫,トヨタ au取扱店 ネッツトヨタ神戸 ネッツテラス新三田,669-1322 兵庫県三田市すずかけ台３－１,https://www.au.com/storelocator/detail/?shopId=K-00758,34.903955,135.189040,ok
au,近畿,兵庫,トヨタ au取扱店 神戸トヨペット 姫路店,671-0253 兵庫県姫路市花田町一本松１４８,https://www.au.com/storelocator/detail/?shopId=K-00520,34.825197,134.723787,ok
au,近畿,兵庫,トヨタ au取扱店 兵庫トヨタ自動車 姫路店,671-0253 兵庫県姫路市花田町一本松148-2,https://www.au.com/storelocator/detail/?shopId=K-00720,34.825148,134.724500,ok
au,近畿,兵庫,トヨタ au取扱店 トヨタカローラ姫路 ひろはた店,671-1116 兵庫県姫路市広畑区正門通２－３,https://www.au.com/storelocator/detail/?shopId=K-00727,34.803739,134.628310,ok
au,近畿,兵庫,トヨタ au取扱店 ネッツトヨタ神戸 ネッツテラス三木,673-0404 兵庫県三木市大村１２７－１４,https://www.au.com/storelocator/detail/?shopId=K-00700,34.805112,134.971012,ok
au,近畿,奈良,au Style イオンモール奈良登美ヶ丘,630-0115 奈良県生駒市鹿畑町３０２７番地　イオンモール奈良登美ヶ丘１Ｆ,https://www.au.com/storelocator/detail/?shopId=K-00845,34.726108,135.751278,ok
au,近畿,奈良,au Style ならファミリー,631-0821 奈良県奈良市西大寺東町2-4-1　イオンスタイル奈良1階,https://www.au.com/storelocator/detail/?shopId=K-00063,34.695652,135.785483,ok
au,近畿,奈良,au Style 王寺,636-0002 奈良県北葛城郡王寺町王寺２－８－５,https://www.au.com/storelocator/detail/?shopId=K-00245,34.595318,135.705695,ok
au,近畿,奈良,ａｕショップ 生駒,630-0201 奈良県生駒市小明町２５１,https://www.au.com/storelocator/detail/?shopId=K-00463,34.710564,135.706072,ok
au,近畿,奈良,ａｕショップ 生駒南,630-0223 奈良県生駒市小瀬町119-3,https://www.au.com/storelocator/detail/?shopId=K-00711,34.660319,135.707963,ok
au,近畿,奈良,ａｕショップ 三条大路,630-8013 奈良県奈良市三条大路３丁目２番２４号,https://www.au.com/storelocator/detail/?shopId=K-00354,34.682045,135.796086,ok
au,近畿,奈良,ａｕショップ 奈良,630-8325 奈良県奈良市西木辻町３５－２,https://www.au.com/storelocator/detail/?shopId=K-00448,34.675075,135.821402,ok
au,近畿,奈良,ａｕショップ 押熊,631-0011 奈良県奈良市押熊町１０７０－２,https://www.au.com/storelocator/detail/?shopId=K-00217,34.722843,135.770759,ok
au,近畿,奈良,ａｕショップ 天理,632-0072 奈良県天理市富堂町189,https://www.au.com/storelocator/detail/?shopId=K-00211,34.595058,135.821297,ok
au,近畿,奈良,ａｕショップ 桜井,633-0063 奈良県桜井市川合２６３－２,https://www.au.com/storelocator/detail/?shopId=K-00366,34.514817,135.844065,ok
au,近畿,奈良,ａｕショップ 榛原駅前,633-0253 奈良県宇陀市榛原萩原２４２９　三晃ビル１Ｆ,https://www.au.com/storelocator/detail/?shopId=K-00364,34.529639,135.955753,ok
au,近畿,奈良,ａｕショップ 橿原,634-0003 奈良県橿原市常磐町５３４－６,https://www.au.com/storelocator/detail/?shopId=K-00365,34.521252,135.812041,ok
au,近畿,奈良,ａｕショップ イオンモール橿原,634-0837 奈良県橿原市曲川町7-20-1　イオンモール橿原3F,https://www.au.com/storelocator/detail/?shopId=K-00803,34.506806,135.763357,ok
au,近畿,奈良,ａｕショップ 田原本,636-0342 奈良県磯城郡田原本町三笠３２－１,https://www.au.com/storelocator/detail/?shopId=K-00114,34.550763,135.789840,ok
au,近畿,奈良,ａｕショップ ラスパ西大和,639-0218 奈良県北葛城郡上牧町ささゆり台1-1-1,https://www.au.com/storelocator/detail/?shopId=K-00791,34.566335,135.721457,ok
au,近畿,奈良,ａｕショップ 真美ヶ丘,639-0222 奈良県香芝市西真美１丁目５－７,https://www.au.com/storelocator/detail/?shopId=K-00041,34.544488,135.714455,ok
au,近畿,奈良,ａｕショップ 香芝,639-0265 奈良県香芝市上中７８６－１,https://www.au.com/storelocator/detail/?shopId=K-00616,34.557197,135.699886,ok
au,近畿,奈良,ａｕショップ 大和郡山,639-1123 奈良県大和郡山市筒井町９３９－１,https://www.au.com/storelocator/detail/?shopId=K-00362,34.619095,135.785951,ok
au,近畿,奈良,ａｕショップ 学園前,631-0052 奈良県奈良市中町１－７８　フレスポ奈良学園前,https://www.au.com/storelocator/detail/?shopId=K-00032,34.684968,135.754865,ok
au,近畿,奈良,ａｕショップ 富雄,631-0078 奈良県奈良市富雄元町３－３－１１　山友ビル１Ｆ,https://www.au.com/storelocator/detail/?shopId=K-00625,34.692545,135.732404,ok
au,近畿,奈良,ａｕショップ 橿原神宮前,634-0063 奈良県橿原市久米町６５０－２,https://www.au.com/storelocator/detail/?shopId=K-00291,34.483670,135.796022,ok
au,近畿,奈良,ａｕショップ イオンモール大和郡山,639-1101 奈良県大和郡山市下三橋町741,https://www.au.com/storelocator/detail/?shopId=K-00732,34.651300,135.801682,ok
au,近畿,奈良,ａｕショップ 葛城,639-2126 奈良県葛城市南花内１０５－１,https://www.au.com/storelocator/detail/?shopId=K-00733,34.481013,135.732555,ok
au,近畿,奈良,UQスポット イオンモール大和郡山,639-1101 奈良県大和郡山市下三橋町７４１　イオンモール大和郡山　３Ｆ,https://www.au.com/storelocator/detail/?shopId=K-00846,34.651177,135.802507,ok
au,近畿,奈良,トヨタ au取扱店 奈良トヨタ コネクティッドステーション奈良店,630-8141 奈良県奈良市南京終町２－２６９,https://www.au.com/storelocator/detail/?shopId=K-00699,34.669672,135.821995,ok
au,近畿,奈良,トヨタ au取扱店 トヨタユナイテッド奈良 南京終,630-8141 奈良県奈良市南京終町１丁目１５５－１　１Ｆ,https://www.au.com/storelocator/detail/?shopId=K-00787,34.670163,135.822461,ok
au,近畿,奈良,トヨタ au取扱店 奈良トヨタ コネクティッドステーション富雄店,631-0065 奈良県奈良市鳥見町１－１－１２,https://www.au.com/storelocator/detail/?shopId=K-00498,34.691457,135.731045,ok
au,近畿,奈良,トヨタ au取扱店 奈良トヨペット 広陵店,635-0822 奈良県北葛城郡広陵町大字平尾７１８の１,https://www.au.com/storelocator/detail/?shopId=K-00815,34.541587,135.741766,ok
au,近畿,奈良,トヨタ au取扱店 奈良トヨタ コネクティッドステーション田原本店,636-0226 奈良県磯城郡田原本町唐古２９６,https://www.au.com/storelocator/detail/?shopId=K-00495,34.575911,135.797702,ok
au,近畿,奈良,トヨタ au取扱店 奈良トヨタ コネクティッドステーション葛城店,639-2102 奈良県葛城市東室９３－３,https://www.au.com/storelocator/detail/?shopId=K-00497,34.498732,135.734814,ok
au,近畿,和歌山,au Style 田辺バイパス,646-0004 和歌山県田辺市下万呂５７９－３,https://www.au.com/storelocator/detail/?shopId=K-00661,33.740021,135.392384,ok
au,近畿,和歌山,au Style パビリオンシティ田辺,646-0051 和歌山県田辺市稲成町新江原３１６５　　パビリオンシティ田辺Ｃ館　１階,https://www.au.com/storelocator/detail/?shopId=K-00834,33.744127,135.377144,ok
au,近畿,和歌山,au Style イオン新宮,647-0052 和歌山県新宮市橋本2-14-23　イオン新宮2F,https://www.au.com/storelocator/detail/?shopId=K-00583,33.714347,135.990473,ok
au,近畿,和歌山,ａｕショップ 和歌山北,640-8471 和歌山県和歌山市善明寺字深田３５９－１,https://www.au.com/storelocator/detail/?shopId=K-00129,34.261068,135.185862,ok
au,近畿,和歌山,ａｕショップ 国体道路(和歌山県),641-0007 和歌山県和歌山市小雑賀737番1,https://www.au.com/storelocator/detail/?shopId=K-00634,34.198240,135.185377,ok
au,近畿,和歌山,ａｕショップ 海南,642-0001 和歌山県海南市船尾２６４－３,https://www.au.com/storelocator/detail/?shopId=K-00128,34.159041,135.199027,ok
au,近畿,和歌山,ａｕショップ 吉備,643-0024 和歌山県有田郡有田川町水尻１８３－１,https://www.au.com/storelocator/detail/?shopId=K-00586,34.051270,135.192188,ok
au,近畿,和歌山,ａｕショップ 御坊,644-0011 和歌山県御坊市湯川町財部６３２－１,https://www.au.com/storelocator/detail/?shopId=K-00043,33.898325,135.150217,ok
au,近畿,和歌山,ａｕショップ 橋本中央,648-0073 和歌山県橋本市市脇４丁目１－２３,https://www.au.com/storelocator/detail/?shopId=K-00623,34.313668,135.601652,ok
au,近畿,和歌山,ａｕショップ 打田,649-6414 和歌山県紀の川市打田１３３６－２,https://www.au.com/storelocator/detail/?shopId=K-00427,34.262045,135.364897,ok
au,近畿,和歌山,ａｕショップ 高野口,649-7207 和歌山県橋本市高野口町大野２６５－３,https://www.au.com/storelocator/detail/?shopId=K-00622,34.305189,135.547126,ok
au,近畿,和歌山,ａｕショップ 太田,640-8323 和歌山県和歌山市太田１丁目４－２４,https://www.au.com/storelocator/detail/?shopId=K-00127,34.229919,135.193974,ok
au,近畿,和歌山,ａｕショップ 延時,640-8444 和歌山県和歌山市次郎丸５８－１,https://www.au.com/storelocator/detail/?shopId=K-00469,34.255269,135.149388,ok
au,近畿,和歌山,ａｕショップ イオンモール和歌山,640-8454 和歌山県和歌山市ふじと台23番地　イオンモール和歌山1F,https://www.au.com/storelocator/detail/?shopId=K-00766,34.276243,135.149252,ok
au,近畿,和歌山,ａｕショップ 新中島,641-0006 和歌山県和歌山市中島６１０－６,https://www.au.com/storelocator/detail/?shopId=K-00592,34.215414,135.199886,ok
au,近畿,和歌山,ａｕショップ 岩出,649-6215 和歌山県岩出市中迫７３－１,https://www.au.com/storelocator/detail/?shopId=K-00603,34.260866,135.316819,ok
au,近畿,和歌山,UQスポット イオンモール和歌山,640-8451 和歌山県和歌山市ふじと台23番地　イオンモール和歌山1F,https://www.au.com/storelocator/detail/?shopId=K-00823,34.275996,135.149198,ok
au,近畿,和歌山,トヨタ au取扱店 和歌山トヨタ自動車 美園店,640-8331 和歌山県和歌山市美園町２－６５,https://www.au.com/storelocator/detail/?shopId=K-00500,34.231215,135.186504,ok
au,近畿,和歌山,トヨタ au取扱店 和歌山トヨペット 国体道路店,641-0006 和歌山県和歌山市中島３７９－１,https://www.au.com/storelocator/detail/?shopId=K-00579,34.204386,135.185624,ok
au,中国,鳥取,au Style イオンモール鳥取北,680-0904 鳥取県鳥取市晩稲３４８　　イオンモール鳥取北２階,https://www.au.com/storelocator/detail/?shopId=C-00556,35.524856,134.201899,ok
au,中国,鳥取,au Style 鳥取国体道路,680-0921 鳥取県鳥取市古海２３,https://www.au.com/storelocator/detail/?shopId=C-00241,35.496967,134.211147,ok
au,中国,鳥取,au Style 倉吉河北,682-0018 鳥取県倉吉市福庭町２－２１,https://www.au.com/storelocator/detail/?shopId=C-00242,35.464016,133.845114,ok
au,中国,鳥取,au Style イオンモール日吉津,689-3553 鳥取県西伯郡日吉津村大字日吉津1160-1　西館2階,https://www.au.com/storelocator/detail/?shopId=C-00544,35.445770,133.387053,ok
au,中国,鳥取,auショップ 鳥取扇町,680-0845 鳥取県鳥取市富安２－９２－２,https://www.au.com/storelocator/detail/?shopId=C-00498,35.489902,134.227980,ok
au,中国,鳥取,auショップ 鳥取湖山,680-0942 鳥取県鳥取市湖山町東4丁目41番地,https://www.au.com/storelocator/detail/?shopId=C-00167,35.515151,134.188057,ok
au,中国,鳥取,auショップ 米子東福原,683-0802 鳥取県米子市東福原８－２８－２４,https://www.au.com/storelocator/detail/?shopId=C-00212,35.453712,133.346466,ok
au,中国,鳥取,auショップ 米原,683-0804 鳥取県米子市米原５丁目７－１８,https://www.au.com/storelocator/detail/?shopId=C-00386,35.445686,133.328555,ok
au,中国,鳥取,auショップ 米子,683-0812 鳥取県米子市角盤町３－１６５,https://www.au.com/storelocator/detail/?shopId=C-00240,35.435748,133.330342,ok
au,中国,鳥取,auショップ 境港,684-0045 鳥取県境港市高松町１３８４－１３,https://www.au.com/storelocator/detail/?shopId=C-00203,35.518354,133.247928,ok
au,中国,鳥取,トヨタ au取扱店 鳥取トヨタ自動車 鳥取店,680-0847 鳥取県鳥取市天神町３番地,https://www.au.com/storelocator/detail/?shopId=C-00542,35.492831,134.222190,ok
au,中国,鳥取,トヨタ au取扱店 鳥取トヨペット 鳥取店,680-0913 鳥取県鳥取市安長８５０,https://www.au.com/storelocator/detail/?shopId=C-00538,35.513150,134.215519,ok
au,中国,鳥取,トヨタ au取扱店 トヨタカローラ鳥取 米子店,683-0802 鳥取県米子市東福原２丁目１９番５８号,https://www.au.com/storelocator/detail/?shopId=C-00515,35.435635,133.347396,ok
au,中国,島根,auショップ 隠岐,685-0027 島根県隠岐郡隠岐の島町原田１５０１－４,https://www.au.com/storelocator/detail/?shopId=C-00285,36.231593,133.295135,ok
au,中国,島根,auショップ イオン松江,690-0001 島根県松江市東朝日町１５１,https://www.au.com/storelocator/detail/?shopId=C-00507,35.464066,133.069020,ok
au,中国,島根,auショップ 松江西津田,690-0017 島根県松江市西津田５－２－３,https://www.au.com/storelocator/detail/?shopId=C-00154,35.459157,133.072389,ok
au,中国,島根,auショップ 松江田和山,690-0058 島根県松江市田和山町１０１,https://www.au.com/storelocator/detail/?shopId=C-00490,35.441129,133.053149,ok
au,中国,島根,auショップ 三刀屋,690-2403 島根県雲南市三刀屋町下熊谷１７３３－１,https://www.au.com/storelocator/detail/?shopId=C-00284,35.300219,132.892213,ok
au,中国,島根,auショップ イオンモール出雲,693-0004 島根県出雲市渡橋町１０６６　イオンモール出雲３Ｆ,https://www.au.com/storelocator/detail/?shopId=C-00412,35.368658,132.738284,ok
au,中国,島根,auショップ ゆめタウン出雲,693-0063 島根県出雲市大塚町６５０－１,https://www.au.com/storelocator/detail/?shopId=C-00502,35.377180,132.755751,ok
au,中国,島根,auショップ イオンタウン大田,694-0044 島根県大田市長久町土江９７,https://www.au.com/storelocator/detail/?shopId=C-00226,35.198171,132.481173,ok
au,中国,島根,auショップ 江津,695-0024 島根県江津市二宮町神主ハ－５２８－４,https://www.au.com/storelocator/detail/?shopId=C-00034,34.983005,132.183879,ok
au,中国,島根,auショップ ゆめタウン浜田,697-0052 島根県浜田市港町２２７-１　ゆめタウン浜田１階,https://www.au.com/storelocator/detail/?shopId=C-00492,34.899667,132.071419,ok
au,中国,島根,auショップ 益田あけぼの,698-0026 島根県益田市あけぼの本町４－１,https://www.au.com/storelocator/detail/?shopId=C-00456,34.680326,131.840558,ok
au,中国,島根,auショップ 斐川,699-0505 島根県出雲市斐川町上庄原１１２９－1,https://www.au.com/storelocator/detail/?shopId=C-00138,35.392132,132.832243,ok
au,中国,島根,auショップ 松江学園北,690-0825 島根県松江市学園1-19-8,https://www.au.com/storelocator/detail/?shopId=C-00467,35.477715,133.068934,ok
au,中国,島根,au Style 出雲,693-0068 島根県出雲市島根県出雲市姫原3丁目1－1,https://www.au.com/storelocator/detail/?shopId=C-00394,35.371127,132.759360,ok
au,中国,島根,トヨタ au取扱店 ネッツトヨタ島根 松江店,690-0017 島根県松江市西津田2-14-16,https://www.au.com/storelocator/detail/?shopId=C-00512,35.459993,133.079608,ok
au,中国,島根,トヨタ au取扱店 島根トヨタ自動車 松江店,690-0017 島根県松江市西津田1丁目7-24,https://www.au.com/storelocator/detail/?shopId=C-00513,35.459115,133.067726,ok
au,中国,島根,トヨタ au取扱店 トヨタカローラ島根 松江店,690-0017 島根県松江市西津田1-8-22,https://www.au.com/storelocator/detail/?shopId=C-00514,35.459221,133.069407,ok
au,中国,島根,トヨタ au取扱店 島根トヨペット 松江店,690-0017 島根県松江市西津田3-2-7,https://www.au.com/storelocator/detail/?shopId=C-00546,35.459303,133.079242,ok
au,中国,岡山,au Style イオンモール倉敷,710-0802 岡山県倉敷市水江１　イオンモール倉敷２Ｆ,https://www.au.com/storelocator/detail/?shopId=C-00521,34.603389,133.745334,ok
au,中国,岡山,au Style 井原,715-0025 岡山県井原市笹賀町字笠沢７３６－１,https://www.au.com/storelocator/detail/?shopId=C-00235,34.592463,133.452989,ok
au,中国,岡山,auショップ 岡山大安寺,700-0035 岡山県岡山市北区高柳西町１２－１０２,https://www.au.com/storelocator/detail/?shopId=C-00496,34.660152,133.894684,ok
au,中国,岡山,auショップ 岡山十日市,700-0856 岡山県岡山市北区十日市西町８５－１５,https://www.au.com/storelocator/detail/?shopId=C-00479,34.636312,133.924974,ok
au,中国,岡山,auショップ イオンモール岡山,700-0907 岡山県岡山市北区下石井１丁目２番１号　３階,https://www.au.com/storelocator/detail/?shopId=C-00541,34.662642,133.917800,ok
au,中国,岡山,auショップ 岡山大野辻,700-0962 岡山県岡山市北区北長瀬表町１－４－１８,https://www.au.com/storelocator/detail/?shopId=C-00428,34.650733,133.890692,ok
au,中国,岡山,auショップ 岡山下中野,700-0973 岡山県岡山市北区下中野３５４－１０３,https://www.au.com/storelocator/detail/?shopId=C-00437,34.639297,133.902875,ok
au,中国,岡山,auショップ 倉敷中庄,701-0114 岡山県倉敷市松島１１４０－４,https://www.au.com/storelocator/detail/?shopId=C-00064,34.629465,133.803764,ok
au,中国,岡山,auショップ 岡山洲崎,702-8034 岡山県岡山市南区福浜西町３－９,https://www.au.com/storelocator/detail/?shopId=C-00484,34.619968,133.942394,ok
au,中国,岡山,auショップ 東岡山,703-8221 岡山県岡山市中区長岡３３５－４,https://www.au.com/storelocator/detail/?shopId=C-00079,34.678898,133.984717,ok
au,中国,岡山,auショップ 東川原,703-8255 岡山県岡山市中区東川原２３１－５,https://www.au.com/storelocator/detail/?shopId=C-00376,34.674562,133.944349,ok
au,中国,岡山,auショップ 岡山平井,703-8282 岡山県岡山市中区平井５丁目８－５０,https://www.au.com/storelocator/detail/?shopId=C-00501,34.639669,133.939792,ok
au,中国,岡山,auショップ 天満屋ハピーズ西大寺モール,704-8117 岡山県岡山市東区西大寺南１丁目２－５ 天満屋ハピーズ西大寺モール2階,https://www.au.com/storelocator/detail/?shopId=C-00083,34.652492,134.030243,ok
au,中国,岡山,auショップ 玉野,706-0011 岡山県玉野市宇野１－３０－１４,https://www.au.com/storelocator/detail/?shopId=C-00085,34.492931,133.945404,ok
au,中国,岡山,auショップ 美作,707-0003 岡山県美作市明見８－１　エムビル１Ｆ,https://www.au.com/storelocator/detail/?shopId=C-00277,35.018230,134.156681,ok
au,中国,岡山,auショップ 津山ノースランド,708-0002 岡山県津山市上河原115-7,https://www.au.com/storelocator/detail/?shopId=C-00275,35.080223,134.003794,ok
au,中国,岡山,auショップ イオンモール津山インター,708-0842 岡山県津山市河辺1000-1　イオンモール津山インター　2階,https://www.au.com/storelocator/detail/?shopId=C-00081,35.064997,134.046070,ok
au,中国,岡山,auショップ 赤磐山陽,709-0816 岡山県赤磐市下市４０７,https://www.au.com/storelocator/detail/?shopId=C-00457,34.752276,134.020184,ok
au,中国,岡山,auショップ アリオ倉敷,710-0813 岡山県倉敷市寿町１２番２号　アリオ倉敷1F,https://www.au.com/storelocator/detail/?shopId=C-00508,34.603029,133.763078,ok
au,中国,岡山,auショップ 倉敷沖,710-0836 岡山県倉敷市沖６９－５,https://www.au.com/storelocator/detail/?shopId=C-00110,34.591757,133.753756,ok
au,中国,岡山,auショップ 児島,711-0906 岡山県倉敷市児島下の町２－１５９３－１２,https://www.au.com/storelocator/detail/?shopId=C-00418,34.471083,133.822553,ok
au,中国,岡山,auショップ 倉敷水島,712-8014 岡山県倉敷市連島中央１－２－４３,https://www.au.com/storelocator/detail/?shopId=C-00434,34.544564,133.733151,ok
au,中国,岡山,auショップ 笠岡,714-0081 岡山県笠岡市笠岡106-12,https://www.au.com/storelocator/detail/?shopId=C-00253,34.499164,133.517763,ok
au,中国,岡山,auショップ ゆめタウン高梁,716-0061 岡山県高梁市落合町阿部１７００,https://www.au.com/storelocator/detail/?shopId=C-00414,34.777589,133.587737,ok
au,中国,岡山,auショップ イオンタウン鴨方,719-0243 岡山県浅口市鴨方町鴨方９５０－２　イオンタウン鴨方内,https://www.au.com/storelocator/detail/?shopId=C-00452,34.537512,133.585395,ok
au,中国,岡山,auショップ 総社,719-1131 岡山県総社市中央５丁目２－１０３,https://www.au.com/storelocator/detail/?shopId=C-00054,34.669570,133.752799,ok
au,中国,岡山,auショップ 久世,719-3204 岡山県真庭市惣１４９－1,https://www.au.com/storelocator/detail/?shopId=C-00478,35.074211,133.746936,ok
au,中国,岡山,auショップ 津山ウエストランド,708-0013 岡山県津山市二宮71,https://www.au.com/storelocator/detail/?shopId=C-00278,35.060612,133.959061,ok
au,中国,岡山,auショップ 玉島中央,710-0252 岡山県倉敷市玉島爪崎１０８７－３,https://www.au.com/storelocator/detail/?shopId=C-00389,34.558314,133.680583,ok
au,中国,岡山,auショップ 倉敷笹沖,710-0834 岡山県倉敷市笹沖３８７－１,https://www.au.com/storelocator/detail/?shopId=C-00421,34.572308,133.768550,ok
au,中国,岡山,UQスポット イオンモール岡山,700-0907 岡山県岡山市北区下石井１丁目２－１　　イオンモール岡山２Ｆ,https://www.au.com/storelocator/detail/?shopId=C-00565,34.662253,133.918363,ok
au,中国,岡山,UQスポット アリオ倉敷,710-0813 岡山県倉敷市寿町１２番２号　アリオ倉敷2F,https://www.au.com/storelocator/detail/?shopId=C-00560,34.603327,133.764198,ok
au,中国,岡山,トヨタ au取扱店 トヨタカローラ岡山 岡山ショップ,700-0914 岡山県岡山市北区鹿田町１－１－２６,https://www.au.com/storelocator/detail/?shopId=C-00340,34.654126,133.918271,ok
au,中国,岡山,トヨタ au取扱店 岡山トヨタ自動車 岡南店,700-0943 岡山県岡山市南区新福２－１０－３,https://www.au.com/storelocator/detail/?shopId=C-00446,34.627237,133.937353,ok
au,中国,岡山,トヨタ au取扱店 ネッツトヨタ岡山 岡山店,700-0944 岡山県岡山市南区泉田１丁目３－６,https://www.au.com/storelocator/detail/?shopId=C-00364,34.628414,133.917199,ok
au,中国,岡山,トヨタ au取扱店 トヨタレンタリース岡山新保店,700-0945 岡山県岡山市南区新保６５１－３,https://www.au.com/storelocator/detail/?shopId=C-00367,34.630706,133.912671,ok
au,中国,岡山,トヨタ au取扱店 岡山トヨペット 本部,701-0203 岡山県岡山市南区古新田１２３３－２,https://www.au.com/storelocator/detail/?shopId=C-00539,34.623496,133.875411,ok
au,中国,岡山,トヨタ au取扱店 ネッツトヨタ岡山 ビッグステージ東岡山店,703-8225 岡山県岡山市中区神下１０８－１,https://www.au.com/storelocator/detail/?shopId=C-00347,34.676635,133.979363,ok
au,中国,岡山,トヨタ au取扱店 ネッツトヨタ岡山 津山店,708-0842 岡山県津山市河辺１１５８－６,https://www.au.com/storelocator/detail/?shopId=C-00516,35.059195,134.043714,ok
au,中国,岡山,トヨタ au取扱店 ネッツトヨタ岡山 ビッグステージ倉敷中庄店,710-0016 岡山県倉敷市中庄２２７０－２,https://www.au.com/storelocator/detail/?shopId=C-00447,34.625456,133.797465,ok
au,中国,岡山,トヨタ au取扱店 ネッツトヨタ岡山 ビッグステージ倉敷中島店,710-0803 岡山県倉敷市中島２６４０－７,https://www.au.com/storelocator/detail/?shopId=C-00449,34.569751,133.740905,ok
au,中国,岡山,トヨタ au取扱店 岡山トヨペット ＹＡＨＨＯ倉敷,710-0803 岡山県倉敷市中島６６８,https://www.au.com/storelocator/detail/?shopId=C-00536,34.582856,133.737492,ok
au,中国,広島,au Style HIROSHIMA,730-0035 広島県広島市中区本通8番23号　本通ヒルズ1階,https://www.au.com/storelocator/detail/?shopId=C-00545,34.392991,132.458702,ok
au,中国,広島,au Style 福山ビッグローズ前,720-2105 広島県福山市神辺町十三軒屋１９０－１,https://www.au.com/storelocator/detail/?shopId=C-00422,34.547124,133.353253,ok
au,中国,広島,au Style 福山新涯,721-0955 広島県福山市新涯町１－２５－３５,https://www.au.com/storelocator/detail/?shopId=C-00473,34.461834,133.393570,ok
au,中国,広島,au Style イオンモール広島祇園,731-0138 広島県広島市安佐南区祇園３丁目２－１　イオンモール広島祇園２Ｆ,https://www.au.com/storelocator/detail/?shopId=C-00510,34.445417,132.460754,ok
au,中国,広島,au Style 五日市コイン通り,731-5127 広島県広島市佐伯区五日市５－１６－１６,https://www.au.com/storelocator/detail/?shopId=C-00021,34.370484,132.356962,ok
au,中国,広島,au Style LECT広島T-SITE,733-0831 広島県広島市西区扇２丁目１‐４５　ＬＥＣＴ広島Ｔ‐ＳＩＴＥ１F,https://www.au.com/storelocator/detail/?shopId=C-00567,34.373090,132.406736,ok
au,中国,広島,au Style 尾道門田町,722-0017 広島県尾道市門田町２３－４,https://www.au.com/storelocator/detail/?shopId=C-00237,34.422313,133.185926,ok
au,中国,広島,auショップ 福山三吉,720-0031 広島県福山市三吉町２丁目１－３７,https://www.au.com/storelocator/detail/?shopId=C-00480,34.495031,133.371669,ok
au,中国,広島,auショップ さんすて福山,720-0066 広島県福山市三之丸３０－１　さんすて福山内,https://www.au.com/storelocator/detail/?shopId=C-00488,34.488966,133.362052,ok
au,中国,広島,auショップ 天満屋ポートプラザ,720-0801 広島県福山市入船町３丁目１－２５　天満屋ハピータウン ポートプラザ店１F,https://www.au.com/storelocator/detail/?shopId=C-00250,34.486722,133.377153,ok
au,中国,広島,auショップ 沖野上,720-0825 広島県福山市沖野上町４－１６－１７,https://www.au.com/storelocator/detail/?shopId=C-00074,34.471352,133.372245,ok
au,中国,広島,auショップ 神辺,720-2122 広島県福山市神辺町大字新湯野４０－８,https://www.au.com/storelocator/detail/?shopId=C-00373,34.555319,133.388544,ok
au,中国,広島,auショップ 福山春日通り,721-0907 広島県福山市春日町６－２－１４,https://www.au.com/storelocator/detail/?shopId=C-00433,34.509010,133.411950,ok
au,中国,広島,auショップ 手城,721-0966 広島県福山市手城町４－１－２５,https://www.au.com/storelocator/detail/?shopId=C-00317,34.489352,133.398457,ok
au,中国,広島,auショップ 福山蔵王,721-0973 広島県福山市南蔵王町５丁目１－５５,https://www.au.com/storelocator/detail/?shopId=C-00103,34.500513,133.398923,ok
au,中国,広島,auショップ 因島,722-2211 広島県尾道市因島中庄１９８４－４,https://www.au.com/storelocator/detail/?shopId=C-00232,34.312830,133.151849,ok
au,中国,広島,auショップ 三原中央,723-0014 広島県三原市城町３丁目９－３,https://www.au.com/storelocator/detail/?shopId=C-00540,34.397418,133.084079,ok
au,中国,広島,auショップ 三原宮浦,723-0051 広島県三原市宮浦３－３０－１,https://www.au.com/storelocator/detail/?shopId=C-00075,34.395091,133.065531,ok
au,中国,広島,auショップ 竹原,725-0021 広島県竹原市竹原町上新開３６２８－１,https://www.au.com/storelocator/detail/?shopId=C-00031,34.347956,132.904541,ok
au,中国,広島,auショップ 備後府中,726-0012 広島県府中市中須町740-1,https://www.au.com/storelocator/detail/?shopId=C-00092,34.556463,133.260732,ok
au,中国,広島,auショップ 三次,728-0021 広島県三次市三次町１２９－１,https://www.au.com/storelocator/detail/?shopId=C-00051,34.812979,132.866711,ok
au,中国,広島,auショップ 松永,729-0104 広島県福山市松永町６丁目１０-４８,https://www.au.com/storelocator/detail/?shopId=C-00243,34.443085,133.254843,ok
au,中国,広島,auショップ 本通駅前,730-0035 広島県広島市中区本通７－２４,https://www.au.com/storelocator/detail/?shopId=C-00495,34.393400,132.457448,ok
au,中国,広島,auショップ フジグラン緑井,731-0103 広島県広島市安佐南区緑井１丁目５－２フジグラン緑井３F,https://www.au.com/storelocator/detail/?shopId=C-00309,34.466426,132.476654,ok
au,中国,広島,auショップ 東原,731-0112 広島県広島市安佐南区東原１丁目１番２号,https://www.au.com/storelocator/detail/?shopId=C-00468,34.443790,132.479871,ok
au,中国,広島,auショップ 広島沼田,731-3164 広島県広島市安佐南区伴東５丁目１９－２９,https://www.au.com/storelocator/detail/?shopId=C-00464,34.467482,132.418092,ok
au,中国,広島,auショップ フジグラン安芸,731-4311 広島県安芸郡坂町北新地２－３－３０　フジグラン安芸　2F,https://www.au.com/storelocator/detail/?shopId=C-00407,34.349312,132.518778,ok
au,中国,広島,auショップ 五日市城山,731-5128 広島県広島市佐伯区五日市中央7丁目11-10,https://www.au.com/storelocator/detail/?shopId=C-00522,34.384732,132.356208,ok
au,中国,広島,auショップ ジアウトレット広島,731-5162 広島県広島市佐伯区石内東4丁目1番1号,https://www.au.com/storelocator/detail/?shopId=C-00568,34.408320,132.396790,ok
au,中国,広島,auショップ 横川,733-0011 広島県広島市西区横川町３－２－２９　横川駅ＮＫビル１Ｆ,https://www.au.com/storelocator/detail/?shopId=C-00369,34.409869,132.450166,ok
au,中国,広島,auショップ 観音,733-0035 広島県広島市西区南観音２－２－３３,https://www.au.com/storelocator/detail/?shopId=C-00215,34.386887,132.431609,ok
au,中国,広島,auショップ アルパーク,733-0834 広島県広島市西区草津新町２－２６－１　アルパーク東棟３Ｆブルーサイド,https://www.au.com/storelocator/detail/?shopId=C-00011,34.373787,132.393826,ok
au,中国,広島,auショップ イオン宇品,734-0003 広島県広島市南区宇品東６丁目１番１５号　イオン宇品内２階,https://www.au.com/storelocator/detail/?shopId=C-00537,34.362668,132.468818,ok
au,中国,広島,auショップ イオンモール広島府中,735-0021 広島県安芸郡府中町大須２－１－１　イオンモール広島府中　2F,https://www.au.com/storelocator/detail/?shopId=C-00487,34.393125,132.498251,ok
au,中国,広島,auショップ ゆめタウン呉,737-0029 広島県呉市宝町５－１０　ゆめタウン呉１Ｆ,https://www.au.com/storelocator/detail/?shopId=C-00486,34.243087,132.556688,ok
au,中国,広島,auショップ 広国際通り,737-0112 広島県呉市広古新開８-25-18,https://www.au.com/storelocator/detail/?shopId=C-00471,34.242117,132.622544,ok
au,中国,広島,auショップ 廿日市市役所前,738-0023 広島県廿日市市下平良１－４－２４,https://www.au.com/storelocator/detail/?shopId=C-00315,34.349317,132.330863,ok
au,中国,広島,auショップ ゆめタウン廿日市,738-0023 広島県廿日市市下平良２丁目２－１　ゆめタウン廿日市３階,https://www.au.com/storelocator/detail/?shopId=C-00430,34.345843,132.335029,ok
au,中国,広島,auショップ フジグラン東広島,739-0024 広島県東広島市西条町御薗宇４４０５　フジグラン東広島1F,https://www.au.com/storelocator/detail/?shopId=C-00377,34.408013,132.750101,ok
au,中国,広島,auショップ 広大前,739-0047 広島県東広島市西条下見５丁目１－50,https://www.au.com/storelocator/detail/?shopId=C-00117,34.410183,132.714506,ok
au,中国,広島,auショップ 高陽,739-1731 広島県広島市安佐北区落合５－２８－１８　森川ビル１Ｆ,https://www.au.com/storelocator/detail/?shopId=C-00030,34.476747,132.521244,ok
au,中国,広島,auショップ 広島八木,731-0101 広島県広島市安佐南区八木1丁目27-7,https://www.au.com/storelocator/detail/?shopId=C-00166,34.480164,132.491794,ok
au,中国,広島,auショップ 大町(広島県),731-0124 広島県広島市安佐南区大町東３－３－８－５,https://www.au.com/storelocator/detail/?shopId=C-00165,34.463071,132.467955,ok
au,中国,広島,auショップ マルナカ可部,731-0221 広島県広島市安佐北区可部７－４－１３　山陽マルナカ可部１Ｆ,https://www.au.com/storelocator/detail/?shopId=C-00450,34.523439,132.512340,ok
au,中国,広島,auショップ ゆめタウン広島,734-0007 広島県広島市南区皆実町２丁目８－１７　ゆめタウン広島３F,https://www.au.com/storelocator/detail/?shopId=C-00494,34.376997,132.463482,ok
au,中国,広島,UQスポット ゆめタウン福山,720-0801 広島県福山市入船町３丁目１－６０　　　ゆめタウン福山２階,https://www.au.com/storelocator/detail/?shopId=C-00550,34.487033,133.378666,ok
au,中国,広島,UQスポット イオンモール広島祇園,731-0138 広島県広島市安佐南区祇園３丁目２－１　イオンモール広島祇園２Ｆ,https://www.au.com/storelocator/detail/?shopId=C-00566,34.444171,132.461694,ok
au,中国,広島,UQスポット イオンモール広島府中,735-0021 広島県安芸郡府中町大須２－１－１,https://www.au.com/storelocator/detail/?shopId=C-00563,34.394417,132.499403,ok
au,中国,広島,UQスポット ゆめタウン廿日市,738-0023 広島県廿日市市下平良２丁目２－１　　　ゆめタウン廿日市３階,https://www.au.com/storelocator/detail/?shopId=C-00564,34.345619,132.335799,ok
au,中国,広島,UQスポット フジグラン神辺,720-2107 広島県福山市神辺町大字新道上字二丁目１０－２６,https://www.au.com/storelocator/detail/?shopId=C-00549,34.545246,133.356995,ok
au,中国,広島,トヨタ au取扱店 広島トヨペット 福山西町店,720-0067 広島県福山市西町１－８－１５,https://www.au.com/storelocator/detail/?shopId=C-00337,34.486131,133.357548,ok
au,中国,広島,トヨタ au取扱店 トヨタカローラ広島 福山支店,721-0974 広島県福山市東深津町4丁目20-26,https://www.au.com/storelocator/detail/?shopId=C-00400,34.488526,133.390364,ok
au,中国,広島,トヨタ au取扱店 広島トヨペット 尾道店,729-0141 広島県尾道市高須町字１－通沖１２２７,https://www.au.com/storelocator/detail/?shopId=C-00336,34.430343,133.229229,ok
au,中国,広島,トヨタ au取扱店 トヨタカローラ広島 広島支店,730-0811 広島県広島市中区中島町２－２４,https://www.au.com/storelocator/detail/?shopId=C-00343,34.390667,132.450277,ok
au,中国,広島,トヨタ au取扱店 広島トヨペット 八木店,731-0101 広島県広島市安佐南区八木８－２－１,https://www.au.com/storelocator/detail/?shopId=C-00331,34.495791,132.507856,ok
au,中国,広島,トヨタ au取扱店 広島トヨペット 観音店,733-0003 広島県広島市西区観音町７－８,https://www.au.com/storelocator/detail/?shopId=C-00328,34.393593,132.441688,ok
au,中国,広島,トヨタ au取扱店 広島トヨタ自動車 サービス部,733-0036 広島県広島市西区観音新町4丁目10-134,https://www.au.com/storelocator/detail/?shopId=C-00357,34.365409,132.413129,ok
au,中国,広島,トヨタ au取扱店 トヨタカローラ広島 西支店,733-0822 広島県広島市西区庚午中1丁目18-25,https://www.au.com/storelocator/detail/?shopId=C-00528,34.384133,132.415441,ok
au,中国,広島,トヨタ au取扱店 広島トヨペット 霞店,734-0037 広島県広島市南区霞２－５－１６,https://www.au.com/storelocator/detail/?shopId=C-00327,34.377781,132.479299,ok
au,中国,広島,トヨタ au取扱店 トヨタカローラ広島 呉支店,737-0811 広島県呉市西中央2丁目4-11,https://www.au.com/storelocator/detail/?shopId=C-00530,34.248329,132.559471,ok
au,中国,広島,トヨタ au取扱店 広島トヨペット 西条店,739-0041 広島県東広島市西条町寺家字友松４７４４,https://www.au.com/storelocator/detail/?shopId=C-00334,34.435447,132.722949,ok
au,中国,広島,トヨタ au取扱店 トヨタカローラ広島 東広島支店,739-0041 広島県東広島市西条町寺家6857,https://www.au.com/storelocator/detail/?shopId=C-00531,34.433230,132.723795,ok
au,中国,山口,au Style 光島田,743-0063 山口県光市島田２－２４－１０,https://www.au.com/storelocator/detail/?shopId=C-00134,33.969497,131.933211,ok
au,中国,山口,au Style 周南遠石,745-0816 山口県周南市遠石1丁目11番4号,https://www.au.com/storelocator/detail/?shopId=C-00384,34.041344,131.821744,ok
au,中国,山口,au Style 防府八王子,747-0037 山口県防府市八王子１丁目３１－２９,https://www.au.com/storelocator/detail/?shopId=C-00441,34.056737,131.568656,ok
au,中国,山口,au Style イオンタウン防府,747-0823 山口県防府市鐘紡町７－１　イオンタウン防府１Ｆ,https://www.au.com/storelocator/detail/?shopId=C-00497,34.049482,131.588692,ok
au,中国,山口,au Style コスパ新下関,751-0886 山口県下関市石原３０３　コスパビル内,https://www.au.com/storelocator/detail/?shopId=C-00481,34.014985,130.949242,ok
au,中国,山口,au Style ゆめタウン山口,753-0251 山口県山口市大内千坊6丁目9-1　ゆめタウン山口２F,https://www.au.com/storelocator/detail/?shopId=C-00379,34.160099,131.491369,ok
au,中国,山口,au Style 山口平川,753-0831 山口県山口市平井３０５－１,https://www.au.com/storelocator/detail/?shopId=C-00137,34.157679,131.466050,ok
au,中国,山口,au Style 新山口,754-0002 山口県山口市小郡下郷７８９－１１,https://www.au.com/storelocator/detail/?shopId=C-00499,34.103242,131.394159,ok
au,中国,山口,auショップ フレスタモール岩国,740-0021 山口県岩国市室の木町１丁目２－３８　フレスタモール岩国1F,https://www.au.com/storelocator/detail/?shopId=C-00474,34.170299,132.214092,ok
au,中国,山口,auショップ 南岩国,740-0034 山口県岩国市南岩国町１丁目２１番１２号,https://www.au.com/storelocator/detail/?shopId=C-00016,34.133441,132.203193,ok
au,中国,山口,auショップ 柳井中央,742-0031 山口県柳井市南町１－１－７,https://www.au.com/storelocator/detail/?shopId=C-00019,33.965423,132.102461,ok
au,中国,山口,auショップ イオン光,743-0046 山口県光市浅江木園１７５６－１　イオン光店１Ｆ,https://www.au.com/storelocator/detail/?shopId=C-00519,33.979373,131.927411,ok
au,中国,山口,auショップ 周南新宿通り,745-0056 山口県周南市新宿通２－１,https://www.au.com/storelocator/detail/?shopId=C-00509,34.058652,131.801525,ok
au,中国,山口,auショップ 周南政所,746-0012 山口県周南市政所３－９５５－４,https://www.au.com/storelocator/detail/?shopId=C-00378,34.071435,131.773073,ok
au,中国,山口,auショップ ゆめモール下関,751-0820 山口県下関市新椋野１丁目２番２号,https://www.au.com/storelocator/detail/?shopId=C-00417,33.983023,130.946563,ok
au,中国,山口,auショップ フジグラン宇部,755-0008 山口県宇部市明神町３丁目１－１　フジグラン宇部２Ｆ,https://www.au.com/storelocator/detail/?shopId=C-00189,33.930533,131.255647,ok
au,中国,山口,auショップ おのだサンパーク,756-0806 山口県山陽小野田市中川６丁目４－１　おのだサンパーク2F,https://www.au.com/storelocator/detail/?shopId=C-00500,33.985470,131.170945,ok
au,中国,山口,auショップ 萩バスセンター前,758-0044 山口県萩市唐樋町１４－２,https://www.au.com/storelocator/detail/?shopId=C-00171,34.410402,131.403038,ok
au,中国,山口,auショップ ゆめタウン宇部,759-0204 山口県宇部市黒石北３丁目４－１ 　ゆめタウン宇部1F,https://www.au.com/storelocator/detail/?shopId=C-00442,33.984744,131.206210,ok
au,中国,山口,auショップ 柳井南,742-0032 山口県柳井市古開作中東篠６５２－３,https://www.au.com/storelocator/detail/?shopId=C-00151,33.966151,132.099073,ok
au,中国,山口,auショップ 星プラザ下松,744-0025 山口県下松市中央町２１－３　星プラザ２Ｆ,https://www.au.com/storelocator/detail/?shopId=C-00149,34.018931,131.863032,ok
au,中国,山口,auショップ ゆめシティ,751-0869 山口県下関市伊倉新町３丁目１－１　ゆめシティ内,https://www.au.com/storelocator/detail/?shopId=C-00520,34.007092,130.933645,ok
au,中国,山口,auショップ ゆめタウン長府,752-0926 山口県下関市ゆめタウン２－１１,https://www.au.com/storelocator/detail/?shopId=C-00431,34.029449,131.013968,ok
au,中国,山口,auショップ 長門駅南,759-4101 山口県長門市東深川８２２－１　アドホック３号,https://www.au.com/storelocator/detail/?shopId=C-00188,34.373526,131.187846,ok
au,中国,山口,UQスポット 星プラザ下松,744-0025 山口県下松市中央町２１－３　　　星プラザ下松２Ｆ,https://www.au.com/storelocator/detail/?shopId=C-00554,34.018586,131.862173,ok
au,中国,山口,UQスポット ゆめタウン山口,753-0251 山口県山口市大内千坊六丁目９番１号　　ゆめタウン山口２Ｆ,https://www.au.com/storelocator/detail/?shopId=C-00553,34.160345,131.491597,ok
au,中国,山口,UQスポット フジグラン宇部,755-0008 山口県宇部市明神町３丁目１－１　　フジグラン宇部1F,https://www.au.com/storelocator/detail/?shopId=C-00562,33.930975,131.257197,ok
au,中国,山口,UQスポット おのだサンパーク,756-0806 山口県山陽小野田市中川６丁目４－１　　おのだサンパーク２Ｆ,https://www.au.com/storelocator/detail/?shopId=C-00561,33.985008,131.171002,ok
au,中国,山口,トヨタ au取扱店 ネッツトヨタ山口 徳山店,745-0802 山口県周南市栗屋８０６－３,https://www.au.com/storelocator/detail/?shopId=C-00350,34.018680,131.836773,ok
au,中国,山口,トヨタ au取扱店 トヨタカローラ山口 徳山店,745-0861 山口県周南市新地１－６－１,https://www.au.com/storelocator/detail/?shopId=C-00344,34.067591,131.793072,ok
au,中国,山口,トヨタ au取扱店 山口トヨペット 山口店,753-0811 山口県山口市維新公園３丁目１２番２５号,https://www.au.com/storelocator/detail/?shopId=C-00339,34.153215,131.438479,ok
au,中国,山口,トヨタ au取扱店 山口トヨタ自動車 本社店,754-0002 山口県山口市小郡下郷９４５－２,https://www.au.com/storelocator/detail/?shopId=C-00326,34.100510,131.397091,ok
au,四国,香川,au Style 高松丸亀町,760-0029 香川県高松市丸亀町3-13　参番街西館1F,https://www.au.com/storelocator/detail/?shopId=S-00332,34.344670,134.050061,ok
au,四国,香川,au Style ハローズ円座,761-8044 香川県高松市円座町845-3,https://www.au.com/storelocator/detail/?shopId=S-00339,34.293942,134.011890,ok
au,四国,香川,au Style サンシャイン通り,761-8074 香川県高松市太田上町282-3,https://www.au.com/storelocator/detail/?shopId=S-00184,34.296272,134.038707,ok
au,四国,香川,auショップ 高松レインボーロード,760-0079 香川県高松市松縄町1066-6,https://www.au.com/storelocator/detail/?shopId=S-00327,34.319924,134.063000,ok
au,四国,香川,auショップ 屋島,761-0113 香川県高松市屋島西町１９０１,https://www.au.com/storelocator/detail/?shopId=S-00072,34.339530,134.100295,ok
au,四国,香川,auショップ 三木(香川県),761-0612 香川県木田郡三木町氷上782-1,https://www.au.com/storelocator/detail/?shopId=S-00225,34.263995,134.137209,ok
au,四国,香川,auショップ 小豆島,761-4100 香川県小豆郡土庄町字半の池甲1360-10,https://www.au.com/storelocator/detail/?shopId=S-00262,34.476081,134.179876,ok
au,四国,香川,auショップ ゆめタウン高松,761-8072 香川県高松市三条町６０８-１　ゆめタウン高松１Ｆ,https://www.au.com/storelocator/detail/?shopId=S-00270,34.316884,134.041011,ok
au,四国,香川,auショップ ゆめタウン丸亀,763-0055 香川県丸亀市新田町１５０ ゆめタウン丸亀 １Ｆ,https://www.au.com/storelocator/detail/?shopId=S-00325,34.273522,133.785263,ok
au,四国,香川,auショップ 丸亀土器,763-0082 香川県丸亀市土器町東6丁目431番地,https://www.au.com/storelocator/detail/?shopId=S-00239,34.295641,133.812432,ok
au,四国,香川,auショップ 観音寺,768-0021 香川県観音寺市吉岡町１,https://www.au.com/storelocator/detail/?shopId=S-00229,34.132934,133.693475,ok
au,四国,香川,auショップ 国分寺(香川県),769-0102 香川県高松市国分寺町国分193-1,https://www.au.com/storelocator/detail/?shopId=S-00159,34.297571,133.953221,ok
au,四国,香川,auショップ 宇多津,769-0204 香川県綾歌郡宇多津町浜４番丁４５－１,https://www.au.com/storelocator/detail/?shopId=S-00073,34.310683,133.814117,ok
au,四国,香川,auショップ 三本松,769-2602 香川県東かがわ市川東６８－１,https://www.au.com/storelocator/detail/?shopId=S-00085,34.249302,134.330779,ok
au,四国,香川,auショップ 香西,761-8031 香川県高松市郷東町1-8,https://www.au.com/storelocator/detail/?shopId=S-00155,34.344292,134.016610,ok
au,四国,香川,auショップ 善通寺,765-0053 香川県善通寺市生野町１０３１－１,https://www.au.com/storelocator/detail/?shopId=S-00076,34.228870,133.792449,ok
au,四国,香川,auショップ さぬき志度,769-2101 香川県さぬき市志度９９５－１,https://www.au.com/storelocator/detail/?shopId=S-00283,34.320473,134.181143,ok
au,四国,香川,UQスポット ゆめタウン高松,761-8072 香川県高松市三条町６０８－１　　ゆめタウン高松　１Ｆ,https://www.au.com/storelocator/detail/?shopId=S-00350,34.316902,134.041628,ok
au,四国,香川,UQスポット ゆめタウン丸亀,763-0055 香川県丸亀市新田町１５０　ゆめタウン丸亀２Ｆ,https://www.au.com/storelocator/detail/?shopId=S-00349,34.273252,133.785332,ok
au,四国,香川,トヨタ au取扱店 ネッツトヨタ香川 本店,760-0080 香川県高松市木太町２６８１－８,https://www.au.com/storelocator/detail/?shopId=S-00311,34.339645,134.080576,ok
au,四国,香川,トヨタ au取扱店 香川トヨタ自動車 屋島店,761-0101 香川県高松市春日町1378番地,https://www.au.com/storelocator/detail/?shopId=S-00347,34.334442,134.091888,ok
au,四国,香川,トヨタ au取扱店 ネッツトヨタ高松 本社,761-8014 香川県高松市香西南町４０４番地１,https://www.au.com/storelocator/detail/?shopId=S-00315,34.341915,134.003250,ok
au,四国,徳島,auショップ 田宮街道,770-0003 徳島県徳島市北田宮2丁目2-5,https://www.au.com/storelocator/detail/?shopId=S-00263,34.086928,134.543055,ok
au,四国,徳島,auショップ 沖浜,770-0944 徳島県徳島市南昭和町１－３６－４,https://www.au.com/storelocator/detail/?shopId=S-00132,34.057592,134.554137,ok
au,四国,徳島,auショップ 新浜,770-8008 徳島県徳島市西新浜町１－７５－１,https://www.au.com/storelocator/detail/?shopId=S-00272,34.043546,134.560981,ok
au,四国,徳島,auショップ 北島バイパス,771-0204 徳島県板野郡北島町鯛浜字西ノ須６４－１１,https://www.au.com/storelocator/detail/?shopId=S-00329,34.114257,134.546621,ok
au,四国,徳島,auショップ ゆめタウン徳島,771-1201 徳島県板野郡藍住町奥野字中須88-1,https://www.au.com/storelocator/detail/?shopId=S-00334,34.119275,134.500923,ok
au,四国,徳島,auショップ 藍住,771-1262 徳島県板野郡藍住町笠木字中野173-1,https://www.au.com/storelocator/detail/?shopId=S-00022,34.134090,134.507543,ok
au,四国,徳島,auショップ 鳴門,772-0011 徳島県鳴門市撫養町大桑島濘岩浜19-52,https://www.au.com/storelocator/detail/?shopId=S-00004,34.184604,134.612354,ok
au,四国,徳島,auショップ 小松島,773-0010 徳島県小松島市日開野町字弥三次15-1,https://www.au.com/storelocator/detail/?shopId=S-00138,34.002312,134.575115,ok
au,四国,徳島,auショップ 阿南,774-0013 徳島県阿南市日開野町南居内321-1,https://www.au.com/storelocator/detail/?shopId=S-00142,33.917909,134.674039,ok
au,四国,徳島,auショップ かもじま,776-0013 徳島県吉野川市鴨島町上下島字松元３８９－１,https://www.au.com/storelocator/detail/?shopId=S-00003,34.068457,134.351792,ok
au,四国,徳島,auショップ 石井,779-3222 徳島県名西郡石井町高川原字天神665-1,https://www.au.com/storelocator/detail/?shopId=S-00140,34.082518,134.442808,ok
au,四国,徳島,auショップ 脇町,779-3601 徳島県美馬市脇町字拝原1582,https://www.au.com/storelocator/detail/?shopId=S-00122,34.063888,134.164611,ok
au,四国,徳島,トヨタ au取扱店 徳島トヨペット 徳島昭和店,770-0942 徳島県徳島市昭和町８－７,https://www.au.com/storelocator/detail/?shopId=S-00293,34.056558,134.570868,ok
au,四国,愛媛,au Style 松山銀天街,790-0012 愛媛県松山市湊町４丁目８－３,https://www.au.com/storelocator/detail/?shopId=S-00257,33.836026,132.767587,ok
au,四国,愛媛,au Style 空港通,790-0054 愛媛県松山市空港通2丁目14-11,https://www.au.com/storelocator/detail/?shopId=S-00337,33.829015,132.739457,ok
au,四国,愛媛,au Style 松山インター,790-0932 愛媛県松山市東石井4-11-12,https://www.au.com/storelocator/detail/?shopId=S-00330,33.811611,132.779290,ok
au,四国,愛媛,au Style イオンスタイル松山,790-0951 愛媛県松山市天山１－１３－５　イオンスタイル松山２Ｆ,https://www.au.com/storelocator/detail/?shopId=S-00359,33.823686,132.776443,ok
au,四国,愛媛,au Style 松山北環状,791-8002 愛媛県松山市谷町１３１－７,https://www.au.com/storelocator/detail/?shopId=S-00245,33.881710,132.752298,ok
au,四国,愛媛,au Style パルティフジ衣山,791-8025 愛媛県松山市衣山1-188　パルティフジ衣山内,https://www.au.com/storelocator/detail/?shopId=S-00328,33.852429,132.747087,ok
au,四国,愛媛,au Style 大洲,795-0064 愛媛県大洲市東大洲１４８９－１,https://www.au.com/storelocator/detail/?shopId=S-00260,33.530552,132.571113,ok
au,四国,愛媛,au Style 八幡浜,796-0037 愛媛県八幡浜市昭和通り　三瀬商店ビル１Ｆ,https://www.au.com/storelocator/detail/?shopId=S-00144,33.457378,132.426364,ok
au,四国,愛媛,au Style 宇和島,798-0068 愛媛県宇和島市明倫町４丁目５番１４号,https://www.au.com/storelocator/detail/?shopId=S-00345,33.218293,132.558064,ok
au,四国,愛媛,au Style 今治鳥生,799-1502 愛媛県今治市南高下町１丁目１－４５,https://www.au.com/storelocator/detail/?shopId=S-00248,34.050959,133.013839,ok
au,四国,愛媛,au Style 伊予,799-3111 愛媛県伊予市下吾川966-1,https://www.au.com/storelocator/detail/?shopId=S-00338,33.767424,132.708233,ok
au,四国,愛媛,auショップ 松山東環状,790-0916 愛媛県松山市束本１丁目５－２９,https://www.au.com/storelocator/detail/?shopId=S-00282,33.832473,132.787505,ok
au,四国,愛媛,auショップ 鷹ノ子,790-0925 愛媛県松山市鷹ノ子町626-1,https://www.au.com/storelocator/detail/?shopId=S-00169,33.813562,132.812270,ok
au,四国,愛媛,auショップ はなみずき通り,790-0942 愛媛県松山市古川北１丁目１２番地３０号,https://www.au.com/storelocator/detail/?shopId=S-00092,33.814018,132.765374,ok
au,四国,愛媛,auショップ フジグラン重信,791-0216 愛媛県東温市野田３－１－１３,https://www.au.com/storelocator/detail/?shopId=S-00222,33.795667,132.833420,ok
au,四国,愛媛,auショップ エミフルＭＡＳＡＫＩ,791-3120 愛媛県伊予郡松前町筒井８５０,https://www.au.com/storelocator/detail/?shopId=S-00285,33.789676,132.715812,ok
au,四国,愛媛,auショップ イオンモール新居浜,792-0007 愛媛県新居浜市前田町８－８　イオンモール新居浜SC内,https://www.au.com/storelocator/detail/?shopId=S-00049,33.953783,133.269094,ok
au,四国,愛媛,auショップ 新居浜宮西,792-0012 愛媛県新居浜市中須賀町1丁目1番5号,https://www.au.com/storelocator/detail/?shopId=S-00154,33.959367,133.275033,ok
au,四国,愛媛,auショップ にいはま東,792-0865 愛媛県新居浜市桜木町３－３,https://www.au.com/storelocator/detail/?shopId=S-00333,33.966063,133.301488,ok
au,四国,愛媛,auショップ 西条中央,793-0028 愛媛県西条市新田北新田180-2,https://www.au.com/storelocator/detail/?shopId=S-00160,33.927939,133.185293,ok
au,四国,愛媛,auショップ イオンモール今治新都市,794-0068 愛媛県今治市にぎわい広場１番地１,https://www.au.com/storelocator/detail/?shopId=S-00246,34.043599,132.962233,ok
au,四国,愛媛,auショップ 西予,797-0015 愛媛県西予市宇和町卯之町４－５５６,https://www.au.com/storelocator/detail/?shopId=S-00267,33.360646,132.517092,ok
au,四国,愛媛,auショップ 宇和島和霊,798-0012 愛媛県宇和島市和霊町１２４０,https://www.au.com/storelocator/detail/?shopId=S-00277,33.231854,132.568685,ok
au,四国,愛媛,auショップ 川之江,799-0113 愛媛県四国中央市妻鳥町1152-1,https://www.au.com/storelocator/detail/?shopId=S-00082,33.993851,133.575164,ok
au,四国,愛媛,auショップ 三島東,799-0411 愛媛県四国中央市下柏町289-1,https://www.au.com/storelocator/detail/?shopId=S-00164,33.985591,133.559637,ok
au,四国,愛媛,auショップ 東予,799-1353 愛媛県西条市三津屋南6-30,https://www.au.com/storelocator/detail/?shopId=S-00254,33.931507,133.092664,ok
au,四国,愛媛,auショップ しまなみ,794-0054 愛媛県今治市北日吉町２－６－２２,https://www.au.com/storelocator/detail/?shopId=S-00249,34.062455,132.986111,ok
au,四国,愛媛,UQスポット イオンモール新居浜,792-0007 愛媛県新居浜市前田町８－８,https://www.au.com/storelocator/detail/?shopId=S-00355,33.954888,133.268469,ok
au,四国,愛媛,UQスポット イオンモール今治新都市,794-0068 愛媛県今治市にぎわい広場１－１,https://www.au.com/storelocator/detail/?shopId=S-00356,34.043203,132.962241,ok
au,四国,愛媛,トヨタ au取扱店 愛媛トヨタ自動車 本店,790-0066 愛媛県松山市宮田町１０９－１,https://www.au.com/storelocator/detail/?shopId=S-00292,33.843333,132.752154,ok
au,四国,愛媛,トヨタ au取扱店 トヨタカローラ愛媛 中央通店,791-8511 愛媛県松山市中央１－１６－５,https://www.au.com/storelocator/detail/?shopId=S-00306,33.854638,132.750746,ok
au,四国,愛媛,トヨタ au取扱店 愛媛トヨペット,792-0050 愛媛県新居浜市萩生字岸ノ下１１５７,https://www.au.com/storelocator/detail/?shopId=S-00357,33.927599,133.263485,ok
au,四国,愛媛,トヨタ au取扱店 ネッツトヨタ愛媛 小松,799-1101 愛媛県西条市小松町新屋敷1165-5,https://www.au.com/storelocator/detail/?shopId=S-00312,33.910967,133.109998,ok
au,四国,高知,auショップ イオンモール高知,780-0026 高知県高知市秦南町１の４の８　イオンモール高知ＳＣ内　２階,https://www.au.com/storelocator/detail/?shopId=S-00346,33.575266,133.542193,ok
au,四国,高知,auショップ 万々,780-0985 高知県高知市南久万島田28-1,https://www.au.com/storelocator/detail/?shopId=S-00252,33.571357,133.521467,ok
au,四国,高知,auショップ 鴨部,780-8052 高知県高知市鴨部１丁目２３－２０,https://www.au.com/storelocator/detail/?shopId=S-00033,33.553312,133.498843,ok
au,四国,高知,auショップ 朝倉,780-8061 高知県高知市朝倉甲611-20,https://www.au.com/storelocator/detail/?shopId=S-00238,33.540243,133.491373,ok
au,四国,高知,auショップ 薊野,781-0013 高知県高知市薊野中町３３－４０,https://www.au.com/storelocator/detail/?shopId=S-00236,33.579591,133.562252,ok
au,四国,高知,auショップ 高岡,781-1101 高知県土佐市高岡町甲５３－８,https://www.au.com/storelocator/detail/?shopId=S-00193,33.494386,133.443132,ok
au,四国,高知,auショップ サニーアクシスいの,781-2110 高知県吾川郡いの町２０５ サニーアクシスいの店内 1F,https://www.au.com/storelocator/detail/?shopId=S-00280,33.550663,133.442544,ok
au,四国,高知,auショップ 野市,781-5232 高知県香南市野市町西野２１９４－２,https://www.au.com/storelocator/detail/?shopId=S-00116,33.558069,133.695227,ok
au,四国,高知,auショップ 高須(高知県),781-8123 高知県高知市高須８５７－１２,https://www.au.com/storelocator/detail/?shopId=S-00113,33.557424,133.588207,ok
au,四国,高知,auショップ ごめん,783-0004 高知県南国市大そね甲２５２５ー１,https://www.au.com/storelocator/detail/?shopId=S-00324,33.567547,133.639226,ok
au,四国,高知,auショップ 安芸,784-0022 高知県安芸市庄之芝町363-5,https://www.au.com/storelocator/detail/?shopId=S-00088,33.502935,133.899917,ok
au,四国,高知,auショップ 中村,787-0010 高知県四万十市古津賀４丁目１００－２,https://www.au.com/storelocator/detail/?shopId=S-00046,32.983588,132.953950,ok
au,四国,高知,auショップ フジグラン四万十,787-0019 高知県四万十市具同２２２２番地フジグラン四万十２F,https://www.au.com/storelocator/detail/?shopId=S-00326,32.981216,132.920345,ok
au,四国,高知,auショップ 宿毛,788-0009 高知県宿毛市駅東町4丁目708,https://www.au.com/storelocator/detail/?shopId=S-00037,32.933008,132.716713,ok
au,四国,高知,auショップ 高知駅前通り,780-0056 高知県高知市北本町3丁目9番地34号,https://www.au.com/storelocator/detail/?shopId=S-00341,33.566156,133.549452,ok
au,四国,高知,auショップ 天神,780-8012 高知県高知市天神町１３－１４,https://www.au.com/storelocator/detail/?shopId=S-00191,33.553494,133.538115,ok
au,四国,高知,auショップ 須崎,785-0035 高知県須崎市大間東町４－３８,https://www.au.com/storelocator/detail/?shopId=S-00114,33.407412,133.287261,ok
au,四国,高知,UQスポット 帯屋町,780-0841 高知県高知市帯屋町１丁目１－１４,https://www.au.com/storelocator/detail/?shopId=S-00352,33.560874,133.542295,ok
au,四国,高知,UQスポット 百石,780-8015 高知県高知市百石町３丁目１０－２４,https://www.au.com/storelocator/detail/?shopId=S-00354,33.546106,133.544965,ok
au,四国,高知,トヨタ au取扱店 ネッツトヨタ高知 au取扱店,780-0085 高知県高知市札場３－２３,https://www.au.com/storelocator/detail/?shopId=S-00313,33.564800,133.560632,ok
au,四国,高知,トヨタ au取扱店 ネッツトヨタ南国 本店,781-0082 高知県高知市南川添4‐28,https://www.au.com/storelocator/detail/?shopId=S-00358,,,ok
au,四国,高知,トヨタ au取扱店 高知トヨタ 御座店,781-0083 高知県高知市北御座３番３９号,https://www.au.com/storelocator/detail/?shopId=S-00343,33.568256,133.561580,ok
au,九州,福岡,au Style FUKUOKA,810-0041 福岡県福岡市中央区大名1-14-45　QizTENJIN,https://www.au.com/storelocator/detail/?shopId=Q-00830,33.587650,130.396682,ok
au,九州,福岡,au Style HAKATA,812-0012 福岡県福岡市博多区博多駅中央街9-1　博多マルイ6F,https://www.au.com/storelocator/detail/?shopId=Q-00842,33.588951,130.419405,ok
au,九州,福岡,au Style さやヶ谷,804-0023 福岡県北九州市戸畑区東鞘ケ谷町２－５,https://www.au.com/storelocator/detail/?shopId=Q-00807,33.877775,130.833484,ok
au,九州,福岡,au Style 永犬丸,807-0856 福岡県北九州市八幡西区八枝４丁目２－８,https://www.au.com/storelocator/detail/?shopId=Q-00170,33.844615,130.730875,ok
au,九州,福岡,au Style 新宮美咲,811-0121 福岡県糟屋郡新宮町美咲３丁目１２－１,https://www.au.com/storelocator/detail/?shopId=Q-00260,33.702646,130.440274,ok
au,九州,福岡,au Style イオンモール福岡,811-2303 福岡県糟屋郡粕屋町酒殿老ノ木192-1,https://www.au.com/storelocator/detail/?shopId=Q-00835,33.596355,130.481499,ok
au,九州,福岡,au Style 門松,811-2412 福岡県糟屋郡粕屋町大隈９０－１,https://www.au.com/storelocator/detail/?shopId=Q-00688,33.619102,130.495677,ok
au,九州,福岡,au Style トリアスモール,811-2502 福岡県糟屋郡久山町大字山田１１６９－１　　　トリアスモール,https://www.au.com/storelocator/detail/?shopId=Q-00863,33.652781,130.489284,ok
au,九州,福岡,au Style くりえいと宗像,811-4184 福岡県宗像市くりえいと１丁目４－２,https://www.au.com/storelocator/detail/?shopId=Q-00043,33.810206,130.563939,ok
au,九州,福岡,au Style 遠賀,811-4305 福岡県遠賀郡遠賀町松の本４丁目１－２２,https://www.au.com/storelocator/detail/?shopId=Q-00065,33.856413,130.669188,ok
au,九州,福岡,au Style 松崎,813-0035 福岡県福岡市東区松崎1-10-2,https://www.au.com/storelocator/detail/?shopId=Q-00827,33.634580,130.440956,ok
au,九州,福岡,au Style ガーデンズ千早,813-0044 福岡県福岡市東区千早3-6-37,https://www.au.com/storelocator/detail/?shopId=Q-00255,33.649681,130.436358,ok
au,九州,福岡,au Style 原四ツ角,814-0022 福岡県福岡市早良区原６－２２－３０,https://www.au.com/storelocator/detail/?shopId=Q-00257,33.566654,130.343040,ok
au,九州,福岡,au Style 清水四ツ角,815-0037 福岡県福岡市南区玉川町５－３,https://www.au.com/storelocator/detail/?shopId=Q-00843,33.568136,130.417617,ok
au,九州,福岡,au Style 太宰府,818-0135 福岡県太宰府市向佐野２－１３－７,https://www.au.com/storelocator/detail/?shopId=Q-00771,33.506691,130.497034,ok
au,九州,福岡,au Style ゆめタウン飯塚,820-0017 福岡県飯塚市菰田西三丁目6番1号ゆめタウン飯塚２F,https://www.au.com/storelocator/detail/?shopId=Q-00871,33.632343,130.685249,ok
au,九州,福岡,au Style 行橋,824-0031 福岡県行橋市西宮市２－１９－１３,https://www.au.com/storelocator/detail/?shopId=Q-00039,33.727075,130.967482,ok
au,九州,福岡,au Style 柳川,832-0045 福岡県柳川市本町３７－１,https://www.au.com/storelocator/detail/?shopId=Q-00437,33.159127,130.406850,ok
au,九州,福岡,au Style ららぽーと福岡,812-8627 福岡県福岡市博多区那珂六丁目23番1号 ららぽーと福岡 1F,https://www.au.com/storelocator/detail/?shopId=Q-00848,33.564776,130.440788,ok
au,九州,福岡,au Style ゆめタウン大川,831-0031 福岡県大川市上巻字野口４３０－１　ゆめタウン大川１階,https://www.au.com/storelocator/detail/?shopId=Q-00438,33.202823,130.388009,ok
au,九州,福岡,auショップ 門司,800-0054 福岡県北九州市門司区社ノ木1丁目2番25号,https://www.au.com/storelocator/detail/?shopId=Q-00683,33.894814,130.924314,ok
au,九州,福岡,auショップ 小倉沼,800-0206 福岡県北九州市小倉南区葛原東3-14-7,https://www.au.com/storelocator/detail/?shopId=Q-00412,33.842327,130.935630,ok
au,九州,福岡,auショップ チャチャタウン小倉,802-0014 福岡県北九州市小倉北区砂津３－１－１　チャチャタウン小倉内,https://www.au.com/storelocator/detail/?shopId=Q-00781,33.882962,130.888833,ok
au,九州,福岡,auショップ 小倉三萩野,802-0071 福岡県北九州市小倉北区黄金1-6-9,https://www.au.com/storelocator/detail/?shopId=Q-00413,33.871231,130.880078,ok
au,九州,福岡,auショップ 徳力,802-0974 福岡県北九州市小倉南区徳力１－１２－２,https://www.au.com/storelocator/detail/?shopId=Q-00787,33.831574,130.867819,ok
au,九州,福岡,auショップ 到津,803-0845 福岡県北九州市小倉北区上到津3丁目3-3,https://www.au.com/storelocator/detail/?shopId=Q-00183,33.873803,130.849232,ok
au,九州,福岡,auショップ イオン戸畑,804-0067 福岡県北九州市戸畑区汐井町2-2 イオン戸畑ショッピングセンター1階,https://www.au.com/storelocator/detail/?shopId=Q-00838,33.894859,130.819502,ok
au,九州,福岡,auショップ 八幡東田,805-0071 福岡県北九州市八幡東区東田1-4-22,https://www.au.com/storelocator/detail/?shopId=Q-00149,33.871121,130.798892,ok
au,九州,福岡,auショップ 水巻,807-0022 福岡県遠賀郡水巻町頃末北４丁目５－１３,https://www.au.com/storelocator/detail/?shopId=Q-00148,33.860086,130.695874,ok
au,九州,福岡,auショップ 八幡木屋瀬,807-1151 福岡県北九州市八幡西区木屋瀬東２丁目６－１,https://www.au.com/storelocator/detail/?shopId=Q-00814,33.778440,130.730452,ok
au,九州,福岡,auショップ イオン若松,808-0103 福岡県北九州市若松区二島１丁目３－１ イオン若松 2F,https://www.au.com/storelocator/detail/?shopId=Q-00731,33.891752,130.743661,ok
au,九州,福岡,auショップ 若松高須,808-0147 福岡県北九州市若松区高須北３－２－５,https://www.au.com/storelocator/detail/?shopId=Q-00317,33.891109,130.688576,ok
au,九州,福岡,auショップ 中間,809-0030 福岡県中間市中央5-5-11,https://www.au.com/storelocator/detail/?shopId=Q-00623,33.824125,130.721310,ok
au,九州,福岡,auショップ 薬院駅前,810-0012 福岡県福岡市中央区白金1丁目2番15号　スーベリアニューハイム1F,https://www.au.com/storelocator/detail/?shopId=Q-00195,33.581477,130.403095,ok
au,九州,福岡,auショップ 六本松駅前,810-0044 福岡県福岡市中央区六本松4丁目2-6 101号,https://www.au.com/storelocator/detail/?shopId=Q-00844,33.576801,130.376679,ok
au,九州,福岡,auショップ 野芥,811-1101 福岡県福岡市早良区重留２－２－１９,https://www.au.com/storelocator/detail/?shopId=Q-00584,33.535552,130.343018,ok
au,九州,福岡,auショップ 野多目,811-1347 福岡県福岡市南区野多目4-1-4,https://www.au.com/storelocator/detail/?shopId=Q-00277,33.538382,130.426994,ok
au,九州,福岡,auショップ 古賀,811-3101 福岡県古賀市天神１丁目３－２９,https://www.au.com/storelocator/detail/?shopId=Q-00845,33.733166,130.464006,ok
au,九州,福岡,auショップ イオンモール福津,811-3209 福岡県福津市日蒔野６－１６－１イオンモール福津３Ｆ,https://www.au.com/storelocator/detail/?shopId=Q-00831,33.752541,130.493166,ok
au,九州,福岡,auショップ 博多バスターミナル,812-0012 福岡県福岡市博多区博多駅中央街２－１　博多バスターミナルＢ１Ｆ,https://www.au.com/storelocator/detail/?shopId=Q-00803,33.591657,130.419669,ok
au,九州,福岡,auショップ ゆめタウン博多,812-0055 福岡県福岡市東区東浜１－１－１,https://www.au.com/storelocator/detail/?shopId=Q-00739,33.611670,130.411532,ok
au,九州,福岡,auショップ 箱崎原田,812-0063 福岡県福岡市東区原田１－６－５,https://www.au.com/storelocator/detail/?shopId=Q-00695,33.618390,130.433994,ok
au,九州,福岡,auショップ 土井,813-0032 福岡県福岡市東区土井１－１０－２０,https://www.au.com/storelocator/detail/?shopId=Q-00478,33.633053,130.461901,ok
au,九州,福岡,auショップ 西新,814-0002 福岡県福岡市早良区西新4-8-42 西新PLACE1Ｆ,https://www.au.com/storelocator/detail/?shopId=Q-00278,33.582833,130.359208,ok
au,九州,福岡,auショップ 城南片江,814-0121 福岡県福岡市城南区神松寺２丁目３番１号,https://www.au.com/storelocator/detail/?shopId=Q-00703,33.553999,130.379025,ok
au,九州,福岡,auショップ 大池通り,815-0074 福岡県福岡市南区寺塚１丁目２９－６,https://www.au.com/storelocator/detail/?shopId=Q-00128,33.552918,130.400416,ok
au,九州,福岡,auショップ 春日,816-0813 福岡県春日市惣利１丁目１２５番,https://www.au.com/storelocator/detail/?shopId=Q-00197,33.514455,130.468717,ok
au,九州,福岡,auショップ 春日白水,816-0849 福岡県春日市星見ヶ丘3丁目2番1,https://www.au.com/storelocator/detail/?shopId=Q-00231,33.504597,130.455344,ok
au,九州,福岡,auショップ 大野城,816-0934 福岡県大野城市曙町３－８－８,https://www.au.com/storelocator/detail/?shopId=Q-00115,33.534913,130.480538,ok
au,九州,福岡,auショップ 筑紫野ベレッサ,818-0034 福岡県筑紫野市美しが丘南1-12-1 1F 1111,https://www.au.com/storelocator/detail/?shopId=Q-00745,33.445744,130.541872,ok
au,九州,福岡,auショップ イオンモール筑紫野,818-0042 福岡県筑紫野市立明寺434番地1,https://www.au.com/storelocator/detail/?shopId=Q-00590,33.481401,130.527777,ok
au,九州,福岡,auショップ ゆめタウン筑紫野,818-0081 福岡県筑紫野市針摺東３－３－１　ゆめタウン1Ｆ,https://www.au.com/storelocator/detail/?shopId=Q-00250,33.483733,130.538346,ok
au,九州,福岡,auショップ 姪浜,819-0005 福岡県福岡市西区内浜1丁目15-6,https://www.au.com/storelocator/detail/?shopId=Q-00249,33.578559,130.323050,ok
au,九州,福岡,auショップ 木の葉モール橋本,819-0031 福岡県福岡市西区橋本２－２７－２　木の葉モール橋本２Ｆ（区画239-S,https://www.au.com/storelocator/detail/?shopId=Q-00809,33.555406,130.322135,ok
au,九州,福岡,auショップ 拾六町,819-0041 福岡県福岡市西区拾六町１丁目２４－３４,https://www.au.com/storelocator/detail/?shopId=Q-00578,33.565002,130.317689,ok
au,九州,福岡,auショップ 九大学研都市,819-0379 福岡県福岡市西区北原１－１３－３２,https://www.au.com/storelocator/detail/?shopId=Q-00230,33.580491,130.258225,ok
au,九州,福岡,auショップ 前原,819-1119 福岡県糸島市前原東2丁目12番7号,https://www.au.com/storelocator/detail/?shopId=Q-00235,33.560619,130.205839,ok
au,九州,福岡,auショップ 柏の森,820-0011 福岡県飯塚市柏の森８－５,https://www.au.com/storelocator/detail/?shopId=Q-00448,33.645032,130.709877,ok
au,九州,福岡,auショップ 飯塚川津,820-0067 福岡県飯塚市川津字宮ノ前271番地2,https://www.au.com/storelocator/detail/?shopId=Q-00274,33.650888,130.678869,ok
au,九州,福岡,auショップ 若菜,820-0082 福岡県飯塚市若菜２５９－９,https://www.au.com/storelocator/detail/?shopId=Q-00070,33.629872,130.672099,ok
au,九州,福岡,auショップ 宮若,823-0003 福岡県宮若市本城７３１,https://www.au.com/storelocator/detail/?shopId=Q-00657,33.728499,130.671105,ok
au,九州,福岡,auショップ 南行橋,824-0033 福岡県行橋市北泉４－１３－３０,https://www.au.com/storelocator/detail/?shopId=Q-00790,33.717669,130.984275,ok
au,九州,福岡,auショップ メルクス田川,826-0042 福岡県田川市大字川宮１７１１-７,https://www.au.com/storelocator/detail/?shopId=Q-00816,33.649493,130.800710,ok
au,九州,福岡,auショップ 花畑,830-0039 福岡県久留米市花畑３丁目９－４,https://www.au.com/storelocator/detail/?shopId=Q-00736,33.305323,130.516647,ok
au,九州,福岡,auショップ 津福バイパス,830-0062 福岡県久留米市荒木町白口１１－１久留米ビル１Ｆ,https://www.au.com/storelocator/detail/?shopId=Q-00800,33.286977,130.510415,ok
au,九州,福岡,auショップ 筑後赤坂,833-0055 福岡県筑後市熊野６７－３,https://www.au.com/storelocator/detail/?shopId=Q-00103,33.234316,130.507422,ok
au,九州,福岡,auショップ 八女中央,834-0005 福岡県八女市大島167-3,https://www.au.com/storelocator/detail/?shopId=Q-00200,33.217310,130.563863,ok
au,九州,福岡,auショップ 八女,834-0064 福岡県八女市蒲原９６７－１,https://www.au.com/storelocator/detail/?shopId=Q-00767,33.217058,130.546808,ok
au,九州,福岡,auショップ ゆめタウン大牟田,836-0807 福岡県大牟田市旭町２－２８－１,https://www.au.com/storelocator/detail/?shopId=Q-00015,33.036457,130.453741,ok
au,九州,福岡,auショップ 大牟田不知火プラザ,837-0916 福岡県大牟田市田隈９４５,https://www.au.com/storelocator/detail/?shopId=Q-00631,33.059471,130.466692,ok
au,九州,福岡,auショップ 小郡,838-0141 福岡県小郡市小郡６２９－２０,https://www.au.com/storelocator/detail/?shopId=Q-00794,33.404026,130.553166,ok
au,九州,福岡,auショップ 東合川バイパス,839-0811 福岡県久留米市山川神代１－１０－３５,https://www.au.com/storelocator/detail/?shopId=Q-00746,33.320440,130.560533,ok
au,九州,福岡,auショップ 国分バイパス,839-0863 福岡県久留米市国分町９３６－１,https://www.au.com/storelocator/detail/?shopId=Q-00758,33.291075,130.536658,ok
au,九州,福岡,auショップ ゆめタウン久留米,839-0865 福岡県久留米市新合川1丁目2番1号,https://www.au.com/storelocator/detail/?shopId=Q-00823,33.321690,130.538708,ok
au,九州,福岡,auショップ うきは,839-1343 福岡県うきは市吉井町鷹取100番地1,https://www.au.com/storelocator/detail/?shopId=Q-00443,33.349784,130.729044,ok
au,九州,福岡,auショップ 曽根バイパス,800-0224 福岡県北九州市小倉南区東貫2丁目18-1,https://www.au.com/storelocator/detail/?shopId=Q-00404,33.819148,130.935649,ok
au,九州,福岡,auショップ サンリブシティ小倉,800-0255 福岡県北九州市小倉南区上葛原２－１４－１　サンリブシティ小倉内,https://www.au.com/storelocator/detail/?shopId=Q-00593,33.838347,130.907878,ok
au,九州,福岡,auショップ イオンタウン黒崎,806-0036 福岡県北九州市八幡西区西曲里町３－１,https://www.au.com/storelocator/detail/?shopId=Q-00797,33.859732,130.760837,ok
au,九州,福岡,auショップ 那珂川,811-1251 福岡県那珂川市松木１－６６,https://www.au.com/storelocator/detail/?shopId=Q-00778,33.515104,130.431279,ok
au,九州,福岡,auショップ 宇美,811-2123 福岡県糟屋郡宇美町光正寺1丁目4-60,https://www.au.com/storelocator/detail/?shopId=Q-00239,33.574664,130.501131,ok
au,九州,福岡,auショップ 大橋駅西,815-0033 福岡県福岡市南区大橋１－１５－５　竹内ビル１Ｆ,https://www.au.com/storelocator/detail/?shopId=Q-00219,33.558423,130.426072,ok
au,九州,福岡,auショップ 嘉麻,820-0205 福岡県嘉麻市岩崎819番,https://www.au.com/storelocator/detail/?shopId=Q-00140,33.603485,130.723606,ok
au,九州,福岡,auショップ イオンモール直方,822-0008 福岡県直方市湯野原２丁目１－１イオンモール直方１Ｆ,https://www.au.com/storelocator/detail/?shopId=Q-00468,33.769079,130.749316,ok
au,九州,福岡,auショップ 甘木インター,838-0068 福岡県朝倉市甘木372-3,https://www.au.com/storelocator/detail/?shopId=Q-00436,33.406573,130.654634,ok
au,九州,福岡,auショップ 筑前,838-0813 福岡県朝倉郡筑前町依井４４５－１,https://www.au.com/storelocator/detail/?shopId=Q-00626,33.430343,130.644579,ok
au,九州,福岡,UQスポット サニーサイドモール小倉,800-0221 福岡県北九州市小倉南区下曽根新町１０番１号　サニーサイドモール小倉１Ｆ,https://www.au.com/storelocator/detail/?shopId=Q-00866,33.832020,130.933499,ok
au,九州,福岡,UQスポット イオンモール福津,811-3209 福岡県福津市日蒔野６丁目１６番地１　　イオンモール福津　３Ｆ,https://www.au.com/storelocator/detail/?shopId=Q-00852,33.753401,130.494099,ok
au,九州,福岡,UQスポット イオンモール筑紫野,818-0042 福岡県筑紫野市大字立明寺４３４－１　　イオンモール筑紫野１Ｆ,https://www.au.com/storelocator/detail/?shopId=Q-00867,33.481646,130.527912,ok
au,九州,福岡,UQスポット ゆめタウン久留米,839-0865 福岡県久留米市新合川一丁目２－１　１Ｆ,https://www.au.com/storelocator/detail/?shopId=Q-00856,33.321808,130.538475,ok
au,九州,福岡,UQスポット ゆめタウン博多,812-0055 福岡県福岡市東区東浜１丁目１ー１　　ゆめタウン博多　１階,https://www.au.com/storelocator/detail/?shopId=Q-00853,33.611744,130.411672,ok
au,九州,福岡,UQスポット イオンマリナタウン,819-0014 福岡県福岡市西区豊浜３丁目１－１０　　イオンマリナタウン,https://www.au.com/storelocator/detail/?shopId=Q-00861,33.589445,130.333920,ok
au,九州,福岡,UQスポット イオンモール大牟田,836-0037 福岡県大牟田市岬町３番４　イオンモール大牟田１階,https://www.au.com/storelocator/detail/?shopId=Q-00868,33.030617,130.428128,ok
au,九州,福岡,トヨタ au取扱店 福岡トヨタ自動車 小倉店,803-0844 福岡県北九州市小倉北区真鶴２－１－２０,https://www.au.com/storelocator/detail/?shopId=Q-00487,33.872600,130.856031,ok
au,九州,福岡,トヨタ au取扱店 ネッツトヨタ北九州 小倉本店,803-0845 福岡県北九州市小倉北区上到津3-4-1,https://www.au.com/storelocator/detail/?shopId=Q-00575,33.872603,130.849920,ok
au,九州,福岡,トヨタ au取扱店 福岡トヨタ自動車 長浜店,810-0004 福岡県福岡市中央区渡辺通４－８－２８　ＦＴビル３階,https://www.au.com/storelocator/detail/?shopId=Q-00494,33.589608,130.399527,ok
au,九州,福岡,トヨタ au取扱店 トヨタカローラ福岡 本部,810-8603 福岡県福岡市中央区長浜２－１－５,https://www.au.com/storelocator/detail/?shopId=Q-00780,33.593318,130.390750,ok
au,九州,福岡,トヨタ au取扱店 福岡トヨペット au取り扱い店,812-0008 福岡県福岡市博多区東光１－６－１３,https://www.au.com/storelocator/detail/?shopId=Q-00775,33.591862,130.426564,ok
au,九州,福岡,トヨタ au取扱店 トヨタカローラ博多 空港榎田au取扱店,812-0042 福岡県福岡市博多区豊２－３－５０,https://www.au.com/storelocator/detail/?shopId=Q-00498,33.597134,130.434964,ok
au,九州,福岡,トヨタ au取扱店 ネッツトヨタ福岡 福岡マイカーセンター,812-0895 福岡県福岡市博多区竹下2-2-31,https://www.au.com/storelocator/detail/?shopId=Q-00501,33.576531,130.429971,ok
au,九州,福岡,トヨタ au取扱店 トヨタレンタリース福岡 筑紫通店,812-0896 福岡県福岡市博多区東光寺町１－１－１,https://www.au.com/storelocator/detail/?shopId=Q-00795,33.577516,130.434712,ok
au,九州,福岡,トヨタ au取扱店 トヨタカローラ博多 飯塚au取扱店,820-0067 福岡県飯塚市川津栗明４４７－５,https://www.au.com/storelocator/detail/?shopId=Q-00493,33.648069,130.673124,ok
au,九州,大分,au Style イオンモール三光,871-0111 大分県中津市三光佐知１０３２　　イオンモール三光１Ｆ　（１１２区画）,https://www.au.com/storelocator/detail/?shopId=Q-00862,33.555714,131.195610,ok
au,九州,大分,auショップ 府内町,870-0021 大分県大分市府内町１－２－４ ＨＩＨビル１階,https://www.au.com/storelocator/detail/?shopId=Q-00225,33.236069,131.607659,ok
au,九州,大分,auショップ 鶴崎,870-0128 大分県大分市大字森643番,https://www.au.com/storelocator/detail/?shopId=Q-00164,33.217149,131.680612,ok
au,九州,大分,auショップ パークプレイス大分,870-0174 大分県大分市公園通り西2丁目1番,https://www.au.com/storelocator/detail/?shopId=Q-00485,33.196048,131.657652,ok
au,九州,大分,auショップ 大在,870-0242 大分県大分市角子南１－２－５,https://www.au.com/storelocator/detail/?shopId=Q-00272,33.243816,131.707522,ok
au,九州,大分,auショップ 羽屋,870-0854 大分県大分市羽屋新町２丁目１番１号,https://www.au.com/storelocator/detail/?shopId=Q-00619,33.213928,131.596412,ok
au,九州,大分,auショップ 高城,870-0918 大分県大分市日吉町12-30,https://www.au.com/storelocator/detail/?shopId=Q-00095,33.244206,131.652440,ok
au,九州,大分,auショップ 下郡,870-0952 大分県大分市下郡北１－４－１７,https://www.au.com/storelocator/detail/?shopId=Q-00347,33.228815,131.628624,ok
au,九州,大分,auショップ 光吉インター,870-1133 大分県大分市宮崎８３２－３,https://www.au.com/storelocator/detail/?shopId=Q-00060,33.198804,131.607702,ok
au,九州,大分,auショップ トキハわさだ,870-1155 大分県大分市玉沢７５５－１　１F,https://www.au.com/storelocator/detail/?shopId=Q-00818,33.187879,131.580314,ok
au,九州,大分,auショップ 中津東,871-0014 大分県中津市一ツ松１１６－４,https://www.au.com/storelocator/detail/?shopId=Q-00163,33.590350,131.206347,ok
au,九州,大分,auショップ 中津中央,871-0030 大分県中津市中殿町４丁目７－１０,https://www.au.com/storelocator/detail/?shopId=Q-00045,33.593414,131.197492,ok
au,九州,大分,auショップ 別府石垣,874-0919 大分県別府市石垣東10丁目7-14,https://www.au.com/storelocator/detail/?shopId=Q-00364,33.305650,131.497244,ok
au,九州,大分,auショップ 別府中央,874-0926 大分県別府市京町１０－１６,https://www.au.com/storelocator/detail/?shopId=Q-00721,33.287829,131.503765,ok
au,九州,大分,auショップ コスモタウン佐伯,876-0852 大分県佐伯市鶴岡西町2丁目199番地,https://www.au.com/storelocator/detail/?shopId=Q-00470,32.960356,131.865167,ok
au,九州,大分,auショップ 日田,877-1234 大分県日田市天神町１５４,https://www.au.com/storelocator/detail/?shopId=Q-00405,33.337883,130.940827,ok
au,九州,大分,auショップ 竹田,878-0025 大分県竹田市大字拝田原７７１－１,https://www.au.com/storelocator/detail/?shopId=Q-00044,32.954526,131.374894,ok
au,九州,大分,auショップ 宇佐中央,879-0471 大分県宇佐市四日市５００番,https://www.au.com/storelocator/detail/?shopId=Q-00159,33.535417,131.321937,ok
au,九州,大分,auショップ 日出,879-1506 大分県速見郡日出町３８５２番地７,https://www.au.com/storelocator/detail/?shopId=Q-00712,33.375024,131.531913,ok
au,九州,大分,auショップ 大分小池原,870-0147 大分県大分市大字小池原１４５８－１,https://www.au.com/storelocator/detail/?shopId=Q-00332,33.235361,131.661049,ok
au,九州,大分,トヨタ au取扱店 大分トヨペット 本社・王子店,870-0007 大分県大分市王子南町８－２１,https://www.au.com/storelocator/detail/?shopId=Q-00531,33.241605,131.591757,ok
au,九州,大分,トヨタ au取扱店 ネッツトヨタ大分 本店,870-0107 大分県大分市海原７８２－１,https://www.au.com/storelocator/detail/?shopId=Q-00789,33.254021,131.678129,ok
au,九州,大分,トヨタ au取扱店 トヨタカローラ大分 本店,870-0843 大分県大分市元町２組,https://www.au.com/storelocator/detail/?shopId=Q-00532,33.220724,131.617257,ok
au,九州,大分,トヨタ au取扱店 大分トヨタ自動車 本社au取次店,870-1133 大分県大分市宮崎口ノ坪1427番地の1,https://www.au.com/storelocator/detail/?shopId=Q-00530,33.193759,131.611086,ok
au,九州,大分,トヨタ au取扱店 ネッツトヨタ東九州 本店,870-1133 大分県大分市宮崎口ノ坪1427番地の1,https://www.au.com/storelocator/detail/?shopId=Q-00828,33.194010,131.610595,ok
au,九州,佐賀,au Style ゆめタウン佐賀,849-0915 佐賀県佐賀市兵庫北５丁目１４－１,https://www.au.com/storelocator/detail/?shopId=Q-00730,33.274941,130.307634,ok
au,九州,佐賀,au Style 佐賀北,849-0917 佐賀県佐賀市高木瀬町長瀬９５４－４,https://www.au.com/storelocator/detail/?shopId=Q-00301,33.292936,130.286537,ok
au,九州,佐賀,auショップ フレスポ鳥栖,841-0026 佐賀県鳥栖市本鳥栖町５３７－１　フレスポ鳥栖内１Ｆ,https://www.au.com/storelocator/detail/?shopId=Q-00786,33.375784,130.517599,ok
au,九州,佐賀,auショップ 武雄,843-0023 佐賀県武雄市武雄町昭和８５,https://www.au.com/storelocator/detail/?shopId=Q-00339,33.193195,130.025710,ok
au,九州,佐賀,auショップ 唐津,847-0085 佐賀県唐津市和多田本村２－６,https://www.au.com/storelocator/detail/?shopId=Q-00776,33.435246,129.980623,ok
au,九州,佐賀,auショップ 神田,847-0824 佐賀県唐津市神田２１９６－４,https://www.au.com/storelocator/detail/?shopId=Q-00684,33.444698,129.957504,ok
au,九州,佐賀,auショップ 伊万里中央,848-0031 佐賀県伊万里市二里町八谷搦200-7,https://www.au.com/storelocator/detail/?shopId=Q-00681,33.279658,129.869214,ok
au,九州,佐賀,auショップ 佐賀本庄,840-0023 佐賀県佐賀市本庄町袋270-3,https://www.au.com/storelocator/detail/?shopId=Q-00701,33.239248,130.304696,ok
au,九州,佐賀,auショップ モラージュ佐賀,840-8551 佐賀県佐賀市巨勢町大字牛島730番地,https://www.au.com/storelocator/detail/?shopId=Q-00697,33.251278,130.319669,ok
au,九州,佐賀,auショップ 鳥栖中央,841-0051 佐賀県鳥栖市元町1360-1,https://www.au.com/storelocator/detail/?shopId=Q-00199,33.375861,130.507065,ok
au,九州,佐賀,auショップ 嬉野,843-0301 佐賀県嬉野市嬉野町下宿乙３９５－７,https://www.au.com/storelocator/detail/?shopId=Q-00284,33.101032,129.990621,ok
au,九州,佐賀,auショップ 小城,845-0022 佐賀県小城市三日月町久米８２１－１,https://www.au.com/storelocator/detail/?shopId=Q-00180,33.291815,130.203144,ok
au,九州,佐賀,auショップ 鹿島（佐賀県）,849-1303 佐賀県鹿島市大字森５５－２　アネックスビル１Ｆ,https://www.au.com/storelocator/detail/?shopId=Q-00680,33.122661,130.096568,ok
au,九州,佐賀,UQスポット ゆめタウン佐賀,849-0919 佐賀県佐賀市兵庫北５丁目１４－１　ゆめタウン佐賀１Ｆ,https://www.au.com/storelocator/detail/?shopId=Q-00870,33.274941,130.307634,ok
au,九州,佐賀,トヨタ au取扱店 佐賀トヨタ自動車 モバイルスクエア,840-0862 佐賀県佐賀市嘉瀬町扇町２４８０,https://www.au.com/storelocator/detail/?shopId=Q-00677,33.243902,130.264369,ok
au,九州,佐賀,トヨタ au取扱店 トヨタカローラ佐賀 佐賀店,840-0864 佐賀県佐賀市嘉瀬町大字荻野３４４－１,https://www.au.com/storelocator/detail/?shopId=Q-00817,33.243454,130.248024,ok
au,九州,佐賀,トヨタ au取扱店 佐賀トヨタ自動車 新栄店,843-0001 佐賀県佐賀市新栄西２－６－７,https://www.au.com/storelocator/detail/?shopId=Q-00568,33.254871,130.273861,ok
au,九州,佐賀,トヨタ au取扱店 佐賀トヨペット 佐賀店,849-0932 佐賀県佐賀市鍋島町八戸溝１５０－５,https://www.au.com/storelocator/detail/?shopId=Q-00654,33.272652,130.274507,ok
au,九州,長崎,au Style させぼ五番街,857-0855 長崎県佐世保市新港町１－5,https://www.au.com/storelocator/detail/?shopId=Q-00023,33.165417,129.722332,ok
au,九州,長崎,auショップ 壱岐,811-5114 長崎県壱岐市郷ノ浦町柳田触９４７,https://www.au.com/storelocator/detail/?shopId=Q-00752,33.764511,129.700498,ok
au,九州,長崎,auショップ 対馬,817-0013 長崎県対馬市厳原町中村６０６－３,https://www.au.com/storelocator/detail/?shopId=Q-00624,34.207232,129.290303,ok
au,九州,長崎,auショップ 大波止,850-0035 長崎県長崎市元船町１３－１,https://www.au.com/storelocator/detail/?shopId=Q-00327,32.746804,129.872079,ok
au,九州,長崎,auショップ 浜町中央橋,850-0853 長崎県長崎市浜町１番７号,https://www.au.com/storelocator/detail/?shopId=Q-00825,32.744525,129.876821,ok
au,九州,長崎,auショップ 東望,851-0134 長崎県長崎市田中町１０２７－３５,https://www.au.com/storelocator/detail/?shopId=Q-00616,32.766911,129.952786,ok
au,九州,長崎,auショップ フレスポ深堀,851-0301 長崎県長崎市深堀町1丁目145-24,https://www.au.com/storelocator/detail/?shopId=Q-00719,32.684802,129.833895,ok
au,九州,長崎,auショップ 時津,851-2103 長崎県西彼杵郡時津町元村郷８１４－３,https://www.au.com/storelocator/detail/?shopId=Q-00329,32.822513,129.848749,ok
au,九州,長崎,auショップ 長与,851-2126 長崎県西彼杵郡長与町吉無田郷2032-29,https://www.au.com/storelocator/detail/?shopId=Q-00696,32.817260,129.881356,ok
au,九州,長崎,auショップ あぜかり,851-2212 長崎県長崎市畝刈町1613-295,https://www.au.com/storelocator/detail/?shopId=Q-00315,32.827607,129.781251,ok
au,九州,長崎,auショップ なめし,852-8061 長崎県長崎市滑石3丁目１９－１５,https://www.au.com/storelocator/detail/?shopId=Q-00572,32.808228,129.835473,ok
au,九州,長崎,auショップ みらい長崎ココウォーク,852-8104 長崎県長崎市茂里町１－５５　３階,https://www.au.com/storelocator/detail/?shopId=Q-00770,32.762932,129.864314,ok
au,九州,長崎,auショップ 福江,853-0017 長崎県五島市武家屋敷１－２－１,https://www.au.com/storelocator/detail/?shopId=Q-00016,32.691830,128.842935,ok
au,九州,長崎,auショップ 諫早東,854-0001 長崎県諫早市福田町２６７－１,https://www.au.com/storelocator/detail/?shopId=Q-00763,32.850746,130.062546,ok
au,九州,長崎,auショップ 諫早バイパス,854-0053 長崎県諫早市小川町４－１,https://www.au.com/storelocator/detail/?shopId=Q-00328,32.832862,130.061777,ok
au,九州,長崎,auショップ アクロスプラザ諫早,854-0066 長崎県諫早市久山町１２７１－２,https://www.au.com/storelocator/detail/?shopId=Q-00615,32.828310,129.997277,ok
au,九州,長崎,auショップ 愛野展望台,854-0302 長崎県雲仙市愛野町乙５０３６－４２,https://www.au.com/storelocator/detail/?shopId=Q-00636,32.797062,130.164635,ok
au,九州,長崎,auショップ 島原前浜,855-0031 長崎県島原市前浜町丙２－１,https://www.au.com/storelocator/detail/?shopId=Q-00699,32.810384,130.359773,ok
au,九州,長崎,auショップ 大村中央,856-0837 長崎県大村市西本町４９３－１０,https://www.au.com/storelocator/detail/?shopId=Q-00748,32.904395,129.958016,ok
au,九州,長崎,auショップ 佐々本田原,857-0311 長崎県北松浦郡佐々町本田原免２１６－８－１Ｆ,https://www.au.com/storelocator/detail/?shopId=Q-00324,33.236911,129.648703,ok
au,九州,長崎,auショップ 相浦,858-0914 長崎県佐世保市川下町１４４－１,https://www.au.com/storelocator/detail/?shopId=Q-00566,33.185481,129.667583,ok
au,九州,長崎,auショップ 大塔,859-3205 長崎県佐世保市田の浦町６８－１,https://www.au.com/storelocator/detail/?shopId=Q-00612,33.146542,129.783721,ok
au,九州,長崎,auショップ 佐世保広田,859-3223 長崎県佐世保市広田４－３００－２,https://www.au.com/storelocator/detail/?shopId=Q-00678,33.124510,129.799256,ok
au,九州,長崎,auショップ 住吉,852-8135 長崎県長崎市千歳町２－８,https://www.au.com/storelocator/detail/?shopId=Q-00452,32.789675,129.861182,ok
au,九州,長崎,auショップ 大村桜馬場,856-0813 長崎県大村市西大村本町279番地1,https://www.au.com/storelocator/detail/?shopId=Q-00576,32.927344,129.951381,ok
au,九州,長崎,auショップ 松浦,859-4501 長崎県松浦市志佐町浦免１７０２－４,https://www.au.com/storelocator/detail/?shopId=Q-00020,33.338608,129.706993,ok
au,九州,長崎,UQスポット ゆめタウン夢彩都,850-0035 長崎県長崎市元船町１０－１　1Ｆ,https://www.au.com/storelocator/detail/?shopId=Q-00859,32.746287,129.869997,ok
au,九州,長崎,トヨタ au取扱店 長崎トヨペット 出島店,850-0862 長崎県長崎市出島町１２－１３,https://www.au.com/storelocator/detail/?shopId=Q-00524,32.741971,129.873343,ok
au,九州,長崎,トヨタ au取扱店 トヨタカローラ長崎 稲佐店,852-8011 長崎県長崎市稲佐町２－１０,https://www.au.com/storelocator/detail/?shopId=Q-00526,32.756540,129.863230,ok
au,九州,宮崎,auショップ 宮崎県病院前,880-0015 宮崎県宮崎市大工１－１０６－２,https://www.au.com/storelocator/detail/?shopId=Q-00753,31.917861,131.415780,ok
au,九州,宮崎,auショップ 平和台(宮崎県),880-0024 宮崎県宮崎市祇園３－１９６－１,https://www.au.com/storelocator/detail/?shopId=Q-00348,31.937181,131.412346,ok
au,九州,宮崎,auショップ 佐土原,880-0211 宮崎県宮崎市佐土原町下田島２０１２０－３５,https://www.au.com/storelocator/detail/?shopId=Q-00426,32.018401,131.476366,ok
au,九州,宮崎,auショップ イオンモール宮崎,880-0834 宮崎県宮崎市新別府町江口８６２－１　イオンモール宮崎２階２００６－Ｂ区画,https://www.au.com/storelocator/detail/?shopId=Q-00676,31.922730,131.455910,ok
au,九州,宮崎,auショップ 日向学院前,880-0879 宮崎県宮崎市宮崎駅東2丁目4-12,https://www.au.com/storelocator/detail/?shopId=Q-00813,31.917738,131.435750,ok
au,九州,宮崎,auショップ 大淀,880-0901 宮崎県宮崎市東大淀2-2-20,https://www.au.com/storelocator/detail/?shopId=Q-00725,31.894618,131.421468,ok
au,九州,宮崎,auショップ 南宮崎,880-0916 宮崎県宮崎市恒久草葉９２４,https://www.au.com/storelocator/detail/?shopId=Q-00101,31.881313,131.426558,ok
au,九州,宮崎,auショップ 宮崎大塚,880-0951 宮崎県宮崎市大塚町宮田２９３５,https://www.au.com/storelocator/detail/?shopId=Q-00127,31.914430,131.396765,ok
au,九州,宮崎,auショップ 延岡多々良,882-0056 宮崎県延岡市岡富町１１９,https://www.au.com/storelocator/detail/?shopId=Q-00422,32.591023,131.658281,ok
au,九州,宮崎,auショップ 出北,882-0855 宮崎県延岡市卸本町９－１４,https://www.au.com/storelocator/detail/?shopId=Q-00423,32.576309,131.685228,ok
au,九州,宮崎,auショップ 平原,882-0866 宮崎県延岡市平原町5丁目692-1,https://www.au.com/storelocator/detail/?shopId=Q-00425,32.553190,131.678425,ok
au,九州,宮崎,auショップ 日向中央,883-0013 宮崎県日向市新生町1丁目１０６番地,https://www.au.com/storelocator/detail/?shopId=Q-00429,32.419925,131.631055,ok
au,九州,宮崎,auショップ 高鍋,884-0002 宮崎県児湯郡高鍋町大字北高鍋字下畑田１７３－１,https://www.au.com/storelocator/detail/?shopId=Q-00053,32.131462,131.507535,ok
au,九州,宮崎,auショップ 都北,885-0004 宮崎県都城市都北町５６７１,https://www.au.com/storelocator/detail/?shopId=Q-00386,31.762499,131.088553,ok
au,九州,宮崎,auショップ 花繰,885-0037 宮崎県都城市花繰町２０－５,https://www.au.com/storelocator/detail/?shopId=Q-00151,31.726435,131.086629,ok
au,九州,宮崎,auショップ 都城早鈴,885-0055 宮崎県都城市早鈴町１７５２番１,https://www.au.com/storelocator/detail/?shopId=Q-00343,31.718118,131.073944,ok
au,九州,宮崎,auショップ 五十市,885-0084 宮崎県都城市五十町２３５２－１,https://www.au.com/storelocator/detail/?shopId=Q-00690,31.717930,131.030706,ok
au,九州,宮崎,auショップ 小林中央,886-0003 宮崎県小林市堤２９７７番７２,https://www.au.com/storelocator/detail/?shopId=Q-00692,31.984144,130.993545,ok
au,九州,宮崎,auショップ ベアーズモール清武,889-1603 宮崎県宮崎市清武町正手２－３７－８,https://www.au.com/storelocator/detail/?shopId=Q-00799,31.860982,131.387575,ok
au,九州,宮崎,auショップ 高千穂,882-1101 宮崎県西臼杵郡高千穂町三田井５０４－４,https://www.au.com/storelocator/detail/?shopId=Q-00061,32.714996,131.315130,ok
au,九州,宮崎,auショップ 日南吾田,889-2536 宮崎県日南市吾田西2丁目1番20号,https://www.au.com/storelocator/detail/?shopId=Q-00156,31.611285,131.372375,ok
au,九州,宮崎,UQスポット イオンモール都城駅前,885-0023 宮崎県都城市栄町４６７２－５　　イオンモール都城駅前２Ｆ,https://www.au.com/storelocator/detail/?shopId=Q-00869,31.735327,131.079843,ok
au,九州,宮崎,トヨタ au取扱店 宮崎トヨペット 花ケ島店,880-0036 宮崎県宮崎市花ヶ島町立毛1070番地,https://www.au.com/storelocator/detail/?shopId=Q-00829,31.953184,131.434698,ok
au,九州,宮崎,トヨタ au取扱店 宮崎トヨタ自動車 本社一般,880-0123 宮崎県宮崎市芳士谷口６９２－１７,https://www.au.com/storelocator/detail/?shopId=Q-00535,31.960116,131.437231,ok
au,九州,宮崎,トヨタ au取扱店 宮崎トヨタ自動車 ネッツ宮崎 花ヶ島店,880-0123 宮崎県宮崎市芳士谷口６９２－５０,https://www.au.com/storelocator/detail/?shopId=Q-00543,31.960078,131.437238,ok
au,九州,熊本,au Style ゆめタウン八代,866-0045 熊本県八代市建馬町３－１　ゆめタウン２Ｆ,https://www.au.com/storelocator/detail/?shopId=Q-00679,32.505649,130.585662,ok
au,九州,熊本,au Style 八代松江通,866-0875 熊本県八代市横手新町１９－８,https://www.au.com/storelocator/detail/?shopId=Q-00049,32.517655,130.599444,ok
au,九州,熊本,au Style 人吉,868-0014 熊本県人吉市下薩摩瀬町1597-2,https://www.au.com/storelocator/detail/?shopId=Q-00642,32.215687,130.738816,ok
au,九州,熊本,au Style 宇土,869-0418 熊本県宇土市善道寺町３０１－２,https://www.au.com/storelocator/detail/?shopId=Q-00048,32.685453,130.669926,ok
au,九州,熊本,au Style イオンモール宇城,869-0606 熊本県宇城市小川町河江１－１　イオンモール宇城,https://www.au.com/storelocator/detail/?shopId=Q-00750,32.596981,130.707282,ok
au,九州,熊本,auショップ 上熊本,860-0072 熊本県熊本市西区花園1丁目1-1,https://www.au.com/storelocator/detail/?shopId=Q-00604,32.815062,130.698611,ok
au,九州,熊本,auショップ SAKURA MACHI,860-0805 熊本県熊本市中央区桜町３番１０　SAKURA MACHI Kumamoto ３Ｆ,https://www.au.com/storelocator/detail/?shopId=Q-00754,32.803559,130.701493,ok
au,九州,熊本,auショップ 下通,860-0808 熊本県熊本市中央区手取本町4-12,https://www.au.com/storelocator/detail/?shopId=Q-00305,32.802666,130.709370,ok
au,九州,熊本,auショップ 平成大通り,860-0834 熊本県熊本市南区江越１丁目１-１５,https://www.au.com/storelocator/detail/?shopId=Q-00735,32.776110,130.703527,ok
au,九州,熊本,auショップ 植木,861-0134 熊本県熊本市北区植木町舞尾５７２－７,https://www.au.com/storelocator/detail/?shopId=Q-00805,32.899166,130.691067,ok
au,九州,熊本,auショップ 菊池,861-1306 熊本県菊池市大琳寺198-1,https://www.au.com/storelocator/detail/?shopId=Q-00398,32.974193,130.805910,ok
au,九州,熊本,auショップ 健軍,861-2102 熊本県熊本市東区沼山津１－３－５,https://www.au.com/storelocator/detail/?shopId=Q-00785,32.777358,130.775728,ok
au,九州,熊本,auショップ 嘉島,861-3101 熊本県上益城郡嘉島町鯰２７７１－１,https://www.au.com/storelocator/detail/?shopId=Q-00440,32.744615,130.740990,ok
au,九州,熊本,auショップ 近見,861-4101 熊本県熊本市南区近見８－２－７,https://www.au.com/storelocator/detail/?shopId=Q-00476,32.761998,130.694703,ok
au,九州,熊本,auショップ 飛田バイパス,861-5514 熊本県熊本市北区飛田３－２－１５,https://www.au.com/storelocator/detail/?shopId=Q-00802,32.849610,130.718123,ok
au,九州,熊本,auショップ 武蔵ヶ丘,861-8003 熊本県熊本市北区楠７丁目７－１５,https://www.au.com/storelocator/detail/?shopId=Q-00319,32.849605,130.760943,ok
au,九州,熊本,auショップ 東町中央,862-0916 熊本県熊本市東区佐土原1丁目1-1,https://www.au.com/storelocator/detail/?shopId=Q-00290,32.789179,130.770070,ok
au,九州,熊本,auショップ 熊本県立大前,862-0924 熊本県熊本市中央区帯山９－５－１０,https://www.au.com/storelocator/detail/?shopId=Q-00106,32.806241,130.763078,ok
au,九州,熊本,auショップ ゆめタウンはません,862-0965 熊本県熊本市南区田井島１丁目２－１　ゆめタウンはません１Ｆ,https://www.au.com/storelocator/detail/?shopId=Q-00302,32.771550,130.726768,ok
au,九州,熊本,auショップ とろく,862-0970 熊本県熊本市中央区渡鹿１丁目１７－７,https://www.au.com/storelocator/detail/?shopId=Q-00757,32.806972,130.734789,ok
au,九州,熊本,auショップ 本渡,863-0022 熊本県天草市栄町９－１５,https://www.au.com/storelocator/detail/?shopId=Q-00008,32.455418,130.192141,ok
au,九州,熊本,auショップ 荒尾,864-0001 熊本県荒尾市原万田700-1,https://www.au.com/storelocator/detail/?shopId=Q-00063,33.001086,130.438387,ok
au,九州,熊本,auショップ 玉名,865-0015 熊本県玉名市亀甲209,https://www.au.com/storelocator/detail/?shopId=Q-00296,32.928260,130.553932,ok
au,九州,熊本,auショップ 菊陽,869-1101 熊本県菊池郡菊陽町大字津久礼2418-3,https://www.au.com/storelocator/detail/?shopId=Q-00062,32.860637,130.802284,ok
au,九州,熊本,auショップ 光の森中央,869-1108 熊本県菊池郡菊陽町光の森7丁目38番10号,https://www.au.com/storelocator/detail/?shopId=Q-00819,32.859150,130.784543,ok
au,九州,熊本,auショップ 大津,869-1233 熊本県菊池郡大津町大津１２９８－１,https://www.au.com/storelocator/detail/?shopId=Q-00092,32.875813,130.871915,ok
au,九州,熊本,auショップ 山鹿,861-0531 熊本県山鹿市鹿校通２丁目１５－５,https://www.au.com/storelocator/detail/?shopId=Q-00297,33.008887,130.708493,ok
au,九州,熊本,auショップ 本渡スーパーセンター,863-0050 熊本県天草市丸尾町１－１７,https://www.au.com/storelocator/detail/?shopId=Q-00113,32.468544,130.185433,ok
au,九州,熊本,auショップ ゆめタウン荒尾シティモール,864-0033 熊本県荒尾市緑ヶ丘１丁目１－１　ゆめタウンシティモール内２Ｆ,https://www.au.com/storelocator/detail/?shopId=Q-00740,32.982322,130.470557,ok
au,九州,熊本,UQスポット イオンモール熊本,861-3106 熊本県上益城郡嘉島町大字上島字長池２２３２　イオンモール熊本　２階,https://www.au.com/storelocator/detail/?shopId=Q-00858,32.737624,130.745545,ok
au,九州,熊本,トヨタ au取扱店 熊本トヨペット BUBU館,860-0824 熊本県熊本市中央区十禅寺２－２－５,https://www.au.com/storelocator/detail/?shopId=Q-00513,32.776832,130.696262,ok
au,九州,熊本,トヨタ au取扱店 ユナイテッドトヨタ熊本 C熊本本店,860-0824 熊本県熊本市中央区十禅寺4丁目1-1,https://www.au.com/storelocator/detail/?shopId=Q-00515,32.780984,130.697740,ok
au,九州,熊本,トヨタ au取扱店 熊本トヨタ自動車 本店,861-4109 熊本県熊本市南区日吉２丁目１０－１,https://www.au.com/storelocator/detail/?shopId=Q-00834,32.758850,130.688285,ok
au,九州,熊本,トヨタ au取扱店 ネッツトヨタ熊本 東バイパス店,861-8028 熊本県熊本市東区新南部６－３－１２５,https://www.au.com/storelocator/detail/?shopId=Q-00656,32.818673,130.754557,ok
au,九州,熊本,トヨタ au取扱店 トヨタレンタリース熊本 熊本インター店,861-8035 熊本県熊本市東区御領２－２７－１,https://www.au.com/storelocator/detail/?shopId=Q-00659,32.823844,130.762856,ok
au,九州,鹿児島,au Style アクロスプラザ与次郎,890-0062 鹿児島県鹿児島市与次郎1丁目7-20,https://www.au.com/storelocator/detail/?shopId=Q-00847,31.570030,130.563151,ok
au,九州,鹿児島,au Style イオンモール鹿児島,891-0115 鹿児島県鹿児島市東開町７　イオンモール鹿児島２階,https://www.au.com/storelocator/detail/?shopId=Q-00872,31.527519,130.536677,ok
au,九州,鹿児島,au Style 鹿屋バイパス,893-0022 鹿児島県鹿屋市旭原町3593-7,https://www.au.com/storelocator/detail/?shopId=Q-00033,31.398910,130.884430,ok
au,九州,鹿児島,au Style ソレイユタウン伊集院,899-2502 鹿児島県日置市伊集院町徳重3丁目9-1,https://www.au.com/storelocator/detail/?shopId=Q-00109,31.629997,130.397952,ok
au,九州,鹿児島,au Style 志布志,899-7103 鹿児島県志布志市志布志町志布志２丁目１４－１４,https://www.au.com/storelocator/detail/?shopId=Q-00032,31.474461,131.097786,ok
au,九州,鹿児島,auショップ 伊敷ニュータウン,890-0007 鹿児島県鹿児島市伊敷台５－１０－５,https://www.au.com/storelocator/detail/?shopId=Q-00346,31.630069,130.538643,ok
au,九州,鹿児島,auショップ アリーナ中央通,890-0023 鹿児島県鹿児島市永吉２－７－３,https://www.au.com/storelocator/detail/?shopId=Q-00621,31.604750,130.535095,ok
au,九州,鹿児島,auショップ 中山バイパス（鹿児島県）,891-0108 鹿児島県鹿児島市中山２－２３－５,https://www.au.com/storelocator/detail/?shopId=Q-00352,31.548957,130.508699,ok
au,九州,鹿児島,auショップ 谷山,891-0117 鹿児島県鹿児島市西谷山３丁目２９－１,https://www.au.com/storelocator/detail/?shopId=Q-00052,31.518901,130.506047,ok
au,九州,鹿児島,auショップ N'sCITY谷山,891-0123 鹿児島県鹿児島市卸本町５－３５,https://www.au.com/storelocator/detail/?shopId=Q-00112,31.518304,130.522520,ok
au,九州,鹿児島,auショップ 指宿,891-0304 鹿児島県指宿市東方１０８３３－３,https://www.au.com/storelocator/detail/?shopId=Q-00434,31.267184,130.625858,ok
au,九州,鹿児島,auショップ 吉野,892-0877 鹿児島県鹿児島市吉野一丁目２０番２０号,https://www.au.com/storelocator/detail/?shopId=Q-00804,31.651090,130.569024,ok
au,九州,鹿児島,auショップ 鹿屋寿,893-0014 鹿児島県鹿屋市寿７－４－６　柿田ビル１Ｆ,https://www.au.com/storelocator/detail/?shopId=Q-00400,31.386758,130.867981,ok
au,九州,鹿児島,auショップ 鹿屋旭原,893-0022 鹿児島県鹿屋市旭原町２７２３－３,https://www.au.com/storelocator/detail/?shopId=Q-00475,31.411978,130.883722,ok
au,九州,鹿児島,auショップ 名瀬,894-0022 鹿児島県奄美市名瀬久里町１－５,https://www.au.com/storelocator/detail/?shopId=Q-00137,28.376126,129.497149,ok
au,九州,鹿児島,auショップ 上川内,895-0067 鹿児島県薩摩川内市上川内町４０８１番１,https://www.au.com/storelocator/detail/?shopId=Q-00344,31.836596,130.287577,ok
au,九州,鹿児島,auショップ 川内中郷,895-0072 鹿児島県薩摩川内市中郷２－６３,https://www.au.com/storelocator/detail/?shopId=Q-00384,31.833703,130.309880,ok
au,九州,鹿児島,auショップ 大口(鹿児島県),895-2511 鹿児島県伊佐市大口里７０１－４,https://www.au.com/storelocator/detail/?shopId=Q-00073,32.056662,130.605635,ok
au,九州,鹿児島,auショップ 南さつま,897-0006 鹿児島県南さつま市加世田本町７－４,https://www.au.com/storelocator/detail/?shopId=Q-00126,31.421967,130.321821,ok
au,九州,鹿児島,auショップ 枕崎,898-0062 鹿児島県枕崎市寿町４６３,https://www.au.com/storelocator/detail/?shopId=Q-00028,31.282700,130.291876,ok
au,九州,鹿児島,auショップ 出水,899-0125 鹿児島県出水市黄金町484-2,https://www.au.com/storelocator/detail/?shopId=Q-00001,32.101126,130.346416,ok
au,九州,鹿児島,auショップ 国分西,899-4341 鹿児島県霧島市国分野口東５－５５,https://www.au.com/storelocator/detail/?shopId=Q-00074,31.737769,130.756840,ok
au,九州,鹿児島,auショップ 国分北,899-4351 鹿児島県霧島市国分新町９７４－２,https://www.au.com/storelocator/detail/?shopId=Q-00474,31.762911,130.778483,ok
au,九州,鹿児島,auショップ 隼人中央,899-5102 鹿児島県霧島市隼人町真孝字櫻馬場５１－５,https://www.au.com/storelocator/detail/?shopId=Q-00706,31.732544,130.737265,ok
au,九州,鹿児島,auショップ イオンタウン姶良,899-5421 鹿児島県姶良市東餅田336 イオンタウン姶良東街区1F,https://www.au.com/storelocator/detail/?shopId=Q-00846,31.733347,130.628834,ok
au,九州,鹿児島,auショップ 末吉,899-8609 鹿児島県曽於市末吉町上町４－１－４,https://www.au.com/storelocator/detail/?shopId=Q-00728,31.651527,131.020247,ok
au,九州,鹿児島,auショップ 種子島,891-3111 鹿児島県西之表市西町180番地,https://www.au.com/storelocator/detail/?shopId=Q-00138,30.734090,130.995593,ok
au,九州,鹿児島,auショップ 徳之島,891-7101 鹿児島県大島郡徳之島町亀津９１８－１,https://www.au.com/storelocator/detail/?shopId=Q-00686,27.731395,129.018897,ok
au,九州,鹿児島,auショップ 沖永良部,891-9112 鹿児島県大島郡和泊町大字和泊５７６－７,https://www.au.com/storelocator/detail/?shopId=Q-00685,27.393880,128.656142,ok
au,九州,鹿児島,auショップ 天文館電停前,892-0842 鹿児島県鹿児島市東千石町１３－１６　天文館薬局ビル１Ｆ,https://www.au.com/storelocator/detail/?shopId=Q-00222,31.590837,130.554894,ok
au,九州,鹿児島,トヨタ au取扱店 トヨタカローラ鹿児島 本店,890-0061 鹿児島県鹿児島市東郡元町15-18,https://www.au.com/storelocator/detail/?shopId=Q-00558,31.555392,130.547713,ok
au,九州,鹿児島,トヨタ au取扱店 鹿児島トヨペット 西千石店,892-0847 鹿児島県鹿児島市西千石町１－２１,https://www.au.com/storelocator/detail/?shopId=Q-00557,31.587890,130.547429,ok
au,沖縄,沖縄,au Style NAHA,900-0015 沖縄県那覇市久茂地１－１－１　パレットくもじ7F,https://www.au.com/storelocator/detail/?shopId=O-00257,26.213503,127.678959,ok
au,沖縄,沖縄,au Style 新都心,900-0004 沖縄県那覇市銘苅２丁目１-３０,https://www.au.com/storelocator/detail/?shopId=O-00318,26.229556,127.698116,ok
au,沖縄,沖縄,au Style イオン那覇,901-0155 沖縄県那覇市那覇市 金城5-10-2 3階「ゲームセンター横」,https://www.au.com/storelocator/detail/?shopId=O-00365,26.196956,127.665770,ok
au,沖縄,沖縄,au Style サンエー板良敷,901-1301 沖縄県島尻郡与那原町字板良敷621番地,https://www.au.com/storelocator/detail/?shopId=O-00268,26.191785,127.770792,ok
au,沖縄,沖縄,au Style きょうづか,901-2111 沖縄県浦添市経塚382,https://www.au.com/storelocator/detail/?shopId=O-00370,26.234660,127.725493,ok
au,沖縄,沖縄,au Style 浦添パルコシティ,901-2123 沖縄県浦添市西洲3丁目1-1 サンエー浦添西海岸PARCOCITY 3F,https://www.au.com/storelocator/detail/?shopId=O-00253,26.262179,127.698611,ok
au,沖縄,沖縄,au Style イオンモール沖縄ライカム,901-2300 沖縄県中頭郡北中城村字ライカム1番地　3階,https://www.au.com/storelocator/detail/?shopId=O-00282,26.314308,127.796542,ok
au,沖縄,沖縄,au Style サンエーハンビータウン,904-0117 沖縄県中頭郡北谷町北前1-2-3　1階,https://www.au.com/storelocator/detail/?shopId=O-00341,26.301704,127.760293,ok
au,沖縄,沖縄,au Style サンエー大湾シティ,904-0313 沖縄県中頭郡読谷村ときわ33番地19,https://www.au.com/storelocator/detail/?shopId=O-00312,26.376698,127.756071,ok
au,沖縄,沖縄,au Style 美里,904-2153 沖縄県沖縄市美原３丁目22番6号,https://www.au.com/storelocator/detail/?shopId=O-00343,26.351737,127.817631,ok
au,沖縄,沖縄,au Style 宮里中学前,904-2165 沖縄県沖縄市東２－１５－１,https://www.au.com/storelocator/detail/?shopId=O-00290,26.342671,127.823919,ok
au,沖縄,沖縄,au Style あわせベイストリート,904-2172 沖縄県沖縄市泡瀬5-1-11,https://www.au.com/storelocator/detail/?shopId=O-00344,26.321633,127.832148,ok
au,沖縄,沖縄,au Style 名護,905-0016 沖縄県名護市大南2-7-16,https://www.au.com/storelocator/detail/?shopId=O-00303,26.592956,127.976740,ok
au,沖縄,沖縄,au Style みやこじま中央,906-0012 沖縄県宮古島市平良西里772-23,https://www.au.com/storelocator/detail/?shopId=O-00367,24.800352,125.288203,ok
au,沖縄,沖縄,au Style サンエー石垣シティ,907-0002 沖縄県石垣市真栄里３０１－１,https://www.au.com/storelocator/detail/?shopId=O-00352,24.341718,124.181091,ok
au,沖縄,沖縄,auショップ 天久りうぼう楽市,900-0005 沖縄県那覇市天久１－１－１,https://www.au.com/storelocator/detail/?shopId=O-00251,26.229292,127.691329,ok
au,沖縄,沖縄,auショップ サンエー那覇メインプレイス,900-0006 沖縄県那覇市おもろまち４－４－９,https://www.au.com/storelocator/detail/?shopId=O-00323,26.225265,127.694517,ok
au,沖縄,沖縄,auショップ 壺川,900-0025 沖縄県那覇市壺川１－２－６,https://www.au.com/storelocator/detail/?shopId=O-00255,26.207008,127.680266,ok
au,沖縄,沖縄,auショップ なは南,901-0152 沖縄県那覇市小禄3-6-5,https://www.au.com/storelocator/detail/?shopId=O-00259,26.189473,127.674190,ok
au,沖縄,沖縄,auショップ 小禄駅前,901-0156 沖縄県那覇市田原１－４－２,https://www.au.com/storelocator/detail/?shopId=O-00261,26.198727,127.669070,ok
au,沖縄,沖縄,auショップ サンエー糸満,901-0223 沖縄県豊見城市翁長７４４－１,https://www.au.com/storelocator/detail/?shopId=O-00326,26.153682,127.671117,ok
au,沖縄,沖縄,auショップ イーアス沖縄豊崎,901-0225 沖縄県豊見城市豊崎3-35,https://www.au.com/storelocator/detail/?shopId=O-00258,26.157212,127.651369,ok
au,沖縄,沖縄,auショップ サンエー豊見城ウイングシティ,901-0242 沖縄県豊見城市字高安261-2,https://www.au.com/storelocator/detail/?shopId=O-00336,26.175073,127.688795,ok
au,沖縄,沖縄,auショップ 豊見城中央,901-0244 沖縄県豊見城市宜保３７７－２/ビッググリーン2　102号,https://www.au.com/storelocator/detail/?shopId=O-00327,26.179556,127.675837,ok
au,沖縄,沖縄,auショップ 糸満中央,901-0303 沖縄県糸満市兼城３３９－３,https://www.au.com/storelocator/detail/?shopId=O-00266,26.140824,127.671593,ok
au,沖縄,沖縄,auショップ 東風平,901-0405 沖縄県島尻郡八重瀬町伊覇２５４,https://www.au.com/storelocator/detail/?shopId=O-00269,26.157232,127.721732,ok
au,沖縄,沖縄,auショップ イオン南風原,901-1104 沖縄県島尻郡南風原町字宮平264 2階,https://www.au.com/storelocator/detail/?shopId=O-00368,26.201599,127.737312,ok
au,沖縄,沖縄,auショップ はえばる,901-1111 沖縄県島尻郡南風原町兼城６３６－１０,https://www.au.com/storelocator/detail/?shopId=O-00270,26.195454,127.725648,ok
au,沖縄,沖縄,auショップ つかざん,901-1117 沖縄県島尻郡南風原町津嘉山1417番1,https://www.au.com/storelocator/detail/?shopId=O-00331,26.190649,127.712023,ok
au,沖縄,沖縄,auショップ サンエーつかざんシティ,901-1117 沖縄県島尻郡南風原町津嘉山１４７１－２　１階,https://www.au.com/storelocator/detail/?shopId=O-00384,26.187854,127.714894,ok
au,沖縄,沖縄,auショップ イオンタウン南城大里,901-1205 沖縄県南城市大里字高平高宮城原97番地2,https://www.au.com/storelocator/detail/?shopId=O-00329,26.173345,127.744814,ok
au,沖縄,沖縄,auショップ 浦西,901-2104 沖縄県浦添市当山2丁目8-7,https://www.au.com/storelocator/detail/?shopId=O-00272,26.249342,127.738523,ok
au,沖縄,沖縄,auショップ サンエー経塚シティ,901-2111 沖縄県浦添市字経塚652-1 　1階,https://www.au.com/storelocator/detail/?shopId=O-00346,26.237693,127.722751,ok
au,沖縄,沖縄,auショップ うらそえ,901-2126 沖縄県浦添市宮城１－２７－８,https://www.au.com/storelocator/detail/?shopId=O-00273,26.251257,127.703154,ok
au,沖縄,沖縄,auショップ 内間中央,901-2126 沖縄県浦添市宮城６－２３－１５,https://www.au.com/storelocator/detail/?shopId=O-00274,26.242312,127.706294,ok
au,沖縄,沖縄,auショップ うらそえ伊祖,901-2132 沖縄県浦添市伊祖１－２１－２,https://www.au.com/storelocator/detail/?shopId=O-00311,26.252895,127.717523,ok
au,沖縄,沖縄,auショップ 宜野湾あかみち,901-2205 沖縄県宜野湾市赤道2-2-6,https://www.au.com/storelocator/detail/?shopId=O-00337,26.273251,127.772943,ok
au,沖縄,沖縄,auショップ がねこ,901-2214 沖縄県宜野湾市我如古2-1-11,https://www.au.com/storelocator/detail/?shopId=O-00252,26.256330,127.754091,ok
au,沖縄,沖縄,auショップ 大謝名,901-2225 沖縄県宜野湾市宇地泊1-7-20,https://www.au.com/storelocator/detail/?shopId=O-00339,26.270617,127.735324,ok
au,沖縄,沖縄,auショップ サンエー宜野湾コンベンションシティ,901-2227 沖縄県宜野湾市宇地泊3-6-1,https://www.au.com/storelocator/detail/?shopId=O-00281,26.275256,127.729703,ok
au,沖縄,沖縄,auショップ サンエーなかぐすく,901-2424 沖縄県中頭郡中城村字南上原795番地,https://www.au.com/storelocator/detail/?shopId=O-00317,26.249351,127.774499,ok
au,沖縄,沖縄,auショップ 久米島,901-3125 沖縄県島尻郡久米島町鳥島３０４,https://www.au.com/storelocator/detail/?shopId=O-00314,26.346102,126.748995,ok
au,沖縄,沖縄,auショップ まかび,902-0068 沖縄県那覇市真嘉比２－３５－２６,https://www.au.com/storelocator/detail/?shopId=O-00254,26.225024,127.700583,ok
au,沖縄,沖縄,auショップ 与儀,902-0075 沖縄県那覇市国場１１９１－２　コーポモア１Ｆ,https://www.au.com/storelocator/detail/?shopId=O-00263,26.201528,127.697715,ok
au,沖縄,沖縄,auショップ 沖尚前,902-0077 沖縄県那覇市長田２－４－１９,https://www.au.com/storelocator/detail/?shopId=O-00324,26.199210,127.701498,ok
au,沖縄,沖縄,auショップ サンエー西原シティー,903-0102 沖縄県中頭郡西原町嘉手苅１３０,https://www.au.com/storelocator/detail/?shopId=O-00335,26.224382,127.765392,ok
au,沖縄,沖縄,auショップ 北谷かみせど,904-0101 沖縄県中頭郡北谷町上勢頭630-7,https://www.au.com/storelocator/detail/?shopId=O-00383,26.329208,127.773677,ok
au,沖縄,沖縄,auショップ 北谷,904-0103 沖縄県中頭郡北谷町字桑江1-2-14,https://www.au.com/storelocator/detail/?shopId=O-00284,26.320934,127.762564,ok
au,沖縄,沖縄,auショップ 砂辺,904-0112 沖縄県中頭郡北谷町浜川１２５,https://www.au.com/storelocator/detail/?shopId=O-00283,26.328662,127.752083,ok
au,沖縄,沖縄,auショップ 石川中央,904-1106 沖縄県うるま市石川１－１４－１,https://www.au.com/storelocator/detail/?shopId=O-00296,26.429775,127.823082,ok
au,沖縄,沖縄,auショップ かねひで登川市場,904-2142 沖縄県沖縄市登川432－1　C-1,https://www.au.com/storelocator/detail/?shopId=O-00289,26.373121,127.824473,ok
au,沖縄,沖縄,auショップ みどり町,904-2215 沖縄県うるま市みどり町５丁目３－１１　中山ビル１Ｆ,https://www.au.com/storelocator/detail/?shopId=O-00293,26.376233,127.853730,ok
au,沖縄,沖縄,auショップ イオン具志川,904-2235 沖縄県うるま市字前原幸崎原303番地　1F,https://www.au.com/storelocator/detail/?shopId=O-00334,26.338358,127.844536,ok
au,沖縄,沖縄,auショップ 具志川赤道,904-2242 沖縄県うるま市高江洲１０２９－３,https://www.au.com/storelocator/detail/?shopId=O-00294,26.357597,127.837516,ok
au,沖縄,沖縄,auショップ サンエー具志川メインシティ,904-2244 沖縄県うるま市江洲４５０－１,https://www.au.com/storelocator/detail/?shopId=O-00347,26.353257,127.825903,ok
au,沖縄,沖縄,auショップ サンエー与勝シティ,904-2311 沖縄県うるま市勝連南風原５１１１,https://www.au.com/storelocator/detail/?shopId=O-00350,26.345236,127.871916,ok
au,沖縄,沖縄,auショップ びいまた,905-0005 沖縄県名護市為又８５６－３,https://www.au.com/storelocator/detail/?shopId=O-00300,26.607213,127.979668,ok
au,沖縄,沖縄,auショップ 宇茂佐,905-0009 沖縄県名護市宇茂佐の森1-1-12,https://www.au.com/storelocator/detail/?shopId=O-00301,26.600442,127.967364,ok
au,沖縄,沖縄,auショップ イオン名護,905-0012 沖縄県名護市字名護見取川原4472,https://www.au.com/storelocator/detail/?shopId=O-00304,26.608258,127.990708,ok
au,沖縄,沖縄,auショップ ビッグもとぶ,905-0212 沖縄県国頭郡本部町大浜８５１－１　ザ.ビッグエクスプレス もとぶ店　1F,https://www.au.com/storelocator/detail/?shopId=O-00302,26.660033,127.895896,ok
au,沖縄,沖縄,auショップ ゆいゆい国頭,905-1412 沖縄県国頭郡国頭村字奥間1605,https://www.au.com/storelocator/detail/?shopId=O-00351,26.732075,128.169440,ok
au,沖縄,沖縄,auショップ サンエー宮古島シティ,906-0013 沖縄県宮古島市平良字下里2511番地43,https://www.au.com/storelocator/detail/?shopId=O-00385,24.780593,125.295803,ok
au,沖縄,沖縄,auショップ 宮古南,906-0014 沖縄県宮古島市平良字松原６３８－１,https://www.au.com/storelocator/detail/?shopId=O-00306,24.787276,125.280644,ok
au,沖縄,沖縄,auショップ 石垣東,907-0002 沖縄県石垣市真栄里234-1 1F,https://www.au.com/storelocator/detail/?shopId=O-00353,24.335277,124.177251,ok
au,沖縄,沖縄,auショップ 西消防署通り,900-0033 沖縄県那覇市久米１－１５－１　うえやまビル１Ｆ,https://www.au.com/storelocator/detail/?shopId=O-00256,26.214642,127.673112,ok
au,沖縄,沖縄,auショップ サンエー石川シティ,904-1106 沖縄県うるま市石川2521-1,https://www.au.com/storelocator/detail/?shopId=O-00297,26.421441,127.823700,ok
au,沖縄,沖縄,UQスポット サンエーしおざきシティ,901-0364 沖縄県糸満市潮崎２丁目２番,https://www.au.com/storelocator/detail/?shopId=O-00386,26.124087,127.667795,ok
au,沖縄,沖縄,UQスポット サンエー八重瀬シティ,901-0406 沖縄県島尻郡八重瀬町屋宜原９９－１,https://www.au.com/storelocator/detail/?shopId=O-00389,26.161254,127.730208,ok
au,沖縄,沖縄,UQスポット サンエー石川シティ,904-1106 沖縄県うるま市石川２５２１－１,https://www.au.com/storelocator/detail/?shopId=O-00387,26.421288,127.824228,ok
au,沖縄,沖縄,トヨタ au取扱店 沖縄トヨタ自動車 トヨタウン勢理客店,901-2122 沖縄県浦添市勢理客4-18-1,https://www.au.com/storelocator/detail/?shopId=O-00315,26.243175,127.691078,ok
au,沖縄,沖縄,トヨタ au取扱店 沖縄トヨタ自動車 トヨタウンぐすくま店,901-2133 沖縄県浦添市城間4-7-3/トヨタウンぐすくま店内,https://www.au.com/storelocator/detail/?shopId=O-00316,26.258906,127.711608,ok
au,沖縄,沖縄,トヨタ au取扱店 沖縄トヨタ自動車 トヨタウン港川店,901-2134 沖縄県浦添市港川２４４,https://www.au.com/storelocator/detail/?shopId=O-00359,26.266561,127.715293,ok
au,沖縄,沖縄,トヨタ au取扱店 沖縄トヨタ自動車 トヨタウン浦添店,901-2134 沖縄県浦添市港川247,https://www.au.com/storelocator/detail/?shopId=O-00366,26.266158,127.714631,ok
docomo,北海道,北海道,ドコモショップあいの里店,002-8071 北海道札幌市北区あいの里一条1-10,https://shop.smt.docomo.ne.jp/shop_detail/0100100117100/index.html,43.15565,141.39756111111,ok
docomo,北海道,北海道,ドコモショップアクロスプラザ南２２条店,064-0922 北海道札幌市中央区南２２条西７丁目1-28,https://shop.smt.docomo.ne.jp/shop_detail/0131120200700/index.html,43.030833888889,141.35139055556,ok
docomo,北海道,北海道,ドコモショップ旭川環状通東光店,078-8353 北海道旭川市東光十三条3-17,https://shop.smt.docomo.ne.jp/shop_detail/0135120101000/index.html,43.742163611111,142.40744416667,ok
docomo,北海道,北海道,ドコモショップ旭川末広店,071-8121 北海道旭川市末広東一条一丁目2-2,https://shop.smt.docomo.ne.jp/shop_detail/0135120100700/index.html,43.801423888889,142.38401611111,ok
docomo,北海道,北海道,ドコモショップ旭川中央店,070-0034 北海道旭川市四条通１４丁目左1,https://shop.smt.docomo.ne.jp/shop_detail/0100100201300/index.html,43.766396666667,142.37130472222,ok
docomo,北海道,北海道,ドコモショップ旭川東光店,078-8231 北海道旭川市豊岡１条4-21,https://shop.smt.docomo.ne.jp/shop_detail/0100100115500/index.html,43.755948888889,142.39435,ok
docomo,北海道,北海道,ドコモショップ旭川永山店,079-8420 北海道旭川市永山十条5-8,https://shop.smt.docomo.ne.jp/shop_detail/0100100094100/index.html,43.783338611111,142.41224388889,ok
docomo,北海道,北海道,ドコモショップ朝里店,047-0152 北海道小樽市新光1-5,https://shop.smt.docomo.ne.jp/shop_detail/0100100267900/index.html,43.174460833333,141.05853083333,ok
docomo,北海道,北海道,ドコモショップ足寄店,089-3717 北海道足寄郡足寄町南七条1-43,https://shop.smt.docomo.ne.jp/shop_detail/0100100133400/index.html,43.236144166667,143.54667666667,ok
docomo,北海道,北海道,ドコモショップ厚別西店,004-0062 北海道札幌市厚別区厚別西二条3-13,https://shop.smt.docomo.ne.jp/shop_detail/0131120106800/index.html,43.050925277778,141.47032222222,ok
docomo,北海道,北海道,ドコモショップＡＰｉＡ店（北海道）,060-0005 北海道札幌市中央区北五条西3 札幌駅南口広場地下街,https://shop.smt.docomo.ne.jp/shop_detail/0100100090300/index.html,43.067868888889,141.3511275,ok
docomo,北海道,北海道,ドコモショップイオン旭川永山店,079-8413 北海道旭川市永山三条2-11 イオン旭川永山店,https://shop.smt.docomo.ne.jp/shop_detail/0100100197700/index.html,43.801530833333,142.42150277778,ok
docomo,北海道,北海道,ドコモショップイオン上磯店,049-0111 北海道北斗市七重浜4-44-1 イオン上磯店内,https://shop.smt.docomo.ne.jp/shop_detail/0100100226900/index.html,41.821498611111,140.7123375,ok
docomo,北海道,北海道,ドコモショップイオンモール旭川駅前店,070-0030 北海道旭川市宮下通７丁目2-5 イオンモール旭川駅前店,https://shop.smt.docomo.ne.jp/shop_detail/0100100236400/index.html,43.763982777778,142.35731583333,ok
docomo,北海道,北海道,ドコモショップ石狩店,061-3259 北海道石狩市樽川９条１丁目5-1,https://shop.smt.docomo.ne.jp/shop_detail/0100100205000/index.html,43.143583055556,141.27650861111,ok
docomo,北海道,北海道,ドコモショップ岩見沢店,068-0030 北海道岩見沢市十条西1-1,https://shop.smt.docomo.ne.jp/shop_detail/0100100111500/index.html,43.197080555556,141.77117777778,ok
docomo,北海道,北海道,ドコモショップウイングベイ小樽店,047-0008 北海道小樽市築港11 ウイングベイ小樽３番街,https://shop.smt.docomo.ne.jp/shop_detail/0100100236600/index.html,43.182518055556,141.02641555556,ok
docomo,北海道,北海道,ドコモショップ美しが丘店,004-0814 北海道札幌市清田区美しが丘４条６丁目2-8,https://shop.smt.docomo.ne.jp/shop_detail/0100100190200/index.html,42.977501388889,141.45888888889,ok
docomo,北海道,北海道,ドコモショップ浦河店,057-0013 北海道浦河郡浦河町大通2-16-2,https://shop.smt.docomo.ne.jp/shop_detail/0100100052800/index.html,42.162491666667,142.77454277778,ok
docomo,北海道,北海道,ドコモショップ江差店,043-0022 北海道檜山郡江差町字伏木戸町561,https://shop.smt.docomo.ne.jp/shop_detail/0132108502800/index.html,41.915051111111,140.14504305556,ok
docomo,北海道,北海道,ドコモショップ恵庭店,061-1441 北海道恵庭市住吉町6-5,https://shop.smt.docomo.ne.jp/shop_detail/0100100153300/index.html,42.875263055556,141.58321805556,ok
docomo,北海道,北海道,ドコモショップ江別店,069-0813 北海道江別市野幌町9-26,https://shop.smt.docomo.ne.jp/shop_detail/0100100158000/index.html,43.0966725,141.52948111111,ok
docomo,北海道,北海道,ドコモショップ江別野幌店,069-0831 北海道江別市野幌若葉町9-21,https://shop.smt.docomo.ne.jp/shop_detail/0131130603000/index.html,43.085873888889,141.52922361111,ok
docomo,北海道,北海道,ドコモショップ音更木野店,080-0301 北海道河東郡音更町木野大通西1-17,https://shop.smt.docomo.ne.jp/shop_detail/0100100274600/index.html,42.965513888889,143.20665833333,ok
docomo,北海道,北海道,ドコモショップ帯広稲田店,080-0016 北海道帯広市西六条南３４丁目83,https://shop.smt.docomo.ne.jp/shop_detail/0100100155100/index.html,42.891667777778,143.19888888889,ok
docomo,北海道,北海道,ドコモショップ帯広大通南２８丁目店,080-0010 北海道帯広市大通南1-2,https://shop.smt.docomo.ne.jp/shop_detail/0100100087200/index.html,42.900448333333,143.20781583333,ok
docomo,北海道,北海道,ドコモショップ帯広自由が丘店,080-0848 北海道帯広市自由が丘2-1,https://shop.smt.docomo.ne.jp/shop_detail/0100100273900/index.html,42.903759166667,143.16297583333,ok
docomo,北海道,北海道,ドコモショップ帯広店,080-0043 北海道帯広市西１３条北1-4,https://shop.smt.docomo.ne.jp/shop_detail/0133120101100/index.html,42.930903611111,143.18316166667,ok
docomo,北海道,北海道,ドコモショップオホーツク網走店,093-0034 北海道網走市つくしケ丘１丁目1-8,https://shop.smt.docomo.ne.jp/shop_detail/0134108700900/index.html,43.997053888889,144.28781,ok
docomo,北海道,北海道,ドコモショップオホーツク遠軽店,099-0404 北海道紋別郡遠軽町大通北1-2-37,https://shop.smt.docomo.ne.jp/shop_detail/0134108701100/index.html,44.059585277778,143.52365972222,ok
docomo,北海道,北海道,ドコモショップオホーツク斜里店,099-4117 北海道斜里郡斜里町青葉町6-33,https://shop.smt.docomo.ne.jp/shop_detail/0134108701300/index.html,43.901406111111,144.66279222222,ok
docomo,北海道,北海道,ドコモショップオホーツク店,090-0834 北海道北見市とん田西町226-2 ドコモショップオホーツクビル,https://shop.smt.docomo.ne.jp/shop_detail/0134112200100/index.html,43.79884,143.87445388889,ok
docomo,北海道,北海道,ドコモショップオホーツク美幌店,092-0027 北海道網走郡美幌町字稲美68,https://shop.smt.docomo.ne.jp/shop_detail/0134108701200/index.html,43.818457777778,144.1165925,ok
docomo,北海道,北海道,ドコモショップオホーツク紋別店,094-0007 北海道紋別市落石町12-28,https://shop.smt.docomo.ne.jp/shop_detail/0134108701000/index.html,44.363092222222,143.33593944444,ok
docomo,北海道,北海道,ドコモショップキャポ大谷地店,004-0041 北海道札幌市厚別区大谷地東３丁目3-20 キャポ大谷地,https://shop.smt.docomo.ne.jp/shop_detail/0131120103600/index.html,43.026445277778,141.45347,ok
docomo,北海道,北海道,ドコモショップ北郷店,003-0835 北海道札幌市白石区北郷五条1-30,https://shop.smt.docomo.ne.jp/shop_detail/0100100276500/index.html,43.056416666667,141.42572222222,ok
docomo,北海道,北海道,ドコモショップ北３４条東店,007-0834 北海道札幌市東区北三十四条東８丁目1-5,https://shop.smt.docomo.ne.jp/shop_detail/0131150001900/index.html,43.104018611111,141.35839833333,ok
docomo,北海道,北海道,ドコモショップ北広島店,061-1121 北海道北広島市中央６丁目11-9,https://shop.smt.docomo.ne.jp/shop_detail/0100100152000/index.html,42.979130555556,141.5666,ok
docomo,北海道,北海道,ドコモショップ釧路光和店,088-0623 北海道釧路郡釧路町光和4-14-1,https://shop.smt.docomo.ne.jp/shop_detail/0133108601600/index.html,43.007065555556,144.40388972222,ok
docomo,北海道,北海道,ドコモショップ釧路昭和店,084-0910 北海道釧路市昭和中央1-1,https://shop.smt.docomo.ne.jp/shop_detail/0100100074100/index.html,43.021968611111,144.3578225,ok
docomo,北海道,北海道,ドコモショップ釧路店,085-0015 北海道釧路市北大通10-1 ドコモ釧路ビル,https://shop.smt.docomo.ne.jp/shop_detail/0133120101400/index.html,42.987085277778,144.38386916667,ok
docomo,北海道,北海道,ドコモショップ札幌環状通東店,065-0014 北海道札幌市東区北十四条東１５丁目3-30,https://shop.smt.docomo.ne.jp/shop_detail/0100100436700/index.html,43.080833888889,141.37500055556,ok
docomo,北海道,北海道,ドコモショップ札幌北１条東店,060-0031 北海道札幌市中央区北１条東１１丁目15-55,https://shop.smt.docomo.ne.jp/shop_detail/0100100436800/index.html,43.065001944444,141.37333444444,ok
docomo,北海道,北海道,ドコモショップ札幌光星店,065-0007 北海道札幌市東区北七条東８丁目2-5 ＦＡ－Ｎ７ビル,https://shop.smt.docomo.ne.jp/shop_detail/0131120108400/index.html,43.072186111111,141.36553055556,ok
docomo,北海道,北海道,ドコモショップ札幌店,060-0061 北海道札幌市中央区南一条西1-4 大成札幌ビル,https://shop.smt.docomo.ne.jp/shop_detail/0131120100100/index.html,43.0597025,141.35617027778,ok
docomo,北海道,北海道,ドコモショップ札幌八軒店,063-0846 北海道札幌市西区八軒六条西六丁目1-10,https://shop.smt.docomo.ne.jp/shop_detail/0100100276900/index.html,43.091929166667,141.30779527778,ok
docomo,北海道,北海道,ドコモショップ札幌北大通り店,001-0021 北海道札幌市北区北二十一条西2-28,https://shop.smt.docomo.ne.jp/shop_detail/0100100158200/index.html,43.086948055556,141.34415638889,ok
docomo,北海道,北海道,ドコモショップ札幌山鼻店,064-0811 北海道札幌市中央区南十一条西1-8,https://shop.smt.docomo.ne.jp/shop_detail/0131120201400/index.html,43.044696666667,141.33365416667,ok
docomo,北海道,北海道,ドコモショップ栄町店,007-0841 北海道札幌市東区北四十一条東１７丁目2-5,https://shop.smt.docomo.ne.jp/shop_detail/0131150002800/index.html,43.112573055556,141.36958,ok
docomo,北海道,北海道,ドコモショップ札内店,089-0535 北海道中川郡幕別町札内桜町83-14,https://shop.smt.docomo.ne.jp/shop_detail/0100100150400/index.html,42.920274444444,143.24092638889,ok
docomo,北海道,北海道,ドコモショップシーナシーナ琴似店,063-0812 北海道札幌市西区琴似２条１丁目4-1 ＣｉｉＮＡＣｉｉＮＡ琴似,https://shop.smt.docomo.ne.jp/shop_detail/0131120303600/index.html,43.080279166667,141.30611111111,ok
docomo,北海道,北海道,ドコモショップシーナシーナ福住店,062-0042 北海道札幌市豊平区福住二条１丁目2-5,https://shop.smt.docomo.ne.jp/shop_detail/0100100035200/index.html,43.020277777778,141.40333333333,ok
docomo,北海道,北海道,ドコモショップ静内店,056-0025 北海道日高郡新ひだか町静内木場町2-3,https://shop.smt.docomo.ne.jp/shop_detail/0100100046700/index.html,42.3414,142.35393055556,ok
docomo,北海道,北海道,ドコモショップ篠路店,002-8023 北海道札幌市北区篠路三条1-1,https://shop.smt.docomo.ne.jp/shop_detail/0131120103500/index.html,43.144647777778,141.35779277778,ok
docomo,北海道,北海道,ドコモショップ白石中央店,003-0012 北海道札幌市白石区中央二条10-23,https://shop.smt.docomo.ne.jp/shop_detail/0131120200100/index.html,43.053567777778,141.40223638889,ok
docomo,北海道,北海道,ドコモショップ新琴似店,001-0907 北海道札幌市北区新琴似七条１０丁目4-20,https://shop.smt.docomo.ne.jp/shop_detail/0100100035300/index.html,43.118098888889,141.32077305556,ok
docomo,北海道,北海道,ドコモショップ新札幌店,004-0052 北海道札幌市厚別区厚別中央二条5-2-30 新札幌ジェムシティー,https://shop.smt.docomo.ne.jp/shop_detail/0100100084800/index.html,43.038643055556,141.47047833333,ok
docomo,北海道,北海道,ドコモショップ新橋大曲店（北海道）,085-0037 北海道釧路市柳町10-7,https://shop.smt.docomo.ne.jp/shop_detail/0100100084400/index.html,43.003890555556,144.37861166667,ok
docomo,北海道,北海道,ドコモショップ新ひだか店,056-0026 北海道日高郡新ひだか町静内末広町2-1 イオン静内店,https://shop.smt.docomo.ne.jp/shop_detail/0100100148900/index.html,42.343105277778,142.35573527778,ok
docomo,北海道,北海道,ドコモショップススキノ十字街店,064-0804 北海道札幌市中央区南四条西9-4 ススキノ十字街ビル,https://shop.smt.docomo.ne.jp/shop_detail/0131120107300/index.html,43.056024444444,141.35352027778,ok
docomo,北海道,北海道,ドコモショップ砂川店,073-0101 北海道砂川市空知太東１条4-360-2,https://shop.smt.docomo.ne.jp/shop_detail/0135108802100/index.html,43.533772222222,141.91983166667,ok
docomo,北海道,北海道,ドコモショップ澄川店,005-0003 北海道札幌市南区澄川三条4-5 ジンビル澄川２,https://shop.smt.docomo.ne.jp/shop_detail/0100100081600/index.html,43.014447777778,141.36594,ok
docomo,北海道,北海道,ドコモショップ桑園店,060-0009 北海道札幌市中央区北九条西15-28-196 札幌ＩＴフロントビル,https://shop.smt.docomo.ne.jp/shop_detail/0131120209200/index.html,43.069389722222,141.33157666667,ok
docomo,北海道,北海道,ドコモショップ空知店,068-0029 北海道岩見沢市九条西1-3,https://shop.smt.docomo.ne.jp/shop_detail/0131120400200/index.html,43.194005,141.76391277778,ok
docomo,北海道,北海道,ドコモショップ滝川店,073-0024 北海道滝川市東町2-44-8,https://shop.smt.docomo.ne.jp/shop_detail/0131120801300/index.html,43.555999166667,141.92601083333,ok
docomo,北海道,北海道,ドコモショップ端野店,099-2103 北海道北見市端野町三区572-1 東武イーストモール店内,https://shop.smt.docomo.ne.jp/shop_detail/0100100082100/index.html,43.841398888889,143.92935805556,ok
docomo,北海道,北海道,ドコモショップ伊達店（北海道）,052-0021 北海道伊達市末永町8-4,https://shop.smt.docomo.ne.jp/shop_detail/0100100007200/index.html,42.473995,140.86144805556,ok
docomo,北海道,北海道,ドコモショップ千歳富士店,066-0039 北海道千歳市富士３丁目6-13,https://shop.smt.docomo.ne.jp/shop_detail/0131120300300/index.html,42.84078,141.62931305556,ok
docomo,北海道,北海道,ドコモショップツインハープ旭神店,078-8373 北海道旭川市旭神三条2-2,https://shop.smt.docomo.ne.jp/shop_detail/0100100149900/index.html,43.735568333333,142.38744111111,ok
docomo,北海道,北海道,ドコモショップ手稲店,006-0816 北海道札幌市手稲区前田六条1-12,https://shop.smt.docomo.ne.jp/shop_detail/0131120107200/index.html,43.126469444444,141.25407416667,ok
docomo,北海道,北海道,ドコモショップとかち店,080-2469 北海道帯広市西１９条南３丁目1-54,https://shop.smt.docomo.ne.jp/shop_detail/0133120101000/index.html,42.918147222222,143.15376388889,ok
docomo,北海道,北海道,ドコモショップ苫小牧明野新町店,053-0054 北海道苫小牧市明野新町１丁目1-7,https://shop.smt.docomo.ne.jp/shop_detail/0100100035600/index.html,42.657230555556,141.63901944444,ok
docomo,北海道,北海道,ドコモショップ苫小牧店,053-0033 北海道苫小牧市木場町4-10,https://shop.smt.docomo.ne.jp/shop_detail/0191101130100/index.html,42.640760833333,141.59717777778,ok
docomo,北海道,北海道,ドコモショップ苫小牧バイパス店,059-1271 北海道苫小牧市澄川町４丁目1-12,https://shop.smt.docomo.ne.jp/shop_detail/0100100283100/index.html,42.616493888889,141.50735611111,ok
docomo,北海道,北海道,ドコモショップ富川店,055-0006 北海道沙流郡日高町富川南2-5 マックスバリュ富川店内,https://shop.smt.docomo.ne.jp/shop_detail/0100100152200/index.html,42.519800833333,142.02516694444,ok
docomo,北海道,北海道,ドコモショップ豊平店,062-0903 北海道札幌市豊平区豊平三条８丁目1-53,https://shop.smt.docomo.ne.jp/shop_detail/0131120108100/index.html,43.049445833333,141.37472444444,ok
docomo,北海道,北海道,ドコモショップ中標津店,086-1146 北海道標津郡中標津町南町3-10 東武サウスヒルズ内,https://shop.smt.docomo.ne.jp/shop_detail/0100100047500/index.html,43.536245,144.97775305556,ok
docomo,北海道,北海道,ドコモショップ中島公園店,064-0809 北海道札幌市中央区南九条西1-25 カームハイツ,https://shop.smt.docomo.ne.jp/shop_detail/0100100035500/index.html,43.048337777778,141.35012638889,ok
docomo,北海道,北海道,ドコモショップ名寄店,096-0014 北海道名寄市西四条南8-1,https://shop.smt.docomo.ne.jp/shop_detail/0135108801900/index.html,44.346583333333,142.45791666667,ok
docomo,北海道,北海道,ドコモショップ日専連春採店,085-0813 北海道釧路市春採７丁目1-24 コーチャンフォー釧路店内,https://shop.smt.docomo.ne.jp/shop_detail/0100100117200/index.html,42.976668611111,144.41388888889,ok
docomo,北海道,北海道,ドコモショップ西町店,063-0062 北海道札幌市西区西町南2-1 千代田発寒橋ビル,https://shop.smt.docomo.ne.jp/shop_detail/0131120303400/index.html,43.076739166667,141.29244444444,ok
docomo,北海道,北海道,ドコモショップ根室店,087-0021 北海道根室市幸町1-6,https://shop.smt.docomo.ne.jp/shop_detail/0100100005700/index.html,43.330258333333,145.58615861111,ok
docomo,北海道,北海道,ドコモショップ登別店,059-0035 北海道登別市若草町2-14-15,https://shop.smt.docomo.ne.jp/shop_detail/0100100034500/index.html,42.370238055556,141.05628,ok
docomo,北海道,北海道,ドコモショップ函館駅前店,040-0035 北海道函館市松風町7-20,https://shop.smt.docomo.ne.jp/shop_detail/0100100094300/index.html,41.77375,140.73119444444,ok
docomo,北海道,北海道,ドコモショップ函館新道店,041-0802 北海道函館市石川町173-3,https://shop.smt.docomo.ne.jp/shop_detail/0100100205400/index.html,41.831916666667,140.73611111111,ok
docomo,北海道,北海道,ドコモショップ函館店,040-0001 北海道函館市五稜郭町12-16 ピュアパレス五稜郭,https://shop.smt.docomo.ne.jp/shop_detail/0132120201000/index.html,41.7951125,140.75109611111,ok
docomo,北海道,北海道,ドコモショップ函館戸倉店,042-0953 北海道函館市戸倉町320-1,https://shop.smt.docomo.ne.jp/shop_detail/0100100220000/index.html,41.7801975,140.80101611111,ok
docomo,北海道,北海道,ドコモショップ函館本通店,041-0851 北海道函館市本通4-16-22,https://shop.smt.docomo.ne.jp/shop_detail/0100100053400/index.html,41.799902777778,140.77724722222,ok
docomo,北海道,北海道,ドコモショップ花園店（北海道）,047-0024 北海道小樽市花園10-11,https://shop.smt.docomo.ne.jp/shop_detail/0131120700400/index.html,43.189899722222,140.99936027778,ok
docomo,北海道,北海道,ドコモショップ平岡店,004-0864 北海道札幌市清田区北野四条5-7,https://shop.smt.docomo.ne.jp/shop_detail/0100100124700/index.html,43.010151111111,141.44789305556,ok
docomo,北海道,北海道,ドコモショップ深川店,074-0004 北海道深川市４条9-6,https://shop.smt.docomo.ne.jp/shop_detail/0135108802000/index.html,43.718917222222,142.04372138889,ok
docomo,北海道,北海道,ドコモショップ伏古店,007-0865 北海道札幌市東区伏古五条4-6,https://shop.smt.docomo.ne.jp/shop_detail/0131120202900/index.html,43.087617222222,141.39332944444,ok
docomo,北海道,北海道,ドコモショップ富良野店,076-0032 北海道富良野市若松町16-20,https://shop.smt.docomo.ne.jp/shop_detail/0135108801800/index.html,43.343114722222,142.38389194444,ok
docomo,北海道,北海道,ドコモショップフレスポ恵み野店,061-1376 北海道恵庭市恵み野里美２丁目15 フレスポ恵み野ノースエリア内,https://shop.smt.docomo.ne.jp/shop_detail/0100100045900/index.html,42.905873333333,141.57133694444,ok
docomo,北海道,北海道,ドコモショップＢＲＡＮＣＨ札幌月寒店,062-0053 北海道札幌市豊平区月寒東３条１１丁目5-21,https://shop.smt.docomo.ne.jp/shop_detail/0100100429400/index.html,43.028891111111,141.41000138889,ok
docomo,北海道,北海道,ドコモショップ北斗店,049-0111 北海道北斗市七重浜７丁目2-14,https://shop.smt.docomo.ne.jp/shop_detail/0100100215800/index.html,41.819444444444,140.69694472222,ok
docomo,北海道,北海道,ドコモショップ星が浦店,084-0912 北海道釧路市星が浦大通7-12,https://shop.smt.docomo.ne.jp/shop_detail/0133120102000/index.html,43.015523888889,144.323235,ok
docomo,北海道,北海道,ドコモショップ真駒内川沿店,005-0801 北海道札幌市南区川沿１条１丁目3-58 第２藤川ビル,https://shop.smt.docomo.ne.jp/shop_detail/0100100279900/index.html,43.000279444444,141.33500083333,ok
docomo,北海道,北海道,ドコモショップ円山店,064-0820 北海道札幌市中央区大通西1-12,https://shop.smt.docomo.ne.jp/shop_detail/0100100074000/index.html,43.056653888889,141.32456,ok
docomo,北海道,北海道,ドコモショップ南大通店,060-0061 北海道札幌市中央区南一条西5 郵政福祉札幌第１ビル,https://shop.smt.docomo.ne.jp/shop_detail/0131120108300/index.html,43.0587625,141.349545,ok
docomo,北海道,北海道,ドコモショップ南平岸店,062-0933 北海道札幌市豊平区平岸三条1-23,https://shop.smt.docomo.ne.jp/shop_detail/0100100216100/index.html,43.028189722222,141.36844666667,ok
docomo,北海道,北海道,ドコモショップ美原店,041-0806 北海道函館市美原8-8,https://shop.smt.docomo.ne.jp/shop_detail/0132120101100/index.html,41.816196666667,140.7516375,ok
docomo,北海道,北海道,ドコモショップ宮の沢店,063-0051 北海道札幌市西区宮の沢１条５丁目1-7,https://shop.smt.docomo.ne.jp/shop_detail/0100100079400/index.html,43.093349722222,141.26552666667,ok
docomo,北海道,北海道,ドコモショップ室蘭店,050-0074 北海道室蘭市中島町9-4,https://shop.smt.docomo.ne.jp/shop_detail/0131130601800/index.html,42.351913888889,141.01323055556,ok
docomo,北海道,北海道,ドコモショップ芽室店,082-0801 北海道河西郡芽室町東めむろ一条北2-1,https://shop.smt.docomo.ne.jp/shop_detail/0100100128700/index.html,42.912713055556,143.0691675,ok
docomo,北海道,北海道,ドコモショップ八雲店,049-3107 北海道二海郡八雲町本町88,https://shop.smt.docomo.ne.jp/shop_detail/0100100092700/index.html,42.256058611111,140.27003111111,ok
docomo,北海道,北海道,ドコモショップ余市店,046-0003 北海道余市郡余市町黒川町10-60-1,https://shop.smt.docomo.ne.jp/shop_detail/0100100275300/index.html,43.184808333333,140.79498777778,ok
docomo,北海道,北海道,ドコモショップようてい店,044-0041 北海道虻田郡倶知安町南七条西１丁目10-7,https://shop.smt.docomo.ne.jp/shop_detail/0100100053900/index.html,42.894183055556,140.75169305556,ok
docomo,北海道,北海道,ドコモショップ留萌店,077-0044 北海道留萌市錦町４丁目2-13,https://shop.smt.docomo.ne.jp/shop_detail/0135108801700/index.html,43.938251111111,141.64628888889,ok
docomo,北海道,北海道,ドコモショップ稚内大黒店,097-0005 北海道稚内市大黒２丁目5-28,https://shop.smt.docomo.ne.jp/shop_detail/0135130103700/index.html,45.398611111111,141.6875025,ok
docomo,北海道,北海道,ドコモショップ帯広競馬場通店,080-0020 北海道帯広市西１０条南１０丁目2,https://shop.smt.docomo.ne.jp/shop_detail/0100100077500/index.html,42.920071111111,143.19012,ok
docomo,東北,青森県,ドコモショップ青森新町店,030-0801 青森県青森市新町２丁目5-1 角弘ビル,https://shop.smt.docomo.ne.jp/shop_detail/0294140109600/index.html,40.825996944444,140.74141694444,ok
docomo,東北,青森県,ドコモショップ青森西店,038-0003 青森県青森市大字石江字江渡3-97,https://shop.smt.docomo.ne.jp/shop_detail/0200200548200/index.html,40.825139166667,140.70325305556,ok
docomo,東北,青森県,ドコモショップ青森東店,030-0964 青森県青森市南佃1-10,https://shop.smt.docomo.ne.jp/shop_detail/0294140116500/index.html,40.815398333333,140.78239805556,ok
docomo,東北,青森県,ドコモショップイオンタウン弘前樋の口店,036-8278 青森県弘前市大字樋の口9-6,https://shop.smt.docomo.ne.jp/shop_detail/0200201054000/index.html,40.6025,140.44416666667,ok
docomo,東北,青森県,ドコモショップイオンモール下田店,039-2112 青森県上北郡おいらせ町中野平1-40 イオンモール下田,https://shop.smt.docomo.ne.jp/shop_detail/0200200473200/index.html,40.60206,141.41972972222,ok
docomo,東北,青森県,ドコモショップイオンモールつがる柏店,038-3107 青森県つがる市柏稲盛幾世41 イオンモールつがる柏,https://shop.smt.docomo.ne.jp/shop_detail/0294140116600/index.html,40.802072777778,140.41720194444,ok
docomo,東北,青森県,ドコモショップ五所川原店,037-0036 青森県五所川原市中央４丁目112,https://shop.smt.docomo.ne.jp/shop_detail/0294140115400/index.html,40.796027222222,140.45075972222,ok
docomo,東北,青森県,ドコモショップサテライト黒石店,036-0375 青森県黒石市若葉町105-1,https://shop.smt.docomo.ne.jp/shop_detail/0200201660500/index.html,40.64694,140.60138583333,ok
docomo,東北,青森県,ドコモショップサテライト三戸バイパス店,039-0141 青森県三戸郡三戸町大字川守田字正浄寺3-22,https://shop.smt.docomo.ne.jp/shop_detail/0200201658700/index.html,40.382302777778,141.24917222222,ok
docomo,東北,青森県,ドコモショップサテライト八戸下長店,039-1164 青森県八戸市下長１丁目2-6,https://shop.smt.docomo.ne.jp/shop_detail/0200201662900/index.html,40.527763611111,141.46659416667,ok
docomo,東北,青森県,ドコモショップサンロード青森店,030-8533 青森県青森市緑9-2 サンロード青森,https://shop.smt.docomo.ne.jp/shop_detail/0200201388700/index.html,40.807071944444,140.75329972222,ok
docomo,東北,青森県,ドコモショップシーナシーナ青森店,030-0843 青森県青森市浜田1-14-1 シーナシーナ青森,https://shop.smt.docomo.ne.jp/shop_detail/0200200361200/index.html,40.80096,140.74907972222,ok
docomo,東北,青森県,ドコモショップ十和田店,034-0011 青森県十和田市稲生町3-7,https://shop.smt.docomo.ne.jp/shop_detail/0294240206000/index.html,40.61958,141.20945861111,ok
docomo,東北,青森県,ドコモショップのへじ店,039-3171 青森県上北郡野辺地町字二本木1-24 マックスバリュ野辺地店内,https://shop.smt.docomo.ne.jp/shop_detail/0200201054900/index.html,40.865953888889,141.11181694444,ok
docomo,東北,青森県,ドコモショップ八戸中央店,031-0071 青森県八戸市沼館6-20,https://shop.smt.docomo.ne.jp/shop_detail/0200201053500/index.html,40.526327222222,141.49249055556,ok
docomo,東北,青森県,ドコモショップ八戸根城店,039-1166 青森県八戸市根城5-23,https://shop.smt.docomo.ne.jp/shop_detail/0294240203400/index.html,40.507940277778,141.46925444444,ok
docomo,東北,青森県,ドコモショップ八戸湊高台店,031-0823 青森県八戸市湊高台１丁目1-36,https://shop.smt.docomo.ne.jp/shop_detail/0200201054400/index.html,40.506450555556,141.53116694444,ok
docomo,東北,青森県,ドコモショップ八戸南類家店,031-0011 青森県八戸市田向２丁目6-26,https://shop.smt.docomo.ne.jp/shop_detail/0294240206400/index.html,40.496400555556,141.51296027778,ok
docomo,東北,青森県,ドコモショップ八戸ラピア店,031-0801 青森県八戸市江陽2-14-1 八戸ショッピングセンターラピア,https://shop.smt.docomo.ne.jp/shop_detail/0200201301300/index.html,40.521916666667,141.50336111111,ok
docomo,東北,青森県,ドコモショップ弘前駅前店,036-8002 青森県弘前市大字駅前5-1,https://shop.smt.docomo.ne.jp/shop_detail/0294140111800/index.html,40.600066944444,140.47984888889,ok
docomo,東北,青森県,ドコモショップ弘前城東店,036-8087 青森県弘前市早稲田1-4,https://shop.smt.docomo.ne.jp/shop_detail/0294140109500/index.html,40.603034722222,140.51328888889,ok
docomo,東北,青森県,ドコモショップ弘前早稲田店,036-8087 青森県弘前市大字早稲田3-20-2,https://shop.smt.docomo.ne.jp/shop_detail/0200201121700/index.html,40.598255,140.51141444444,ok
docomo,東北,青森県,ドコモショップ三沢店,033-0123 青森県三沢市堀口1-1,https://shop.smt.docomo.ne.jp/shop_detail/0294240206100/index.html,40.686245833333,141.37752138889,ok
docomo,東北,青森県,ドコモショップむつ店,035-0073 青森県むつ市中央1-16,https://shop.smt.docomo.ne.jp/shop_detail/0294140148000/index.html,41.288838888889,141.18668583333,ok
docomo,東北,岩手県,ドコモショップイオンタウン釜石店,026-0011 岩手県釜石市港町1-1 イオンタウン釜石,https://shop.smt.docomo.ne.jp/shop_detail/0296160192500/index.html,39.271950833333,141.88560777778,ok
docomo,東北,岩手県,ドコモショップイオンモール盛岡店,020-0148 岩手県盛岡市前潟7-1 イオンモール盛岡,https://shop.smt.docomo.ne.jp/shop_detail/0200200553300/index.html,39.711722777778,141.09865083333,ok
docomo,東北,岩手県,ドコモショップ一関店,021-0055 岩手県一関市山目字泥田1-54,https://shop.smt.docomo.ne.jp/shop_detail/0296160190000/index.html,38.937835555556,141.11160638889,ok
docomo,東北,岩手県,ドコモショップ一関東店,021-0002 岩手県一関市中里字神明2-1,https://shop.smt.docomo.ne.jp/shop_detail/0200201383400/index.html,38.939596388889,141.14620694444,ok
docomo,東北,岩手県,ドコモショップオアシスタウンやはば店,028-3602 岩手県紫波郡矢巾町大字藤沢第５地割175-7,https://shop.smt.docomo.ne.jp/shop_detail/0200201260200/index.html,39.619465833333,141.16513916667,ok
docomo,東北,岩手県,ドコモショップ奥州えさし店,023-1103 岩手県奥州市江刺西大通り105-1,https://shop.smt.docomo.ne.jp/shop_detail/0200200396200/index.html,39.194949444444,141.17167638889,ok
docomo,東北,岩手県,ドコモショップ奥州みずさわ店,023-0003 岩手県奥州市水沢佐倉河字後樋1-29,https://shop.smt.docomo.ne.jp/shop_detail/0296160183000/index.html,39.152368888889,141.15347333333,ok
docomo,東北,岩手県,ドコモショップ大船渡店（岩手県）,022-0003 岩手県大船渡市盛町字木町3-1,https://shop.smt.docomo.ne.jp/shop_detail/0296160192800/index.html,39.090121944444,141.70661361111,ok
docomo,東北,岩手県,ドコモショップ北上イオンタウン店,024-0023 岩手県北上市里分７地割4-94,https://shop.smt.docomo.ne.jp/shop_detail/0200201304300/index.html,39.293098333333,141.13566027778,ok
docomo,東北,岩手県,ドコモショップ北上中央店,024-0083 岩手県北上市柳原町4-10,https://shop.smt.docomo.ne.jp/shop_detail/0200200380000/index.html,39.292575,141.11106805556,ok
docomo,東北,岩手県,ドコモショップ北上店,024-0012 岩手県北上市常盤台4-11-125,https://shop.smt.docomo.ne.jp/shop_detail/0296160117600/index.html,39.308545833333,141.11419138889,ok
docomo,東北,岩手県,ドコモショップ久慈店,028-0041 岩手県久慈市長内町30-54-2,https://shop.smt.docomo.ne.jp/shop_detail/0296160194000/index.html,40.190508611111,141.78427388889,ok
docomo,東北,岩手県,ドコモショップサテライト花巻桜台店,025-0064 岩手県花巻市桜台2-23-3,https://shop.smt.docomo.ne.jp/shop_detail/0200201663000/index.html,39.397990555556,141.10562888889,ok
docomo,東北,岩手県,ドコモショップシーナシーナ花巻店,025-0063 岩手県花巻市下小舟渡118-1 シーナシーナ花巻,https://shop.smt.docomo.ne.jp/shop_detail/0200201328800/index.html,39.393611111111,141.11777777778,ok
docomo,東北,岩手県,ドコモショップ紫波店,028-3306 岩手県紫波郡紫波町日詰西１丁目2-2,https://shop.smt.docomo.ne.jp/shop_detail/0200201057600/index.html,39.5534675,141.16700527778,ok
docomo,東北,岩手県,ドコモショップ千厩店,029-0803 岩手県一関市千厩町千厩字古ヶ口88,https://shop.smt.docomo.ne.jp/shop_detail/0200201055800/index.html,38.913425833333,141.33002944444,ok
docomo,東北,岩手県,ドコモショップ西根店,028-7405 岩手県八幡平市平舘第２５地割278-1,https://shop.smt.docomo.ne.jp/shop_detail/0200201056100/index.html,39.936666111111,141.09485527778,ok
docomo,東北,岩手県,ドコモショップ二戸店,028-6104 岩手県二戸市米沢字家ノ上154-1,https://shop.smt.docomo.ne.jp/shop_detail/0296160193600/index.html,40.286732777778,141.29100527778,ok
docomo,東北,岩手県,ドコモショップ花巻店,025-0088 岩手県花巻市東町12-32,https://shop.smt.docomo.ne.jp/shop_detail/0296160117000/index.html,39.384273888889,141.1239875,ok
docomo,東北,岩手県,ドコモショップ宮古千徳店,027-0048 岩手県宮古市板屋1-2-10-1,https://shop.smt.docomo.ne.jp/shop_detail/0200201304600/index.html,39.633306666667,141.91785916667,ok
docomo,東北,岩手県,ドコモショップ宮古店,027-0052 岩手県宮古市宮町3-7,https://shop.smt.docomo.ne.jp/shop_detail/0296160192400/index.html,39.639722222222,141.93611111111,ok
docomo,東北,岩手県,ドコモショップ盛岡大通店,020-0022 岩手県盛岡市大通2-7 鈴木ビル,https://shop.smt.docomo.ne.jp/shop_detail/0296160112400/index.html,39.703661944444,141.14389083333,ok
docomo,東北,岩手県,ドコモショップ盛岡茶畑店,020-0816 岩手県盛岡市中野2-21,https://shop.smt.docomo.ne.jp/shop_detail/0200201010800/index.html,39.694051111111,141.167075,ok
docomo,東北,岩手県,ドコモショップ盛岡バイパス店,020-0114 岩手県盛岡市高松3-22,https://shop.smt.docomo.ne.jp/shop_detail/0296160115600/index.html,39.722313055556,141.13662083333,ok
docomo,東北,岩手県,ドコモショップ盛岡みたけ店,020-0122 岩手県盛岡市みたけ2-9-70,https://shop.smt.docomo.ne.jp/shop_detail/0200201055700/index.html,39.743888888889,141.12444444444,ok
docomo,東北,岩手県,ドコモショップ盛岡南サンサ店,020-0836 岩手県盛岡市津志田西２丁目17-50 盛岡南ショッピングセンターサンサ,https://shop.smt.docomo.ne.jp/shop_detail/0296160192600/index.html,39.661960833333,141.14818583333,ok
docomo,東北,岩手県,ドコモショップ盛岡本宮店,020-0866 岩手県盛岡市本宮2-12,https://shop.smt.docomo.ne.jp/shop_detail/0200200553400/index.html,39.684071944444,141.12583472222,ok
docomo,東北,宮城県,ドコモショップ　イオン古川店,989-6117 宮城県大崎市古川旭2-1 イオン古川店,https://shop.smt.docomo.ne.jp/shop_detail/0291110144700/index.html,38.56725,140.97285083333,ok
docomo,東北,宮城県,ドコモショップＡＥＲ（アエル）店,980-6101 宮城県仙台市青葉区中央3-1 ＡＥＲ,https://shop.smt.docomo.ne.jp/shop_detail/0291110119900/index.html,38.262605,140.88141416667,ok
docomo,東北,宮城県,ドコモショップあすと長町店,982-0007 宮城県仙台市太白区あすと長町3-5,https://shop.smt.docomo.ne.jp/shop_detail/0291110141000/index.html,38.224136944444,140.88795805556,ok
docomo,東北,宮城県,ドコモショップイオン仙台中山店,981-3213 宮城県仙台市泉区南中山1-35-40 イオン仙台中山店本館,https://shop.smt.docomo.ne.jp/shop_detail/0200201056600/index.html,38.297815833333,140.82721472222,ok
docomo,東北,宮城県,ドコモショップイオンモール石巻店,986-0866 宮城県石巻市茜平4-104 イオンモール石巻,https://shop.smt.docomo.ne.jp/shop_detail/0200200346700/index.html,38.447501111111,141.265835,ok
docomo,東北,宮城県,ドコモショップイオンモール新利府南館店,981-0114 宮城県宮城郡利府町新中道３丁目1-1 イオンモール新利府南館店,https://shop.smt.docomo.ne.jp/shop_detail/0200201097100/index.html,38.3225,140.97111111111,ok
docomo,東北,宮城県,ドコモショップイオンモール仙台上杉店,981-0914 宮城県仙台市青葉区堤通雨宮町1-1 イオンモール仙台上杉,https://shop.smt.docomo.ne.jp/shop_detail/0200200554700/index.html,38.275705833333,140.87066277778,ok
docomo,東北,宮城県,ドコモショップイオンモール富谷店,981-3329 宮城県富谷市大清水1-33-1 イオンモール富谷,https://shop.smt.docomo.ne.jp/shop_detail/0200200536400/index.html,38.364721944444,140.87512388889,ok
docomo,東北,宮城県,ドコモショップイオンモール名取店,981-1294 宮城県名取市杜せきのした５丁目3-1 イオンモール名取,https://shop.smt.docomo.ne.jp/shop_detail/0200200538300/index.html,38.163631666667,140.89583444444,ok
docomo,東北,宮城県,ドコモショップ石巻店,986-0868 宮城県石巻市恵み野4-13,https://shop.smt.docomo.ne.jp/shop_detail/0291110143500/index.html,38.442014166667,141.27013305556,ok
docomo,東北,宮城県,ドコモショップ泉中央店,981-3133 宮城県仙台市泉区泉中央12-2 泉パークビル,https://shop.smt.docomo.ne.jp/shop_detail/0291110144200/index.html,38.322111666667,140.87920166667,ok
docomo,東北,宮城県,ドコモショップ泉免許センター前店,981-3117 宮城県仙台市泉区市名坂字原田183,https://shop.smt.docomo.ne.jp/shop_detail/0200200395100/index.html,38.314334166667,140.90639055556,ok
docomo,東北,宮城県,ドコモショップ岩沼店,989-2433 宮城県岩沼市桜10-27,https://shop.smt.docomo.ne.jp/shop_detail/0200200538600/index.html,38.1067875,140.87292694444,ok
docomo,東北,宮城県,ドコモショップ大河原かながせ店,989-1225 宮城県柴田郡大河原町字広表1-39,https://shop.smt.docomo.ne.jp/shop_detail/0291110220400/index.html,38.046133055556,140.71881861111,ok
docomo,東北,宮城県,ドコモショップ角田店,981-1505 宮城県角田市角田字扇町6-11,https://shop.smt.docomo.ne.jp/shop_detail/0291110128700/index.html,37.978453888889,140.78772305556,ok
docomo,東北,宮城県,ドコモショップ栗原店,987-2272 宮城県栗原市築館字留場桜5-5,https://shop.smt.docomo.ne.jp/shop_detail/0200200545100/index.html,38.743859444444,141.01660694444,ok
docomo,東北,宮城県,ドコモショップ気仙沼店,988-0044 宮城県気仙沼市神山7-1,https://shop.smt.docomo.ne.jp/shop_detail/0291110222900/index.html,38.893022222222,141.56676638889,ok
docomo,東北,宮城県,ドコモショップ気仙沼バイパス店,988-0182 宮城県気仙沼市赤岩石兜1-33,https://shop.smt.docomo.ne.jp/shop_detail/0200201392000/index.html,38.881455277778,141.56670694444,ok
docomo,東北,宮城県,ドコモショップ佐沼梅ノ木店,987-0511 宮城県登米市迫町佐沼字八幡１丁目1-5,https://shop.smt.docomo.ne.jp/shop_detail/0200201054200/index.html,38.694005277778,141.19931638889,ok
docomo,東北,宮城県,ドコモショップ塩釜店,985-0016 宮城県塩竈市港町3-23,https://shop.smt.docomo.ne.jp/shop_detail/0200200339800/index.html,38.3183575,141.02637694444,ok
docomo,東北,宮城県,ドコモショップ白石店,989-0247 宮城県白石市八幡町426-1,https://shop.smt.docomo.ne.jp/shop_detail/0200200538700/index.html,37.999775277778,140.61228916667,ok
docomo,東北,宮城県,ドコモショップ新田東店,983-0039 宮城県仙台市宮城野区新田東5-3,https://shop.smt.docomo.ne.jp/shop_detail/0200201075500/index.html,38.2750625,140.93516277778,ok
docomo,東北,宮城県,ドコモショップ仙台愛子店,989-3122 宮城県仙台市青葉区栗生12-4,https://shop.smt.docomo.ne.jp/shop_detail/0291110128400/index.html,38.267849444444,140.78189861111,ok
docomo,東北,宮城県,ドコモショップ仙台泉バイパス店,981-3111 宮城県仙台市泉区松森字浦田53,https://shop.smt.docomo.ne.jp/shop_detail/0291110128600/index.html,38.308785833333,140.90464944444,ok
docomo,東北,宮城県,ドコモショップ仙台一番町店,980-0811 宮城県仙台市青葉区一番町9-13 ＤＡＴＥ　ＯＮＥ,https://shop.smt.docomo.ne.jp/shop_detail/0291110145000/index.html,38.261271111111,140.87142194444,ok
docomo,東北,宮城県,ドコモショップ仙台中田店,981-1103 宮城県仙台市太白区中田町杉ノ下11-2,https://shop.smt.docomo.ne.jp/shop_detail/0200200395200/index.html,38.196145833333,140.89212583333,ok
docomo,東北,宮城県,ドコモショップ仙台西多賀店,982-0804 宮城県仙台市太白区鈎取1-2,https://shop.smt.docomo.ne.jp/shop_detail/0200200398900/index.html,38.220983888889,140.84863333333,ok
docomo,東北,宮城県,ドコモショップ仙台六丁の目店,984-0038 宮城県仙台市若林区伊在１丁目12-8,https://shop.smt.docomo.ne.jp/shop_detail/0200201405200/index.html,38.247059444444,140.93505,ok
docomo,東北,宮城県,ドコモショップ仙台ロフト店,980-0021 宮城県仙台市青葉区中央１丁目10-10 仙台ロフト,https://shop.smt.docomo.ne.jp/shop_detail/0291110118700/index.html,38.260736944444,140.88017444444,ok
docomo,東北,宮城県,ドコモショップ多賀城店,985-0845 宮城県多賀城市町前2-12,https://shop.smt.docomo.ne.jp/shop_detail/0200200346600/index.html,38.284170277778,140.99708944444,ok
docomo,東北,宮城県,ドコモショップ富沢西店,982-0037 宮城県仙台市太白区富沢西三丁目1-13,https://shop.smt.docomo.ne.jp/shop_detail/0200200543400/index.html,38.212701944444,140.85548694444,ok
docomo,東北,宮城県,ドコモショップ東仙台フォレオ店,983-0833 宮城県仙台市宮城野区東仙台7-2,https://shop.smt.docomo.ne.jp/shop_detail/0200200493000/index.html,38.275490277778,140.90908166667,ok
docomo,東北,宮城県,ドコモショップ古川中央店,989-6171 宮城県大崎市古川北町2-2-41,https://shop.smt.docomo.ne.jp/shop_detail/0200200544900/index.html,38.579228888889,140.96181777778,ok
docomo,東北,宮城県,ドコモショップ古川南店,989-6136 宮城県大崎市古川穂波７丁目5-14,https://shop.smt.docomo.ne.jp/shop_detail/0200201075600/index.html,38.567816111111,140.94053777778,ok
docomo,東北,宮城県,ドコモショップ南仙台店,981-1106 宮城県仙台市太白区柳生10-20,https://shop.smt.docomo.ne.jp/shop_detail/0200200392800/index.html,38.197131944444,140.871495,ok
docomo,東北,宮城県,ドコモショップ宮城の萩大通り店,984-0823 宮城県仙台市若林区遠見塚2-21,https://shop.smt.docomo.ne.jp/shop_detail/0291110247400/index.html,38.242646666667,140.90881972222,ok
docomo,東北,宮城県,ドコモショップ矢本イオンタウン店,981-0504 宮城県東松島市小松字上浮足43,https://shop.smt.docomo.ne.jp/shop_detail/0200201057300/index.html,38.425376111111,141.20382611111,ok
docomo,東北,宮城県,ドコモショップ吉成店,989-3204 宮城県仙台市青葉区南吉成1-16-4,https://shop.smt.docomo.ne.jp/shop_detail/0200200369000/index.html,38.287964444444,140.8199375,ok
docomo,東北,秋田県,ドコモショップ秋田旭南店,010-0925 秋田県秋田市旭南１丁目13-36,https://shop.smt.docomo.ne.jp/shop_detail/0295150112400/index.html,39.710127222222,140.10758444444,ok
docomo,東北,秋田県,ドコモショップ秋田新国道店,011-0901 秋田県秋田市寺内字三千刈351,https://shop.smt.docomo.ne.jp/shop_detail/0295150118100/index.html,39.73972,140.09499805556,ok
docomo,東北,秋田県,ドコモショップ秋田東店,010-0003 秋田県秋田市東通1-7,https://shop.smt.docomo.ne.jp/shop_detail/0295150111000/index.html,39.717024166667,140.13874555556,ok
docomo,東北,秋田県,ドコモショップ秋田南店,010-1434 秋田県秋田市仁井田蕗見町10-13,https://shop.smt.docomo.ne.jp/shop_detail/0200200409200/index.html,39.684606388889,140.12525083333,ok
docomo,東北,秋田県,ドコモショップイオンタウン能代店,016-0121 秋田県能代市鰄渕字古屋布1 イオンタウン能代,https://shop.smt.docomo.ne.jp/shop_detail/0200201225500/index.html,40.188067777778,140.08257,ok
docomo,東北,秋田県,ドコモショップイオンモール秋田店,010-1413 秋田県秋田市御所野地蔵田1-1 イオンモール秋田,https://shop.smt.docomo.ne.jp/shop_detail/0200201075400/index.html,39.663061666667,140.16058,ok
docomo,東北,秋田県,ドコモショップイオンモール大曲店,014-0033 秋田県大仙市和合字坪立177 イオンモール大曲,https://shop.smt.docomo.ne.jp/shop_detail/0295150119300/index.html,39.43786,140.50927277778,ok
docomo,東北,秋田県,ドコモショップ大館店,017-0872 秋田県大館市片山町３丁目10-53,https://shop.smt.docomo.ne.jp/shop_detail/0295150152300/index.html,40.275366944444,140.52838,ok
docomo,東北,秋田県,ドコモショップ大館南店,017-0837 秋田県大館市餌釣字前田232-1 アクロス大館南ショッピングタウン内,https://shop.smt.docomo.ne.jp/shop_detail/0200201260400/index.html,40.247948611111,140.57550027778,ok
docomo,東北,秋田県,ドコモショップ男鹿店,010-0341 秋田県男鹿市船越字内子294-2039,https://shop.smt.docomo.ne.jp/shop_detail/0200200455100/index.html,39.903564722222,139.93303638889,ok
docomo,東北,秋田県,ドコモショップ角館店,014-0369 秋田県仙北市角館町上菅沢177-4,https://shop.smt.docomo.ne.jp/shop_detail/0200200553900/index.html,39.594566111111,140.57632611111,ok
docomo,東北,秋田県,ドコモショップ潟上店,018-1504 秋田県潟上市飯田川飯塚字岡谷地1-10,https://shop.smt.docomo.ne.jp/shop_detail/0200201098800/index.html,39.902981111111,140.085455,ok
docomo,東北,秋田県,ドコモショップ鹿角店,018-5201 秋田県鹿角市花輪字上中島2-63,https://shop.smt.docomo.ne.jp/shop_detail/0295150117900/index.html,40.187727777778,140.78715888889,ok
docomo,東北,秋田県,ドコモショップにかほ店,018-0402 秋田県にかほ市平沢字町田135-1,https://shop.smt.docomo.ne.jp/shop_detail/0200200554600/index.html,39.290712222222,139.97293472222,ok
docomo,東北,秋田県,ドコモショップ能代店,016-0182 秋田県能代市上柳8-4,https://shop.smt.docomo.ne.jp/shop_detail/0295150119200/index.html,40.188300833333,140.04178777778,ok
docomo,東北,秋田県,ドコモショップ本荘店,015-0834 秋田県由利本荘市岩渕下121-1,https://shop.smt.docomo.ne.jp/shop_detail/0200200538500/index.html,39.390138055556,140.05109888889,ok
docomo,東北,秋田県,ドコモショップ湯沢店,012-0845 秋田県湯沢市材木町1-15,https://shop.smt.docomo.ne.jp/shop_detail/0200200538400/index.html,39.162032222222,140.4887625,ok
docomo,東北,秋田県,ドコモショップ横手店,013-0043 秋田県横手市安田字向田203,https://shop.smt.docomo.ne.jp/shop_detail/0295150152900/index.html,39.2983025,140.55147527778,ok
docomo,東北,山形県,ドコモショップ余目店,999-7781 山形県東田川郡庄内町余目字土堤下1-38,https://shop.smt.docomo.ne.jp/shop_detail/0200201056400/index.html,38.842735,139.90271944444,ok
docomo,東北,山形県,ドコモショップイオンタウン新庄店,996-0001 山形県新庄市五日町字清水川1302-1,https://shop.smt.docomo.ne.jp/shop_detail/0200200382900/index.html,38.771922777778,140.30860972222,ok
docomo,東北,山形県,ドコモショップイオン東根店,999-3720 山形県東根市さくらんぼ駅前３丁目7-15 イオン東根,https://shop.smt.docomo.ne.jp/shop_detail/0200200472000/index.html,38.427377777778,140.38734277778,ok
docomo,東北,山形県,ドコモショップイオンモール天童店,994-0082 山形県天童市芳賀タウン北1-1 イオンモール天童,https://shop.smt.docomo.ne.jp/shop_detail/0200200424800/index.html,38.347261944444,140.36569,ok
docomo,東北,山形県,ドコモショップ上山店,999-3122 山形県上山市仙石字元糸目797,https://shop.smt.docomo.ne.jp/shop_detail/0200200414600/index.html,38.151653888889,140.28667361111,ok
docomo,東北,山形県,ドコモショップ酒田北店,998-0006 山形県酒田市ゆたか二丁目5-15,https://shop.smt.docomo.ne.jp/shop_detail/0200200553500/index.html,38.938911944444,139.847245,ok
docomo,東北,山形県,ドコモショップ酒田みずほ店,998-0842 山形県酒田市亀ヶ崎２丁目26-26,https://shop.smt.docomo.ne.jp/shop_detail/0292120119200/index.html,38.904814444444,139.84590944444,ok
docomo,東北,山形県,ドコモショップ寒河江店,991-0047 山形県寒河江市新山1-309-1,https://shop.smt.docomo.ne.jp/shop_detail/0292120120700/index.html,38.370734444444,140.29005166667,ok
docomo,東北,山形県,ドコモショップサテライト大野目店,990-0073 山形県山形市大野目1-9,https://shop.smt.docomo.ne.jp/shop_detail/0200201662800/index.html,38.2808425,140.35774388889,ok
docomo,東北,山形県,ドコモショップ新庄南店,996-0002 山形県新庄市金沢1-56,https://shop.smt.docomo.ne.jp/shop_detail/0292120120800/index.html,38.75661,140.29418694444,ok
docomo,東北,山形県,ドコモショップたかはた店,992-0351 山形県東置賜郡高畠町大字高畠1597-7,https://shop.smt.docomo.ne.jp/shop_detail/0200201054300/index.html,38.005191111111,140.19178222222,ok
docomo,東北,山形県,ドコモショップ鶴岡新斎店,997-0045 山形県鶴岡市西新斎町9-18,https://shop.smt.docomo.ne.jp/shop_detail/0292120153500/index.html,38.735768611111,139.81400416667,ok
docomo,東北,山形県,ドコモショップ鶴岡南店,997-0802 山形県鶴岡市伊勢原町30-18,https://shop.smt.docomo.ne.jp/shop_detail/0292120119300/index.html,38.7155625,139.84723194444,ok
docomo,東北,山形県,ドコモショップ天童店,994-0082 山形県天童市芳賀タウン北３丁目1-12,https://shop.smt.docomo.ne.jp/shop_detail/0292120120600/index.html,38.345708888889,140.3620375,ok
docomo,東北,山形県,ドコモショップ長井店,993-0003 山形県長井市東町3-1,https://shop.smt.docomo.ne.jp/shop_detail/0200201180000/index.html,38.104950277778,140.04366444444,ok
docomo,東北,山形県,ドコモショップ南陽店,999-2241 山形県南陽市郡山624-1,https://shop.smt.docomo.ne.jp/shop_detail/0292120121300/index.html,38.044545833333,140.1552025,ok
docomo,東北,山形県,ドコモショップ東根店,999-3711 山形県東根市中央6-22,https://shop.smt.docomo.ne.jp/shop_detail/0200200553600/index.html,38.431728888889,140.39422305556,ok
docomo,東北,山形県,ドコモショップむらやま店,995-0038 山形県村山市駅西23-18,https://shop.smt.docomo.ne.jp/shop_detail/0200200371900/index.html,38.47662,140.38300277778,ok
docomo,東北,山形県,ドコモショップ山形北店,990-0886 山形県山形市嶋南１丁目7-13,https://shop.smt.docomo.ne.jp/shop_detail/0292120121500/index.html,38.283023888889,140.32141,ok
docomo,東北,山形県,ドコモショップ山形西店,990-0834 山形県山形市清住町3-6-34,https://shop.smt.docomo.ne.jp/shop_detail/0292120121600/index.html,38.253445833333,140.31257444444,ok
docomo,東北,山形県,ドコモショップ山形南店,990-2453 山形県山形市若宮4-20,https://shop.smt.docomo.ne.jp/shop_detail/0200200396400/index.html,38.226433055556,140.313155,ok
docomo,東北,山形県,ドコモショップ山形南原店,990-2413 山形県山形市南原町6-23,https://shop.smt.docomo.ne.jp/shop_detail/0292120113800/index.html,38.235588333333,140.34289111111,ok
docomo,東北,山形県,ドコモショップ米沢春日店,992-0044 山形県米沢市春日3-31,https://shop.smt.docomo.ne.jp/shop_detail/0292120106700/index.html,37.922186944444,140.11272611111,ok
docomo,東北,山形県,ドコモショップ米沢東パーク店,992-0021 山形県米沢市大字花沢字上ノ町東480-1,https://shop.smt.docomo.ne.jp/shop_detail/0200200553700/index.html,37.913073611111,140.13351777778,ok
docomo,東北,福島県,ドコモショップ会津インター店,965-0028 福島県会津若松市亀賀１丁目12-3,https://shop.smt.docomo.ne.jp/shop_detail/0200200371800/index.html,37.517551666667,139.93334333333,ok
docomo,東北,福島県,ドコモショップ会津田島店,967-0004 福島県南会津郡南会津町田島字東荒井1-15,https://shop.smt.docomo.ne.jp/shop_detail/0200201664300/index.html,37.204286111111,139.78343888889,ok
docomo,東北,福島県,ドコモショップ会津坂下店,969-6531 福島県河沼郡会津坂下町字上口478-1,https://shop.smt.docomo.ne.jp/shop_detail/0200201054600/index.html,37.56333,139.82644972222,ok
docomo,東北,福島県,ドコモショップ会津南店,965-0840 福島県会津若松市飯寺南４丁目7-67,https://shop.smt.docomo.ne.jp/shop_detail/0200201255300/index.html,37.474354166667,139.90304472222,ok
docomo,東北,福島県,ドコモショップ会津若松店,965-0042 福島県会津若松市大町7-21 会津中央ビル,https://shop.smt.docomo.ne.jp/shop_detail/0293330310800/index.html,37.500270555556,139.92920555556,ok
docomo,東北,福島県,ドコモショップイオン白河西郷店,961-8061 福島県西白河郡西郷村小田倉字岩下11-1 イオン白河西郷店,https://shop.smt.docomo.ne.jp/shop_detail/0200200553100/index.html,37.1206775,140.17773055556,ok
docomo,東北,福島県,ドコモショップイオンモールいわき小名浜店,971-8101 福島県いわき市小名浜字辰巳町79 イオンモールいわき小名浜,https://shop.smt.docomo.ne.jp/shop_detail/0200200412400/index.html,36.946989722222,140.90353694444,ok
docomo,東北,福島県,ドコモショップいわき小名浜店,971-8151 福島県いわき市小名浜岡小名字岸1-53,https://shop.smt.docomo.ne.jp/shop_detail/0293330346600/index.html,36.9644575,140.90412888889,ok
docomo,東北,福島県,ドコモショップいわき平店,970-8026 福島県いわき市平字田町120 ＬＡＴＯＶ,https://shop.smt.docomo.ne.jp/shop_detail/0293230203100/index.html,37.056943888889,140.89175611111,ok
docomo,東北,福島県,ドコモショップいわき中央店,970-8036 福島県いわき市平谷川瀬３丁目8-2,https://shop.smt.docomo.ne.jp/shop_detail/0200201120800/index.html,37.045186944444,140.89819611111,ok
docomo,東北,福島県,ドコモショップいわきなこそ店,974-8212 福島県いわき市東田町2-16-10,https://shop.smt.docomo.ne.jp/shop_detail/0293230207300/index.html,36.920375555556,140.80341638889,ok
docomo,東北,福島県,ドコモショップいわき湯本店,972-8316 福島県いわき市常磐西郷町落合1-35,https://shop.smt.docomo.ne.jp/shop_detail/0200200556400/index.html,36.986920277778,140.8559675,ok
docomo,東北,福島県,ドコモショップいわき四倉店,979-0201 福島県いわき市四倉町東3-136-15,https://shop.smt.docomo.ne.jp/shop_detail/0200201057700/index.html,37.107322222222,140.99177861111,ok
docomo,東北,福島県,ドコモショップ喜多方店,966-0056 福島県喜多方市字屋敷免1-60,https://shop.smt.docomo.ne.jp/shop_detail/0293130111100/index.html,37.649106944444,139.88282777778,ok
docomo,東北,福島県,ドコモショップ郡山うねめ通り店,963-8026 福島県郡山市並木2-15,https://shop.smt.docomo.ne.jp/shop_detail/0293130105600/index.html,37.408216944444,140.3605775,ok
docomo,東北,福島県,ドコモショップ郡山大槻店,963-0209 福島県郡山市御前南一丁目44,https://shop.smt.docomo.ne.jp/shop_detail/0293330316400/index.html,37.385592777778,140.33397222222,ok
docomo,東北,福島県,ドコモショップ郡山さくら通り店,963-8014 福島県郡山市虎丸町10-8,https://shop.smt.docomo.ne.jp/shop_detail/0293330312600/index.html,37.399825277778,140.37210555556,ok
docomo,東北,福島県,ドコモショップ郡山東店,963-0101 福島県郡山市安積町日出山2-50,https://shop.smt.docomo.ne.jp/shop_detail/0200201257100/index.html,37.375411388889,140.3835825,ok
docomo,東北,福島県,ドコモショップ郡山八山田店,963-8053 福島県郡山市八山田西５丁目118,https://shop.smt.docomo.ne.jp/shop_detail/0200201075700/index.html,37.42598,140.369165,ok
docomo,東北,福島県,ドコモショップ新白河店,961-0852 福島県白河市転坂151-1,https://shop.smt.docomo.ne.jp/shop_detail/0200200392900/index.html,37.117099444444,140.19682833333,ok
docomo,東北,福島県,ドコモショップ須賀川店,962-0852 福島県須賀川市仲の町102 イオンタウン須賀川Ｅ棟,https://shop.smt.docomo.ne.jp/shop_detail/0293330313400/index.html,37.296758888889,140.38426638889,ok
docomo,東北,福島県,ドコモショップそうま店,976-0037 福島県相馬市中野字寺前332-3,https://shop.smt.docomo.ne.jp/shop_detail/0293130111300/index.html,37.791852777778,140.92902833333,ok
docomo,東北,福島県,ドコモショップ棚倉店,963-6123 福島県東白川郡棚倉町大字関口字上志宝1-22,https://shop.smt.docomo.ne.jp/shop_detail/0200201090100/index.html,37.035018055556,140.38766305556,ok
docomo,東北,福島県,ドコモショップ伊達店（福島県）,960-0502 福島県伊達市箱崎字中5-1,https://shop.smt.docomo.ne.jp/shop_detail/0200200553000/index.html,37.819681944444,140.51835805556,ok
docomo,東北,福島県,ドコモショップ二本松店,964-0906 福島県二本松市若宮2-163-1 ＮＴＴ二本松ビル,https://shop.smt.docomo.ne.jp/shop_detail/0293130111200/index.html,37.589638055556,140.42876194444,ok
docomo,東北,福島県,ドコモショップ原町店（福島県）,975-0004 福島県南相馬市原町区旭町1-29,https://shop.smt.docomo.ne.jp/shop_detail/0293230207200/index.html,37.637669722222,140.96747972222,ok
docomo,東北,福島県,ドコモショップ福島北店,960-0102 福島県福島市鎌田字下田4-19,https://shop.smt.docomo.ne.jp/shop_detail/0293130110300/index.html,37.797572222222,140.49026388889,ok
docomo,東北,福島県,ドコモショップ福島空港西店,963-6312 福島県石川郡玉川村大字小高字中畷1-40,https://shop.smt.docomo.ne.jp/shop_detail/0200201055900/index.html,37.211185,140.40720083333,ok
docomo,東北,福島県,ドコモショップ福島市役所前店,960-8111 福島県福島市五老内町9-7,https://shop.smt.docomo.ne.jp/shop_detail/0200201075800/index.html,37.760804444444,140.47630083333,ok
docomo,東北,福島県,ドコモショップ福島西店,960-8254 福島県福島市南沢又字中琵琶渕68,https://shop.smt.docomo.ne.jp/shop_detail/0200200415900/index.html,37.770689166667,140.43652388889,ok
docomo,東北,福島県,ドコモショップ福島野田店,960-8055 福島県福島市野田町4-34-1,https://shop.smt.docomo.ne.jp/shop_detail/0293130107500/index.html,37.760462777778,140.45213166667,ok
docomo,東北,福島県,ドコモショップ船引店,963-4317 福島県田村市船引町東部台３丁目39,https://shop.smt.docomo.ne.jp/shop_detail/0200200553200/index.html,37.441818055556,140.58694861111,ok
docomo,東北,福島県,ドコモショップ南福島店,960-8151 福島県福島市太平寺町ノ内2-18,https://shop.smt.docomo.ne.jp/shop_detail/0200200383000/index.html,37.7316,140.45967333333,ok
docomo,東北,福島県,ドコモショップ本宮店（福島県）,969-1149 福島県本宮市本宮字万世180-1,https://shop.smt.docomo.ne.jp/shop_detail/0200201086000/index.html,37.514204444444,140.39495222222,ok
docomo,東北,福島県,ドコモショップ矢吹店,969-0222 福島県西白河郡矢吹町八幡町169-1,https://shop.smt.docomo.ne.jp/shop_detail/0200201226000/index.html,37.195454444444,140.32886,ok
docomo,関東,茨城県,ドコモショップイオンモール下妻店,304-0033 茨城県下妻市堀篭972-1 イオンモール下妻,https://shop.smt.docomo.ne.jp/shop_detail/0300306903500/index.html,36.189955555556,139.98940333333,ok
docomo,関東,茨城県,ドコモショップイオンモール土浦店,300-0811 茨城県土浦市上高津367 イオンモール土浦,https://shop.smt.docomo.ne.jp/shop_detail/0300306926900/index.html,36.08,140.18083333333,ok
docomo,関東,茨城県,ドコモショップイオンモール水戸内原店,319-0317 茨城県水戸市内原1-200,https://shop.smt.docomo.ne.jp/shop_detail/0300306631600/index.html,36.373868055556,140.356205,ok
docomo,関東,茨城県,ドコモショップ石岡店,315-0014 茨城県石岡市国府6-12,https://shop.smt.docomo.ne.jp/shop_detail/0300301884800/index.html,36.187498611111,140.28193194444,ok
docomo,関東,茨城県,ドコモショップ石下店,300-2706 茨城県常総市新石下1631-1,https://shop.smt.docomo.ne.jp/shop_detail/0300306344300/index.html,36.107903055556,139.98453694444,ok
docomo,関東,茨城県,ドコモショップ潮来店,311-2447 茨城県潮来市曲松2745,https://shop.smt.docomo.ne.jp/shop_detail/0300306662300/index.html,35.95068,140.56849111111,ok
docomo,関東,茨城県,ドコモショップ稲敷店,300-0504 茨城県稲敷市江戸崎甲4836 江戸崎ショッピングセンター内,https://shop.smt.docomo.ne.jp/shop_detail/0300306840100/index.html,35.9591375,140.31556972222,ok
docomo,関東,茨城県,ドコモショップ牛久店,300-1207 茨城県牛久市ひたち野東1-2,https://shop.smt.docomo.ne.jp/shop_detail/0300301923700/index.html,36.005555555556,140.16416666667,ok
docomo,関東,茨城県,ドコモショップ小美玉店,319-0106 茨城県小美玉市堅倉1598-21,https://shop.smt.docomo.ne.jp/shop_detail/0300307381600/index.html,36.236944722222,140.34137194444,ok
docomo,関東,茨城県,ドコモショップ笠間店,309-1614 茨城県笠間市寺崎1-1,https://shop.smt.docomo.ne.jp/shop_detail/0300306868500/index.html,36.395064722222,140.2522375,ok
docomo,関東,茨城県,ドコモショップ鹿嶋宮中店,314-0031 茨城県鹿嶋市宮中306-1,https://shop.smt.docomo.ne.jp/shop_detail/0300306662200/index.html,35.960954722222,140.64003638889,ok
docomo,関東,茨城県,ドコモショップ鹿島店（茨城県）,314-0143 茨城県神栖市神栖8-3,https://shop.smt.docomo.ne.jp/shop_detail/0300306662000/index.html,35.898089166667,140.64416972222,ok
docomo,関東,茨城県,ドコモショップ神立店,300-0016 茨城県土浦市中神立町33-27,https://shop.smt.docomo.ne.jp/shop_detail/0300305996700/index.html,36.117759444444,140.2393225,ok
docomo,関東,茨城県,ドコモショップ北茨城店,319-1559 茨城県北茨城市中郷町上桜井2924,https://shop.smt.docomo.ne.jp/shop_detail/0300306944800/index.html,36.779843611111,140.73531916667,ok
docomo,関東,茨城県,ドコモショップ古河十間道路店,306-0235 茨城県古河市下辺見19-Aug,https://shop.smt.docomo.ne.jp/shop_detail/0300306724200/index.html,36.193635,139.73184111111,ok
docomo,関東,茨城県,ドコモショップ古河店,306-0236 茨城県古河市大堤140-1,https://shop.smt.docomo.ne.jp/shop_detail/0300305367400/index.html,36.186536666667,139.71763972222,ok
docomo,関東,茨城県,ドコモショップ境店,306-0433 茨城県猿島郡境町55-20,https://shop.smt.docomo.ne.jp/shop_detail/0300301209900/index.html,36.116949722222,139.79963527778,ok
docomo,関東,茨城県,ドコモショップ桜川店,309-1214 茨城県桜川市東桜川3-4,https://shop.smt.docomo.ne.jp/shop_detail/0300306942700/index.html,36.361543333333,140.11717916667,ok
docomo,関東,茨城県,ドコモショップ佐貫店,301-0034 茨城県龍ケ崎市小通幸谷町192-1,https://shop.smt.docomo.ne.jp/shop_detail/0300306975500/index.html,35.931666666667,140.13361111111,ok
docomo,関東,茨城県,ドコモショップ三和店,306-0126 茨城県古河市諸川1281-1,https://shop.smt.docomo.ne.jp/shop_detail/0300306754800/index.html,36.200628888889,139.81307888889,ok
docomo,関東,茨城県,ドコモショップシーサイドひたちなか店,312-0005 茨城県ひたちなか市新光町2-39,https://shop.smt.docomo.ne.jp/shop_detail/0300307186000/index.html,36.401388888889,140.58527777778,ok
docomo,関東,茨城県,ドコモショップ下館店,308-0803 茨城県筑西市直井1180,https://shop.smt.docomo.ne.jp/shop_detail/0300306867600/index.html,36.315133888889,139.99500194444,ok
docomo,関東,茨城県,ドコモショップ下妻店,304-0068 茨城県下妻市下妻丁399,https://shop.smt.docomo.ne.jp/shop_detail/0300306243200/index.html,36.178821666667,139.95474,ok
docomo,関東,茨城県,ドコモショップつくば梅園店,305-0045 茨城県つくば市梅園2-25-24,https://shop.smt.docomo.ne.jp/shop_detail/0300307339700/index.html,36.053361944444,140.14027861111,ok
docomo,関東,茨城県,ドコモショップつくば研究学園店,305-0817 茨城県つくば市研究学園3-23-4,https://shop.smt.docomo.ne.jp/shop_detail/0300306903600/index.html,36.088810555556,140.07464277778,ok
docomo,関東,茨城県,ドコモショップつくば店,305-0033 茨城県つくば市東新井3-24,https://shop.smt.docomo.ne.jp/shop_detail/0361131700100/index.html,36.077099166667,140.11454611111,ok
docomo,関東,茨城県,ドコモショップつくば谷田部店,305-0868 茨城県つくば市台町1-4,https://shop.smt.docomo.ne.jp/shop_detail/0300306818800/index.html,36.037734444444,140.07851833333,ok
docomo,関東,茨城県,ドコモショップ土浦店,300-0823 茨城県土浦市小松6-4,https://shop.smt.docomo.ne.jp/shop_detail/0300305996300/index.html,36.070616666667,140.20261388889,ok
docomo,関東,茨城県,ドコモショップ取手店,302-0021 茨城県取手市寺田6358,https://shop.smt.docomo.ne.jp/shop_detail/0361141143600/index.html,35.91135,140.04798194444,ok
docomo,関東,茨城県,ドコモショップ那珂店,311-0105 茨城県那珂市菅谷字堀之内2-90,https://shop.smt.docomo.ne.jp/shop_detail/0300306188700/index.html,36.432230277778,140.49793833333,ok
docomo,関東,茨城県,ドコモショップ常陸太田店,313-0004 茨城県常陸太田市馬場町89,https://shop.smt.docomo.ne.jp/shop_detail/0300306869000/index.html,36.551248888889,140.52995972222,ok
docomo,関東,茨城県,ドコモショップ常陸大宮店,319-2135 茨城県常陸大宮市石沢1660-1,https://shop.smt.docomo.ne.jp/shop_detail/0300305372000/index.html,36.537688055556,140.4144325,ok
docomo,関東,茨城県,ドコモショップ日立北店,319-1416 茨城県日立市田尻町4-6-36,https://shop.smt.docomo.ne.jp/shop_detail/0300306868900/index.html,36.626333333333,140.68194444444,ok
docomo,関東,茨城県,ドコモショップ日立店,316-0013 茨城県日立市千石町2-17-15,https://shop.smt.docomo.ne.jp/shop_detail/0300306867800/index.html,36.553121944444,140.62764194444,ok
docomo,関東,茨城県,ドコモショップひたちなか店,312-0018 茨城県ひたちなか市笹野町3-5,https://shop.smt.docomo.ne.jp/shop_detail/0300302173000/index.html,36.397522777778,140.54324888889,ok
docomo,関東,茨城県,ドコモショップ藤代店,300-1516 茨城県取手市藤代南1-14-2,https://shop.smt.docomo.ne.jp/shop_detail/0300306388500/index.html,35.917818055556,140.11660694444,ok
docomo,関東,茨城県,ドコモショップ鉾田店,311-1516 茨城県鉾田市新鉾田1-5,https://shop.smt.docomo.ne.jp/shop_detail/0300306662100/index.html,36.152068888889,140.52141888889,ok
docomo,関東,茨城県,ドコモショップ水海道店,303-0022 茨城県常総市水海道淵頭町3-Jan,https://shop.smt.docomo.ne.jp/shop_detail/0300306868700/index.html,36.017127222222,139.99414972222,ok
docomo,関東,茨城県,ドコモショップ水戸店,310-0853 茨城県水戸市平須町1820-256,https://shop.smt.docomo.ne.jp/shop_detail/0300306868000/index.html,36.3349275,140.44060027778,ok
docomo,関東,茨城県,ドコモショップ水戸西店,311-4141 茨城県水戸市赤塚１丁目2-75,https://shop.smt.docomo.ne.jp/shop_detail/0361171499900/index.html,36.383061944444,140.41295277778,ok
docomo,関東,茨城県,ドコモショップ水戸南店,310-0836 茨城県水戸市元吉田町1776-5,https://shop.smt.docomo.ne.jp/shop_detail/0300307083700/index.html,36.343463888889,140.47597611111,ok
docomo,関東,茨城県,ドコモショップ水戸見和店,310-0911 茨城県水戸市見和2-554-4,https://shop.smt.docomo.ne.jp/shop_detail/0300306872000/index.html,36.378352222222,140.42668444444,ok
docomo,関東,茨城県,ドコモショップみらい平駅前店,300-2358 茨城県つくばみらい市陽光台7-2 ＳＴＡＴＩＯＮ　ＴＯＷＥＲ　ＴＯＹＯＳＨＩＭＡ,https://shop.smt.docomo.ne.jp/shop_detail/0300306833900/index.html,35.9946925,140.03788527778,ok
docomo,関東,茨城県,ドコモショップ守谷店,302-0109 茨城県守谷市本町288-1,https://shop.smt.docomo.ne.jp/shop_detail/0300306867700/index.html,35.946204722222,139.99287527778,ok
docomo,関東,茨城県,ドコモショップ結城店,307-0008 茨城県結城市下り松6-1,https://shop.smt.docomo.ne.jp/shop_detail/0300306868600/index.html,36.286111111111,139.87555555556,ok
docomo,関東,茨城県,ドコモショップヨークタウン坂東店,306-0632 茨城県坂東市辺田1104-1,https://shop.smt.docomo.ne.jp/shop_detail/0300306191400/index.html,36.038420833333,139.89189138889,ok
docomo,関東,茨城県,ドコモショップ竜ヶ崎店,301-0001 茨城県龍ケ崎市久保台1-25,https://shop.smt.docomo.ne.jp/shop_detail/0300304052000/index.html,35.932777777778,140.17557277778,ok
docomo,関東,栃木県,ドコモショップ足利店,326-0046 栃木県足利市岩井町790,https://shop.smt.docomo.ne.jp/shop_detail/0337113202100/index.html,36.327006666667,139.46017555556,ok
docomo,関東,栃木県,ドコモショップ足利山辺店,326-0825 栃木県足利市中川町字中川1-68,https://shop.smt.docomo.ne.jp/shop_detail/0300306648900/index.html,36.327408611111,139.42924972222,ok
docomo,関東,栃木県,ドコモショップ宇都宮インターパークビレッジ店,321-0118 栃木県宇都宮市インターパーク1-3,https://shop.smt.docomo.ne.jp/shop_detail/0300306838000/index.html,36.494166388889,139.90666944444,ok
docomo,関東,栃木県,ドコモショップ宇都宮岡本店,329-1104 栃木県宇都宮市下岡本町4-52,https://shop.smt.docomo.ne.jp/shop_detail/0300306712700/index.html,36.598709166667,139.9313925,ok
docomo,関東,栃木県,ドコモショップ宇都宮上戸祭店,320-0051 栃木県宇都宮市上戸祭町230-1,https://shop.smt.docomo.ne.jp/shop_detail/0300305437800/index.html,36.592296666667,139.86562194444,ok
docomo,関東,栃木県,ドコモショップ宇都宮北店,321-0973 栃木県宇都宮市岩曽町1321-2,https://shop.smt.docomo.ne.jp/shop_detail/0300306548800/index.html,36.581581388889,139.9095875,ok
docomo,関東,栃木県,ドコモショップ宇都宮駒生店,320-0065 栃木県宇都宮市駒生町731,https://shop.smt.docomo.ne.jp/shop_detail/0300306837300/index.html,36.572478888889,139.84932,ok
docomo,関東,栃木県,ドコモショップ宇都宮鶴田店,320-0851 栃木県宇都宮市鶴田町221-1,https://shop.smt.docomo.ne.jp/shop_detail/0300307016300/index.html,36.549378888889,139.855965,ok
docomo,関東,栃木県,ドコモショップ宇都宮テラス店,321-0969 栃木県宇都宮市宮みらい1-1 Ｕｔｓｕｎｏｍｉｙａ　Ｔｅｒｒａｃｅ,https://shop.smt.docomo.ne.jp/shop_detail/0300306837400/index.html,36.559411944444,139.90077694444,ok
docomo,関東,栃木県,ドコモショップ宇都宮西川田店,321-0151 栃木県宇都宮市西川田町69,https://shop.smt.docomo.ne.jp/shop_detail/0300306837200/index.html,36.517379444444,139.84445777778,ok
docomo,関東,栃木県,ドコモショップ宇都宮平出店,321-0905 栃木県宇都宮市平出工業団地7-48 ドコモ宇都宮平出ビル,https://shop.smt.docomo.ne.jp/shop_detail/0337113302900/index.html,36.561565833333,139.92637583333,ok
docomo,関東,栃木県,ドコモショップ大田原店,324-0041 栃木県大田原市本町1-2705-11 ＯＫスクエア,https://shop.smt.docomo.ne.jp/shop_detail/0377179009100/index.html,36.8725,140.01194444444,ok
docomo,関東,栃木県,ドコモショップ大平店,329-4421 栃木県栃木市大平町西野田230-1,https://shop.smt.docomo.ne.jp/shop_detail/0300306773100/index.html,36.3239075,139.71302555556,ok
docomo,関東,栃木県,ドコモショップおもちゃのまち店,321-0203 栃木県下都賀郡壬生町幸町1-7,https://shop.smt.docomo.ne.jp/shop_detail/0300306706300/index.html,36.46253,139.83107861111,ok
docomo,関東,栃木県,ドコモショップ小山東店,323-0829 栃木県小山市東城南1-28-5,https://shop.smt.docomo.ne.jp/shop_detail/0337113702200/index.html,36.295205,139.80767194444,ok
docomo,関東,栃木県,ドコモショップ小山南店,323-0820 栃木県小山市西城南5-48-1,https://shop.smt.docomo.ne.jp/shop_detail/0300307076600/index.html,36.292178888889,139.79452888889,ok
docomo,関東,栃木県,ドコモショップ鹿沼店,322-0029 栃木県鹿沼市西茂呂1-7,https://shop.smt.docomo.ne.jp/shop_detail/0337113302100/index.html,36.5556475,139.76688166667,ok
docomo,関東,栃木県,ドコモショップかましんゆいの杜店,321-3226 栃木県宇都宮市ゆいの杜2-21,https://shop.smt.docomo.ne.jp/shop_detail/0300306928300/index.html,36.569561944444,139.98583361111,ok
docomo,関東,栃木県,ドコモショップさくら店,329-1312 栃木県さくら市櫻野505 ビッグワンさくらモール内,https://shop.smt.docomo.ne.jp/shop_detail/0300306347600/index.html,36.682417222222,139.97468166667,ok
docomo,関東,栃木県,ドコモショップ佐野店,327-0831 栃木県佐野市浅沼町567-5,https://shop.smt.docomo.ne.jp/shop_detail/0300306662400/index.html,36.307601666667,139.59128777778,ok
docomo,関東,栃木県,ドコモショップ佐野西店,327-0003 栃木県佐野市大橋町1-77,https://shop.smt.docomo.ne.jp/shop_detail/0300307030800/index.html,36.318673055556,139.56465611111,ok
docomo,関東,栃木県,ドコモショップ自治医大店,329-0434 栃木県下野市祇園1-15-2,https://shop.smt.docomo.ne.jp/shop_detail/0300305456500/index.html,36.393334166667,139.8575025,ok
docomo,関東,栃木県,ドコモショップとちぎ店,328-0034 栃木県栃木市本町1-37,https://shop.smt.docomo.ne.jp/shop_detail/0337113202300/index.html,36.374405833333,139.73890777778,ok
docomo,関東,栃木県,ドコモショップ栃木バイパス店,328-0075 栃木県栃木市箱森町3-13,https://shop.smt.docomo.ne.jp/shop_detail/0300307086600/index.html,36.387616388889,139.71888805556,ok
docomo,関東,栃木県,ドコモショップ那須塩原店,325-0067 栃木県那須塩原市清住町1-95,https://shop.smt.docomo.ne.jp/shop_detail/0337113302800/index.html,36.969558055556,140.04351,ok
docomo,関東,栃木県,ドコモショップ日光店,321-1261 栃木県日光市今市1063-1,https://shop.smt.docomo.ne.jp/shop_detail/0300306831500/index.html,36.724948888889,139.70049305556,ok
docomo,関東,栃木県,ドコモショップ西那須野店,329-2751 栃木県那須塩原市東三島2-77-5,https://shop.smt.docomo.ne.jp/shop_detail/0300306718900/index.html,36.899136944444,139.978215,ok
docomo,関東,栃木県,ドコモショップ二宮店,321-4522 栃木県真岡市久下田西4-159,https://shop.smt.docomo.ne.jp/shop_detail/0300306794600/index.html,36.377120555556,139.96432888889,ok
docomo,関東,栃木県,ドコモショップハーヴェストウォーク小山店,323-0014 栃木県小山市喜沢1475 ハーヴェストウォーク　パークタウンサウス,https://shop.smt.docomo.ne.jp/shop_detail/0300305437900/index.html,36.333836111111,139.80651111111,ok
docomo,関東,栃木県,ドコモショップベイシア烏山店,321-0622 栃木県那須烏山市城東1880,https://shop.smt.docomo.ne.jp/shop_detail/0300306723500/index.html,36.659954722222,140.15976,ok
docomo,関東,栃木県,ドコモショップ真岡店,321-4333 栃木県真岡市大谷本町1-2,https://shop.smt.docomo.ne.jp/shop_detail/0361131700400/index.html,36.435193888889,139.99850388889,ok
docomo,関東,栃木県,ドコモショップ矢板店,329-2135 栃木県矢板市中416-6,https://shop.smt.docomo.ne.jp/shop_detail/0377179009200/index.html,36.809406388889,139.93766666667,ok
docomo,関東,群馬県,ドコモショップアゼリアモール館林店,374-0004 群馬県館林市楠町1-48 アゼリアモール,https://shop.smt.docomo.ne.jp/shop_detail/0300306784800/index.html,36.242096944444,139.56921527778,ok
docomo,関東,群馬県,ドコモショップ安中店,379-0133 群馬県安中市原市585-1,https://shop.smt.docomo.ne.jp/shop_detail/0300306230200/index.html,36.318851111111,138.87455305556,ok
docomo,関東,群馬県,ドコモショップイオンモール太田店,373-0808 群馬県太田市石原町81 イオンモール太田内,https://shop.smt.docomo.ne.jp/shop_detail/0300306190600/index.html,36.2924025,139.39965833333,ok
docomo,関東,群馬県,ドコモショップイオンモール高崎店,370-3521 群馬県高崎市棟高町1400 イオンモール高崎,https://shop.smt.docomo.ne.jp/shop_detail/0300306358700/index.html,36.391375,139.00715444444,ok
docomo,関東,群馬県,ドコモショップ伊勢崎店,372-0801 群馬県伊勢崎市宮子町30-Jan,https://shop.smt.docomo.ne.jp/shop_detail/0361131700200/index.html,36.331944444444,139.15833333333,ok
docomo,関東,群馬県,ドコモショップ伊勢崎南店,372-0033 群馬県伊勢崎市南千木町8-Apr,https://shop.smt.docomo.ne.jp/shop_detail/0300306418800/index.html,36.295831388889,139.21388972222,ok
docomo,関東,群馬県,ドコモショップ大泉店,370-0513 群馬県邑楽郡大泉町東小泉2-19,https://shop.smt.docomo.ne.jp/shop_detail/0300306759000/index.html,36.257319722222,139.42991916667,ok
docomo,関東,群馬県,ドコモショップ太田中央店,373-0851 群馬県太田市飯田町520-2,https://shop.smt.docomo.ne.jp/shop_detail/0300306419000/index.html,36.284844444444,139.38212611111,ok
docomo,関東,群馬県,ドコモショップ太田店（群馬県）,373-0034 群馬県太田市藤阿久町779-1,https://shop.smt.docomo.ne.jp/shop_detail/0335115101100/index.html,36.297336111111,139.35934611111,ok
docomo,関東,群馬県,ドコモショップ太田南店,373-0823 群馬県太田市西矢島町317-8,https://shop.smt.docomo.ne.jp/shop_detail/0300306634800/index.html,36.272244166667,139.37753194444,ok
docomo,関東,群馬県,ドコモショップ桐生店,376-0013 群馬県桐生市広沢町7-5160-1,https://shop.smt.docomo.ne.jp/shop_detail/0300306162700/index.html,36.366645277778,139.3636375,ok
docomo,関東,群馬県,ドコモショップけやきウォーク前橋店,371-0801 群馬県前橋市文京町1-1 けやきウォーク前橋内,https://shop.smt.docomo.ne.jp/shop_detail/0300306213000/index.html,36.379391388889,139.07737083333,ok
docomo,関東,群馬県,ドコモショップ駒形インター店,372-0801 群馬県伊勢崎市宮子町4-Jun,https://shop.smt.docomo.ne.jp/shop_detail/0300306811800/index.html,36.339885833333,139.15072972222,ok
docomo,関東,群馬県,ドコモショップ渋川北店,377-0204 群馬県渋川市白井10-Jan,https://shop.smt.docomo.ne.jp/shop_detail/0300306978500/index.html,36.519156111111,139.01955805556,ok
docomo,関東,群馬県,ドコモショップ渋川店,377-0004 群馬県渋川市半田1-40,https://shop.smt.docomo.ne.jp/shop_detail/0300306831300/index.html,36.473847777778,139.02250555556,ok
docomo,関東,群馬県,ドコモショップ新前橋店,371-0844 群馬県前橋市古市町1-62-1,https://shop.smt.docomo.ne.jp/shop_detail/0300306420000/index.html,36.372921111111,139.05039805556,ok
docomo,関東,群馬県,ドコモショップジョイフル本田新田店,370-0314 群馬県太田市新田市野井町556-1 ジョイフル本田新田店内,https://shop.smt.docomo.ne.jp/shop_detail/0300306352600/index.html,36.302506944444,139.30191611111,ok
docomo,関東,群馬県,ドコモショップジョイホンパーク吉岡店,370-3602 群馬県北群馬郡吉岡町大久保364-1 ジョイホンパーク吉岡内,https://shop.smt.docomo.ne.jp/shop_detail/0300301098600/index.html,36.429873888889,139.02038694444,ok
docomo,関東,群馬県,ドコモショップスマーク伊勢崎店,379-2224 群馬県伊勢崎市西小保方町368 スマーク伊勢崎,https://shop.smt.docomo.ne.jp/shop_detail/0300306316900/index.html,36.339561944444,139.23289305556,ok
docomo,関東,群馬県,ドコモショップ高崎北店,370-0006 群馬県高崎市問屋町2-11-2-2,https://shop.smt.docomo.ne.jp/shop_detail/0300306609600/index.html,36.35061,139.01106694444,ok
docomo,関東,群馬県,ドコモショップ高崎東店,370-0043 群馬県高崎市高関町363-1,https://shop.smt.docomo.ne.jp/shop_detail/0335115102400/index.html,36.327868055556,139.02833388889,ok
docomo,関東,群馬県,ドコモショップ館林西店,374-0042 群馬県館林市近藤町178-96,https://shop.smt.docomo.ne.jp/shop_detail/0300306786400/index.html,36.241388888889,139.50333333333,ok
docomo,関東,群馬県,ドコモショップ玉村中央店,370-1127 群馬県佐波郡玉村町大字上之手1704-2,https://shop.smt.docomo.ne.jp/shop_detail/0300306685300/index.html,36.296111111111,139.11861111111,ok
docomo,関東,群馬県,ドコモショップ富岡店,370-2343 群馬県富岡市七日市260-1,https://shop.smt.docomo.ne.jp/shop_detail/0361141268600/index.html,36.264239166667,138.87758361111,ok
docomo,関東,群馬県,ドコモショップ沼田店,378-0051 群馬県沼田市上原町1724-15,https://shop.smt.docomo.ne.jp/shop_detail/0300306890100/index.html,36.649745833333,139.06724888889,ok
docomo,関東,群馬県,ドコモショップパワーモール前橋みなみ店,379-2143 群馬県前橋市新堀町1047,https://shop.smt.docomo.ne.jp/shop_detail/0300306813100/index.html,36.329166666667,139.09277777778,ok
docomo,関東,群馬県,ドコモショップ藤岡店,375-0004 群馬県藤岡市森字台452-7,https://shop.smt.docomo.ne.jp/shop_detail/0300301190500/index.html,36.275089722222,139.07621694444,ok
docomo,関東,群馬県,ドコモショップベイシア前橋モール店,371-0007 群馬県前橋市上泉町681-3,https://shop.smt.docomo.ne.jp/shop_detail/0300306818500/index.html,36.396264166667,139.10023666667,ok
docomo,関東,群馬県,ドコモショップマーケットシティ桐生店,376-0011 群馬県桐生市相生町1-124-1,https://shop.smt.docomo.ne.jp/shop_detail/0300306634300/index.html,36.405735833333,139.31849055556,ok
docomo,関東,群馬県,ドコモショップ前橋店,371-0033 群馬県前橋市国領町2-13-20,https://shop.smt.docomo.ne.jp/shop_detail/0335115107500/index.html,36.405953333333,139.0660175,ok
docomo,関東,群馬県,ドコモショップ前橋東店,379-2154 群馬県前橋市天川大島町234-1,https://shop.smt.docomo.ne.jp/shop_detail/0300306637800/index.html,36.372990555556,139.09956333333,ok
docomo,関東,群馬県,ドコモショップみどり店,379-2311 群馬県みどり市笠懸町阿左美10-Jan,https://shop.smt.docomo.ne.jp/shop_detail/0300306927500/index.html,36.392943055556,139.30006111111,ok
docomo,関東,群馬県,ドコモショップ吉井店（群馬県）,370-2107 群馬県高崎市吉井町池1479-24,https://shop.smt.docomo.ne.jp/shop_detail/0300306636000/index.html,36.262591388889,138.99047527778,ok
docomo,関東,埼玉県,ドコモショップ上尾店,362-0081 埼玉県上尾市壱丁目北6-11,https://shop.smt.docomo.ne.jp/shop_detail/0361164009500/index.html,35.960660277778,139.57045305556,ok
docomo,関東,埼玉県,ドコモショップ朝霞台店,351-0022 埼玉県朝霞市東弁財7-13,https://shop.smt.docomo.ne.jp/shop_detail/0361164009700/index.html,35.812645,139.58556055556,ok
docomo,関東,埼玉県,ドコモショップアリオ川口店,332-0033 埼玉県川口市並木元町1-79 アリオ川口,https://shop.smt.docomo.ne.jp/shop_detail/0384108002600/index.html,35.807544444444,139.71416555556,ok
docomo,関東,埼玉県,ドコモショップアリオ鷲宮店,340-0212 埼玉県久喜市久本寺谷田7-1 アリオ鷲宮店,https://shop.smt.docomo.ne.jp/shop_detail/0361156900200/index.html,36.078199722222,139.66153305556,ok
docomo,関東,埼玉県,ドコモショップイオンタウンふじみ野店,356-8525 埼玉県ふじみ野市福岡1-6 イオンタウンふじみ野,https://shop.smt.docomo.ne.jp/shop_detail/0300306713900/index.html,35.881113055556,139.52222333333,ok
docomo,関東,埼玉県,ドコモショップイオンモール上尾店,362-0034 埼玉県上尾市愛宕8-1 イオンモール上尾,https://shop.smt.docomo.ne.jp/shop_detail/0300307386600/index.html,35.964444444444,139.59944444444,ok
docomo,関東,埼玉県,ドコモショップイオンモール浦和美園店,336-8760 埼玉県さいたま市緑区美園５丁目1-50 イオンモール浦和美園,https://shop.smt.docomo.ne.jp/shop_detail/0300306238300/index.html,35.891226666667,139.73101194444,ok
docomo,関東,埼玉県,ドコモショップイオンモール春日部店,344-0122 埼玉県春日部市下柳420-1,https://shop.smt.docomo.ne.jp/shop_detail/0300307386300/index.html,35.987777777778,139.78861111111,ok
docomo,関東,埼玉県,ドコモショップイオンモール川口店,333-0834 埼玉県川口市安行領根岸3180 イオンモール川口,https://shop.smt.docomo.ne.jp/shop_detail/0300306793700/index.html,35.83796,139.72332,ok
docomo,関東,埼玉県,ドコモショップイオンモール川口前川店,333-0842 埼玉県川口市前川1-11 イオンモール川口前川,https://shop.smt.docomo.ne.jp/shop_detail/0300306180600/index.html,35.833685,139.70744277778,ok
docomo,関東,埼玉県,ドコモショップイオンモール北戸田店,335-0032 埼玉県戸田市美女木東3-1 イオンモール北戸田,https://shop.smt.docomo.ne.jp/shop_detail/0300306307700/index.html,35.826346111111,139.65237833333,ok
docomo,関東,埼玉県,ドコモショップイオンモール羽生店,348-0039 埼玉県羽生市川崎2-281-3 イオンモール羽生,https://shop.smt.docomo.ne.jp/shop_detail/0300306888300/index.html,36.14326,139.54094361111,ok
docomo,関東,埼玉県,ドコモショップイオンレイクタウン店,343-0828 埼玉県越谷市レイクタウン1-1 イオンレイクタウン　ｍｏｒｉ,https://shop.smt.docomo.ne.jp/shop_detail/0300306895700/index.html,35.880186111111,139.82857472222,ok
docomo,関東,埼玉県,ドコモショップ伊奈学園店,362-0813 埼玉県北足立郡伊奈町学園2-79,https://shop.smt.docomo.ne.jp/shop_detail/0300306909700/index.html,36.009165,139.60975388889,ok
docomo,関東,埼玉県,ドコモショップ入間狭山店,350-1323 埼玉県狭山市鵜ノ木21-34,https://shop.smt.docomo.ne.jp/shop_detail/0300306242900/index.html,35.847848333333,139.39247055556,ok
docomo,関東,埼玉県,ドコモショップ岩槻店,339-0042 埼玉県さいたま市岩槻区府内7-1 スーパービバホーム岩槻店内,https://shop.smt.docomo.ne.jp/shop_detail/0300306624500/index.html,35.945061944444,139.71596694444,ok
docomo,関東,埼玉県,ドコモショップ浦和店,330-0063 埼玉県さいたま市浦和区高砂6-5 浦和大栄ビル,https://shop.smt.docomo.ne.jp/shop_detail/0300306178400/index.html,35.8577925,139.65455111111,ok
docomo,関東,埼玉県,ドコモショップ大宮大和田店,337-0041 埼玉県さいたま市見沼区南中丸304-1,https://shop.smt.docomo.ne.jp/shop_detail/0300306711000/index.html,35.917966388889,139.65223527778,ok
docomo,関東,埼玉県,ドコモショップ大宮高島屋店,330-8511 埼玉県さいたま市大宮区大門町1-32 高島屋大宮店,https://shop.smt.docomo.ne.jp/shop_detail/0361131350600/index.html,35.906306111111,139.62629611111,ok
docomo,関東,埼玉県,ドコモショップ大宮西店,330-0854 埼玉県さいたま市大宮区桜木町4-252 ユニオンビル,https://shop.smt.docomo.ne.jp/shop_detail/0300306798600/index.html,35.904287777778,139.61773138889,ok
docomo,関東,埼玉県,ドコモショップ桶川店,363-0025 埼玉県桶川市下日出谷161,https://shop.smt.docomo.ne.jp/shop_detail/0300306113100/index.html,35.995286388889,139.55196,ok
docomo,関東,埼玉県,ドコモショップカインズモール大利根店,349-1133 埼玉県加須市琴寄70 カインズモール,https://shop.smt.docomo.ne.jp/shop_detail/0300306117000/index.html,36.126113888889,139.68405972222,ok
docomo,関東,埼玉県,ドコモショップカインズモール行田店,361-0056 埼玉県行田市持田780 カインズホーム行田店店内,https://shop.smt.docomo.ne.jp/shop_detail/0300306820100/index.html,36.131575277778,139.44956472222,ok
docomo,関東,埼玉県,ドコモショップ春日部店,344-0061 埼玉県春日部市粕壁4-30 丸八ビル,https://shop.smt.docomo.ne.jp/shop_detail/0374177000400/index.html,35.982574166667,139.75467083333,ok
docomo,関東,埼玉県,ドコモショップ春日部ハクレン通り店,344-0065 埼玉県春日部市谷原2-5,https://shop.smt.docomo.ne.jp/shop_detail/0300306894700/index.html,35.971507222222,139.75065083333,ok
docomo,関東,埼玉県,ドコモショップ加須店,347-0067 埼玉県加須市向川岸町237-3 喜美恵ビル,https://shop.smt.docomo.ne.jp/shop_detail/0300306633700/index.html,36.129246944444,139.60012388889,ok
docomo,関東,埼玉県,ドコモショップ川口Ｒ１２２号店,332-0001 埼玉県川口市朝日7-14,https://shop.smt.docomo.ne.jp/shop_detail/0300306892400/index.html,35.809713055556,139.734065,ok
docomo,関東,埼玉県,ドコモショップ川越店,350-1123 埼玉県川越市脇田本町5-13 川越第一生命ビル,https://shop.smt.docomo.ne.jp/shop_detail/0361141250100/index.html,35.906206666667,139.48044472222,ok
docomo,関東,埼玉県,ドコモショップ川越吉田新町店,350-0808 埼玉県川越市吉田新町5-2,https://shop.smt.docomo.ne.jp/shop_detail/0300306304300/index.html,35.924655277778,139.42238055556,ok
docomo,関東,埼玉県,ドコモショップ北浦和店,330-0074 埼玉県さいたま市浦和区北浦和2-11 モンクール北浦和ビル,https://shop.smt.docomo.ne.jp/shop_detail/0300306551700/index.html,35.872362222222,139.64707305556,ok
docomo,関東,埼玉県,ドコモショップ北本店,364-0031 埼玉県北本市中央２丁目59 平井ビル,https://shop.smt.docomo.ne.jp/shop_detail/0300306907800/index.html,36.031066388889,139.53298416667,ok
docomo,関東,埼玉県,ドコモショップ熊谷店,360-0037 埼玉県熊谷市筑波3-202 ティアラ２１,https://shop.smt.docomo.ne.jp/shop_detail/0361131900000/index.html,36.139499444444,139.39166388889,ok
docomo,関東,埼玉県,ドコモショップ鴻巣店,365-0038 埼玉県鴻巣市本町1-3 エルミ鴻巣,https://shop.smt.docomo.ne.jp/shop_detail/0300306819400/index.html,36.059618055556,139.51048055556,ok
docomo,関東,埼玉県,ドコモショップコクーンシティ店,330-0843 埼玉県さいたま市大宮区吉敷町4-267-2 コクーンシティ　コクーン１,https://shop.smt.docomo.ne.jp/shop_detail/0300306848900/index.html,35.894883055556,139.63605388889,ok
docomo,関東,埼玉県,ドコモショップ越谷店,343-0023 埼玉県越谷市東越谷6-31-1,https://shop.smt.docomo.ne.jp/shop_detail/0374177000100/index.html,35.894693055556,139.79963861111,ok
docomo,関東,埼玉県,ドコモショップ越谷弥十郎店,343-0047 埼玉県越谷市弥十郎248-1,https://shop.smt.docomo.ne.jp/shop_detail/0300307150400/index.html,35.925645555556,139.7919525,ok
docomo,関東,埼玉県,ドコモショップ小手指店,359-1141 埼玉県所沢市小手指町1-43-1 エクセルハイツ,https://shop.smt.docomo.ne.jp/shop_detail/0300306908000/index.html,35.805781111111,139.43975694444,ok
docomo,関東,埼玉県,ドコモショップ幸手店,340-0155 埼玉県幸手市大字上高野字本村前824,https://shop.smt.docomo.ne.jp/shop_detail/0300306888400/index.html,36.065995,139.71622472222,ok
docomo,関東,埼玉県,ドコモショップ坂戸にっさい店,350-0269 埼玉県坂戸市にっさい花みず木2-14-1 モアショッピングプラザ,https://shop.smt.docomo.ne.jp/shop_detail/0300306704200/index.html,35.969691944444,139.37281694444,ok
docomo,関東,埼玉県,ドコモショップ志木駅前店,352-0001 埼玉県新座市東北2-30-18 尾崎ビル,https://shop.smt.docomo.ne.jp/shop_detail/0300306626000/index.html,35.821757777778,139.57370277778,ok
docomo,関東,埼玉県,ドコモショップステラタウン店,331-0812 埼玉県さいたま市北区宮原町1-854-1 ステラタウン,https://shop.smt.docomo.ne.jp/shop_detail/0300306820400/index.html,35.933124722222,139.62302083333,ok
docomo,関東,埼玉県,ドコモショップせんげん台店,343-0041 埼玉県越谷市千間台西5-5,https://shop.smt.docomo.ne.jp/shop_detail/0300306797200/index.html,35.934501944444,139.77287611111,ok
docomo,関東,埼玉県,ドコモショップ草加ＶＡＲＩＥ店,340-0034 埼玉県草加市氷川町1970 草加ＶＡＲＩＥ,https://shop.smt.docomo.ne.jp/shop_detail/0300306189800/index.html,35.829561944444,139.80354694444,ok
docomo,関東,埼玉県,ドコモショップ草加バイパス店,340-0055 埼玉県草加市清門２丁目1-39,https://shop.smt.docomo.ne.jp/shop_detail/0300301709600/index.html,35.852221944444,139.78401694444,ok
docomo,関東,埼玉県,ドコモショップ秩父店,369-1871 埼玉県秩父市下影森692-2,https://shop.smt.docomo.ne.jp/shop_detail/0300306661700/index.html,35.981730555556,139.07764861111,ok
docomo,関東,埼玉県,ドコモショップ所沢店,359-0038 埼玉県所沢市北秋津727-2 イーストフェイス所沢,https://shop.smt.docomo.ne.jp/shop_detail/0300306846600/index.html,35.785284166667,139.47517555556,ok
docomo,関東,埼玉県,ドコモショップ戸田公園店,335-0016 埼玉県戸田市下前11-21,https://shop.smt.docomo.ne.jp/shop_detail/0300307096600/index.html,35.808917222222,139.68403972222,ok
docomo,関東,埼玉県,ドコモショップ新座店,352-0011 埼玉県新座市野火止7-5-79,https://shop.smt.docomo.ne.jp/shop_detail/0300306414800/index.html,35.800751111111,139.56496944444,ok
docomo,関東,埼玉県,ドコモショップ蓮田店,349-0111 埼玉県蓮田市東11-3,https://shop.smt.docomo.ne.jp/shop_detail/0300306205300/index.html,35.980958888889,139.65882694444,ok
docomo,関東,埼玉県,ドコモショップハレノテラス東大宮店,337-0006 埼玉県さいたま市見沼区島町393 ハレノテラス,https://shop.smt.docomo.ne.jp/shop_detail/0300306212600/index.html,35.945626666667,139.65115611111,ok
docomo,関東,埼玉県,ドコモショップ飯能店,357-0004 埼玉県飯能市新町35-14,https://shop.smt.docomo.ne.jp/shop_detail/0300303532100/index.html,35.859398611111,139.32241083333,ok
docomo,関東,埼玉県,ドコモショップ東浦和店,336-0923 埼玉県さいたま市緑区大字大間木1633-2,https://shop.smt.docomo.ne.jp/shop_detail/0300306877300/index.html,35.860933055556,139.70812694444,ok
docomo,関東,埼玉県,ドコモショップ東川口店,333-0801 埼玉県川口市東川口2-15 東川口第四ＦＴビル,https://shop.smt.docomo.ne.jp/shop_detail/0300306211300/index.html,35.876718055556,139.74510611111,ok
docomo,関東,埼玉県,ドコモショップ東所沢店,359-0024 埼玉県所沢市下安松1516-2,https://shop.smt.docomo.ne.jp/shop_detail/0300306849500/index.html,35.791481944444,139.5006325,ok
docomo,関東,埼玉県,ドコモショップ東松山店,355-0021 埼玉県東松山市神明町11-6 ビバモール東松山,https://shop.smt.docomo.ne.jp/shop_detail/0300306846700/index.html,36.03,139.40416666667,ok
docomo,関東,埼玉県,ドコモショップ日高店,350-1249 埼玉県日高市高麗川2-28-3,https://shop.smt.docomo.ne.jp/shop_detail/0300306661900/index.html,35.894514444444,139.33394611111,ok
docomo,関東,埼玉県,ドコモショップ深谷店（埼玉県）,366-0041 埼玉県深谷市東方1-65,https://shop.smt.docomo.ne.jp/shop_detail/0300306203100/index.html,36.192252777778,139.31431388889,ok
docomo,関東,埼玉県,ドコモショップふかや花園店,369-1245 埼玉県深谷市荒川1050,https://shop.smt.docomo.ne.jp/shop_detail/0300306661800/index.html,36.126948888889,139.23825694444,ok
docomo,関東,埼玉県,ドコモショップふじみ野駅前店,354-0035 埼玉県富士見市ふじみ野西2-2 クリオふじみ野,https://shop.smt.docomo.ne.jp/shop_detail/0300305110000/index.html,35.859815277778,139.52255083333,ok
docomo,関東,埼玉県,ドコモショップ本庄店,367-0030 埼玉県本庄市早稲田の杜2-1-66,https://shop.smt.docomo.ne.jp/shop_detail/0361131901500/index.html,36.220383055556,139.18298388889,ok
docomo,関東,埼玉県,ドコモショップ本庄若泉店,367-0055 埼玉県本庄市若泉5-14,https://shop.smt.docomo.ne.jp/shop_detail/0300307156800/index.html,36.249288055556,139.18042666667,ok
docomo,関東,埼玉県,ドコモショップ三郷インター店,341-0050 埼玉県三郷市ピアラシティ9-3,https://shop.smt.docomo.ne.jp/shop_detail/0300306743500/index.html,35.845079722222,139.85496611111,ok
docomo,関東,埼玉県,ドコモショップ三郷店,341-0026 埼玉県三郷市幸房131-1,https://shop.smt.docomo.ne.jp/shop_detail/0384104605000/index.html,35.838504722222,139.87950833333,ok
docomo,関東,埼玉県,ドコモショップみずほ台店,354-0015 埼玉県富士見市東みずほ台4-5 グランシャリオ,https://shop.smt.docomo.ne.jp/shop_detail/0300306937700/index.html,35.839178055556,139.55288611111,ok
docomo,関東,埼玉県,ドコモショップ南浦和店,336-0017 埼玉県さいたま市南区南浦和2-5,https://shop.smt.docomo.ne.jp/shop_detail/0300307084700/index.html,35.846725,139.67216666667,ok
docomo,関東,埼玉県,ドコモショップ南越谷店,343-0857 埼玉県越谷市新越谷１丁目2-31 ピアシティ南越谷,https://shop.smt.docomo.ne.jp/shop_detail/0300306167700/index.html,35.875487222222,139.78216527778,ok
docomo,関東,埼玉県,ドコモショップ武蔵浦和店,336-0022 埼玉県さいたま市南区白幡5-19-19 マーレビルＢ館,https://shop.smt.docomo.ne.jp/shop_detail/0361141251500/index.html,35.843745833333,139.64804805556,ok
docomo,関東,埼玉県,ドコモショップ武蔵藤沢店,358-0012 埼玉県入間市東藤沢2-18-20,https://shop.smt.docomo.ne.jp/shop_detail/0300306887200/index.html,35.818990555556,139.41772444444,ok
docomo,関東,埼玉県,ドコモショップモラージュ菖蒲店,346-0106 埼玉県久喜市菖蒲町菖蒲5-Jan モラージュ菖蒲,https://shop.smt.docomo.ne.jp/shop_detail/0300306906700/index.html,36.074632222222,139.61308833333,ok
docomo,関東,埼玉県,ドコモショップヤオコー川越山田店,350-0822 埼玉県川越市山田1-42 ヤオコー川越山田店,https://shop.smt.docomo.ne.jp/shop_detail/0300307173100/index.html,35.934799166667,139.47973777778,ok
docomo,関東,埼玉県,ドコモショップ八潮駅前店,340-0822 埼玉県八潮市大瀬2-6,https://shop.smt.docomo.ne.jp/shop_detail/0300306142000/index.html,35.809940555556,139.84540638889,ok
docomo,関東,埼玉県,ドコモショップ谷塚店,340-0022 埼玉県草加市瀬崎9-1 コリーナ谷塚１０４,https://shop.smt.docomo.ne.jp/shop_detail/0300307027500/index.html,35.814267777778,139.80222694444,ok
docomo,関東,埼玉県,ドコモショップららぽーと新三郷店,341-8550 埼玉県三郷市新三郷ららシティ1-1 三井ショッピングパーク　ららぽーと新三郷,https://shop.smt.docomo.ne.jp/shop_detail/0300306944300/index.html,35.859788611111,139.86600722222,ok
docomo,関東,埼玉県,ドコモショップららぽーと富士見店,354-8560 埼玉県富士見市山室1-1313 ららぽーと富士見,https://shop.smt.docomo.ne.jp/shop_detail/0300306913800/index.html,35.859978611111,139.54795361111,ok
docomo,関東,埼玉県,ドコモショップ嵐山小川店,355-0215 埼玉県比企郡嵐山町大字平澤336-1,https://shop.smt.docomo.ne.jp/shop_detail/0300307089500/index.html,36.044333888889,139.31315583333,ok
docomo,関東,埼玉県,ドコモショップワカバウォーク店,350-2201 埼玉県鶴ヶ島市富士見2-1 ワカバウォーク,https://shop.smt.docomo.ne.jp/shop_detail/0300306878400/index.html,35.949190833333,139.41094611111,ok
docomo,関東,埼玉県,ドコモショップ和光店,351-0113 埼玉県和光市中央2-11 和光市中央二丁目複合ビル,https://shop.smt.docomo.ne.jp/shop_detail/0300306409500/index.html,35.782676944444,139.61774111111,ok
docomo,関東,千葉県,ドコモショップアクロスモール新鎌ヶ谷店,273-0107 千葉県鎌ケ谷市新鎌ケ谷12-1 アクロスモール新鎌ケ谷,https://shop.smt.docomo.ne.jp/shop_detail/0300305457300/index.html,35.780896944444,140.00126805556,ok
docomo,関東,千葉県,ドコモショップ旭店（千葉県）,289-2504 千葉県旭市ニ408-1 アイエムシービル,https://shop.smt.docomo.ne.jp/shop_detail/0300306117200/index.html,35.725933611111,140.65809027778,ok
docomo,関東,千葉県,ドコモショップ姉崎店,299-0119 千葉県市原市姉崎西10-7,https://shop.smt.docomo.ne.jp/shop_detail/0300301639800/index.html,35.480974722222,140.04285722222,ok
docomo,関東,千葉県,ドコモショップあびこショッピングプラザ店,270-1166 千葉県我孫子市我孫子11-1 あびこショッピングプラザ,https://shop.smt.docomo.ne.jp/shop_detail/0300306896800/index.html,35.876666666667,140.00916666667,ok
docomo,関東,千葉県,ドコモショップアリオ市原店,290-0050 千葉県市原市更級3-2 アリオ市原,https://shop.smt.docomo.ne.jp/shop_detail/0300307201100/index.html,35.508316666667,140.10192305556,ok
docomo,関東,千葉県,ドコモショップアリオ蘇我店,260-0835 千葉県千葉市中央区川崎町7-52 アリオ蘇我,https://shop.smt.docomo.ne.jp/shop_detail/0300305458200/index.html,35.588553333333,140.1222625,ok
docomo,関東,千葉県,ドコモショップイオン市川妙典店,272-0111 千葉県市川市妙典1-1 イオン市川妙典店　２番街,https://shop.smt.docomo.ne.jp/shop_detail/0300306802700/index.html,35.692488611111,139.92685833333,ok
docomo,関東,千葉県,ドコモショップイオンモール柏店,277-0854 千葉県柏市豊町5-25 イオンモール柏,https://shop.smt.docomo.ne.jp/shop_detail/0361141251900/index.html,35.851875833333,139.96192888889,ok
docomo,関東,千葉県,ドコモショップイオンモール木更津店,292-0835 千葉県木更津市築地1-4 イオンモール木更津,https://shop.smt.docomo.ne.jp/shop_detail/0300307177100/index.html,35.365808611111,139.90864638889,ok
docomo,関東,千葉県,ドコモショップイオンモール船橋店,273-0045 千葉県船橋市山手1-8 イオンモール船橋,https://shop.smt.docomo.ne.jp/shop_detail/0300306817600/index.html,35.71175,139.97888888889,ok
docomo,関東,千葉県,ドコモショップイオンモール幕張新都心店,261-8535 千葉県千葉市美浜区豊砂1-1 イオンモール幕張新都心,https://shop.smt.docomo.ne.jp/shop_detail/0300306802100/index.html,35.652965833333,140.03303777778,ok
docomo,関東,千葉県,ドコモショップイオンモール八千代緑が丘店,276-0049 千葉県八千代市緑が丘1-3 イオンモール八千代緑が丘,https://shop.smt.docomo.ne.jp/shop_detail/0300306842100/index.html,35.727502222222,140.07333527778,ok
docomo,関東,千葉県,ドコモショップいすみ店,299-4612 千葉県いすみ市岬町江場土27-Jan,https://shop.smt.docomo.ne.jp/shop_detail/0300306571600/index.html,35.300501666667,140.39767166667,ok
docomo,関東,千葉県,ドコモショップ市川インター店,272-0015 千葉県市川市鬼高3-27-2,https://shop.smt.docomo.ne.jp/shop_detail/0300306942000/index.html,35.709621666667,139.9360625,ok
docomo,関東,千葉県,ドコモショップ市原店,290-0055 千葉県市原市五井東12-2,https://shop.smt.docomo.ne.jp/shop_detail/0300301594700/index.html,35.515246388889,140.10015611111,ok
docomo,関東,千葉県,ドコモショップ稲毛店,263-0043 千葉県千葉市稲毛区小仲台8-2,https://shop.smt.docomo.ne.jp/shop_detail/0300306801700/index.html,35.639961388889,140.09180861111,ok
docomo,関東,千葉県,ドコモショップおおたかの森店,270-0128 千葉県流山市おおたかの森西1-1 こかげテラス,https://shop.smt.docomo.ne.jp/shop_detail/0300307035900/index.html,35.871666666667,139.925,ok
docomo,関東,千葉県,ドコモショップ小見川店,289-0311 千葉県香取市八日市場字曳地1063-2,https://shop.smt.docomo.ne.jp/shop_detail/0300306280500/index.html,35.859110277778,140.598075,ok
docomo,関東,千葉県,ドコモショップ海浜幕張店,261-0021 千葉県千葉市美浜区ひび野1-8 メッセ・アミューズ・モール,https://shop.smt.docomo.ne.jp/shop_detail/0300306634100/index.html,35.649900833333,140.04246277778,ok
docomo,関東,千葉県,ドコモショップ柏駅前店,277-0005 千葉県柏市柏1-11 ファミリかしわ,https://shop.smt.docomo.ne.jp/shop_detail/0300306643500/index.html,35.861738888889,139.97091194444,ok
docomo,関東,千葉県,ドコモショップ鎌取店,266-0011 千葉県千葉市緑区鎌取町7-68,https://shop.smt.docomo.ne.jp/shop_detail/0300302005300/index.html,35.563379722222,140.17943944444,ok
docomo,関東,千葉県,ドコモショップ鴨川店,296-0001 千葉県鴨川市横渚1102-3 ピーアイビル,https://shop.smt.docomo.ne.jp/shop_detail/0300306571500/index.html,35.108657222222,140.10156027778,ok
docomo,関東,千葉県,ドコモショップかわまち矢作モール店,260-0851 千葉県千葉市中央区矢作町1-57,https://shop.smt.docomo.ne.jp/shop_detail/0300306168500/index.html,35.608196944444,140.14508805556,ok
docomo,関東,千葉県,ドコモショップ木更津店,292-0057 千葉県木更津市東中央3-20,https://shop.smt.docomo.ne.jp/shop_detail/0300306661500/index.html,35.378896944444,139.93574833333,ok
docomo,関東,千葉県,ドコモショップ北習志野店,274-0063 千葉県船橋市習志野台4-8 ライジングビル,https://shop.smt.docomo.ne.jp/shop_detail/0300306778500/index.html,35.722716111111,140.04204305556,ok
docomo,関東,千葉県,ドコモショップ君津店,299-1144 千葉県君津市東坂田6-5,https://shop.smt.docomo.ne.jp/shop_detail/0300306837800/index.html,35.333980277778,139.89793416667,ok
docomo,関東,千葉県,ドコモショップ佐倉志津店,285-0846 千葉県佐倉市上志津1707-3,https://shop.smt.docomo.ne.jp/shop_detail/0300301592300/index.html,35.713683888889,140.14552111111,ok
docomo,関東,千葉県,ドコモショップ佐倉寺崎店,285-0819 千葉県佐倉市寺崎北1-8,https://shop.smt.docomo.ne.jp/shop_detail/0300306903800/index.html,35.713687222222,140.22024916667,ok
docomo,関東,千葉県,ドコモショップ佐原店,287-0003 千葉県香取市佐原イ16-May,https://shop.smt.docomo.ne.jp/shop_detail/0300306756400/index.html,35.900831111111,140.49140722222,ok
docomo,関東,千葉県,ドコモショップ山武成東店,289-1345 千葉県山武市津辺107,https://shop.smt.docomo.ne.jp/shop_detail/0300306913300/index.html,35.605609444444,140.41303833333,ok
docomo,関東,千葉県,ドコモショップ新浦安店,279-0012 千葉県浦安市入船4-1 イオンスタイル新浦安店,https://shop.smt.docomo.ne.jp/shop_detail/0300306802900/index.html,35.648861944444,139.91472888889,ok
docomo,関東,千葉県,ドコモショップ新松戸店,270-0034 千葉県松戸市新松戸4-54,https://shop.smt.docomo.ne.jp/shop_detail/0300305458000/index.html,35.826497777778,139.91566777778,ok
docomo,関東,千葉県,ドコモショップ新八柱店,270-2253 千葉県松戸市日暮2-5,https://shop.smt.docomo.ne.jp/shop_detail/0300306909000/index.html,35.790426944444,139.93817166667,ok
docomo,関東,千葉県,ドコモショップセブンパークアリオ柏店,277-0922 千葉県柏市大島田6-1 セブンパークアリオ柏,https://shop.smt.docomo.ne.jp/shop_detail/0300301250100/index.html,35.833784166667,140.01234916667,ok
docomo,関東,千葉県,ドコモショップセンシティ千葉店,260-0028 千葉県千葉市中央区新町1000 センシティタワー,https://shop.smt.docomo.ne.jp/shop_detail/0361164006000/index.html,35.611455833333,140.11291805556,ok
docomo,関東,千葉県,ドコモショップ館山店,294-0043 千葉県館山市安布里743,https://shop.smt.docomo.ne.jp/shop_detail/0300306064200/index.html,34.991582222222,139.88264777778,ok
docomo,関東,千葉県,ドコモショップ銚子店,288-0837 千葉県銚子市長塚町3-647-5,https://shop.smt.docomo.ne.jp/shop_detail/0300306243100/index.html,35.739419166667,140.79864861111,ok
docomo,関東,千葉県,ドコモショップ千城台店,264-0005 千葉県千葉市若葉区千城台北3-21-1 イコアス千城台,https://shop.smt.docomo.ne.jp/shop_detail/0300306920800/index.html,35.622777777778,140.18888888889,ok
docomo,関東,千葉県,ドコモショップ千葉ニュータウン店,270-1350 千葉県印西市中央北3-2 イオンモール千葉ニュータウン,https://shop.smt.docomo.ne.jp/shop_detail/0300306682400/index.html,35.801773888889,140.11262888889,ok
docomo,関東,千葉県,ドコモショップ都賀店,264-0025 千葉県千葉市若葉区都賀2-10,https://shop.smt.docomo.ne.jp/shop_detail/0300306802300/index.html,35.634536388889,140.15253972222,ok
docomo,関東,千葉県,ドコモショップ津田沼店,275-0026 千葉県習志野市谷津7-1 ロハル津田沼　地下,https://shop.smt.docomo.ne.jp/shop_detail/0361141711600/index.html,35.690462777778,140.01789777778,ok
docomo,関東,千葉県,ドコモショップテラスモール松戸店,270-0023 千葉県松戸市八ヶ崎8-1 テラスモール松戸,https://shop.smt.docomo.ne.jp/shop_detail/0300306323500/index.html,35.817371111111,139.93520805556,ok
docomo,関東,千葉県,ドコモショップ東金店,283-0065 千葉県東金市押堀663-1,https://shop.smt.docomo.ne.jp/shop_detail/0383104600000/index.html,35.550736666667,140.35851972222,ok
docomo,関東,千葉県,ドコモショップ土気あすみが丘店,267-0067 千葉県千葉市緑区あすみが丘東9-11,https://shop.smt.docomo.ne.jp/shop_detail/0300306230400/index.html,35.522652222222,140.27538472222,ok
docomo,関東,千葉県,ドコモショップ富里店,286-0221 千葉県富里市七栄638-24,https://shop.smt.docomo.ne.jp/shop_detail/0300301444400/index.html,35.739236111111,140.31605277778,ok
docomo,関東,千葉県,ドコモショップ流山店,270-0164 千葉県流山市流山5-22-1,https://shop.smt.docomo.ne.jp/shop_detail/0300306644700/index.html,35.851235277778,139.89892416667,ok
docomo,関東,千葉県,ドコモショップ成田土屋店,286-0029 千葉県成田市ウィング土屋67,https://shop.smt.docomo.ne.jp/shop_detail/0300306907500/index.html,35.794568055556,140.31894666667,ok
docomo,関東,千葉県,ドコモショップ西船橋店,273-0031 千葉県船橋市西船4-21-1 デイジイファーストビル,https://shop.smt.docomo.ne.jp/shop_detail/0300306699600/index.html,35.709176944444,139.95846,ok
docomo,関東,千葉県,ドコモショップ野田店（千葉県）,278-0021 千葉県野田市堤根100-1,https://shop.smt.docomo.ne.jp/shop_detail/0300306837700/index.html,35.943488055556,139.88485,ok
docomo,関東,千葉県,ドコモショップ花見川店,262-0045 千葉県千葉市花見川区作新台10-11,https://shop.smt.docomo.ne.jp/shop_detail/0300307220600/index.html,35.688611111111,140.08861111111,ok
docomo,関東,千葉県,ドコモショップ船橋店,273-0005 千葉県船橋市本町3-5 伊藤ＬＫビル,https://shop.smt.docomo.ne.jp/shop_detail/0300301815600/index.html,35.702382777778,139.98649555556,ok
docomo,関東,千葉県,ドコモショップ船橋二和店,274-0805 千葉県船橋市二和東12-15,https://shop.smt.docomo.ne.jp/shop_detail/0361157999700/index.html,35.756469166667,140.02166805556,ok
docomo,関東,千葉県,ドコモショップフレスポ稲毛店,263-0001 千葉県千葉市稲毛区長沼原町731-17,https://shop.smt.docomo.ne.jp/shop_detail/0300306811100/index.html,35.657615833333,140.12770611111,ok
docomo,関東,千葉県,ドコモショップ松戸店,271-0092 千葉県松戸市松戸1307-1 松戸ビルヂング,https://shop.smt.docomo.ne.jp/shop_detail/0361131351300/index.html,35.782434722222,139.89928083333,ok
docomo,関東,千葉県,ドコモショップ南行徳店,272-0143 千葉県市川市相之川4-14-12,https://shop.smt.docomo.ne.jp/shop_detail/0300306801800/index.html,35.672496666667,139.90049222222,ok
docomo,関東,千葉県,ドコモショップ本八幡店,272-0026 千葉県市川市東大和田4-10 市川ビル５,https://shop.smt.docomo.ne.jp/shop_detail/0300301806800/index.html,35.717540833333,139.92288694444,ok
docomo,関東,千葉県,ドコモショップ茂原店,297-0029 千葉県茂原市高師1727,https://shop.smt.docomo.ne.jp/shop_detail/0300306556800/index.html,35.435753888889,140.287565,ok
docomo,関東,千葉県,ドコモショップ八街店,289-1116 千葉県八街市中央3-17,https://shop.smt.docomo.ne.jp/shop_detail/0300306707200/index.html,35.663309444444,140.31953555556,ok
docomo,関東,千葉県,ドコモショップ八千代中央店,276-0046 千葉県八千代市大和田新田353-110,https://shop.smt.docomo.ne.jp/shop_detail/0300305458300/index.html,35.72383,140.09553194444,ok
docomo,関東,千葉県,ドコモショップユニモちはら台店,290-0194 千葉県市原市ちはら台西3-4 ショッピングモールｕｎｉｍｏちはら台,https://shop.smt.docomo.ne.jp/shop_detail/0300307368000/index.html,35.52801,140.17171888889,ok
docomo,関東,千葉県,ドコモショップ八日市場店,289-2147 千葉県匝瑳市飯倉26-18,https://shop.smt.docomo.ne.jp/shop_detail/0300301584000/index.html,35.687435277778,140.5222,ok
docomo,関東,千葉県,ドコモショップ四街道店,284-0003 千葉県四街道市鹿渡1134-7,https://shop.smt.docomo.ne.jp/shop_detail/0300305415600/index.html,35.66131,140.17429388889,ok
docomo,関東,千葉県,ドコモショップららぽーと柏の葉店,277-8518 千葉県柏市若柴175 ららぽーと柏の葉,https://shop.smt.docomo.ne.jp/shop_detail/0300306288700/index.html,35.893668888889,139.95104888889,ok
docomo,関東,千葉県,ドコモショップららぽーとＴＯＫＹＯ－ＢＡＹ店,273-8530 千葉県船橋市浜町1-1 ららぽーと南館,https://shop.smt.docomo.ne.jp/shop_detail/0300305415500/index.html,35.685670555556,139.99015666667,ok
docomo,関東,東京都,ドコモショップアイテラスアネックス落合南長崎店,171-0052 東京都豊島区南長崎4-13-4 アイテラスアネックス落合南長崎,https://shop.smt.docomo.ne.jp/shop_detail/0300306765800/index.html,35.724303333333,139.68326222222,ok
docomo,関東,東京都,ドコモショップ青山店,107-0061 東京都港区北青山2-13-4 青山ＭＹビル,https://shop.smt.docomo.ne.jp/shop_detail/0300306329600/index.html,35.670030833333,139.71642277778,ok
docomo,関東,東京都,ドコモショップ赤坂店,107-0052 東京都港区赤坂1-1 ＨＫ赤坂５丁目ビル,https://shop.smt.docomo.ne.jp/shop_detail/0300306689600/index.html,35.674345,139.73632388889,ok
docomo,関東,東京都,ドコモショップ赤羽店,115-0045 東京都北区赤羽2-16-4 セキネビル,https://shop.smt.docomo.ne.jp/shop_detail/0300306182700/index.html,35.77975,139.72280555556,ok
docomo,関東,東京都,ドコモショップ昭島モリタウン店,196-0005 東京都昭島市代官山3-1 モリタウン東館,https://shop.smt.docomo.ne.jp/shop_detail/0300306661400/index.html,35.713868888889,139.36449583333,ok
docomo,関東,東京都,ドコモショップ秋葉原ＵＤＸ店,101-0021 東京都千代田区外神田4-14-1 秋葉原ＵＤＸビル,https://shop.smt.docomo.ne.jp/shop_detail/0361164008000/index.html,35.700050277778,139.772355,ok
docomo,関東,東京都,ドコモショップアキバ店（秋葉原）,101-0025 東京都千代田区神田佐久間町8-3 ダイハツ秋葉原ビル,https://shop.smt.docomo.ne.jp/shop_detail/0361131403100/index.html,35.69737,139.77364111111,ok
docomo,関東,東京都,ドコモショップアクロスモール八王子みなみ野店,192-0916 東京都八王子市みなみ野2-1 アクロスモール八王子みなみ野,https://shop.smt.docomo.ne.jp/shop_detail/0300306835300/index.html,35.630653888889,139.32923277778,ok
docomo,関東,東京都,ドコモショップ阿佐ヶ谷店,166-0004 東京都杉並区阿佐谷南1-35-11 アークコミュー阿佐谷,https://shop.smt.docomo.ne.jp/shop_detail/0300306119500/index.html,35.702962222222,139.63651222222,ok
docomo,関東,東京都,ドコモショップ浅草店,111-0032 東京都台東区浅草一丁目5-13 井門浅草すしや通りビル,https://shop.smt.docomo.ne.jp/shop_detail/0300306858400/index.html,35.712087777778,139.79324694444,ok
docomo,関東,東京都,ドコモショップ麻布十番店,108-0073 東京都港区三田7-1 パークコート麻布十番ザ・タワー,https://shop.smt.docomo.ne.jp/shop_detail/0300306186200/index.html,35.654623888889,139.739375,ok
docomo,関東,東京都,ドコモショップ足立店,120-0015 東京都足立区足立11-3,https://shop.smt.docomo.ne.jp/shop_detail/0300306032400/index.html,35.767083888889,139.80387361111,ok
docomo,関東,東京都,ドコモショップ綾瀬駅前店,120-0005 東京都足立区綾瀬9-29 ホーキョボナールビル,https://shop.smt.docomo.ne.jp/shop_detail/0300305446200/index.html,35.762230833333,139.82301,ok
docomo,関東,東京都,ドコモショップアリオ亀有店,125-0061 東京都葛飾区亀有3-49-3 アリオ亀有,https://shop.smt.docomo.ne.jp/shop_detail/0300306649700/index.html,35.764911388889,139.852395,ok
docomo,関東,東京都,ドコモショップアリオ西新井店,123-0843 東京都足立区西新井栄町1-20-1 アリオ西新井,https://shop.smt.docomo.ne.jp/shop_detail/0300306837500/index.html,35.774748055556,139.78585,ok
docomo,関東,東京都,ドコモショップイーアス高尾店,193-0834 東京都八王子市東浅川町550-1 イーアス高尾,https://shop.smt.docomo.ne.jp/shop_detail/0300306337000/index.html,35.64316,139.28860416667,ok
docomo,関東,東京都,ドコモショップイオン南砂店,136-0076 東京都江東区南砂7-15 イオン南砂店,https://shop.smt.docomo.ne.jp/shop_detail/0300306877500/index.html,35.672114444444,139.83563666667,ok
docomo,関東,東京都,ドコモショップイオンモール多摩平の森店,191-0062 東京都日野市多摩平4-1 イオンモール多摩平の森,https://shop.smt.docomo.ne.jp/shop_detail/0300306111200/index.html,35.661176944444,139.38062194444,ok
docomo,関東,東京都,ドコモショップイオンモール日の出店,190-0182 東京都西多摩郡日の出町大字平井字三吉野桜木237-3 イオンモール日の出,https://shop.smt.docomo.ne.jp/shop_detail/0300306916600/index.html,35.734999444444,139.27558111111,ok
docomo,関東,東京都,ドコモショップイオンモールむさし村山店,208-0022 東京都武蔵村山市榎1-3 イオンモールむさし村山,https://shop.smt.docomo.ne.jp/shop_detail/0300306946200/index.html,35.746746111111,139.38506611111,ok
docomo,関東,東京都,ドコモショップ池上駅前店,146-0082 東京都大田区池上4-18 ブリックタウン小林,https://shop.smt.docomo.ne.jp/shop_detail/0300307028700/index.html,35.57208,139.70383,ok
docomo,関東,東京都,ドコモショップ池袋サンシャイン通り店,170-0013 東京都豊島区東池袋10-1 住友池袋駅前ビル,https://shop.smt.docomo.ne.jp/shop_detail/0300305419000/index.html,35.730330555556,139.71442694444,ok
docomo,関東,東京都,ドコモショップ池袋西口店,171-0014 東京都豊島区池袋2-13-1 池袋岸野ビル,https://shop.smt.docomo.ne.jp/shop_detail/0361131350000/index.html,35.731943333333,139.7073825,ok
docomo,関東,東京都,ドコモショップ伊豆大島店,100-0101 東京都大島町元町12-5 ＮＴＴ東日本　大島ビル,https://shop.smt.docomo.ne.jp/shop_detail/0300306608400/index.html,34.7515,139.35579,ok
docomo,関東,東京都,ドコモショップ板橋区役所前店,173-0004 東京都板橋区板橋7-10 レアルカスカータ板橋区役所,https://shop.smt.docomo.ne.jp/shop_detail/0300306646100/index.html,35.751063055556,139.71090583333,ok
docomo,関東,東京都,ドコモショップ板橋店,173-0004 東京都板橋区板橋1-53-7 ａｖｏｒｉｏ　ｉｔａｂａｓｈｉ,https://shop.smt.docomo.ne.jp/shop_detail/0300306171300/index.html,35.747358888889,139.71996083333,ok
docomo,関東,東京都,ドコモショップ一之江店,132-0024 東京都江戸川区一之江7-38-20,https://shop.smt.docomo.ne.jp/shop_detail/0361141140000/index.html,35.685388333333,139.88078416667,ok
docomo,関東,東京都,ドコモショップ稲城矢野口店,206-0812 東京都稲城市矢野口227-1 グランツドルフ,https://shop.smt.docomo.ne.jp/shop_detail/0300306702600/index.html,35.640740277778,139.52017527778,ok
docomo,関東,東京都,ドコモショップ上野駅前店,110-0005 東京都台東区上野6-16-20 松村ビル,https://shop.smt.docomo.ne.jp/shop_detail/0300306555800/index.html,35.710466388889,139.77616888889,ok
docomo,関東,東京都,ドコモショップ上野広小路店,110-0005 東京都台東区上野1-20-10 風月堂本店ビル,https://shop.smt.docomo.ne.jp/shop_detail/0300304330800/index.html,35.707797777778,139.77266083333,ok
docomo,関東,東京都,ドコモショップ江古田店,176-0005 東京都練馬区旭丘1-76-6 Ｒｏｏｔｕｓ　Ｅｋｏｄａ,https://shop.smt.docomo.ne.jp/shop_detail/0300306170700/index.html,35.737045555556,139.67240583333,ok
docomo,関東,東京都,ドコモショップ恵比寿店,150-0022 東京都渋谷区恵比寿南1-1 ヒューマックス恵比寿ビル,https://shop.smt.docomo.ne.jp/shop_detail/0381102901300/index.html,35.646694444444,139.70891666667,ok
docomo,関東,東京都,ドコモショップ王子神谷店,114-0002 東京都北区王子10-1 王子神谷ビル,https://shop.smt.docomo.ne.jp/shop_detail/0300306192200/index.html,35.764861111111,139.73605555556,ok
docomo,関東,東京都,ドコモショップ青梅河辺店,198-0036 東京都青梅市河辺町8-1 河辺タウンビルＢ,https://shop.smt.docomo.ne.jp/shop_detail/0300306758500/index.html,35.785260555556,139.28508361111,ok
docomo,関東,東京都,ドコモショップ大泉学園店（東京都）,178-0063 東京都練馬区東大泉5-43-1 ゆめりあフェンテ,https://shop.smt.docomo.ne.jp/shop_detail/0300301435000/index.html,35.749401111111,139.58559,ok
docomo,関東,東京都,ドコモショップ大井町店,140-0014 東京都品川区大井1-14-3 Ｋ－３ビル,https://shop.smt.docomo.ne.jp/shop_detail/0300305455800/index.html,35.607598055556,139.73177805556,ok
docomo,関東,東京都,ドコモショップ大岡山店,145-0062 東京都大田区北千束1-40-1 大和屋ビル,https://shop.smt.docomo.ne.jp/shop_detail/0300306908600/index.html,35.609220833333,139.68560194444,ok
docomo,関東,東京都,ドコモショップ大塚店,170-0005 東京都豊島区南大塚3-34-8 プレミアステージ大塚,https://shop.smt.docomo.ne.jp/shop_detail/0361164006100/index.html,35.731197777778,139.72781166667,ok
docomo,関東,東京都,ドコモショップ大山ハッピーロード店,173-0023 東京都板橋区大山町30-13 吉田ビル,https://shop.smt.docomo.ne.jp/shop_detail/0300306163500/index.html,35.748966111111,139.70026611111,ok
docomo,関東,東京都,ドコモショップ荻窪タウンセブン店,167-0043 東京都杉並区上荻9-1 荻窪タウンセブン,https://shop.smt.docomo.ne.jp/shop_detail/0361164004500/index.html,35.704918888889,139.61913888889,ok
docomo,関東,東京都,ドコモショップ尾久橋通り店,123-0863 東京都足立区谷在家3-20-20,https://shop.smt.docomo.ne.jp/shop_detail/0300306918200/index.html,35.789081111111,139.76960111111,ok
docomo,関東,東京都,ドコモショップ押上店,130-0002 東京都墨田区業平1-21-9 あさひ墨田ビル,https://shop.smt.docomo.ne.jp/shop_detail/0300307067900/index.html,35.709093888889,139.81053805556,ok
docomo,関東,東京都,ドコモショップ落合店,164-0003 東京都中野区東中野4-30-9 ＲＩＯＩＬＨＡ,https://shop.smt.docomo.ne.jp/shop_detail/0381108007000/index.html,35.7103375,139.68515055556,ok
docomo,関東,東京都,ドコモショップ葛西店（東京都）,134-0084 東京都江戸川区東葛西3-1,https://shop.smt.docomo.ne.jp/shop_detail/0300306933000/index.html,35.665606388889,139.87354138889,ok
docomo,関東,東京都,ドコモショップ勝どき店,104-0054 東京都中央区勝どき1-7 勝どきサンスクエア,https://shop.smt.docomo.ne.jp/shop_detail/0300306982600/index.html,35.659756944444,139.77777,ok
docomo,関東,東京都,ドコモショップ金町駅前店,125-0041 東京都葛飾区東金町1-22-7 磯貝ビル１０３,https://shop.smt.docomo.ne.jp/shop_detail/0300305682900/index.html,35.769766111111,139.86966222222,ok
docomo,関東,東京都,ドコモショップ蒲田店,144-0052 東京都大田区蒲田1-1 エクセルダイア蒲田ＮＥＸＴビル,https://shop.smt.docomo.ne.jp/shop_detail/0361131351200/index.html,35.561901111111,139.72163111111,ok
docomo,関東,東京都,ドコモショップ上板橋駅前店,174-0071 東京都板橋区常盤台4-30-1 ステラマリス常盤台,https://shop.smt.docomo.ne.jp/shop_detail/0300306684000/index.html,35.764518888889,139.67779388889,ok
docomo,関東,東京都,ドコモショップ上石神井店,177-0044 東京都練馬区上石神井5-11 秋葉ビル,https://shop.smt.docomo.ne.jp/shop_detail/0300306888100/index.html,35.725791111111,139.591745,ok
docomo,関東,東京都,ドコモショップ亀有店,125-0061 東京都葛飾区亀有3-30-3 ＩＴＳビル,https://shop.smt.docomo.ne.jp/shop_detail/0381103060100/index.html,35.765764722222,139.84868583333,ok
docomo,関東,東京都,ドコモショップ亀戸店,136-0071 東京都江東区亀戸2-26-10 立花亀戸ビル,https://shop.smt.docomo.ne.jp/shop_detail/0300306718200/index.html,35.69875,139.82503694444,ok
docomo,関東,東京都,ドコモショップ神田店,101-0045 東京都千代田区神田鍛冶町3-3 大木ビル,https://shop.smt.docomo.ne.jp/shop_detail/0381105210000/index.html,35.693778888889,139.77056611111,ok
docomo,関東,東京都,ドコモショップ学芸大学店,152-0004 東京都目黒区鷹番2-16-18 ＡＳＡＸ学芸大学ビル,https://shop.smt.docomo.ne.jp/shop_detail/0300305456200/index.html,35.628888888889,139.68713111111,ok
docomo,関東,東京都,ドコモショップ経堂店,156-0051 東京都世田谷区宮坂3-1-32,https://shop.smt.docomo.ne.jp/shop_detail/0300306873300/index.html,35.6518575,139.63840916667,ok
docomo,関東,東京都,ドコモショップ北千住店,120-0034 東京都足立区千住3-98 千住ミルディスＩＩ番館,https://shop.smt.docomo.ne.jp/shop_detail/0300306891400/index.html,35.751788888889,139.80468916667,ok
docomo,関東,東京都,ドコモショップ吉祥寺店,180-0004 東京都武蔵野市吉祥寺本町1-8 吉祥寺ＡＺＵＭＡビル,https://shop.smt.docomo.ne.jp/shop_detail/0381102900100/index.html,35.703486666667,139.57708027778,ok
docomo,関東,東京都,ドコモショップ木場店,135-0042 東京都江東区木場5-9 深川ギャザリア　ＬＥＧＡＲＥ棟,https://shop.smt.docomo.ne.jp/shop_detail/0300307079900/index.html,35.668092222222,139.80427472222,ok
docomo,関東,東京都,ドコモショップ清瀬店,204-0022 東京都清瀬市松山1-14-2,https://shop.smt.docomo.ne.jp/shop_detail/0300306349200/index.html,35.771156666667,139.51889805556,ok
docomo,関東,東京都,ドコモショップキラリナ京王吉祥寺店,180-0003 東京都武蔵野市吉祥寺南町２丁目1-25 キラリナ京王吉祥寺,https://shop.smt.docomo.ne.jp/shop_detail/0300306104700/index.html,35.7027825,139.58034638889,ok
docomo,関東,東京都,ドコモショップ錦糸町店,130-0013 東京都墨田区錦糸2-1 アルカキット錦糸町,https://shop.smt.docomo.ne.jp/shop_detail/0381108003000/index.html,35.697478055556,139.81212694444,ok
docomo,関東,東京都,ドコモショップ久我山店,168-0082 東京都杉並区久我山2-26 Ｍｉｌｅ　Ｈｉｇｈ,https://shop.smt.docomo.ne.jp/shop_detail/0300306981700/index.html,35.688832777778,139.59998305556,ok
docomo,関東,東京都,ドコモショップ国立店,186-0002 東京都国立市東4-12 ＫＳ国立ビル,https://shop.smt.docomo.ne.jp/shop_detail/0300306917000/index.html,35.698732222222,139.44727694444,ok
docomo,関東,東京都,ドコモショップ久米川店,189-0013 東京都東村山市栄町2-1 セイワビル,https://shop.smt.docomo.ne.jp/shop_detail/0300307377400/index.html,35.750636944444,139.47235111111,ok
docomo,関東,東京都,ドコモショップグリナード永山店,206-0025 東京都多摩市永山1-4 グリナード永山１号館,https://shop.smt.docomo.ne.jp/shop_detail/0300306339700/index.html,35.629166666667,139.44805555556,ok
docomo,関東,東京都,ドコモショップ京王聖蹟桜ヶ丘店,206-0011 東京都多摩市関戸10-1 京王聖蹟桜ヶ丘ショッピングセンター　Ｂ館,https://shop.smt.docomo.ne.jp/shop_detail/0300301766100/index.html,35.651573055556,139.44721694444,ok
docomo,関東,東京都,ドコモショップゲートシティ大崎店,141-0032 東京都品川区大崎11-1 ゲートシティ大崎ウエストタワー,https://shop.smt.docomo.ne.jp/shop_detail/0300306660900/index.html,35.619425277778,139.73085305556,ok
docomo,関東,東京都,ドコモショップ小岩店,133-0057 東京都江戸川区西小岩1-19-29 エトワールビル,https://shop.smt.docomo.ne.jp/shop_detail/0300306728800/index.html,35.732681944444,139.88021,ok
docomo,関東,東京都,ドコモショップ高円寺店,166-0003 東京都杉並区高円寺南４丁目4-25 ＲＥＳＴＡ　Ｋｏｅｎｊｉ,https://shop.smt.docomo.ne.jp/shop_detail/0300306662700/index.html,35.704395833333,139.64912194444,ok
docomo,関東,東京都,ドコモショップ国分寺店（東京都）,185-0012 東京都国分寺市本町10-8,https://shop.smt.docomo.ne.jp/shop_detail/0361131350700/index.html,35.701317777778,139.48108222222,ok
docomo,関東,東京都,ドコモショップココリア多摩センター店,206-0033 東京都多摩市落合1-46-1 ココリア多摩センター,https://shop.smt.docomo.ne.jp/shop_detail/0361141251400/index.html,35.622493888889,139.42482305556,ok
docomo,関東,東京都,ドコモショップ小平店,187-0042 東京都小平市仲町401-1,https://shop.smt.docomo.ne.jp/shop_detail/0300306719000/index.html,35.730616944444,139.48867666667,ok
docomo,関東,東京都,ドコモショップコピオ西八王子駅前店,193-0832 東京都八王子市散田町３丁目1-17 コピオ西八王子駅前,https://shop.smt.docomo.ne.jp/shop_detail/0300306908700/index.html,35.654968888889,139.31324472222,ok
docomo,関東,東京都,ドコモショップ狛江店,201-0013 東京都狛江市元和泉1-2 エコルマ２　１階,https://shop.smt.docomo.ne.jp/shop_detail/0300306165200/index.html,35.633656388889,139.57845944444,ok
docomo,関東,東京都,ドコモショップ駒込店,170-0003 東京都豊島区駒込3-17 東宝駒込ビル,https://shop.smt.docomo.ne.jp/shop_detail/0300306867400/index.html,35.737675833333,139.74605611111,ok
docomo,関東,東京都,ドコモショップ駒沢大学店,154-0012 東京都世田谷区駒沢1-1 第二山國ビル,https://shop.smt.docomo.ne.jp/shop_detail/0300306661100/index.html,35.633290833333,139.66091472222,ok
docomo,関東,東京都,ドコモショップ鷺ノ宮北口店,165-0032 東京都中野区鷺宮３丁目5-20,https://shop.smt.docomo.ne.jp/shop_detail/0300306604500/index.html,35.723817777778,139.63824972222,ok
docomo,関東,東京都,ドコモショップ桜新町店,154-0015 東京都世田谷区桜新町12-10 桜新町駅前ビル,https://shop.smt.docomo.ne.jp/shop_detail/0300307064900/index.html,35.631502777778,139.64460083333,ok
docomo,関東,東京都,ドコモショップ笹塚店,151-0073 東京都渋谷区笹塚1-60-5 山幸ビル,https://shop.smt.docomo.ne.jp/shop_detail/0361141143500/index.html,35.673158055556,139.66394305556,ok
docomo,関東,東京都,ドコモショップサテライトイオン八王子滝山店,192-0011 東京都八王子市滝山町1-884 イオン八王子滝山,https://shop.smt.docomo.ne.jp/shop_detail/0300307464000/index.html,35.682925833333,139.34036888889,ok
docomo,関東,東京都,ドコモショップ三軒茶屋店,154-0024 東京都世田谷区三軒茶屋2-15-8,https://shop.smt.docomo.ne.jp/shop_detail/0300301894500/index.html,35.642997777778,139.66848583333,ok
docomo,関東,東京都,ドコモショップ石神井公園店,177-0041 東京都練馬区石神井町3-20-14 ＨＳＴｏｗｅｒ,https://shop.smt.docomo.ne.jp/shop_detail/0300305487800/index.html,35.743051944444,139.60600611111,ok
docomo,関東,東京都,ドコモショップ品川シーサイド店,140-0002 東京都品川区東品川12-4 オーバルガーデンＢ－２０２,https://shop.smt.docomo.ne.jp/shop_detail/0300306793300/index.html,35.610201388889,139.74841861111,ok
docomo,関東,東京都,ドコモショップ柴又街道店,125-0052 東京都葛飾区柴又4-32-17,https://shop.smt.docomo.ne.jp/shop_detail/0300306801900/index.html,35.751288611111,139.87851166667,ok
docomo,関東,東京都,ドコモショップ渋谷店,150-0041 東京都渋谷区神南1-22-10 皆川ビル,https://shop.smt.docomo.ne.jp/shop_detail/0381102900300/index.html,35.661446944444,139.70107777778,ok
docomo,関東,東京都,ドコモショップ渋谷宮益坂店,150-0002 東京都渋谷区渋谷2-19-19 ワコー宮益坂ビル,https://shop.smt.docomo.ne.jp/shop_detail/0300301935000/index.html,35.659704444444,139.70437194444,ok
docomo,関東,東京都,ドコモショップ志村坂上店,174-0056 東京都板橋区志村12-1 オーロラハイツ,https://shop.smt.docomo.ne.jp/shop_detail/0300306319700/index.html,35.77407,139.69700805556,ok
docomo,関東,東京都,ドコモショップ下北沢店,155-0031 東京都世田谷区北沢4-5 ｍｏｓｉａ,https://shop.smt.docomo.ne.jp/shop_detail/0300306904600/index.html,35.660521111111,139.66845111111,ok
docomo,関東,東京都,ドコモショップ下高井戸店,156-0044 東京都世田谷区赤堤5-43-1 サンライズイワタ,https://shop.smt.docomo.ne.jp/shop_detail/0300304013600/index.html,35.665649166667,139.63884027778,ok
docomo,関東,東京都,ドコモショップ新小岩駅前店,124-0024 東京都葛飾区新小岩1-44-6 １Ｅ＆Ａ,https://shop.smt.docomo.ne.jp/shop_detail/0361164006500/index.html,35.716113055556,139.85828277778,ok
docomo,関東,東京都,ドコモショップ新宿小滝橋通り店,160-0023 東京都新宿区西新宿7-29 西新宿ビル,https://shop.smt.docomo.ne.jp/shop_detail/0300306142300/index.html,35.697073055556,139.6975025,ok
docomo,関東,東京都,ドコモショップ新宿三丁目店,160-0022 東京都新宿区新宿3-31-1 大伸第二ビル,https://shop.smt.docomo.ne.jp/shop_detail/0300306143300/index.html,35.690535,139.70436,ok
docomo,関東,東京都,ドコモショップ新宿西口店,160-0023 東京都新宿区西新宿1-20-3 西新宿高木ビル,https://shop.smt.docomo.ne.jp/shop_detail/0300306908800/index.html,35.688050833333,139.69628277778,ok
docomo,関東,東京都,ドコモショップ新宿南口店,160-0022 東京都新宿区新宿3-35-3 新宿君嶋ビル,https://shop.smt.docomo.ne.jp/shop_detail/0381107000400/index.html,35.689838055556,139.70273583333,ok
docomo,関東,東京都,ドコモショップ新橋店,105-0003 東京都港区西新橋1-15-4 銀泉西新橋ビル,https://shop.smt.docomo.ne.jp/shop_detail/0381103060000/index.html,35.668245833333,139.75458694444,ok
docomo,関東,東京都,ドコモショップ自由が丘店,152-0035 東京都目黒区自由が丘2-13-6 ＴＯＫＹＵ　ＲＥＩＴ　自由が丘スクエア,https://shop.smt.docomo.ne.jp/shop_detail/0381101007700/index.html,35.606687222222,139.66776444444,ok
docomo,関東,東京都,ドコモショップ巣鴨駅前店,170-0002 東京都豊島区巣鴨3-30-6 ミュプレ巣鴨駅前,https://shop.smt.docomo.ne.jp/shop_detail/0361164007000/index.html,35.734101944444,139.73722194444,ok
docomo,関東,東京都,ドコモショップ成城店,157-0066 東京都世田谷区成城2-21-1,https://shop.smt.docomo.ne.jp/shop_detail/0300306869400/index.html,35.638108055556,139.60003,ok
docomo,関東,東京都,ドコモショップ仙川店,182-0002 東京都調布市仙川町1-53-1 サウスコート仙川,https://shop.smt.docomo.ne.jp/shop_detail/0300305461900/index.html,35.660358888889,139.58670694444,ok
docomo,関東,東京都,ドコモショップ雑色駅前店,144-0055 東京都大田区仲六郷2-15-9 町屋Ｃｅｎｔｒａｌ　ｖｉｌ．,https://shop.smt.docomo.ne.jp/shop_detail/0300306908100/index.html,35.550000555556,139.71444472222,ok
docomo,関東,東京都,ドコモショップ高島平駅前店,175-0082 東京都板橋区高島平8-13-8 第一北野ビル,https://shop.smt.docomo.ne.jp/shop_detail/0300306755500/index.html,35.789663888889,139.66204694444,ok
docomo,関東,東京都,ドコモショップ高島平店,175-0082 東京都板橋区高島平1-56-2 小原ビル,https://shop.smt.docomo.ne.jp/shop_detail/0381108003900/index.html,35.785138888889,139.67375,ok
docomo,関東,東京都,ドコモショップ高田馬場店,169-0075 東京都新宿区高田馬場12-6 日拓高田馬場ビル２,https://shop.smt.docomo.ne.jp/shop_detail/0381105230000/index.html,35.713095833333,139.70079277778,ok
docomo,関東,東京都,ドコモショップ高幡不動店,191-0031 東京都日野市高幡1008-6 新扇屋ビル,https://shop.smt.docomo.ne.jp/shop_detail/0300304163300/index.html,35.661388888889,139.41361111111,ok
docomo,関東,東京都,ドコモショップ竹の塚店,121-0813 東京都足立区竹の塚7-6 Ｊｏｙぷらざ,https://shop.smt.docomo.ne.jp/shop_detail/0300301165000/index.html,35.794624722222,139.79481333333,ok
docomo,関東,東京都,ドコモショップ立川駅北口店,190-0012 東京都立川市曙町7-20 ＭＡビル,https://shop.smt.docomo.ne.jp/shop_detail/0300306153100/index.html,35.699733055556,139.41384611111,ok
docomo,関東,東京都,ドコモショップ立川駅南口店,190-0023 東京都立川市柴崎町3-5 ベルフェアー立川,https://shop.smt.docomo.ne.jp/shop_detail/0300305456400/index.html,35.696798055556,139.41429111111,ok
docomo,関東,東京都,ドコモショップ立石店,125-0062 東京都葛飾区青戸3-41-1,https://shop.smt.docomo.ne.jp/shop_detail/0300306556100/index.html,35.744353611111,139.853645,ok
docomo,関東,東京都,ドコモショップ田町店,108-0014 東京都港区芝５丁目20-14 三田鈴木ビル,https://shop.smt.docomo.ne.jp/shop_detail/0361131350900/index.html,35.647380277778,139.74697083333,ok
docomo,関東,東京都,ドコモショップ調布店,182-0026 東京都調布市小島町2-61-1 トリエ京王調布Ｃ館,https://shop.smt.docomo.ne.jp/shop_detail/0381604550000/index.html,35.652471388889,139.54196166667,ok
docomo,関東,東京都,ドコモショップ千歳烏山店,157-0062 東京都世田谷区南烏山2-4 宍戸第３ビル,https://shop.smt.docomo.ne.jp/shop_detail/0300306873400/index.html,35.6682375,139.60079888889,ok
docomo,関東,東京都,ドコモショップ築地店,104-0045 東京都中央区築地9-9 ラウンドクロス築地ビル,https://shop.smt.docomo.ne.jp/shop_detail/0300306392900/index.html,35.667926111111,139.77303,ok
docomo,関東,東京都,ドコモショップ鶴川駅前店,195-0053 東京都町田市能ヶ谷一丁目5-2 ａｐｐｌｅ　ｓｔｕｄｉｏ　ｆｌａｔｓ,https://shop.smt.docomo.ne.jp/shop_detail/0300306296400/index.html,35.583366944444,139.48037805556,ok
docomo,関東,東京都,ドコモショップ東急プラザ蒲田店,144-0051 東京都大田区西蒲田7-69-1 東急プラザ蒲田,https://shop.smt.docomo.ne.jp/shop_detail/0300306707700/index.html,35.561728888889,139.71458694444,ok
docomo,関東,東京都,ドコモショップ東八三鷹店,181-0014 東京都三鷹市野崎1-10 スーパーオートバックスＭＩＴＡＫＡ別棟,https://shop.smt.docomo.ne.jp/shop_detail/0300306928700/index.html,35.681156944444,139.54365194444,ok
docomo,関東,東京都,ドコモショップ東武練馬駅前店,179-0081 東京都練馬区北町2-36-24 亀田北町ビル,https://shop.smt.docomo.ne.jp/shop_detail/0300306878900/index.html,35.768541944444,139.66133111111,ok
docomo,関東,東京都,ドコモショップ東陽町店,135-0016 東京都江東区東陽1-7 佐藤ダイヤビルディング,https://shop.smt.docomo.ne.jp/shop_detail/0381103060200/index.html,35.669323888889,139.8173925,ok
docomo,関東,東京都,ドコモショップ舎人駅前店,121-0836 東京都足立区入谷2-12 リリーオブザヴァリー　１０１号,https://shop.smt.docomo.ne.jp/shop_detail/0300306547200/index.html,35.803491388889,139.77053583333,ok
docomo,関東,東京都,ドコモショップ都立大学店,152-0032 東京都目黒区平町1-25-16 野村ビル,https://shop.smt.docomo.ne.jp/shop_detail/0300306835100/index.html,35.6169075,139.67674805556,ok
docomo,関東,東京都,ドコモショップ中野駅前店,164-0001 東京都中野区中野9-18 ＮＴＴドコモ中野ビル,https://shop.smt.docomo.ne.jp/shop_detail/0381104700000/index.html,35.706571111111,139.66305194444,ok
docomo,関東,東京都,ドコモショップ中野坂上店,164-0012 東京都中野区本町1-32-2 ハーモニータワー,https://shop.smt.docomo.ne.jp/shop_detail/0300306661200/index.html,35.696188055556,139.68324972222,ok
docomo,関東,東京都,ドコモショップ中村橋店,176-0023 東京都練馬区中村北3-21-8 奈良ビル,https://shop.smt.docomo.ne.jp/shop_detail/0300306745600/index.html,35.735323055556,139.63872611111,ok
docomo,関東,東京都,ドコモショップ中目黒店,153-0051 東京都目黒区上目黒3-7 丸千ビル,https://shop.smt.docomo.ne.jp/shop_detail/0300306237600/index.html,35.644125277778,139.69845777778,ok
docomo,関東,東京都,ドコモショップ長原駅前店,145-0064 東京都大田区上池台11-1,https://shop.smt.docomo.ne.jp/shop_detail/0300306868300/index.html,35.602211944444,139.69745611111,ok
docomo,関東,東京都,ドコモショップ成増駅前店,175-0094 東京都板橋区成増2-14-2,https://shop.smt.docomo.ne.jp/shop_detail/0300307449000/index.html,35.777691111111,139.63222777778,ok
docomo,関東,東京都,ドコモショップ成瀬店,194-0044 東京都町田市成瀬3-8,https://shop.smt.docomo.ne.jp/shop_detail/0300306209200/index.html,35.543133055556,139.47417861111,ok
docomo,関東,東京都,ドコモショップ西大島店,136-0072 東京都江東区大島6-4 ドゥーエ西大島ＩＩ,https://shop.smt.docomo.ne.jp/shop_detail/0300306656200/index.html,35.689156388889,139.82941916667,ok
docomo,関東,東京都,ドコモショップ西荻窪店,167-0053 東京都杉並区西荻南3-24-1,https://shop.smt.docomo.ne.jp/shop_detail/0300306159500/index.html,35.703798611111,139.6004375,ok
docomo,関東,東京都,ドコモショップ西葛西店,134-0088 東京都江戸川区西葛西12-6 関二マンション,https://shop.smt.docomo.ne.jp/shop_detail/0381108007600/index.html,35.662875277778,139.85933388889,ok
docomo,関東,東京都,ドコモショップ西日暮里店,116-0013 東京都荒川区西日暮里5-26-8 スズヨシビル,https://shop.smt.docomo.ne.jp/shop_detail/0361131351500/index.html,35.733645833333,139.76899166667,ok
docomo,関東,東京都,ドコモショップ日本橋浜町店,103-0014 東京都中央区日本橋蛎殻町2-14-5 ＫＤＸ浜町中ノ橋ビル,https://shop.smt.docomo.ne.jp/shop_detail/0300306605900/index.html,35.684722222222,139.78694444444,ok
docomo,関東,東京都,ドコモショップ練馬駅前店,176-0001 東京都練馬区練馬5-2 法徳園ビル,https://shop.smt.docomo.ne.jp/shop_detail/0361141250300/index.html,35.737353611111,139.65360055556,ok
docomo,関東,東京都,ドコモショップ練馬北町店,179-0081 東京都練馬区北町12-1 ＮＴＴ北町ビル,https://shop.smt.docomo.ne.jp/shop_detail/0300305982400/index.html,35.763962222222,139.66551777778,ok
docomo,関東,東京都,ドコモショップ野方店,165-0027 東京都中野区野方5-19-13 第３ノーススタービル,https://shop.smt.docomo.ne.jp/shop_detail/0300306690200/index.html,35.718991944444,139.65192805556,ok
docomo,関東,東京都,ドコモショップｎｏｎｏｗａ東小金井店,184-0002 東京都小金井市梶野町1-1 ｎｏｎｏｗａ東小金井,https://shop.smt.docomo.ne.jp/shop_detail/0300306180700/index.html,35.701577777778,139.52459777778,ok
docomo,関東,東京都,ドコモショップ八丁堀店,104-0032 東京都中央区八丁堀2-23-1 エンパイヤビル,https://shop.smt.docomo.ne.jp/shop_detail/0381104200000/index.html,35.676409722222,139.77747194444,ok
docomo,関東,東京都,ドコモショップ白山店（東京都）,113-0001 東京都文京区白山1-33-8 朝日白山マンション,https://shop.smt.docomo.ne.jp/shop_detail/0300306870200/index.html,35.720449444444,139.7520825,ok
docomo,関東,東京都,ドコモショップ八王子店（東京都）,192-0046 東京都八王子市明神町3-20-6 八王子ファーストスクエア,https://shop.smt.docomo.ne.jp/shop_detail/0381608001100/index.html,35.657451388889,139.34261305556,ok
docomo,関東,東京都,ドコモショップ八王子楢原店,193-0803 東京都八王子市楢原町358-1,https://shop.smt.docomo.ne.jp/shop_detail/0300307091300/index.html,35.674808055556,139.31321388889,ok
docomo,関東,東京都,ドコモショップ八王子ユーロード店,192-0085 東京都八王子市中町5-1 八王子中町ビル,https://shop.smt.docomo.ne.jp/shop_detail/0300306549500/index.html,35.657918888889,139.3365125,ok
docomo,関東,東京都,ドコモショップ八丈島店,100-1511 東京都八丈島八丈町三根48,https://shop.smt.docomo.ne.jp/shop_detail/0300306743900/index.html,33.113323333333,139.7950125,ok
docomo,関東,東京都,ドコモショップ花小金井店,187-0002 東京都小平市花小金井3-30 第二宮崎ビル,https://shop.smt.docomo.ne.jp/shop_detail/0300306643300/index.html,35.727201111111,139.51214805556,ok
docomo,関東,東京都,ドコモショップ浜田山店,168-0065 東京都杉並区浜田山3-30-10,https://shop.smt.docomo.ne.jp/shop_detail/0300306200700/index.html,35.682523055556,139.62723916667,ok
docomo,関東,東京都,ドコモショップ浜松町店,105-0013 東京都港区浜松町1-27-12 浜松町交差点ビル,https://shop.smt.docomo.ne.jp/shop_detail/0300306718700/index.html,35.656973888889,139.75502388889,ok
docomo,関東,東京都,ドコモショップ馬喰町店,103-0001 東京都中央区日本橋小伝馬町15-15 食糧会館ビル,https://shop.smt.docomo.ne.jp/shop_detail/0300306689800/index.html,35.692060833333,139.7802,ok
docomo,関東,東京都,ドコモショップ光が丘ＩＭＡ店,179-0072 東京都練馬区光が丘1-1 ＩＭＡ中央館,https://shop.smt.docomo.ne.jp/shop_detail/0300306207500/index.html,35.759722222222,139.62805555556,ok
docomo,関東,東京都,ドコモショップ東久留米店,203-0032 東京都東久留米市前沢1-4-48,https://shop.smt.docomo.ne.jp/shop_detail/0300307086000/index.html,35.746111111111,139.51580555556,ok
docomo,関東,東京都,ドコモショップ東村山店,189-0014 東京都東村山市本町4-19 清水ビル,https://shop.smt.docomo.ne.jp/shop_detail/0300301228100/index.html,35.761330555556,139.46655861111,ok
docomo,関東,東京都,ドコモショップ日野店（東京都）,191-0061 東京都日野市大坂上1-30-28,https://shop.smt.docomo.ne.jp/shop_detail/0300306237200/index.html,35.678934166667,139.39165055556,ok
docomo,関東,東京都,ドコモショップ平井店（東京都）,132-0035 東京都江戸川区平井8-7 平井イニシャルハウス,https://shop.smt.docomo.ne.jp/shop_detail/0300306913500/index.html,35.705555833333,139.84435333333,ok
docomo,関東,東京都,ドコモショップ福生店,197-0023 東京都福生市志茂208-3,https://shop.smt.docomo.ne.jp/shop_detail/0361131351000/index.html,35.738009722222,139.32777555556,ok
docomo,関東,東京都,ドコモショップ二子玉川店,158-0094 東京都世田谷区玉川2-21-1 二子玉川ライズ・ショッピングセンター　リバーフロント,https://shop.smt.docomo.ne.jp/shop_detail/0361131350400/index.html,35.611921111111,139.62817583333,ok
docomo,関東,東京都,ドコモショップ府中店（東京都）,183-0022 東京都府中市宮西町3-3 Ｂビル,https://shop.smt.docomo.ne.jp/shop_detail/0300306867900/index.html,35.671817222222,139.47867916667,ok
docomo,関東,東京都,ドコモショップ府中本宿店,183-0032 東京都府中市本宿町4-27-5,https://shop.smt.docomo.ne.jp/shop_detail/0300306873100/index.html,35.678608055556,139.45913805556,ok
docomo,関東,東京都,ドコモショップ船堀店,134-0091 東京都江戸川区船堀7-1,https://shop.smt.docomo.ne.jp/shop_detail/0300306869500/index.html,35.683491388889,139.86538888889,ok
docomo,関東,東京都,ドコモショップフレスポひばりが丘店,188-0001 東京都西東京市谷戸町3-7 フレスポひばりが丘,https://shop.smt.docomo.ne.jp/shop_detail/0300306931000/index.html,35.744709722222,139.54270972222,ok
docomo,関東,東京都,ドコモショップ保谷駅前店,178-0064 東京都練馬区南大泉3-31-21 上野ビル,https://shop.smt.docomo.ne.jp/shop_detail/0300307177000/index.html,35.747531944444,139.56693083333,ok
docomo,関東,東京都,ドコモショップ本郷三丁目店,113-0033 東京都文京区本郷4-37-15,https://shop.smt.docomo.ne.jp/shop_detail/0300306870100/index.html,35.707881666667,139.7603025,ok
docomo,関東,東京都,ドコモショップ町田小山店,194-0212 東京都町田市小山町617-1,https://shop.smt.docomo.ne.jp/shop_detail/0300307337800/index.html,35.591115,139.38408111111,ok
docomo,関東,東京都,ドコモショップ町田忠生店,194-0038 東京都町田市根岸2-33-17,https://shop.smt.docomo.ne.jp/shop_detail/0300306909100/index.html,35.575526111111,139.41642888889,ok
docomo,関東,東京都,ドコモショップ町田店,194-0013 東京都町田市原町田6-21-26 フォーラム町田,https://shop.smt.docomo.ne.jp/shop_detail/0361131350100/index.html,35.542819722222,139.44793,ok
docomo,関東,東京都,ドコモショップ町屋店,116-0002 東京都荒川区荒川7-50-9 サンポップマチヤ,https://shop.smt.docomo.ne.jp/shop_detail/0300306836700/index.html,35.742318055556,139.78067194444,ok
docomo,関東,東京都,ドコモショップ丸の内店,100-0006 東京都千代田区有楽町1-13-2 第一生命日比谷ファースト,https://shop.smt.docomo.ne.jp/shop_detail/0300306555700/index.html,35.675836944444,139.76081694444,ok
docomo,関東,東京都,ドコモショップ茗荷谷店,112-0012 東京都文京区大塚１丁目1-15 東谷ビル,https://shop.smt.docomo.ne.jp/shop_detail/0300306216200/index.html,35.716944444444,139.73638888889,ok
docomo,関東,東京都,ドコモショップ瑞江店,132-0014 東京都江戸川区東瑞江1-26-13 坂田瑞江第２ビル,https://shop.smt.docomo.ne.jp/shop_detail/0300306873000/index.html,35.692196111111,139.89733611111,ok
docomo,関東,東京都,ドコモショップ瑞穂店（東京都）,190-1221 東京都西多摩郡瑞穂町大字箱根ヶ崎字松原1629-1,https://shop.smt.docomo.ne.jp/shop_detail/0300307096700/index.html,35.772491944444,139.34252694444,ok
docomo,関東,東京都,ドコモショップ三鷹店,181-0013 東京都三鷹市下連雀3-36-1 トリコナ,https://shop.smt.docomo.ne.jp/shop_detail/0300306242700/index.html,35.701518888889,139.559995,ok
docomo,関東,東京都,ドコモショップ南大沢店,192-0364 東京都八王子市南大沢2-25 フォレストモール南大沢,https://shop.smt.docomo.ne.jp/shop_detail/0300306732400/index.html,35.613250833333,139.38140777778,ok
docomo,関東,東京都,ドコモショップ南千住店,116-0003 東京都荒川区南千住7-2 ＬａＬａテラス南千住,https://shop.smt.docomo.ne.jp/shop_detail/0300306227100/index.html,35.735603055556,139.80138388889,ok
docomo,関東,東京都,ドコモショップ南町田グランベリーパーク店,194-8589 東京都町田市鶴間三丁目4-1 ワンダーシアター,https://shop.smt.docomo.ne.jp/shop_detail/0300306126400/index.html,35.509838055556,139.46995888889,ok
docomo,関東,東京都,ドコモショップ武蔵小金井店,184-0004 東京都小金井市本町6-14-45 ｎｏｎｏｗａ武蔵小金井ＳＯＵＴＨ,https://shop.smt.docomo.ne.jp/shop_detail/0300306747500/index.html,35.700190833333,139.50674777778,ok
docomo,関東,東京都,ドコモショップ武蔵小山店,142-0063 東京都品川区荏原3-16,https://shop.smt.docomo.ne.jp/shop_detail/0300306873200/index.html,35.617826944444,139.706885,ok
docomo,関東,東京都,ドコモショップ武蔵境店,180-0023 東京都武蔵野市境南町9-21 シティテラス武蔵境,https://shop.smt.docomo.ne.jp/shop_detail/0300306750200/index.html,35.700261111111,139.54468194444,ok
docomo,関東,東京都,ドコモショップ目黒駅前店,141-0021 東京都品川区上大崎11-10 藤原ビル,https://shop.smt.docomo.ne.jp/shop_detail/0381108003500/index.html,35.6351725,139.71622611111,ok
docomo,関東,東京都,ドコモショップ森下駅前店,135-0004 東京都江東区森下2-17-1 スイス堂ビル,https://shop.smt.docomo.ne.jp/shop_detail/0300306748900/index.html,35.687509166667,139.79847805556,ok
docomo,関東,東京都,ドコモショップ門前仲町店,135-0047 東京都江東区富岡8-15 ラグゼナ門前仲町,https://shop.smt.docomo.ne.jp/shop_detail/0300305447700/index.html,35.671804722222,139.79694277778,ok
docomo,関東,東京都,ドコモショップ雪が谷大塚店,145-0066 東京都大田区南雪谷2-15-4 ヨコクラビル,https://shop.smt.docomo.ne.jp/shop_detail/0300307071900/index.html,35.590938888889,139.68090111111,ok
docomo,関東,東京都,ドコモショップ用賀店,158-0097 東京都世田谷区用賀10-1 世田谷ビジネススクエア,https://shop.smt.docomo.ne.jp/shop_detail/0300306917600/index.html,35.62664,139.63292861111,ok
docomo,関東,東京都,ドコモショップ四谷店,160-0004 東京都新宿区四谷6-1 ＣＯ・ＭＯ・ＲＥ　Ｍａｌｌ,https://shop.smt.docomo.ne.jp/shop_detail/0381102900200/index.html,35.686944444444,139.72916666667,ok
docomo,関東,東京都,ドコモショップ代々木店,151-0051 東京都渋谷区千駄ヶ谷5-24-3 ＮＴＴドコモ代々木ビルアネックスＩ,https://shop.smt.docomo.ne.jp/shop_detail/0361164002700/index.html,35.684705555556,139.70286194444,ok
docomo,関東,東京都,ドコモショップＬｕｚ大森店,143-0016 東京都大田区大森北10-14 Ｌｕｚ大森,https://shop.smt.docomo.ne.jp/shop_detail/0361141250200/index.html,35.586566944444,139.72820611111,ok
docomo,関東,東京都,ドコモショップららぽーと立川立飛店,190-0015 東京都立川市泉町935-1 ららぽーと立川立飛,https://shop.smt.docomo.ne.jp/shop_detail/0300307165100/index.html,35.712326388889,139.41813916667,ok
docomo,関東,東京都,ドコモショップららぽーと豊洲店,135-8614 東京都江東区豊洲4-9 アーバンドック　ららぽーと豊洲,https://shop.smt.docomo.ne.jp/shop_detail/0300306133000/index.html,35.656006111111,139.79249583333,ok
docomo,関東,東京都,ドコモショップリヴィン田無店,188-0011 東京都西東京市田無町1-1 ＬＩＶＩＮ田無店,https://shop.smt.docomo.ne.jp/shop_detail/0381608007700/index.html,35.728175,139.54036861111,ok
docomo,関東,東京都,ドコモショップＬＩＣＯＰＡ東大和店,207-0022 東京都東大和市桜が丘2-142-1 ＬＩＣＯＰＡ東大和,https://shop.smt.docomo.ne.jp/shop_detail/0300306836900/index.html,35.735824722222,139.42428777778,ok
docomo,関東,東京都,ドコモショップルミネ池袋店,171-0021 東京都豊島区西池袋11-1 ルミネ池袋,https://shop.smt.docomo.ne.jp/shop_detail/0300306859900/index.html,35.72914,139.70949972222,ok
docomo,関東,東京都,ドコモショップ六本木店,106-0032 東京都港区六本木8-6 パシフィックキャピタルプラザビル,https://shop.smt.docomo.ne.jp/shop_detail/0361164003300/index.html,35.664012222222,139.73319666667,ok
docomo,関東,東京都,ドコモショップ若葉台店,206-0824 東京都稲城市若葉台1-1 Ｆｒｅｓｐｏ若葉台ＥＡＳＴ,https://shop.smt.docomo.ne.jp/shop_detail/0300306946100/index.html,35.620008888889,139.47338111111,ok
docomo,関東,東京都,ドコモ・ハーティプラザ　丸の内,100-0006 東京都千代田区有楽町1-13-2 第一生命日比谷ファースト,https://shop.smt.docomo.ne.jp/shop_detail/0300306559100/index.html,35.675836944444,139.76081694444,ok
docomo,関東,東京都,ＤＳ丸の内店ｉＰｈｏｎｅ／ｉＰａｄリペアコーナー,100-0006 東京都千代田区有楽町1-13-2 第一生命日比谷ファースト,https://shop.smt.docomo.ne.jp/shop_detail/0320320043200/index.html,35.675836944444,139.76081694444,ok
docomo,関東,神奈川県,ドコモショップ　ジ　アウトレット湘南平塚店,254-0012 神奈川県平塚市大神1-1 ＴＨＥ　ＯＵＴＬＥＴＳ　湘南平塚,https://shop.smt.docomo.ne.jp/shop_detail/0300306704900/index.html,35.392214444444,139.36311638889,ok
docomo,関東,神奈川県,ドコモショップ青葉台店,227-0062 神奈川県横浜市青葉区青葉台6-1 ケイシュウ第６ビル,https://shop.smt.docomo.ne.jp/shop_detail/0300306784500/index.html,35.543106944444,139.51531277778,ok
docomo,関東,神奈川県,ドコモショップ足柄開成店,258-0029 神奈川県足柄上郡開成町みなみ1-22-4,https://shop.smt.docomo.ne.jp/shop_detail/0300306937200/index.html,35.322929722222,139.13274638889,ok
docomo,関東,神奈川県,ドコモショップ厚木林店,243-0816 神奈川県厚木市林2-4,https://shop.smt.docomo.ne.jp/shop_detail/0300307072000/index.html,35.454311111111,139.35258694444,ok
docomo,関東,神奈川県,ドコモショップアピタ金沢文庫店,236-0042 神奈川県横浜市金沢区釜利谷東1-1 アピタ金沢文庫,https://shop.smt.docomo.ne.jp/shop_detail/0300306923800/index.html,35.341417777778,139.62021444444,ok
docomo,関東,神奈川県,ドコモショップアリオ橋本店,252-0146 神奈川県相模原市緑区大山町1-22 アリオ橋本,https://shop.smt.docomo.ne.jp/shop_detail/0300306912700/index.html,35.591050833333,139.34975027778,ok
docomo,関東,神奈川県,ドコモショップイオン相模原店,252-0344 神奈川県相模原市南区古淵10-1 イオン相模原ショッピングセンター,https://shop.smt.docomo.ne.jp/shop_detail/0300306860100/index.html,35.553663333333,139.41790027778,ok
docomo,関東,神奈川県,ドコモショップイオン秦野店,257-0041 神奈川県秦野市入船町12-1 イオン秦野店,https://shop.smt.docomo.ne.jp/shop_detail/0300306872300/index.html,35.378055555556,139.22777777778,ok
docomo,関東,神奈川県,ドコモショップイオンモール座間店,252-0012 神奈川県座間市広野台10-4 イオンモール座間,https://shop.smt.docomo.ne.jp/shop_detail/0300307076400/index.html,35.500315555556,139.42454916667,ok
docomo,関東,神奈川県,ドコモショップイオンモール大和店,242-0001 神奈川県大和市下鶴間2-1 イオンモール大和店,https://shop.smt.docomo.ne.jp/shop_detail/0300306886400/index.html,35.489225833333,139.45765527778,ok
docomo,関東,神奈川県,ドコモショップ生田府中街道店,214-0038 神奈川県川崎市多摩区生田8-2,https://shop.smt.docomo.ne.jp/shop_detail/0300307316400/index.html,35.624574444444,139.54394527778,ok
docomo,関東,神奈川県,ドコモショップ伊勢佐木町店,231-0047 神奈川県横浜市中区羽衣町8-1 ザ・パークハビオ横浜関内,https://shop.smt.docomo.ne.jp/shop_detail/0300305472600/index.html,35.443873333333,139.6331175,ok
docomo,関東,神奈川県,ドコモショップ伊勢原店（神奈川県）,259-1132 神奈川県伊勢原市桜台1-20-11 萩原パーキングプラザ,https://shop.smt.docomo.ne.jp/shop_detail/0300306872200/index.html,35.393491944444,139.31297888889,ok
docomo,関東,神奈川県,ドコモショップ海老名駅前店,243-0432 神奈川県海老名市中央3-14 ＶｉＮＡ　ｐｌｕｓ,https://shop.smt.docomo.ne.jp/shop_detail/0300306604300/index.html,35.451646666667,139.391975,ok
docomo,関東,神奈川県,ドコモショップ海老名西口店,243-0436 神奈川県海老名市扇町12-25,https://shop.smt.docomo.ne.jp/shop_detail/0300307201800/index.html,35.457421944444,139.388595,ok
docomo,関東,神奈川県,ドコモショップ大船店,247-0056 神奈川県鎌倉市大船3-9 大船ＭＳビル,https://shop.smt.docomo.ne.jp/shop_detail/0300305458800/index.html,35.350199166667,139.53077027778,ok
docomo,関東,神奈川県,ドコモショップ小田原店,250-0011 神奈川県小田原市栄町1-2 トザンイースト,https://shop.smt.docomo.ne.jp/shop_detail/0300306846200/index.html,35.255784722222,139.156945,ok
docomo,関東,神奈川県,ドコモショップ小田原東店,250-0874 神奈川県小田原市鴨宮235,https://shop.smt.docomo.ne.jp/shop_detail/0300306849900/index.html,35.27864,139.17838305556,ok
docomo,関東,神奈川県,ドコモショップ神奈川綾瀬店,252-1116 神奈川県綾瀬市落合北3-1,https://shop.smt.docomo.ne.jp/shop_detail/0300306905700/index.html,35.423242777778,139.43947194444,ok
docomo,関東,神奈川県,ドコモショップ金沢八景店,236-0027 神奈川県横浜市金沢区瀬戸1-5 金沢八景共同ビル,https://shop.smt.docomo.ne.jp/shop_detail/0361141251100/index.html,35.332786944444,139.623115,ok
docomo,関東,神奈川県,ドコモショップ鎌倉店,248-0006 神奈川県鎌倉市小町3-5 東昭ビル,https://shop.smt.docomo.ne.jp/shop_detail/0300306886600/index.html,35.317447222222,139.55072694444,ok
docomo,関東,神奈川県,ドコモショップ上大岡店,233-0002 神奈川県横浜市港南区上大岡西9-3,https://shop.smt.docomo.ne.jp/shop_detail/0300306810200/index.html,35.406741666667,139.59527555556,ok
docomo,関東,神奈川県,ドコモショップ上永谷店,233-0013 神奈川県横浜市港南区丸山台1-12-36,https://shop.smt.docomo.ne.jp/shop_detail/0300307301600/index.html,35.400429722222,139.57164083333,ok
docomo,関東,神奈川県,ドコモショップ川崎店（神奈川県）,210-0005 神奈川県川崎市川崎区東田町11-27 オーシー川崎ビル,https://shop.smt.docomo.ne.jp/shop_detail/0361164003100/index.html,35.527290833333,139.70230666667,ok
docomo,関東,神奈川県,ドコモショップ北久里浜店,239-0807 神奈川県横須賀市根岸町9-9 久里浜スカイマンション,https://shop.smt.docomo.ne.jp/shop_detail/0300306911400/index.html,35.251393611111,139.68594611111,ok
docomo,関東,神奈川県,ドコモショップ久里浜店,239-0831 神奈川県横須賀市久里浜6-13 ニュー久里浜ビル,https://shop.smt.docomo.ne.jp/shop_detail/0300306234400/index.html,35.229745833333,139.70273638889,ok
docomo,関東,神奈川県,ドコモショップ港南台バーズ店,234-0054 神奈川県横浜市港南区港南台1-3 港南台バーズ,https://shop.smt.docomo.ne.jp/shop_detail/0300306115200/index.html,35.374788055556,139.57749611111,ok
docomo,関東,神奈川県,ドコモショップ相模原店,252-0231 神奈川県相模原市中央区相模原1-18 相模原佐藤ビル,https://shop.smt.docomo.ne.jp/shop_detail/0382208002300/index.html,35.576226944444,139.36777722222,ok
docomo,関東,神奈川県,ドコモショップサンビーチ追浜店,237-0068 神奈川県横須賀市追浜本町1-28-5 サンビーチ追浜,https://shop.smt.docomo.ne.jp/shop_detail/0300306886500/index.html,35.31639,139.62575694444,ok
docomo,関東,神奈川県,ドコモショップシァルプラット東神奈川店,221-0044 神奈川県横浜市神奈川区東神奈川1-29 シァルプラット東神奈川,https://shop.smt.docomo.ne.jp/shop_detail/0300306941900/index.html,35.478058333333,139.63378694444,ok
docomo,関東,神奈川県,ドコモショップ湘南台店,252-0804 神奈川県藤沢市湘南台7-17-4 コニーズシンビル,https://shop.smt.docomo.ne.jp/shop_detail/0300301256100/index.html,35.395892777778,139.47093666667,ok
docomo,関東,神奈川県,ドコモショップ湘南藤沢オーパ店,251-0055 神奈川県藤沢市南藤沢3-22 湘南藤沢オーパ,https://shop.smt.docomo.ne.jp/shop_detail/0300307041900/index.html,35.337678055556,139.48684861111,ok
docomo,関東,神奈川県,ドコモショップ新川崎鹿島田店,212-0058 神奈川県川崎市幸区鹿島田1-3 新川崎スクエア,https://shop.smt.docomo.ne.jp/shop_detail/0300306685700/index.html,35.550578055556,139.67266694444,ok
docomo,関東,神奈川県,ドコモショップ新城店（神奈川県）,211-0045 神奈川県川崎市中原区上新城2-14-23 アドバンススクエア武蔵新城,https://shop.smt.docomo.ne.jp/shop_detail/0382204150000/index.html,35.588150277778,139.62865916667,ok
docomo,関東,神奈川県,ドコモショップ新百合ヶ丘店,215-0004 神奈川県川崎市麻生区万福寺1-17-1 小田急アコルデ新百合ヶ丘北館,https://shop.smt.docomo.ne.jp/shop_detail/0300303880200/index.html,35.604525,139.50780083333,ok
docomo,関東,神奈川県,ドコモショップ新横浜駅前店,222-0033 神奈川県横浜市港北区新横浜4-18,https://shop.smt.docomo.ne.jp/shop_detail/0361131350300/index.html,35.508826111111,139.61649222222,ok
docomo,関東,神奈川県,ドコモショップ逗子店,249-0006 神奈川県逗子市逗子5-2-48 キングプラザビル,https://shop.smt.docomo.ne.jp/shop_detail/0300306211600/index.html,35.296111111111,139.57944444444,ok
docomo,関東,神奈川県,ドコモショップ瀬谷店,246-0037 神奈川県横浜市瀬谷区橋戸2-26-23,https://shop.smt.docomo.ne.jp/shop_detail/0300307326300/index.html,35.461468333333,139.48057194444,ok
docomo,関東,神奈川県,ドコモショップセンター南店,224-0032 神奈川県横浜市都筑区茅ケ崎中央6-30 ＶｅＬｅＶ,https://shop.smt.docomo.ne.jp/shop_detail/0300306413700/index.html,35.543471944444,139.57370388889,ok
docomo,関東,神奈川県,ドコモショップ相武台店,252-0011 神奈川県座間市相武台10-8,https://shop.smt.docomo.ne.jp/shop_detail/0300306896100/index.html,35.50635,139.41247,ok
docomo,関東,神奈川県,ドコモショップ立場店,245-0023 神奈川県横浜市泉区和泉中央南3-2,https://shop.smt.docomo.ne.jp/shop_detail/0300306032600/index.html,35.413043888889,139.49943,ok
docomo,関東,神奈川県,ドコモショップたまプラーザ店,225-0002 神奈川県横浜市青葉区美しが丘4-15 ヒラタビル,https://shop.smt.docomo.ne.jp/shop_detail/0300306349000/index.html,35.577298888889,139.55618583333,ok
docomo,関東,神奈川県,ドコモショップ茅ヶ崎店,253-0041 神奈川県茅ヶ崎市茅ヶ崎1-2-43 サーパス茅ヶ崎第二,https://shop.smt.docomo.ne.jp/shop_detail/0300302014900/index.html,35.333193055556,139.40481388889,ok
docomo,関東,神奈川県,ドコモショップ綱島店,223-0053 神奈川県横浜市港北区綱島西6-17 黒川ビル,https://shop.smt.docomo.ne.jp/shop_detail/0300305472700/index.html,35.536217222222,139.63240166667,ok
docomo,関東,神奈川県,ドコモショップ鶴ヶ峰駅前店,241-0022 神奈川県横浜市旭区鶴ヶ峰2-82-1 ココロット鶴ヶ峰,https://shop.smt.docomo.ne.jp/shop_detail/0300306908500/index.html,35.474764722222,139.54999694444,ok
docomo,関東,神奈川県,ドコモショップ鶴見シークレイン店,230-0051 神奈川県横浜市鶴見区鶴見中央1-31-2 シークレイン,https://shop.smt.docomo.ne.jp/shop_detail/0300306171600/index.html,35.506685833333,139.67662194444,ok
docomo,関東,神奈川県,ドコモショップ鶴見店（神奈川県）,230-0051 神奈川県横浜市鶴見区鶴見中央2-1 鶴見共同ビル,https://shop.smt.docomo.ne.jp/shop_detail/0382208003700/index.html,35.509006944444,139.68135,ok
docomo,関東,神奈川県,ドコモショップテラスモール湘南店,251-0041 神奈川県藤沢市辻堂神台3-1 Ｔｅｒｒａｃｅ　Ｍａｌｌ湘南,https://shop.smt.docomo.ne.jp/shop_detail/0300307023600/index.html,35.338013888889,139.44635277778,ok
docomo,関東,神奈川県,ドコモショップ東急百貨店日吉店,223-0061 神奈川県横浜市港北区日吉1-1 東急百貨店　日吉店本館,https://shop.smt.docomo.ne.jp/shop_detail/0382205220000/index.html,35.554331111111,139.64720805556,ok
docomo,関東,神奈川県,ドコモショップ戸塚店,244-0003 神奈川県横浜市戸塚区戸塚町1-16 戸塚西口共同ビル,https://shop.smt.docomo.ne.jp/shop_detail/0382208003200/index.html,35.400726111111,139.53318,ok
docomo,関東,神奈川県,ドコモショップ戸塚深谷店,245-0067 神奈川県横浜市戸塚区深谷町215-1,https://shop.smt.docomo.ne.jp/shop_detail/0300307378100/index.html,35.382666666667,139.50175,ok
docomo,関東,神奈川県,ドコモショップトレッサ横浜店,222-0002 神奈川県横浜市港北区師岡町700 トレッサ横浜　南棟,https://shop.smt.docomo.ne.jp/shop_detail/0300306932900/index.html,35.524670555556,139.64614972222,ok
docomo,関東,神奈川県,ドコモショップ中山とうきゅう店,226-0019 神奈川県横浜市緑区中山4-1 東急ストア　中山とうきゅう,https://shop.smt.docomo.ne.jp/shop_detail/0300306715700/index.html,35.514986944444,139.54025083333,ok
docomo,関東,神奈川県,ドコモショップ秦野渋沢店,259-1314 神奈川県秦野市若松町4-6,https://shop.smt.docomo.ne.jp/shop_detail/0300306868100/index.html,35.373669444444,139.18981694444,ok
docomo,関東,神奈川県,ドコモショップ東戸塚店,244-8530 神奈川県横浜市戸塚区品濃町537-1 西武東戸塚Ｓ．Ｃ．西武館,https://shop.smt.docomo.ne.jp/shop_detail/0300306158200/index.html,35.430126388889,139.55839111111,ok
docomo,関東,神奈川県,ドコモショップ平塚店,254-0042 神奈川県平塚市明石町2-8,https://shop.smt.docomo.ne.jp/shop_detail/0361131351700/index.html,35.331954166667,139.34960694444,ok
docomo,関東,神奈川県,ドコモショップ藤沢駅北口店,251-0052 神奈川県藤沢市藤沢438-6 Ｆ．Ｉ．Ｃ　藤沢ビル,https://shop.smt.docomo.ne.jp/shop_detail/0300306930600/index.html,35.339098055556,139.48578388889,ok
docomo,関東,神奈川県,ドコモショップ藤沢店,251-0042 神奈川県藤沢市辻堂新町3-5 ミスターマックス湘南藤沢ショッピングセンター,https://shop.smt.docomo.ne.jp/shop_detail/0361131350200/index.html,35.339722222222,139.46388888889,ok
docomo,関東,神奈川県,ドコモショップ二俣川店,241-0821 神奈川県横浜市旭区二俣川1-43-28 アルコット二俣川,https://shop.smt.docomo.ne.jp/shop_detail/0361131350800/index.html,35.464700555556,139.53186027778,ok
docomo,関東,神奈川県,ドコモショップ本厚木店,243-0018 神奈川県厚木市中町2-6 厚木Ｔビル,https://shop.smt.docomo.ne.jp/shop_detail/0361164002200/index.html,35.439593611111,139.36091222222,ok
docomo,関東,神奈川県,ドコモショップ本牧店,231-0827 神奈川県横浜市中区本牧和田1-1 グランデュオ本牧,https://shop.smt.docomo.ne.jp/shop_detail/0300305458400/index.html,35.4225,139.66447222222,ok
docomo,関東,神奈川県,ドコモショップボーノ相模大野店,252-0303 神奈川県相模原市南区相模大野2-1 ボーノ相模大野ショッピングセンター,https://shop.smt.docomo.ne.jp/shop_detail/0300303403900/index.html,35.531226944444,139.43501472222,ok
docomo,関東,神奈川県,ドコモショップＭＡＲＫ　ＩＳ　みなとみらい店,220-0012 神奈川県横浜市西区みなとみらい３丁目5-1 ＭＡＲＫ　ＩＳ　みなとみらい店,https://shop.smt.docomo.ne.jp/shop_detail/0300306918800/index.html,35.457888888889,139.63193611111,ok
docomo,関東,神奈川県,ドコモショップミウィ橋本店,252-0143 神奈川県相模原市緑区橋本3-28-1 ミウィ橋本,https://shop.smt.docomo.ne.jp/shop_detail/0300306575900/index.html,35.594949166667,139.34598583333,ok
docomo,関東,神奈川県,ドコモショップ三浦店,238-0101 神奈川県三浦市南下浦町上宮田12-Jan エム・エム三浦ビル,https://shop.smt.docomo.ne.jp/shop_detail/0300304066900/index.html,35.188211944444,139.65201611111,ok
docomo,関東,神奈川県,ドコモショップ溝の口店,213-0001 神奈川県川崎市高津区溝口1-10 ＭＴＴビル,https://shop.smt.docomo.ne.jp/shop_detail/0300306678700/index.html,35.6012375,139.61534,ok
docomo,関東,神奈川県,ドコモショップ宮前平店,216-0006 神奈川県川崎市宮前区宮前平6-8,https://shop.smt.docomo.ne.jp/shop_detail/0300307323800/index.html,35.583286944444,139.58934361111,ok
docomo,関東,神奈川県,ドコモショップ向ヶ丘遊園店,214-0014 神奈川県川崎市多摩区登戸1754-1 ＮＴＴ登戸ビル,https://shop.smt.docomo.ne.jp/shop_detail/0300306038300/index.html,35.619303333333,139.56096777778,ok
docomo,関東,神奈川県,ドコモショップ武蔵小杉店,211-0004 神奈川県川崎市中原区新丸子東3-1156 Ｃｌａｓｓｅｎｓｅ武蔵小杉,https://shop.smt.docomo.ne.jp/shop_detail/0300307109200/index.html,35.573458055556,139.66156194444,ok
docomo,関東,神奈川県,ドコモショップ武蔵小杉法政通り店,211-0063 神奈川県川崎市中原区小杉町1-1 ドレッセタワー武蔵小杉,https://shop.smt.docomo.ne.jp/shop_detail/0300307067800/index.html,35.573740833333,139.65724694444,ok
docomo,関東,神奈川県,ドコモショップモザイクモール港北店,224-0003 神奈川県横浜市都筑区中川中央1-31-1 モザイクモール港北,https://shop.smt.docomo.ne.jp/shop_detail/0300306393000/index.html,35.554971388889,139.57785416667,ok
docomo,関東,神奈川県,ドコモショップ大和店,242-0017 神奈川県大和市大和東9-1 浜屋センタービル,https://shop.smt.docomo.ne.jp/shop_detail/0361164002000/index.html,35.473121111111,139.46251611111,ok
docomo,関東,神奈川県,ドコモショップ洋光台店,235-0045 神奈川県横浜市磯子区洋光台1-5,https://shop.smt.docomo.ne.jp/shop_detail/0300306919100/index.html,35.37783,139.59558805556,ok
docomo,関東,神奈川県,ドコモショップ横須賀店,238-0007 神奈川県横須賀市若松町1-21-10 横須賀　ＥＡＳＴ　ＣＯＵＲＴ,https://shop.smt.docomo.ne.jp/shop_detail/0300302070400/index.html,35.279542777778,139.67270638889,ok
docomo,関東,神奈川県,ドコモショップ横浜ジョイナス店,220-0005 神奈川県横浜市西区南幸１丁目5-1 ジョイナス,https://shop.smt.docomo.ne.jp/shop_detail/0300306980000/index.html,35.465912777778,139.62155861111,ok
docomo,関東,神奈川県,ドコモショップ横浜そごう店,220-0011 神奈川県横浜市西区高島2-18-1 横浜そごう,https://shop.smt.docomo.ne.jp/shop_detail/0382203060300/index.html,35.465506111111,139.62504722222,ok
docomo,関東,神奈川県,ドコモショップ横浜馬車道店,231-0007 神奈川県横浜市中区弁天通4-67-1 馬車道スクエアビル,https://shop.smt.docomo.ne.jp/shop_detail/0382208004100/index.html,35.448433888889,139.63664194444,ok
docomo,関東,神奈川県,ドコモショップ横浜ビブレ店,220-8577 神奈川県横浜市西区南幸2-15-13 横浜ビブレ,https://shop.smt.docomo.ne.jp/shop_detail/0300306919200/index.html,35.464861111111,139.61802777778,ok
docomo,関東,神奈川県,ドコモショップ横浜モアーズ店,220-0005 神奈川県横浜市西区南幸3-1 横浜モアーズ,https://shop.smt.docomo.ne.jp/shop_detail/0300306708300/index.html,35.467258888889,139.6221575,ok
docomo,関東,神奈川県,ドコモショップラゾーナ川崎店,212-0013 神奈川県川崎市幸区堀川町1-72 ラゾーナ川崎プラザ,https://shop.smt.docomo.ne.jp/shop_detail/0300307076300/index.html,35.532642777778,139.69589361111,ok
docomo,関東,神奈川県,ドコモショップらびすた新杉田店,235-0033 神奈川県横浜市磯子区杉田1-1 らびすた新杉田,https://shop.smt.docomo.ne.jp/shop_detail/0300306317000/index.html,35.38602,139.61890972222,ok
docomo,関東,神奈川県,ドコモショップららぽーと湘南平塚店,254-8510 神奈川県平塚市天沼10-1 ららぽーと湘南平塚,https://shop.smt.docomo.ne.jp/shop_detail/0300306772000/index.html,35.337777777778,139.35583333333,ok
docomo,関東,神奈川県,ドコモショップららぽーと横浜店,224-0053 神奈川県横浜市都筑区池辺町1-35 ららぽーと横浜,https://shop.smt.docomo.ne.jp/shop_detail/0300306754300/index.html,35.51734,139.56645083333,ok
docomo,関東,新潟県,ドコモショップ阿賀野店,959-2062 新潟県阿賀野市市野山231-1,https://shop.smt.docomo.ne.jp/shop_detail/0300306820600/index.html,37.822499722222,139.22634861111,ok
docomo,関東,新潟県,ドコモショップアピタ新潟西店,950-2023 新潟県新潟市西区小新7-21 アピタ新潟西店,https://shop.smt.docomo.ne.jp/shop_detail/0361141982000/index.html,37.880950833333,139.00325055556,ok
docomo,関東,新潟県,ドコモショップ糸魚川店,941-0067 新潟県糸魚川市横町7-10,https://shop.smt.docomo.ne.jp/shop_detail/0300306552200/index.html,37.039121388889,137.84719166667,ok
docomo,関東,新潟県,ドコモショップ魚沼店,946-0076 新潟県魚沼市井口新田868-1,https://shop.smt.docomo.ne.jp/shop_detail/0300306874800/index.html,37.227821944444,138.97569083333,ok
docomo,関東,新潟県,ドコモショップ小千谷店,947-0028 新潟県小千谷市城内12-6,https://shop.smt.docomo.ne.jp/shop_detail/0300306874700/index.html,37.315828055556,138.79594055556,ok
docomo,関東,新潟県,ドコモショップ柿崎店,949-3214 新潟県上越市柿崎区大字馬正面1250-13,https://shop.smt.docomo.ne.jp/shop_detail/0300306910400/index.html,37.264913055556,138.37972,ok
docomo,関東,新潟県,ドコモショップ柏崎店,945-0025 新潟県柏崎市柳田町3-2,https://shop.smt.docomo.ne.jp/shop_detail/0300300052800/index.html,37.379365277778,138.57963333333,ok
docomo,関東,新潟県,ドコモショップ亀貝インター店,950-2033 新潟県新潟市西区亀貝3210,https://shop.smt.docomo.ne.jp/shop_detail/0300307199500/index.html,37.864372777778,138.98124583333,ok
docomo,関東,新潟県,ドコモショップ亀田店,950-0156 新潟県新潟市江南区早苗2-523-1,https://shop.smt.docomo.ne.jp/shop_detail/0300306819200/index.html,37.870504444444,139.09158388889,ok
docomo,関東,新潟県,ドコモショップ加茂店,959-1383 新潟県加茂市旭町10-10,https://shop.smt.docomo.ne.jp/shop_detail/0300306908300/index.html,37.65992,139.0443425,ok
docomo,関東,新潟県,ドコモショップ五泉店,959-1863 新潟県五泉市東本町3-18,https://shop.smt.docomo.ne.jp/shop_detail/0300306919000/index.html,37.742309166667,139.18092555556,ok
docomo,関東,新潟県,ドコモショップサテライトラブラ万代店,950-0088 新潟県新潟市中央区万代5-1 ラブラ万代,https://shop.smt.docomo.ne.jp/shop_detail/0300307459100/index.html,37.917186944444,139.05628277778,ok
docomo,関東,新潟県,ドコモショップ佐渡店,952-1324 新潟県佐渡市中原504-1,https://shop.smt.docomo.ne.jp/shop_detail/0300306416100/index.html,38.003961944444,138.32097722222,ok
docomo,関東,新潟県,ドコモショップ三条中央店,955-0061 新潟県三条市林町2-15-8,https://shop.smt.docomo.ne.jp/shop_detail/0300307371200/index.html,37.637393888889,138.96600611111,ok
docomo,関東,新潟県,ドコモショップ新発田店,957-0062 新潟県新発田市富塚町3-12,https://shop.smt.docomo.ne.jp/shop_detail/0361131700600/index.html,37.949743888889,139.29528861111,ok
docomo,関東,新潟県,ドコモショップ上越高田店,943-0882 新潟県上越市中田原146,https://shop.smt.docomo.ne.jp/shop_detail/0300307447900/index.html,37.091155833333,138.23192888889,ok
docomo,関東,新潟県,ドコモショップ上越店,943-0171 新潟県上越市藤野新田1174-2,https://shop.smt.docomo.ne.jp/shop_detail/0300307448000/index.html,37.152663055556,138.25417777778,ok
docomo,関東,新潟県,ドコモショップ燕三条店,959-1232 新潟県燕市井土巻3-127,https://shop.smt.docomo.ne.jp/shop_detail/0361164005500/index.html,37.649705833333,138.93609333333,ok
docomo,関東,新潟県,ドコモショップ燕吉田店,959-0242 新潟県燕市吉田大保町21-37,https://shop.smt.docomo.ne.jp/shop_detail/0300306812900/index.html,37.6879425,138.88361861111,ok
docomo,関東,新潟県,ドコモショップ十日町店,948-0095 新潟県十日町市下島376-8,https://shop.smt.docomo.ne.jp/shop_detail/0300306870600/index.html,37.140621944444,138.75028861111,ok
docomo,関東,新潟県,ドコモショップ豊栄店,950-3317 新潟県新潟市北区かぶとやま3-4,https://shop.smt.docomo.ne.jp/shop_detail/0300306636100/index.html,37.93101,139.21751027778,ok
docomo,関東,新潟県,ドコモショップ中条店,959-2632 新潟県胎内市新栄町4-17,https://shop.smt.docomo.ne.jp/shop_detail/0300306700200/index.html,38.046701111111,139.40321611111,ok
docomo,関東,新潟県,ドコモショップ長岡川崎店,940-0861 新潟県長岡市川崎町字野口1282-1,https://shop.smt.docomo.ne.jp/shop_detail/0300306643000/index.html,37.456981666667,138.87381,ok
docomo,関東,新潟県,ドコモショップ長岡店,940-2026 新潟県長岡市堺東町25,https://shop.smt.docomo.ne.jp/shop_detail/0382108004200/index.html,37.458301666667,138.8131625,ok
docomo,関東,新潟県,ドコモショップ長岡宮内店,940-1153 新潟県長岡市要町7-19,https://shop.smt.docomo.ne.jp/shop_detail/0300307083300/index.html,37.425101111111,138.83856805556,ok
docomo,関東,新潟県,ドコモショップ新潟坂井店,950-2042 新潟県新潟市西区坂井716-3,https://shop.smt.docomo.ne.jp/shop_detail/0300306700400/index.html,37.866345833333,138.95254083333,ok
docomo,関東,新潟県,ドコモショップ新潟白根店,950-1214 新潟県新潟市南区上下諏訪木896-7 しろねカイトタウン内,https://shop.smt.docomo.ne.jp/shop_detail/0300306233500/index.html,37.759658055556,139.02257611111,ok
docomo,関東,新潟県,ドコモショップ新潟中野山店,950-0837 新潟県新潟市東区若葉町4-5,https://shop.smt.docomo.ne.jp/shop_detail/0300306800900/index.html,37.898724722222,139.11433694444,ok
docomo,関東,新潟県,ドコモショップ新潟東店,950-0017 新潟県新潟市東区新松崎7-5,https://shop.smt.docomo.ne.jp/shop_detail/0300306800800/index.html,37.931506944444,139.11622,ok
docomo,関東,新潟県,ドコモショップ新潟南店,950-0973 新潟県新潟市中央区上近江3-7,https://shop.smt.docomo.ne.jp/shop_detail/0300306800700/index.html,37.901111111111,139.03472222222,ok
docomo,関東,新潟県,ドコモショップ新津店,956-0031 新潟県新潟市秋葉区新津字山谷南1-57 新津ショッピングセンター敷地内,https://shop.smt.docomo.ne.jp/shop_detail/0300306820700/index.html,37.790833333333,139.11055555556,ok
docomo,関東,新潟県,ドコモショップ巻店,953-0042 新潟県新潟市西蒲区赤鏥字大道上907-1,https://shop.smt.docomo.ne.jp/shop_detail/0300306171400/index.html,37.747221111111,138.89049305556,ok
docomo,関東,新潟県,ドコモショップ見附店,954-0067 新潟県見附市葛巻町1662-2,https://shop.smt.docomo.ne.jp/shop_detail/0300306700300/index.html,37.530592777778,138.90794694444,ok
docomo,関東,新潟県,ドコモショップ六日町店,949-6681 新潟県南魚沼市余川2911,https://shop.smt.docomo.ne.jp/shop_detail/0300306868200/index.html,37.079404166667,138.87731555556,ok
docomo,関東,新潟県,ドコモショップ村上店,958-0823 新潟県村上市仲間町字坂下602,https://shop.smt.docomo.ne.jp/shop_detail/0300302316100/index.html,38.213346111111,139.48507694444,ok
docomo,関東,新潟県,ドコモショップリバーサイド千秋店,940-2108 新潟県長岡市千秋2-278,https://shop.smt.docomo.ne.jp/shop_detail/0300306763500/index.html,37.460310277778,138.82683416667,ok
docomo,北陸,富山県,ドコモショップ魚津店,937-0046 富山県魚津市上村木字寺田413-1,https://shop.smt.docomo.ne.jp/shop_detail/0572010012300/index.html,36.823908611111,137.41431111111,ok
docomo,北陸,富山県,ドコモショップ砺波店,939-1364 富山県砺波市豊町2-14-16,https://shop.smt.docomo.ne.jp/shop_detail/0572002032100/index.html,36.627893611111,136.95699972222,ok
docomo,北陸,富山県,ドコモショップアピア店（富山県）,930-0010 富山県富山市稲荷元町２丁目11-43,https://shop.smt.docomo.ne.jp/shop_detail/0501500362100/index.html,36.696252222222,137.230005,ok
docomo,北陸,富山県,ドコモショップア・ミュー南砺店,939-1577 富山県南砺市寺家新屋敷366 ア・ミュー,https://shop.smt.docomo.ne.jp/shop_detail/0501500388600/index.html,36.592748888889,136.91504888889,ok
docomo,北陸,富山県,ドコモショップイータウン射水店,939-0285 富山県射水市本開発字代官免100,https://shop.smt.docomo.ne.jp/shop_detail/0501500317500/index.html,36.727727777778,137.08338166667,ok
docomo,北陸,富山県,ドコモショップイオンモール高岡店,933-0813 富山県高岡市下伏間江383 イオンモール高岡　西館,https://shop.smt.docomo.ne.jp/shop_detail/0501500176100/index.html,36.7246,137.01228166667,ok
docomo,北陸,富山県,ドコモショップいみず小杉店,939-0351 富山県射水市戸破1633,https://shop.smt.docomo.ne.jp/shop_detail/0501500330100/index.html,36.714448888889,137.09702805556,ok
docomo,北陸,富山県,ドコモショップ上飯野店,930-0827 富山県富山市上飯野41-16,https://shop.smt.docomo.ne.jp/shop_detail/0501500315800/index.html,36.714323055556,137.24943055556,ok
docomo,北陸,富山県,ドコモショップ上北島店,933-0829 富山県高岡市福田1-52,https://shop.smt.docomo.ne.jp/shop_detail/0501500387200/index.html,36.734787777778,136.98230194444,ok
docomo,北陸,富山県,ドコモショップ黒部店,938-0037 富山県黒部市新牧野386,https://shop.smt.docomo.ne.jp/shop_detail/0501500313000/index.html,36.868348888889,137.44613527778,ok
docomo,北陸,富山県,ドコモショップ高岡野村店,933-0014 富山県高岡市野村1319-2,https://shop.smt.docomo.ne.jp/shop_detail/0501500329900/index.html,36.753553333333,137.04023916667,ok
docomo,北陸,富山県,ドコモショップ戸出店,939-1104 富山県高岡市戸出町10-12,https://shop.smt.docomo.ne.jp/shop_detail/0501500359000/index.html,36.680061111111,136.97575555556,ok
docomo,北陸,富山県,ドコモショップ富山店,939-8216 富山県富山市黒瀬北町4-6,https://shop.smt.docomo.ne.jp/shop_detail/0501500342500/index.html,36.668222222222,137.20125,ok
docomo,北陸,富山県,ドコモショップ富山南店,939-8177 富山県富山市安養寺484,https://shop.smt.docomo.ne.jp/shop_detail/0501500360100/index.html,36.631963333333,137.21136611111,ok
docomo,北陸,富山県,ドコモショップ富山山室店,930-0955 富山県富山市天正寺68,https://shop.smt.docomo.ne.jp/shop_detail/0501500314000/index.html,36.680321111111,137.25121888889,ok
docomo,北陸,富山県,ドコモショップ豊田店（富山県）,931-8313 富山県富山市豊田町1-4-41,https://shop.smt.docomo.ne.jp/shop_detail/0501500389000/index.html,36.719981944444,137.23377972222,ok
docomo,北陸,富山県,ドコモショップ滑川店,936-0851 富山県滑川市沖田新27,https://shop.smt.docomo.ne.jp/shop_detail/0501500314800/index.html,36.754166666667,137.34583333333,ok
docomo,北陸,富山県,ドコモショップ入善コスモ２１店,939-0627 富山県下新川郡入善町椚山1225 入善コスモタウン内,https://shop.smt.docomo.ne.jp/shop_detail/0501500365700/index.html,36.940972222222,137.51525,ok
docomo,北陸,富山県,ドコモショップ氷見店,935-0031 富山県氷見市柳田1182,https://shop.smt.docomo.ne.jp/shop_detail/0501500313200/index.html,36.832798888889,136.99225305556,ok
docomo,北陸,富山県,ドコモショップファボーレ店,939-2716 富山県富山市婦中町下轡田165-1,https://shop.smt.docomo.ne.jp/shop_detail/0501500119200/index.html,36.663056111111,137.17111222222,ok
docomo,北陸,富山県,ドコモショップ婦中店,939-2713 富山県富山市婦中町上轡田137-1,https://shop.smt.docomo.ne.jp/shop_detail/0501500361900/index.html,36.664664722222,137.17706472222,ok
docomo,北陸,石川県,ドコモショップ粟津店,923-0342 石川県小松市矢田野町ホ109,https://shop.smt.docomo.ne.jp/shop_detail/0571001062100/index.html,36.350300277778,136.4247425,ok
docomo,北陸,石川県,ドコモショップ入江店,921-8015 石川県金沢市東力４丁目236,https://shop.smt.docomo.ne.jp/shop_detail/0501500188100/index.html,36.565437777778,136.62274333333,ok
docomo,北陸,石川県,ドコモショップ野々市新庄店,921-8835 石川県野々市市上林4-368,https://shop.smt.docomo.ne.jp/shop_detail/0501500172000/index.html,36.506531944444,136.606685,ok
docomo,北陸,石川県,ドコモショップ羽咋店,925-0026 石川県羽咋市石野町ホ38,https://shop.smt.docomo.ne.jp/shop_detail/0501500174800/index.html,36.894371666667,136.79683861111,ok
docomo,北陸,石川県,ドコモショップ穴水店,927-0053 石川県鳳珠郡穴水町此木１１字3-14,https://shop.smt.docomo.ne.jp/shop_detail/0501500236300/index.html,37.244520277778,136.89917833333,ok
docomo,北陸,石川県,ドコモショップアビオシティ加賀店,922-0423 石川県加賀市作見町ル1-25,https://shop.smt.docomo.ne.jp/shop_detail/0501500347600/index.html,36.320023888889,136.352785,ok
docomo,北陸,石川県,ドコモショップアピタタウン金沢ベイ店,920-0333 石川県金沢市無量寺４丁目56 ピアゴ金沢ベイ店内,https://shop.smt.docomo.ne.jp/shop_detail/0571001041100/index.html,36.600040277778,136.61434388889,ok
docomo,北陸,石川県,ドコモショップアピタ松任店,924-0817 石川県白山市幸明町270 アピタ松任店,https://shop.smt.docomo.ne.jp/shop_detail/0501500352600/index.html,36.515803888889,136.57694833333,ok
docomo,北陸,石川県,ドコモショップ有松店,921-8161 石川県金沢市有松4-13-5,https://shop.smt.docomo.ne.jp/shop_detail/0571010024100/index.html,36.538658333333,136.63621111111,ok
docomo,北陸,石川県,ドコモショップイオンタウン金沢示野店,920-0069 石川県金沢市戸板西1-55 イオンタウン金沢示野ＳＣ　マックスバリュ棟内,https://shop.smt.docomo.ne.jp/shop_detail/0571010007800/index.html,36.581128888889,136.61709611111,ok
docomo,北陸,石川県,ドコモショップイオンモール白山店,924-8777 石川県白山市横江町5001 イオンモール白山,https://shop.smt.docomo.ne.jp/shop_detail/0501500329800/index.html,36.544499722222,136.58293,ok
docomo,北陸,石川県,ドコモショップイオンもりの里店,920-1167 石川県金沢市もりの里1-70 イオンもりの里ショッピングセンター,https://shop.smt.docomo.ne.jp/shop_detail/0571001066500/index.html,36.552133333333,136.68957166667,ok
docomo,北陸,石川県,ドコモショップ加賀店,922-0241 石川県加賀市加茂町116-1,https://shop.smt.docomo.ne.jp/shop_detail/0501500228700/index.html,36.307205,136.35757444444,ok
docomo,北陸,石川県,ドコモショップ鹿島店（石川県）,929-1721 石川県鹿島郡中能登町井田と部1-1,https://shop.smt.docomo.ne.jp/shop_detail/0501500393100/index.html,36.970126944444,136.9077825,ok
docomo,北陸,石川県,ドコモショップ金沢駅前店,920-0853 石川県金沢市本町2-15-1 ポルテ金沢,https://shop.smt.docomo.ne.jp/shop_detail/0501500341000/index.html,36.57634,136.64943277778,ok
docomo,北陸,石川県,ドコモショップ金沢おこばた店,920-0210 石川県金沢市大河端西2-43,https://shop.smt.docomo.ne.jp/shop_detail/0501500237900/index.html,36.617301111111,136.63978305556,ok
docomo,北陸,石川県,ドコモショップかほく店（石川県）,929-1174 石川県かほく市浜北イ5-16,https://shop.smt.docomo.ne.jp/shop_detail/0501500358900/index.html,36.73319,136.700845,ok
docomo,北陸,石川県,ドコモショップ小松沖町店,923-0861 石川県小松市沖町471,https://shop.smt.docomo.ne.jp/shop_detail/0501500366500/index.html,36.396127777778,136.46306888889,ok
docomo,北陸,石川県,ドコモショップ小松店,923-0036 石川県小松市平面町カ127-1,https://shop.smt.docomo.ne.jp/shop_detail/0571001066400/index.html,36.418083333333,136.47270277778,ok
docomo,北陸,石川県,ドコモショップ志賀店,925-0154 石川県羽咋郡志賀町末吉千古1-12,https://shop.smt.docomo.ne.jp/shop_detail/0501500389400/index.html,37.006113055556,136.77805638889,ok
docomo,北陸,石川県,ドコモショップ珠洲店,927-1213 石川県珠洲市野々江町シ部1-70,https://shop.smt.docomo.ne.jp/shop_detail/0501500389500/index.html,37.441134722222,137.26905,ok
docomo,北陸,石川県,ドコモショップ津幡店,929-0341 石川県河北郡津幡町字横浜ほ1-17,https://shop.smt.docomo.ne.jp/shop_detail/0501500347900/index.html,36.664746944444,136.72897805556,ok
docomo,北陸,石川県,ドコモショップ七尾店,926-0028 石川県七尾市藤野町ロ38 ナッピィモール内,https://shop.smt.docomo.ne.jp/shop_detail/0571001066300/index.html,37.030868055556,136.96838,ok
docomo,北陸,石川県,ドコモショップ野々市本町店,921-8815 石川県野々市市本町6-14-23,https://shop.smt.docomo.ne.jp/shop_detail/0501500280200/index.html,36.534722222222,136.60958333333,ok
docomo,北陸,石川県,ドコモショップ東金沢店,920-0809 石川県金沢市三池栄町320,https://shop.smt.docomo.ne.jp/shop_detail/0501500174300/index.html,36.596963055556,136.66974638889,ok
docomo,北陸,石川県,ドコモショップ輪島店,928-0022 石川県輪島市宅田町42 ワイプラザ輪島店,https://shop.smt.docomo.ne.jp/shop_detail/0501500361400/index.html,37.386400555556,136.90476277778,ok
docomo,北陸,福井県,ドコモショップ大野店（福井県）,912-0017 福井県大野市東中野1-511,https://shop.smt.docomo.ne.jp/shop_detail/0501500172200/index.html,35.997016666667,136.49879722222,ok
docomo,北陸,福井県,ドコモショップあわら店,919-0628 福井県あわら市大溝2-35-7,https://shop.smt.docomo.ne.jp/shop_detail/0501500318900/index.html,36.209375,136.22053972222,ok
docomo,北陸,福井県,ドコモショップえちぜん店,915-0091 福井県越前市高木町３７字1-4,https://shop.smt.docomo.ne.jp/shop_detail/0501500281200/index.html,35.923910555556,136.18974888889,ok
docomo,北陸,福井県,ドコモショップエルパ店,910-0836 福井県福井市大和田２丁目1212 ラブリーパートナーエルパ,https://shop.smt.docomo.ne.jp/shop_detail/0501500400800/index.html,36.09589,136.25006222222,ok
docomo,北陸,福井県,ドコモショップ大和田中央市場前店,910-0837 福井県福井市高柳１丁目915,https://shop.smt.docomo.ne.jp/shop_detail/0501500313400/index.html,36.091906388889,136.24381,ok
docomo,北陸,福井県,ドコモショップ小浜店（福井県）,917-0241 福井県小浜市遠敷24-38-2,https://shop.smt.docomo.ne.jp/shop_detail/0573003007300/index.html,35.482350555556,135.77636194444,ok
docomo,北陸,福井県,ドコモショップ勝山店,911-0804 福井県勝山市元町7-28,https://shop.smt.docomo.ne.jp/shop_detail/0501500343100/index.html,36.060747777778,136.50221138889,ok
docomo,北陸,福井県,ドコモショップ学園店（福井県）,910-0026 福井県福井市光陽3-26,https://shop.smt.docomo.ne.jp/shop_detail/0501500330000/index.html,36.067913888889,136.19773888889,ok
docomo,北陸,福井県,ドコモショップさばえ店,916-0029 福井県鯖江市北野町7-14,https://shop.smt.docomo.ne.jp/shop_detail/0501500361200/index.html,35.96656,136.17519111111,ok
docomo,北陸,福井県,ドコモショップ武生店,915-0805 福井県越前市芝原３丁目4-20,https://shop.smt.docomo.ne.jp/shop_detail/0573003023800/index.html,35.916826111111,136.15638805556,ok
docomo,北陸,福井県,ドコモショップ敦賀店,914-0811 福井県敦賀市中央町2-18-18,https://shop.smt.docomo.ne.jp/shop_detail/0501500360200/index.html,35.643094444444,136.0503075,ok
docomo,北陸,福井県,ドコモショップ二の宮店,910-0015 福井県福井市二の宮3-7,https://shop.smt.docomo.ne.jp/shop_detail/0573010010200/index.html,36.083775833333,136.22297722222,ok
docomo,北陸,福井県,ドコモショップ春江店,919-0416 福井県坂井市春江町江留下宇和江46,https://shop.smt.docomo.ne.jp/shop_detail/0573003023400/index.html,36.125941666667,136.21963333333,ok
docomo,北陸,福井県,ドコモショップ福井店,918-8112 福井県福井市下馬3-430,https://shop.smt.docomo.ne.jp/shop_detail/0573003023100/index.html,36.039226944444,136.23101333333,ok
docomo,北陸,福井県,ドコモショップ社南店,918-8031 福井県福井市種池1-106,https://shop.smt.docomo.ne.jp/shop_detail/0501500363200/index.html,36.036457222222,136.19259055556,ok
docomo,北陸,福井県,ドコモショップ若杉店,918-8055 福井県福井市若杉4-1613,https://shop.smt.docomo.ne.jp/shop_detail/0501500313600/index.html,36.056760277778,136.18341194444,ok
docomo,関東,山梨県,ドコモショップイオンタウン山梨中央店,409-3821 山梨県中央市下河東1-53 イオンタウン山梨中央ＳＣ内,https://shop.smt.docomo.ne.jp/shop_detail/0300306864400/index.html,35.608381111111,138.54173083333,ok
docomo,関東,山梨県,ドコモショップイオンモール甲府昭和店,409-3852 山梨県中巨摩郡昭和町飯喰1505-1,https://shop.smt.docomo.ne.jp/shop_detail/0361131992000/index.html,35.623226944444,138.52719,ok
docomo,関東,山梨県,ドコモショップ一宮イッツモア店,405-0076 山梨県笛吹市一宮町竹原田1333 イッツモアＳＣ内,https://shop.smt.docomo.ne.jp/shop_detail/0300306845100/index.html,35.646255,138.67551694444,ok
docomo,関東,山梨県,ドコモショップ上野原店,409-0112 山梨県上野原市上野原1-38,https://shop.smt.docomo.ne.jp/shop_detail/0300306806300/index.html,35.623062222222,139.11129,ok
docomo,関東,山梨県,ドコモショップ大月店,402-0001 山梨県都留市田野倉114-1,https://shop.smt.docomo.ne.jp/shop_detail/0300303516500/index.html,35.601319722222,138.93669972222,ok
docomo,関東,山梨県,ドコモショップきららシティ長坂店,408-0034 山梨県北杜市長坂町大八田160 きららシティ長坂,https://shop.smt.docomo.ne.jp/shop_detail/0300303541100/index.html,35.83285,138.39089805556,ok
docomo,関東,山梨県,ドコモショップ甲府石和店,406-0031 山梨県笛吹市石和町市部1129,https://shop.smt.docomo.ne.jp/shop_detail/0300305686200/index.html,35.649915833333,138.63528277778,ok
docomo,関東,山梨県,ドコモショップ甲府中央店,400-0031 山梨県甲府市丸の内2-31-3 ドコモ甲府丸の内ビル,https://shop.smt.docomo.ne.jp/shop_detail/0300306127900/index.html,35.662330555556,138.56734888889,ok
docomo,関東,山梨県,ドコモショップ甲府西店,400-0026 山梨県甲府市塩部2-2-29,https://shop.smt.docomo.ne.jp/shop_detail/0361164004900/index.html,35.671752777778,138.55365611111,ok
docomo,関東,山梨県,ドコモショップ甲府バイパス店,400-0814 山梨県甲府市上阿原町379-1,https://shop.smt.docomo.ne.jp/shop_detail/0300306227700/index.html,35.6460075,138.60871,ok
docomo,関東,山梨県,ドコモショップ田富店,409-3851 山梨県中巨摩郡昭和町河西1151-1,https://shop.smt.docomo.ne.jp/shop_detail/0300306340300/index.html,35.618801111111,138.51927111111,ok
docomo,関東,山梨県,ドコモショップ韮崎店,407-0004 山梨県韮崎市藤井町南下條205 オギノ韮崎店内,https://shop.smt.docomo.ne.jp/shop_detail/0300300344600/index.html,35.719997777778,138.45248583333,ok
docomo,関東,山梨県,ドコモショップ東山梨店,405-0031 山梨県山梨市万力字足原田1009-1,https://shop.smt.docomo.ne.jp/shop_detail/0361131990700/index.html,35.688854722222,138.67347583333,ok
docomo,関東,山梨県,ドコモショップ富士吉田店,403-0032 山梨県富士吉田市上吉田東2-8,https://shop.smt.docomo.ne.jp/shop_detail/0300306046900/index.html,35.476944444444,138.80972222222,ok
docomo,関東,山梨県,ドコモショップ南アルプス店,400-0305 山梨県南アルプス市十五所685-3 南アルプスガーデン内,https://shop.smt.docomo.ne.jp/shop_detail/0300301405500/index.html,35.618830277778,138.46959833333,ok
docomo,関東,山梨県,ドコモショップ身延店,409-3423 山梨県南巨摩郡身延町飯富29-Jan,https://shop.smt.docomo.ne.jp/shop_detail/0300303755800/index.html,35.432991666667,138.44123138889,ok
docomo,関東,山梨県,ドコモショップラザウォーク双葉店,400-0107 山梨県甲斐市志田字柿木645-1 ラザウォーク甲斐双葉　１４２,https://shop.smt.docomo.ne.jp/shop_detail/0300306416800/index.html,35.684663888889,138.48207805556,ok
docomo,東海,長野県,ドコモショップ梓川店,390-1701 長野県松本市梓川倭2-1,https://shop.smt.docomo.ne.jp/shop_detail/0300306618400/index.html,36.241983055556,137.89023416667,ok
docomo,東海,長野県,ドコモショップ安曇野インター店,399-8201 長野県安曇野市豊科南穂高1233,https://shop.smt.docomo.ne.jp/shop_detail/0300306243300/index.html,36.300833333333,137.925,ok
docomo,東海,長野県,ドコモショップ飯田アップルロード店,395-0804 長野県飯田市鼎名古熊13-Feb,https://shop.smt.docomo.ne.jp/shop_detail/0300306299200/index.html,35.499433611111,137.83087083333,ok
docomo,東海,長野県,ドコモショップ飯山店,389-2255 長野県飯山市静間1385-4,https://shop.smt.docomo.ne.jp/shop_detail/0300303682100/index.html,36.835493055556,138.35743944444,ok
docomo,東海,長野県,ドコモショップイオンモール須坂店,382-8501 長野県須坂市大字福島386-1 イオンモール須坂,https://shop.smt.docomo.ne.jp/shop_detail/0300306229800/index.html,36.639601944444,138.27341972222,ok
docomo,東海,長野県,ドコモショップイオンモール松本店,390-8560 長野県松本市中央4-9-51 晴庭,https://shop.smt.docomo.ne.jp/shop_detail/0300306745500/index.html,36.234305,137.97863111111,ok
docomo,東海,長野県,ドコモショップ伊那店,396-0023 長野県伊那市山寺286-4,https://shop.smt.docomo.ne.jp/shop_detail/0300301459800/index.html,35.847791388889,137.96909805556,ok
docomo,東海,長野県,ドコモショップ上田大屋店,386-0152 長野県上田市大屋363-9,https://shop.smt.docomo.ne.jp/shop_detail/0300306896000/index.html,36.371940833333,138.29082361111,ok
docomo,東海,長野県,ドコモショップ上田店,386-0012 長野県上田市中央8-22,https://shop.smt.docomo.ne.jp/shop_detail/0361141141400/index.html,36.405395833333,138.25364027778,ok
docomo,東海,長野県,ドコモショップ大町店,398-0002 長野県大町市大町7-00,https://shop.smt.docomo.ne.jp/shop_detail/0300306286900/index.html,36.498055833333,137.85668138889,ok
docomo,東海,長野県,ドコモショップ軽井沢店,389-0111 長野県北佐久郡軽井沢町長倉1721-1,https://shop.smt.docomo.ne.jp/shop_detail/0300305485300/index.html,36.337434722222,138.59045861111,ok
docomo,東海,長野県,ドコモショップ木曽店,397-0001 長野県木曽郡木曽町福島6205-17,https://shop.smt.docomo.ne.jp/shop_detail/0300303682400/index.html,35.842856111111,137.69060444444,ok
docomo,東海,長野県,ドコモショップ駒ヶ根店,399-4117 長野県駒ヶ根市赤穂1310-2,https://shop.smt.docomo.ne.jp/shop_detail/0300304100400/index.html,35.740400833333,137.922155,ok
docomo,東海,長野県,ドコモショップ駒ヶ根バイパス店,399-4108 長野県駒ヶ根市下市場37-21,https://shop.smt.docomo.ne.jp/shop_detail/0300306917400/index.html,35.7254675,137.93941944444,ok
docomo,東海,長野県,ドコモショップ小諸店,384-0043 長野県小諸市大字諸5-17,https://shop.smt.docomo.ne.jp/shop_detail/0300306208300/index.html,36.336717222222,138.41570722222,ok
docomo,東海,長野県,ドコモショップ佐久インターウェーブ店,385-0009 長野県佐久市小田井613-1 ショッピングセンター佐久インターウェーブ内,https://shop.smt.docomo.ne.jp/shop_detail/0300306357100/index.html,36.289678888889,138.48760138889,ok
docomo,東海,長野県,ドコモショップ佐久平店,385-0022 長野県佐久市岩村田12-Jan,https://shop.smt.docomo.ne.jp/shop_detail/0361141141700/index.html,36.272980833333,138.46159694444,ok
docomo,東海,長野県,ドコモショップサテライト須坂店,382-0097 長野県須坂市南横町1618-1,https://shop.smt.docomo.ne.jp/shop_detail/0300307460600/index.html,36.654227777778,138.30431666667,ok
docomo,東海,長野県,ドコモショップ塩尻店,399-0742 長野県塩尻市大門泉町10-13,https://shop.smt.docomo.ne.jp/shop_detail/0300306903700/index.html,36.118888888889,137.95833333333,ok
docomo,東海,長野県,ドコモショップ塩尻吉田ＳＳ店,399-0701 長野県塩尻市大字広丘吉田1111-1,https://shop.smt.docomo.ne.jp/shop_detail/0300306063900/index.html,36.164378055556,137.95396111111,ok
docomo,東海,長野県,ドコモショップ塩田店,386-1105 長野県上田市吉田1-42,https://shop.smt.docomo.ne.jp/shop_detail/0300306787000/index.html,36.389091111111,138.21020444444,ok
docomo,東海,長野県,ドコモショップ諏訪店,392-0012 長野県諏訪市四賀赤沼1730-1 メイクイットビル,https://shop.smt.docomo.ne.jp/shop_detail/0361164009100/index.html,36.020743611111,138.12367111111,ok
docomo,東海,長野県,ドコモショップ千曲店,387-0014 長野県千曲市打沢1-14,https://shop.smt.docomo.ne.jp/shop_detail/0300306159200/index.html,36.523900555556,138.12559416667,ok
docomo,東海,長野県,ドコモショップ茅野店,391-0001 長野県茅野市ちの278-3,https://shop.smt.docomo.ne.jp/shop_detail/0300306772100/index.html,35.998760555556,138.14405861111,ok
docomo,東海,長野県,ドコモショップ中野店,383-0012 長野県中野市一本木1-26,https://shop.smt.docomo.ne.jp/shop_detail/0361141145400/index.html,36.757222222222,138.36916666667,ok
docomo,東海,長野県,ドコモショップ長野篠ノ井店,388-8003 長野県長野市篠ノ井小森字福王寺490-2,https://shop.smt.docomo.ne.jp/shop_detail/0300301218400/index.html,36.575228888889,138.15365472222,ok
docomo,東海,長野県,ドコモショップ長野ＴＯｉＧＯ店,380-0834 長野県長野市鶴賀問御所町1200 ＴＯｉＧＯ　ＳＢＣ,https://shop.smt.docomo.ne.jp/shop_detail/0300306063500/index.html,36.649838055556,138.18787166667,ok
docomo,東海,長野県,ドコモショップ長野長池店,381-0024 長野県長野市南長池231-1,https://shop.smt.docomo.ne.jp/shop_detail/0361141140100/index.html,36.641944444444,138.23638888889,ok
docomo,東海,長野県,ドコモショップ長野南バイパス店,381-2217 長野県長野市稲里町中央1-3-48,https://shop.smt.docomo.ne.jp/shop_detail/0300302009700/index.html,36.603266944444,138.17320666667,ok
docomo,東海,長野県,ドコモショップ長野若槻店,381-0042 長野県長野市稲田7-19,https://shop.smt.docomo.ne.jp/shop_detail/0300306608500/index.html,36.675438611111,138.21696361111,ok
docomo,東海,長野県,ドコモショップ松本インター渚店,390-0841 長野県松本市渚3-1-43,https://shop.smt.docomo.ne.jp/shop_detail/0361131351600/index.html,36.2313825,137.95537444444,ok
docomo,東海,長野県,ドコモショップ松本店,390-0834 長野県松本市高宮中3-7,https://shop.smt.docomo.ne.jp/shop_detail/0300303543000/index.html,36.212400555556,137.96024944444,ok
docomo,東海,長野県,ドコモショップ南佐久店,385-0053 長野県佐久市野沢587-1,https://shop.smt.docomo.ne.jp/shop_detail/0300306649800/index.html,36.224813888889,138.45649388889,ok
docomo,東海,長野県,ドコモショップ箕輪バイパス店,399-4601 長野県上伊那郡箕輪町大字中箕輪20-Apr,https://shop.smt.docomo.ne.jp/shop_detail/0300306169500/index.html,35.908977222222,137.99456305556,ok
docomo,東海,長野県,ドコモショップＭＥＧＡドンキホーテＵＮＹ高森店,399-3101 長野県下伊那郡高森町山吹4515 ＭＥＧＡドン・キホーテＵＮＹ高森店,https://shop.smt.docomo.ne.jp/shop_detail/0300306905600/index.html,35.573073888889,137.89893388889,ok
docomo,東海,長野県,ドコモショップレイクウォーク岡谷店,394-0022 長野県岡谷市銀座1-5 レイクウォーク岡谷　２階　２１５,https://shop.smt.docomo.ne.jp/shop_detail/0300306064100/index.html,36.065670555556,138.05243416667,ok
docomo,東海,岐阜県,ドコモショップアクアウォーク大垣店,503-0015 岐阜県大垣市林町6-80-21 アクアウォーク大垣,https://shop.smt.docomo.ne.jp/shop_detail/0400501210500/index.html,35.369881944444,136.6173,ok
docomo,東海,岐阜県,ドコモショップアピタ北方店,501-0438 岐阜県本巣郡北方町平成2-3 アピタ北方店,https://shop.smt.docomo.ne.jp/shop_detail/0400500711000/index.html,35.4325,136.68138888889,ok
docomo,東海,岐阜県,ドコモショップイオンモール土岐店,509-5122 岐阜県土岐市土岐津町土岐口1372-1 イオンモール土岐,https://shop.smt.docomo.ne.jp/shop_detail/0400501214800/index.html,35.346768888889,137.15419083333,ok
docomo,東海,岐阜県,ドコモショップ揖斐大野店,501-0521 岐阜県揖斐郡大野町大字黒野39,https://shop.smt.docomo.ne.jp/shop_detail/0400501288600/index.html,35.468053888889,136.62309111111,ok
docomo,東海,岐阜県,ドコモショップ恵那店,509-7201 岐阜県恵那市大井町字雀子ヶ根2087-33,https://shop.smt.docomo.ne.jp/shop_detail/0400500025100/index.html,35.456239166667,137.43577027778,ok
docomo,東海,岐阜県,ドコモショップ大垣インター店,503-0944 岐阜県大垣市横曽根3-97,https://shop.smt.docomo.ne.jp/shop_detail/0400501029900/index.html,35.303140833333,136.61517277778,ok
docomo,東海,岐阜県,ドコモショップ大垣店,503-0804 岐阜県大垣市中ノ江3-1,https://shop.smt.docomo.ne.jp/shop_detail/0481703107500/index.html,35.36478,136.64313416667,ok
docomo,東海,岐阜県,ドコモショップ大垣西店,503-0033 岐阜県大垣市福田町字丸内103-1,https://shop.smt.docomo.ne.jp/shop_detail/0481710053000/index.html,35.378555555556,136.58824555556,ok
docomo,東海,岐阜県,ドコモショップ海津店,503-0652 岐阜県海津市海津町馬目字西方417-1,https://shop.smt.docomo.ne.jp/shop_detail/0400501286400/index.html,35.224571944444,136.63462138889,ok
docomo,東海,岐阜県,ドコモショップ各務原店,504-0832 岐阜県各務原市蘇原花園町2-38 イオンタウン各務原内,https://shop.smt.docomo.ne.jp/shop_detail/0400501114500/index.html,35.411473055556,136.84931861111,ok
docomo,東海,岐阜県,ドコモショップ各務原鵜沼店,509-0132 岐阜県各務原市鵜沼西町３丁目309 イオンタウン各務原鵜沼店内,https://shop.smt.docomo.ne.jp/shop_detail/0400500528900/index.html,35.401663611111,136.93435972222,ok
docomo,東海,岐阜県,ドコモショップ可児広見店,509-0214 岐阜県可児市広見1-52 バロー広見ショッピングセンター内,https://shop.smt.docomo.ne.jp/shop_detail/0400500951000/index.html,35.414765,137.05972194444,ok
docomo,東海,岐阜県,ドコモショップカラフルタウン岐阜店,501-6115 岐阜県岐阜市柳津町丸野3-6 カラフルタウン岐阜,https://shop.smt.docomo.ne.jp/shop_detail/0400500452100/index.html,35.363019722222,136.72750972222,ok
docomo,東海,岐阜県,ドコモショップ北方店,501-0458 岐阜県本巣郡北方町高屋天神浦1290-1,https://shop.smt.docomo.ne.jp/shop_detail/0400500309700/index.html,35.419666666667,136.68320833333,ok
docomo,東海,岐阜県,ドコモショップ岐南三宅店,501-6002 岐阜県羽島郡岐南町三宅4-97,https://shop.smt.docomo.ne.jp/shop_detail/0400500874100/index.html,35.391256388889,136.79810472222,ok
docomo,東海,岐阜県,ドコモショップ岐阜オーキッドパーク店,500-8891 岐阜県岐阜市香蘭1-12 オーキッドパーク東棟,https://shop.smt.docomo.ne.jp/shop_detail/0400500945600/index.html,35.410891666667,136.74652305556,ok
docomo,東海,岐阜県,ドコモショップ岐阜長森店,500-8223 岐阜県岐阜市水海道1-5,https://shop.smt.docomo.ne.jp/shop_detail/0400500864800/index.html,35.4075,136.81138888889,ok
docomo,東海,岐阜県,ドコモショップ岐阜正木店,502-0866 岐阜県岐阜市正木南1-20-34,https://shop.smt.docomo.ne.jp/shop_detail/0400501034900/index.html,35.44962,136.74077611111,ok
docomo,東海,岐阜県,ドコモショップ郡上八幡店,501-4234 岐阜県郡上市八幡町五町5-14,https://shop.smt.docomo.ne.jp/shop_detail/0400500955600/index.html,35.755325833333,136.94516555556,ok
docomo,東海,岐阜県,ドコモショップ下呂店,509-2201 岐阜県下呂市東上田462,https://shop.smt.docomo.ne.jp/shop_detail/0400501032400/index.html,35.831090277778,137.23383222222,ok
docomo,東海,岐阜県,ドコモショップ関口店,501-3908 岐阜県関市寿町２丁目4-30,https://shop.smt.docomo.ne.jp/shop_detail/0400501072400/index.html,35.476782777778,136.92378611111,ok
docomo,東海,岐阜県,ドコモショップ関マーゴ店,501-3936 岐阜県関市倉知516 サンサンシティマーゴ　スポーツ館,https://shop.smt.docomo.ne.jp/shop_detail/0400500161300/index.html,35.478971111111,136.90040888889,ok
docomo,東海,岐阜県,ドコモショップ高富店,502-0002 岐阜県岐阜市粟野東4-176,https://shop.smt.docomo.ne.jp/shop_detail/0400500672600/index.html,35.489395,136.78482194444,ok
docomo,東海,岐阜県,ドコモショップ高山店,506-0052 岐阜県高山市下岡本町1006-1,https://shop.smt.docomo.ne.jp/shop_detail/0481710057000/index.html,36.153325833333,137.24504694444,ok
docomo,東海,岐阜県,ドコモショップ多治見駅前店,507-0033 岐阜県多治見市本町１丁目122 プラティ多治見,https://shop.smt.docomo.ne.jp/shop_detail/0400501118300/index.html,35.334299722222,137.12109,ok
docomo,東海,岐阜県,ドコモショップ多治見店,507-0052 岐阜県多治見市光ケ丘４丁目3-59,https://shop.smt.docomo.ne.jp/shop_detail/0481710051000/index.html,35.346944444444,137.11027777778,ok
docomo,東海,岐阜県,ドコモショップ中津川店,508-0001 岐阜県中津川市中津川2946-22,https://shop.smt.docomo.ne.jp/shop_detail/0400500959100/index.html,35.484975277778,137.50424722222,ok
docomo,東海,岐阜県,ドコモショップ羽島店,501-6232 岐阜県羽島市竹鼻町狐穴573-1,https://shop.smt.docomo.ne.jp/shop_detail/0400501111600/index.html,35.3180425,136.70708916667,ok
docomo,東海,岐阜県,ドコモショップ瑞浪店,509-6108 岐阜県瑞浪市益見町3-43,https://shop.smt.docomo.ne.jp/shop_detail/0400500500400/index.html,35.361388888889,137.26166666667,ok
docomo,東海,岐阜県,ドコモショップ美濃加茂店,505-0036 岐阜県美濃加茂市山手町1-80,https://shop.smt.docomo.ne.jp/shop_detail/0400500535000/index.html,35.450038611111,137.01916833333,ok
docomo,東海,岐阜県,ドコモショップ美濃店,501-3746 岐阜県美濃市中央10-72,https://shop.smt.docomo.ne.jp/shop_detail/0400500569400/index.html,35.530523888889,136.90463111111,ok
docomo,東海,岐阜県,ドコモショップＭＥＧＡドン・キホーテＵＮＹ岐阜店,500-8462 岐阜県岐阜市加納神明町6-1 ＭＥＧＡドン・キホーテＵＮＹ岐阜店,https://shop.smt.docomo.ne.jp/shop_detail/0400500581400/index.html,35.401465,136.74886083333,ok
docomo,東海,岐阜県,ドコモショップモレラ岐阜店,501-0406 岐阜県本巣市三橋1100,https://shop.smt.docomo.ne.jp/shop_detail/0400501218200/index.html,35.455968333333,136.67356444444,ok
docomo,東海,岐阜県,ドコモショップ養老店,503-1336 岐阜県養老郡養老町飯積1-12,https://shop.smt.docomo.ne.jp/shop_detail/0400500677000/index.html,35.320486944444,136.56731111111,ok
docomo,東海,岐阜県,ドコモショップラスパ御嵩店,505-0126 岐阜県可児郡御嵩町上恵土字浦畑1012-8,https://shop.smt.docomo.ne.jp/shop_detail/0481710055000/index.html,35.435861944444,137.07037888889,ok
docomo,東海,岐阜県,ドコモショップリバーサイド高山店,509-4119 岐阜県高山市国府町広瀬町1577,https://shop.smt.docomo.ne.jp/shop_detail/0400501080400/index.html,36.214166666667,137.20722222222,ok
docomo,東海,静岡県,ドコモショップ浅羽パディ店,437-1122 静岡県袋井市浅岡425,https://shop.smt.docomo.ne.jp/shop_detail/0400501239800/index.html,34.7106,137.91733138889,ok
docomo,東海,静岡県,ドコモショップあずきもち店,433-8113 静岡県浜松市中央区小豆餅２丁目11-18,https://shop.smt.docomo.ne.jp/shop_detail/0400501088500/index.html,34.752713611111,137.72693777778,ok
docomo,東海,静岡県,ドコモショップ熱海店,413-0014 静岡県熱海市渚町1-21,https://shop.smt.docomo.ne.jp/shop_detail/0400500845200/index.html,35.093548888889,139.07364111111,ok
docomo,東海,静岡県,ドコモショップイオンタウン富士南店,416-0934 静岡県富士市鮫島118-10 イオンタウン富士南,https://shop.smt.docomo.ne.jp/shop_detail/0481710008300/index.html,35.140926944444,138.67519972222,ok
docomo,東海,静岡県,ドコモショップイオンモール富士宮店,418-0032 静岡県富士宮市浅間町1-8 イオンモール富士宮,https://shop.smt.docomo.ne.jp/shop_detail/0481715101300/index.html,35.220731944444,138.61253055556,ok
docomo,東海,静岡県,ドコモショップ伊東店,414-0038 静岡県伊東市広野4-4,https://shop.smt.docomo.ne.jp/shop_detail/0400500136300/index.html,34.958835,139.09102861111,ok
docomo,東海,静岡県,ドコモショップ磐田上岡田店,438-0047 静岡県磐田市豊島344-1 バローオカノ磐田店内,https://shop.smt.docomo.ne.jp/shop_detail/0400501268100/index.html,34.704399722222,137.85140805556,ok
docomo,東海,静岡県,ドコモショップ磐田店,438-0071 静岡県磐田市今之浦12-8,https://shop.smt.docomo.ne.jp/shop_detail/0400501130000/index.html,34.720901666667,137.85786972222,ok
docomo,東海,静岡県,ドコモショップ大仁店,410-2322 静岡県伊豆の国市吉田355-4,https://shop.smt.docomo.ne.jp/shop_detail/0400500638200/index.html,35.000256111111,138.93901777778,ok
docomo,東海,静岡県,ドコモショップ掛川大池店,436-0043 静岡県掛川市大池2951,https://shop.smt.docomo.ne.jp/shop_detail/0400501270000/index.html,34.773869166667,137.99235277778,ok
docomo,東海,静岡県,ドコモショップ掛川宮脇店,436-0086 静岡県掛川市宮脇1-16-19,https://shop.smt.docomo.ne.jp/shop_detail/0400501264300/index.html,34.779808888889,138.02835611111,ok
docomo,東海,静岡県,ドコモショップ菊川店,439-0031 静岡県菊川市加茂5879,https://shop.smt.docomo.ne.jp/shop_detail/0400501224500/index.html,34.740801388889,138.08521555556,ok
docomo,東海,静岡県,ドコモショップ湖西店,431-0431 静岡県湖西市鷲津484-6,https://shop.smt.docomo.ne.jp/shop_detail/0400500379700/index.html,34.718258333333,137.54179777778,ok
docomo,東海,静岡県,ドコモショップ御殿場店,412-0026 静岡県御殿場市東田中２丁目2-7,https://shop.smt.docomo.ne.jp/shop_detail/0400500442400/index.html,35.301245833333,138.93998277778,ok
docomo,東海,静岡県,ドコモショップ御殿場Ｒ２４６店,412-0045 静岡県御殿場市川島田894-1,https://shop.smt.docomo.ne.jp/shop_detail/0400501278300/index.html,35.300656111111,138.92266694444,ok
docomo,東海,静岡県,ドコモショップ佐鳴台店,432-8061 静岡県浜松市中央区入野町726-3,https://shop.smt.docomo.ne.jp/shop_detail/0400500547900/index.html,34.699968611111,137.6989325,ok
docomo,東海,静岡県,ドコモショップさんじの店,430-0816 静岡県浜松市中央区参野町1-69 サンフォーレ矢野,https://shop.smt.docomo.ne.jp/shop_detail/0461715000200/index.html,34.691889444444,137.75551166667,ok
docomo,東海,静岡県,ドコモショップ昭府店,420-0871 静岡県静岡市葵区昭府1-18-5,https://shop.smt.docomo.ne.jp/shop_detail/0400500660600/index.html,34.998783055556,138.37042388889,ok
docomo,東海,静岡県,ドコモショップ静岡安東店,420-0861 静岡県静岡市葵区丸山町1-31,https://shop.smt.docomo.ne.jp/shop_detail/0400501247600/index.html,34.986330555556,138.37639166667,ok
docomo,東海,静岡県,ドコモショップ静岡南店,422-8041 静岡県静岡市駿河区中田2-5,https://shop.smt.docomo.ne.jp/shop_detail/0481716001000/index.html,34.961204722222,138.39825166667,ok
docomo,東海,静岡県,ドコモショップ島田店（静岡県）,427-0056 静岡県島田市大津通11-19,https://shop.smt.docomo.ne.jp/shop_detail/0400500961400/index.html,34.834281111111,138.17862611111,ok
docomo,東海,静岡県,ドコモショップ清水店,424-0806 静岡県静岡市清水区辻1-31,https://shop.smt.docomo.ne.jp/shop_detail/0481703060300/index.html,35.025735555556,138.487015,ok
docomo,東海,静岡県,ドコモショップ清水Ｒ１号店,424-0053 静岡県静岡市清水区渋川2-6,https://shop.smt.docomo.ne.jp/shop_detail/0400501269900/index.html,35.017777777778,138.46983333333,ok
docomo,東海,静岡県,ドコモショップ下田店,415-0023 静岡県下田市4-24,https://shop.smt.docomo.ne.jp/shop_detail/0400500386600/index.html,34.672721111111,138.94379888889,ok
docomo,東海,静岡県,ドコモショップ新北街道店,420-0810 静岡県静岡市葵区上土1-1-75,https://shop.smt.docomo.ne.jp/shop_detail/0400500484100/index.html,34.998899166667,138.4148275,ok
docomo,東海,静岡県,ドコモショップ新静岡店,420-0857 静岡県静岡市葵区御幸町3-21 ペガサート１Ｆ,https://shop.smt.docomo.ne.jp/shop_detail/0400500539700/index.html,34.975043333333,138.38612805556,ok
docomo,東海,静岡県,ドコモショップ裾野店,410-1118 静岡県裾野市佐野1588-5,https://shop.smt.docomo.ne.jp/shop_detail/0400501119800/index.html,35.169077222222,138.90479,ok
docomo,東海,静岡県,ドコモショップ天竜店,434-0016 静岡県浜松市浜名区根堅2-82,https://shop.smt.docomo.ne.jp/shop_detail/0400501134200/index.html,34.843057777778,137.79825222222,ok
docomo,東海,静岡県,ドコモショップ東新田店,421-0112 静岡県静岡市駿河区東新田1-15-15,https://shop.smt.docomo.ne.jp/shop_detail/0400500947700/index.html,34.947403333333,138.36975027778,ok
docomo,東海,静岡県,ドコモショップ沼津八間通り店,410-0832 静岡県沼津市御幸町20-20,https://shop.smt.docomo.ne.jp/shop_detail/0400500410500/index.html,35.093796666667,138.86442555556,ok
docomo,東海,静岡県,ドコモショップ沼津リコー通り店,410-0054 静岡県沼津市北高島町7-3,https://shop.smt.docomo.ne.jp/shop_detail/0481710008100/index.html,35.113340277778,138.85973972222,ok
docomo,東海,静岡県,ドコモショップ浜岡店,437-1612 静岡県御前崎市池新田9-Jan,https://shop.smt.docomo.ne.jp/shop_detail/0400500504000/index.html,34.636131944444,138.13203972222,ok
docomo,東海,静岡県,ドコモショップ浜松有玉店,431-3115 静岡県浜松市中央区西ケ崎町1874-1,https://shop.smt.docomo.ne.jp/shop_detail/0400501246800/index.html,34.773055555556,137.75944444444,ok
docomo,東海,静岡県,ドコモショップ浜松市野店,435-0052 静岡県浜松市中央区天王町2-82,https://shop.smt.docomo.ne.jp/shop_detail/0400501222500/index.html,34.7350375,137.76482638889,ok
docomo,東海,静岡県,ドコモショップ浜松志都呂店,432-8069 静岡県浜松市中央区志都呂一丁目32-17,https://shop.smt.docomo.ne.jp/shop_detail/0400501232600/index.html,34.698411944444,137.65682055556,ok
docomo,東海,静岡県,ドコモショップ浜松中央店,430-0944 静岡県浜松市中央区田町226-11,https://shop.smt.docomo.ne.jp/shop_detail/0400500410800/index.html,34.709347777778,137.73071194444,ok
docomo,東海,静岡県,ドコモショップ浜松富塚店,432-8002 静岡県浜松市中央区富塚町5-Jan,https://shop.smt.docomo.ne.jp/shop_detail/0400501229900/index.html,34.724915,137.69498166667,ok
docomo,東海,静岡県,ドコモショップ浜松東店,430-0913 静岡県浜松市中央区船越町34-25,https://shop.smt.docomo.ne.jp/shop_detail/0481709770000/index.html,34.718217777778,137.74693027778,ok
docomo,東海,静岡県,ドコモショップ袋井店,437-0064 静岡県袋井市川井1340-1,https://shop.smt.docomo.ne.jp/shop_detail/0400500959900/index.html,34.748796111111,137.90984,ok
docomo,東海,静岡県,ドコモショップ富士今泉店,417-0001 静岡県富士市今泉3-4-35,https://shop.smt.docomo.ne.jp/shop_detail/0400501127500/index.html,35.164218611111,138.69592833333,ok
docomo,東海,静岡県,ドコモショップ藤枝青島店,426-0036 静岡県藤枝市上青島443-1,https://shop.smt.docomo.ne.jp/shop_detail/0400501267300/index.html,34.843055555556,138.22,ok
docomo,東海,静岡県,ドコモショップ藤枝店,426-0037 静岡県藤枝市青木3-10-43,https://shop.smt.docomo.ne.jp/shop_detail/0400500292500/index.html,34.855529722222,138.25393027778,ok
docomo,東海,静岡県,ドコモショップ藤枝東店,426-0018 静岡県藤枝市本町4-30,https://shop.smt.docomo.ne.jp/shop_detail/0400501256100/index.html,34.876029444444,138.26593805556,ok
docomo,東海,静岡県,ドコモショップ富士宮店,418-0025 静岡県富士宮市前田町1,https://shop.smt.docomo.ne.jp/shop_detail/0400500255100/index.html,35.215910277778,138.62729333333,ok
docomo,東海,静岡県,ドコモショップ富士南店,416-0923 静岡県富士市横割本町17-15,https://shop.smt.docomo.ne.jp/shop_detail/0400500266300/index.html,35.149488611111,138.65108,ok
docomo,東海,静岡県,ドコモショッププレ葉ウォーク浜北店,434-8502 静岡県浜松市浜名区貴布祢1200,https://shop.smt.docomo.ne.jp/shop_detail/0400500169900/index.html,34.797593888889,137.77929472222,ok
docomo,東海,静岡県,ドコモショップベイドリーム清水店,424-0906 静岡県静岡市清水区駒越北町8-1 ベイドリーム清水,https://shop.smt.docomo.ne.jp/shop_detail/0400501078500/index.html,34.984762777778,138.49958277778,ok
docomo,東海,静岡県,ドコモショップマークイズ静岡店,420-0821 静岡県静岡市葵区柚木1026 マークイズ静岡,https://shop.smt.docomo.ne.jp/shop_detail/0400501241900/index.html,34.983888888889,138.40944444444,ok
docomo,東海,静岡県,ドコモショップ三方原店,433-8112 静岡県浜松市中央区初生町805-1,https://shop.smt.docomo.ne.jp/shop_detail/0400500752100/index.html,34.766817777778,137.71843111111,ok
docomo,東海,静岡県,ドコモショップ三島函南店,419-0123 静岡県田方郡函南町間宮434-1,https://shop.smt.docomo.ne.jp/shop_detail/0400501114100/index.html,35.083081944444,138.93550333333,ok
docomo,東海,静岡県,ドコモショップ三島店,411-0907 静岡県駿東郡清水町伏見58-14,https://shop.smt.docomo.ne.jp/shop_detail/0481710008400/index.html,35.108151111111,138.90164194444,ok
docomo,東海,静岡県,ドコモショップ宮北店,418-0052 静岡県富士宮市淀平町827-5,https://shop.smt.docomo.ne.jp/shop_detail/0400500669600/index.html,35.238486388889,138.60936277778,ok
docomo,東海,静岡県,ドコモショップみろく店,420-0042 静岡県静岡市葵区駒形通6-13-24,https://shop.smt.docomo.ne.jp/shop_detail/0400500658800/index.html,34.962650555556,138.37212222222,ok
docomo,東海,静岡県,ドコモショップ焼津店,425-0082 静岡県焼津市大村２丁目29-19,https://shop.smt.docomo.ne.jp/shop_detail/0481766304300/index.html,34.870131666667,138.30639583333,ok
docomo,東海,静岡県,ドコモショップ焼津南店,425-0041 静岡県焼津市石津9-4,https://shop.smt.docomo.ne.jp/shop_detail/0400500947300/index.html,34.842723055556,138.31194888889,ok
docomo,東海,静岡県,ドコモショップ吉田インター店,421-0304 静岡県榛原郡吉田町神戸550,https://shop.smt.docomo.ne.jp/shop_detail/0400501145100/index.html,34.786422222222,138.24774722222,ok
docomo,東海,静岡県,ドコモショップららぽーと磐田店,438-0801 静岡県磐田市高見丘1200 ららぽーと磐田,https://shop.smt.docomo.ne.jp/shop_detail/0400501279700/index.html,34.750363888889,137.842905,ok
docomo,東海,静岡県,ドコモショップららぽーと沼津店,410-8541 静岡県沼津市東椎路字東荒301-3,https://shop.smt.docomo.ne.jp/shop_detail/0400500754600/index.html,35.118403611111,138.840165,ok
docomo,東海,愛知県,ｄ　ｇａｒｄｅｎ名古屋栄店,460-0008 愛知県名古屋市中区栄4-6 サカエチカ　大同特殊鋼　Ｐｈｅｎｉｘスクエア前,https://shop.smt.docomo.ne.jp/shop_detail/0400500528600/index.html,35.1686125,136.90701,ok
docomo,東海,愛知県,ｄ　ｇａｒｄｅｎ東刈谷店（ドコモショップ東刈谷店）,448-0802 愛知県刈谷市末広町1-19-4,https://shop.smt.docomo.ne.jp/shop_detail/0400501267900/index.html,34.974220833333,137.04550777778,ok
docomo,東海,愛知県,ドコモショップアピタ阿久比店,470-2214 愛知県知多郡阿久比町大字椋岡字徳吉1-12 アピタ阿久比店内,https://shop.smt.docomo.ne.jp/shop_detail/0400500731600/index.html,34.921025277778,136.92092777778,ok
docomo,東海,愛知県,ドコモショップアピタ蒲郡店,443-0034 愛知県蒲郡市港町10-17 アピタ蒲郡店,https://shop.smt.docomo.ne.jp/shop_detail/0400500829100/index.html,34.821273888889,137.225345,ok
docomo,東海,愛知県,ドコモショップアピタパワー新守山店,463-0070 愛知県名古屋市守山区新守山2830 アピタパワー新守山店,https://shop.smt.docomo.ne.jp/shop_detail/0400501289900/index.html,35.204444444444,136.94833333333,ok
docomo,東海,愛知県,ドコモショップ新瑞店,467-0842 愛知県名古屋市瑞穂区妙音通4-16,https://shop.smt.docomo.ne.jp/shop_detail/0481704111100/index.html,35.117795833333,136.93366611111,ok
docomo,東海,愛知県,ドコモショップ安城店,444-1155 愛知県安城市堀内町カラ桶2-23,https://shop.smt.docomo.ne.jp/shop_detail/0481709440000/index.html,34.9260175,137.0874775,ok
docomo,東海,愛知県,ドコモショップイオンタウン熱田千年店,456-0054 愛知県名古屋市熱田区千年1-16-30 イオンタウン熱田千年内,https://shop.smt.docomo.ne.jp/shop_detail/0461750777700/index.html,35.118668055556,136.89936194444,ok
docomo,東海,愛知県,ドコモショップイオンタウン刈谷店,448-0007 愛知県刈谷市東境町京和1 イオンタウン刈谷内,https://shop.smt.docomo.ne.jp/shop_detail/0400500842100/index.html,35.038416944444,137.02723611111,ok
docomo,東海,愛知県,ドコモショップイオンタウン千種店,464-0858 愛知県名古屋市千種区千種2-16-13 イオンタウン千種店　２階,https://shop.smt.docomo.ne.jp/shop_detail/0400501285900/index.html,35.161729722222,136.92417,ok
docomo,東海,愛知県,ドコモショップイオンタウン名西店,451-0015 愛知県名古屋市西区香呑町６丁目1-49 イオンタウン名西,https://shop.smt.docomo.ne.jp/shop_detail/0481714013000/index.html,35.204239722222,136.89282,ok
docomo,東海,愛知県,ドコモショップイオンタウン弥富店,498-0014 愛知県弥富市五明町蒲原1371-4,https://shop.smt.docomo.ne.jp/shop_detail/0400500927900/index.html,35.114065,136.71810361111,ok
docomo,東海,愛知県,ドコモショップイオン豊橋南店,441-8124 愛知県豊橋市野依町字落合1-12 イオン豊橋南ショッピングセンター,https://shop.smt.docomo.ne.jp/shop_detail/0400501267100/index.html,34.709444444444,137.38805555556,ok
docomo,東海,愛知県,ドコモショップイオンモール熱田店,456-0023 愛知県名古屋市熱田区六野2-11 イオンモール熱田,https://shop.smt.docomo.ne.jp/shop_detail/0400501323800/index.html,35.136696111111,136.90933388889,ok
docomo,東海,愛知県,ドコモショップイオンモール大高店,459-8016 愛知県名古屋市緑区南大高2-450 イオンモール大高,https://shop.smt.docomo.ne.jp/shop_detail/0400501269800/index.html,35.053055555556,136.94722222222,ok
docomo,東海,愛知県,ドコモショップイオンモール木曽川店,493-0001 愛知県一宮市木曽川町黒田字南八ツヶ池1-25 イオンモール木曽川,https://shop.smt.docomo.ne.jp/shop_detail/0400500839400/index.html,35.349166666667,136.77361111111,ok
docomo,東海,愛知県,ドコモショップイオンモール常滑店,479-0882 愛知県常滑市りんくう町2-20-3 イオンモール常滑,https://shop.smt.docomo.ne.jp/shop_detail/0400500514200/index.html,34.886280833333,136.82510888889,ok
docomo,東海,愛知県,ドコモショップイオンモール豊川店,442-0848 愛知県豊川市白鳥町兎足1-16 イオンモール豊川,https://shop.smt.docomo.ne.jp/shop_detail/0400501299500/index.html,34.82549,137.35125972222,ok
docomo,東海,愛知県,ドコモショップイオンモール名古屋茶屋店,455-0858 愛知県名古屋市港区西茶屋2-11 イオンモール名古屋茶屋,https://shop.smt.docomo.ne.jp/shop_detail/0461750111100/index.html,35.103641944444,136.82482972222,ok
docomo,東海,愛知県,ドコモショップイオンモールナゴヤドーム前店,461-0048 愛知県名古屋市東区矢田南4-102-3 イオンモールナゴヤドーム前,https://shop.smt.docomo.ne.jp/shop_detail/0481710001100/index.html,35.187175,136.94409388889,ok
docomo,東海,愛知県,ドコモショップイオンモール東浦店,470-2102 愛知県知多郡東浦町緒川旭2-13 イオンモール東浦,https://shop.smt.docomo.ne.jp/shop_detail/0400501251300/index.html,34.979736944444,136.97533194444,ok
docomo,東海,愛知県,ドコモショップイオン八事店,466-0834 愛知県名古屋市昭和区広路町石坂2-1 イオン八事店,https://shop.smt.docomo.ne.jp/shop_detail/0481710001500/index.html,35.137549722222,136.96261972222,ok
docomo,東海,愛知県,ドコモショップ一宮店（愛知県）,491-0862 愛知県一宮市緑1-4,https://shop.smt.docomo.ne.jp/shop_detail/0481710006100/index.html,35.301852222222,136.81841972222,ok
docomo,東海,愛知県,ドコモショップ一宮中央店,491-0053 愛知県一宮市今伊勢町本神戸字河原46,https://shop.smt.docomo.ne.jp/shop_detail/0400500845700/index.html,35.313503333333,136.79733472222,ok
docomo,東海,愛知県,ドコモショップ一宮西店,494-0003 愛知県一宮市三条ヱグロ1-98,https://shop.smt.docomo.ne.jp/shop_detail/0400500878800/index.html,35.310508055556,136.763945,ok
docomo,東海,愛知県,ドコモショップ一宮南店,491-0914 愛知県一宮市花池12-8,https://shop.smt.docomo.ne.jp/shop_detail/0400500676500/index.html,35.287582777778,136.79678888889,ok
docomo,東海,愛知県,ドコモショップ稲沢駅東店,492-8044 愛知県稲沢市陸田宮前１丁目12-7,https://shop.smt.docomo.ne.jp/shop_detail/0400500855800/index.html,35.264343611111,136.81827222222,ok
docomo,東海,愛知県,ドコモショップ稲沢店,492-8212 愛知県稲沢市小沢4-20-16,https://shop.smt.docomo.ne.jp/shop_detail/0400500188500/index.html,35.250055,136.79529138889,ok
docomo,東海,愛知県,ドコモショップ犬山店,484-0066 愛知県犬山市五郎丸郷瀬川8,https://shop.smt.docomo.ne.jp/shop_detail/0400500860700/index.html,35.359430555556,136.94313055556,ok
docomo,東海,愛知県,ドコモショップ今池店,464-0850 愛知県名古屋市千種区今池5-13,https://shop.smt.docomo.ne.jp/shop_detail/0400501098200/index.html,35.166455,136.93620611111,ok
docomo,東海,愛知県,ドコモショップ岩塚店,453-0834 愛知県名古屋市中村区豊国通3-17,https://shop.smt.docomo.ne.jp/shop_detail/0481715000100/index.html,35.163375,136.85432611111,ok
docomo,東海,愛知県,ドコモショップ植田焼山店,468-0002 愛知県名古屋市天白区焼山2-307,https://shop.smt.docomo.ne.jp/shop_detail/0400501189500/index.html,35.144549166667,136.99313333333,ok
docomo,東海,愛知県,ドコモショップエアポートウォーク名古屋店,480-0202 愛知県西春日井郡豊山町豊場林先1-8 エアポートウォーク名古屋,https://shop.smt.docomo.ne.jp/shop_detail/0400501267700/index.html,35.248387777778,136.92413083333,ok
docomo,東海,愛知県,ドコモショップ大須店,460-0011 愛知県名古屋市中区大須3-30-20 赤門通ビル,https://shop.smt.docomo.ne.jp/shop_detail/0481718100000/index.html,35.160161111111,136.905865,ok
docomo,東海,愛知県,ドコモショップ岡崎小呂店,444-0009 愛知県岡崎市小呂町1-17-1,https://shop.smt.docomo.ne.jp/shop_detail/0400501274700/index.html,34.962173055556,137.18534194444,ok
docomo,東海,愛知県,ドコモショップ岡崎北店,444-2132 愛知県岡崎市井ノ口新町6-6,https://shop.smt.docomo.ne.jp/shop_detail/0400500836500/index.html,34.991163888889,137.16652305556,ok
docomo,東海,愛知県,ドコモショップ岡崎緑丘店,444-0806 愛知県岡崎市緑丘1-28-2,https://shop.smt.docomo.ne.jp/shop_detail/0400501238500/index.html,34.917409722222,137.17799333333,ok
docomo,東海,愛知県,ドコモショップ岡崎南店,444-0201 愛知県岡崎市上和田町字サジ1-28,https://shop.smt.docomo.ne.jp/shop_detail/0481765000000/index.html,34.932924722222,137.14804555556,ok
docomo,東海,愛知県,ドコモショップ桶狭間店,458-0910 愛知県名古屋市緑区桶狭間森前1701,https://shop.smt.docomo.ne.jp/shop_detail/0400501299000/index.html,35.048651944444,136.96309305556,ok
docomo,東海,愛知県,ドコモショップ尾張旭店,488-0803 愛知県尾張旭市東大道町山の内2406,https://shop.smt.docomo.ne.jp/shop_detail/0400500743800/index.html,35.214192222222,137.03582333333,ok
docomo,東海,愛知県,ドコモショップ笠寺店,457-0058 愛知県名古屋市南区前浜通5-8,https://shop.smt.docomo.ne.jp/shop_detail/0400501287200/index.html,35.096533055556,136.93419805556,ok
docomo,東海,愛知県,ドコモショップ春日井北店,486-0841 愛知県春日井市南下原町3-14-12,https://shop.smt.docomo.ne.jp/shop_detail/0400500408500/index.html,35.270144166667,136.97092222222,ok
docomo,東海,愛知県,ドコモショップ春日井鳥居松店,486-0844 愛知県春日井市鳥居松町5-86,https://shop.smt.docomo.ne.jp/shop_detail/0400500946100/index.html,35.245516944444,136.97450388889,ok
docomo,東海,愛知県,ドコモショップ金山店,456-0002 愛知県名古屋市熱田区金山町7-5 電波学園金山第１ビル,https://shop.smt.docomo.ne.jp/shop_detail/0400500362100/index.html,35.142216111111,136.89967083333,ok
docomo,東海,愛知県,ドコモショップ蟹江インター店,496-0014 愛知県津島市金柳町字神様田97,https://shop.smt.docomo.ne.jp/shop_detail/0400500091000/index.html,35.152625,136.77711777778,ok
docomo,東海,愛知県,ドコモショップ神の倉店,458-0802 愛知県名古屋市緑区兵庫1-106,https://shop.smt.docomo.ne.jp/shop_detail/0400500855900/index.html,35.098001944444,137.00940388889,ok
docomo,東海,愛知県,ドコモショップ刈谷店,448-0049 愛知県刈谷市中手町6-801,https://shop.smt.docomo.ne.jp/shop_detail/0481714010000/index.html,35.006624166667,136.99215166667,ok
docomo,東海,愛知県,ドコモショップ蒲郡駅北店,443-0056 愛知県蒲郡市神明町8-12 プライムコート,https://shop.smt.docomo.ne.jp/shop_detail/0400501268200/index.html,34.823718888889,137.22940111111,ok
docomo,東海,愛知県,ドコモショップ清須店,452-0908 愛知県清須市寺野美鈴129,https://shop.smt.docomo.ne.jp/shop_detail/0400501275000/index.html,35.2091475,136.85457055556,ok
docomo,東海,愛知県,ドコモショップ吉良店,444-0516 愛知県西尾市吉良町吉田天笠桂3-16 ＭＥＧＡドン・キホーテＵＮＹ吉良店内,https://shop.smt.docomo.ne.jp/shop_detail/0400500876000/index.html,34.801053055556,137.06327805556,ok
docomo,東海,愛知県,ドコモショップ黒川店,462-0024 愛知県名古屋市北区鳩岡10-23,https://shop.smt.docomo.ne.jp/shop_detail/0400500401300/index.html,35.210570833333,136.9112725,ok
docomo,東海,愛知県,ドコモショップ高蔵寺店,487-0027 愛知県春日井市松本町11-6 高蔵寺コスモスガーデン,https://shop.smt.docomo.ne.jp/shop_detail/0400500155900/index.html,35.272948055556,137.02414694444,ok
docomo,東海,愛知県,ドコモショップ幸田店,444-0117 愛知県額田郡幸田町大字相見字越丸11,https://shop.smt.docomo.ne.jp/shop_detail/0400501141800/index.html,34.888665833333,137.16449972222,ok
docomo,東海,愛知県,ドコモショップ江南高屋店,483-8066 愛知県江南市高屋町西町125,https://shop.smt.docomo.ne.jp/shop_detail/0400501277400/index.html,35.347536944444,136.87227194444,ok
docomo,東海,愛知県,ドコモショップ江南店,483-8255 愛知県江南市木賀町定和163,https://shop.smt.docomo.ne.jp/shop_detail/0400501098900/index.html,35.322883611111,136.86838388889,ok
docomo,東海,愛知県,ドコモショップ河和店,470-2403 愛知県知多郡美浜町大字北方字西側1-88,https://shop.smt.docomo.ne.jp/shop_detail/0400500660800/index.html,34.778055555556,136.91027777778,ok
docomo,東海,愛知県,ドコモショップ小牧田県店,485-0001 愛知県小牧市久保一色東１丁目33,https://shop.smt.docomo.ne.jp/shop_detail/0400500855600/index.html,35.320555555556,136.94416666667,ok
docomo,東海,愛知県,ドコモショップ桜山店,466-0044 愛知県名古屋市昭和区桜山町3-66-2,https://shop.smt.docomo.ne.jp/shop_detail/0400500376000/index.html,35.142979166667,136.93380916667,ok
docomo,東海,愛知県,ドコモショップ新津島店,496-0027 愛知県津島市大字津島字北新開379,https://shop.smt.docomo.ne.jp/shop_detail/0400500686600/index.html,35.174106388889,136.74852138889,ok
docomo,東海,愛知県,ドコモショップ甚目寺店,490-1114 愛知県あま市下萱津平島11,https://shop.smt.docomo.ne.jp/shop_detail/0400500504100/index.html,35.183618888889,136.83699944444,ok
docomo,東海,愛知県,ドコモショップ瀬戸共栄通店,489-0809 愛知県瀬戸市共栄通3-13-15,https://shop.smt.docomo.ne.jp/shop_detail/0400500822400/index.html,35.221410277778,137.07850805556,ok
docomo,東海,愛知県,ドコモショップ千音寺アズパーク店,454-0972 愛知県名古屋市中川区新家1-2421,https://shop.smt.docomo.ne.jp/shop_detail/0400501207700/index.html,35.156834722222,136.80523666667,ok
docomo,東海,愛知県,ドコモショップ前後店,470-1151 愛知県豊明市前後町螺貝1387-5,https://shop.smt.docomo.ne.jp/shop_detail/0400501079300/index.html,35.05888,136.99028,ok
docomo,東海,愛知県,ドコモショップ高畑店,454-0869 愛知県名古屋市中川区荒子2-47,https://shop.smt.docomo.ne.jp/shop_detail/0400500188400/index.html,35.140127222222,136.85766833333,ok
docomo,東海,愛知県,ドコモショップ武豊店,475-0833 愛知県半田市花園町3-17,https://shop.smt.docomo.ne.jp/shop_detail/0400500950900/index.html,34.871938055556,136.91227805556,ok
docomo,東海,愛知県,ドコモショップ田原店（愛知県）,441-3422 愛知県田原市赤石5-53,https://shop.smt.docomo.ne.jp/shop_detail/0400501133400/index.html,34.660556111111,137.265295,ok
docomo,東海,愛知県,ドコモショップ知多店,478-0055 愛知県知多市にしの台7-2,https://shop.smt.docomo.ne.jp/shop_detail/0400500724500/index.html,34.981087777778,136.86854277778,ok
docomo,東海,愛知県,ドコモショップ千代田橋店,464-0012 愛知県名古屋市千種区猪高町大字猪子石字猪々道1-93,https://shop.smt.docomo.ne.jp/shop_detail/0461712100100/index.html,35.185691388889,136.96950361111,ok
docomo,東海,愛知県,ドコモショップ東海荒尾店,476-0003 愛知県東海市荒尾町福部143,https://shop.smt.docomo.ne.jp/shop_detail/0400500838300/index.html,35.034696944444,136.91477,ok
docomo,東海,愛知県,ドコモショップ東海市店,477-0032 愛知県東海市加木屋町裾7-55,https://shop.smt.docomo.ne.jp/shop_detail/0400500127800/index.html,35.008910833333,136.90864388889,ok
docomo,東海,愛知県,ドコモショップ豊川店,442-0889 愛知県豊川市南大通5-36-1,https://shop.smt.docomo.ne.jp/shop_detail/0400500155800/index.html,34.819317222222,137.37274194444,ok
docomo,東海,愛知県,ドコモショップ豊川正岡店,442-0826 愛知県豊川市牛久保町高原147-1,https://shop.smt.docomo.ne.jp/shop_detail/0400501246600/index.html,34.807086666667,137.38462861111,ok
docomo,東海,愛知県,ドコモショップ豊田梅坪店,471-0071 愛知県豊田市東梅坪町1-1,https://shop.smt.docomo.ne.jp/shop_detail/0400500919700/index.html,35.104737222222,137.16556305556,ok
docomo,東海,愛知県,ドコモショップ豊田住吉店,473-0913 愛知県豊田市竹元町荒子6-3,https://shop.smt.docomo.ne.jp/shop_detail/0400500852900/index.html,35.030729722222,137.10984972222,ok
docomo,東海,愛知県,ドコモショップ豊田店（愛知県）,471-0875 愛知県豊田市下市場町５丁目1-43,https://shop.smt.docomo.ne.jp/shop_detail/0481743222200/index.html,35.065091944444,137.15945972222,ok
docomo,東海,愛知県,ドコモショップ豊田西店,471-0046 愛知県豊田市本新町5-85-1,https://shop.smt.docomo.ne.jp/shop_detail/0400500503700/index.html,35.080268055556,137.11555333333,ok
docomo,東海,愛知県,ドコモショップ豊田美里店,471-0807 愛知県豊田市広川町10-170,https://shop.smt.docomo.ne.jp/shop_detail/0400500858200/index.html,35.083935833333,137.18163111111,ok
docomo,東海,愛知県,ドコモショップ豊田山之手店,471-0833 愛知県豊田市山之手8-186,https://shop.smt.docomo.ne.jp/shop_detail/0400501156000/index.html,35.054011944444,137.14894305556,ok
docomo,東海,愛知県,ドコモショップ豊橋牛川店,440-0014 愛知県豊橋市南牛川1-20-5,https://shop.smt.docomo.ne.jp/shop_detail/0400501239900/index.html,34.772886388889,137.42154111111,ok
docomo,東海,愛知県,ドコモショップ豊橋店,440-0853 愛知県豊橋市佐藤7-14,https://shop.smt.docomo.ne.jp/shop_detail/0481703136000/index.html,34.7457225,137.40436972222,ok
docomo,東海,愛知県,ドコモショップ豊橋西店,441-8016 愛知県豊橋市新栄町東小向1-80,https://shop.smt.docomo.ne.jp/shop_detail/0400500410700/index.html,34.767229722222,137.36636972222,ok
docomo,東海,愛知県,ドコモショップ豊橋南店,441-8061 愛知県豊橋市藤沢町127,https://shop.smt.docomo.ne.jp/shop_detail/0400500381900/index.html,34.746201111111,137.37220722222,ok
docomo,東海,愛知県,ドコモショップ道徳店,457-0841 愛知県名古屋市南区豊田1-15-10,https://shop.smt.docomo.ne.jp/shop_detail/0481703029100/index.html,35.1047825,136.91040444444,ok
docomo,東海,愛知県,ドコモショップ中小田井店,452-0822 愛知県名古屋市西区中小田井3-234,https://shop.smt.docomo.ne.jp/shop_detail/0400501205500/index.html,35.214017777778,136.86878583333,ok
docomo,東海,愛知県,ドコモショップ中川１号線店,454-0932 愛知県名古屋市中川区中島新町4-1504,https://shop.smt.docomo.ne.jp/shop_detail/0400500710800/index.html,35.123843333333,136.8519125,ok
docomo,東海,愛知県,ドコモショップ長久手店,480-1123 愛知県長久手市東狭間1010,https://shop.smt.docomo.ne.jp/shop_detail/0400500362200/index.html,35.171504722222,137.0416075,ok
docomo,東海,愛知県,ドコモショップ名古屋駅前店,450-0002 愛知県名古屋市中村区名駅2-28 名古屋第二埼玉ビル,https://shop.smt.docomo.ne.jp/shop_detail/0400500363400/index.html,35.171667777778,136.88817888889,ok
docomo,東海,愛知県,ドコモショップ名古屋則武店,451-0051 愛知県名古屋市西区則武新町1-17 イオンモールＮａｇｏｙａ　Ｎｏｒｉｔａｋｅ　Ｇａｒｄｅｎ,https://shop.smt.docomo.ne.jp/shop_detail/0481760000100/index.html,35.179865833333,136.87991388889,ok
docomo,東海,愛知県,ドコモショップなるみ鹿山店,458-0045 愛知県名古屋市緑区鹿山２丁目9,https://shop.smt.docomo.ne.jp/shop_detail/0400501079800/index.html,35.088220833333,136.96394,ok
docomo,東海,愛知県,ドコモショップ日進店,470-0116 愛知県日進市東山3-104-3,https://shop.smt.docomo.ne.jp/shop_detail/0481708430000/index.html,35.125993888889,137.04605111111,ok
docomo,東海,愛知県,ドコモショップ西尾シャオ店,445-0891 愛知県西尾市下町御城下1-20,https://shop.smt.docomo.ne.jp/shop_detail/0400501277600/index.html,34.867759722222,137.046445,ok
docomo,東海,愛知県,ドコモショップ西尾店,445-0062 愛知県西尾市丁田町中ノ切1-35,https://shop.smt.docomo.ne.jp/shop_detail/0400500366200/index.html,34.860690833333,137.06725361111,ok
docomo,東海,愛知県,ドコモショップ西春店,481-0031 愛知県北名古屋市弥勒寺東2-7,https://shop.smt.docomo.ne.jp/shop_detail/0400500325400/index.html,35.250998888889,136.86726,ok
docomo,東海,愛知県,ドコモショップ半田乙川店,475-0805 愛知県半田市浜田町2-35,https://shop.smt.docomo.ne.jp/shop_detail/0400501269700/index.html,34.902448333333,136.94394694444,ok
docomo,東海,愛知県,ドコモショップ平針店,468-0011 愛知県名古屋市天白区平針2-1809,https://shop.smt.docomo.ne.jp/shop_detail/0481714005000/index.html,35.122903333333,137.00547166667,ok
docomo,東海,愛知県,ドコモショップヒルズウォーク徳重店,458-0852 愛知県名古屋市緑区元徳重一丁目505 ヒルズウォーク徳重ガーデンズ,https://shop.smt.docomo.ne.jp/shop_detail/0400500739600/index.html,35.094306111111,136.99932888889,ok
docomo,東海,愛知県,ドコモショップピアゴ新城店,441-1378 愛知県新城市字宮ノ後3-68 ピアゴ新城,https://shop.smt.docomo.ne.jp/shop_detail/0400501130500/index.html,34.903485833333,137.4951,ok
docomo,東海,愛知県,ドコモショップ藤が丘西店,465-0028 愛知県名古屋市名東区猪高台２丁目411,https://shop.smt.docomo.ne.jp/shop_detail/0400501140600/index.html,35.181182777778,137.00659972222,ok
docomo,東海,愛知県,ドコモショップ扶桑店,480-0103 愛知県丹羽郡扶桑町大字柏森字寺裏11,https://shop.smt.docomo.ne.jp/shop_detail/0481709660000/index.html,35.350306388889,136.90013583333,ok
docomo,東海,愛知県,ドコモショッププライムツリー赤池店,470-0126 愛知県日進市赤池町箕ノ手1 プライムツリー赤池,https://shop.smt.docomo.ne.jp/shop_detail/0400500742000/index.html,35.118253611111,137.02245861111,ok
docomo,東海,愛知県,ドコモショップ碧南店,447-0058 愛知県碧南市住吉町3-75-3,https://shop.smt.docomo.ne.jp/shop_detail/0400501123400/index.html,34.8987675,136.99932722222,ok
docomo,東海,愛知県,ドコモショップ三河高浜店,444-1333 愛知県高浜市沢渡町7-4,https://shop.smt.docomo.ne.jp/shop_detail/0400501286300/index.html,34.935556666667,136.98965194444,ok
docomo,東海,愛知県,ドコモショップ瑞穂堀田通店,467-0864 愛知県名古屋市瑞穂区豆田町10-1,https://shop.smt.docomo.ne.jp/shop_detail/0400501309900/index.html,35.130358055556,136.92089611111,ok
docomo,東海,愛知県,ドコモショップ緑店,458-0008 愛知県名古屋市緑区平手北1-1108,https://shop.smt.docomo.ne.jp/shop_detail/0461712200100/index.html,35.0836725,136.98730222222,ok
docomo,東海,愛知県,ドコモショップ港甚兵衛通り店,455-0822 愛知県名古屋市港区甚兵衛通2-2,https://shop.smt.docomo.ne.jp/shop_detail/0481743111100/index.html,35.098923055556,136.84679194444,ok
docomo,東海,愛知県,ドコモショップ名東平和が丘店,465-0097 愛知県名古屋市名東区平和が丘5-28,https://shop.smt.docomo.ne.jp/shop_detail/0400500701600/index.html,35.175216944444,136.98535972222,ok
docomo,東海,愛知県,ドコモショップＭＥＧＡドン・キホーテＵＮＹ小牧店,485-0046 愛知県小牧市堀の内3-15 ＭＥＧＡドン・キホーテＵＮＹ小牧店内,https://shop.smt.docomo.ne.jp/shop_detail/0481714021000/index.html,35.289646944444,136.91269194444,ok
docomo,東海,愛知県,ドコモショップ　モゾ　ワンダーシティ店,452-0817 愛知県名古屋市西区二方町40 モゾ　ワンダーシティ,https://shop.smt.docomo.ne.jp/shop_detail/0400501278200/index.html,35.225668055556,136.88333194444,ok
docomo,東海,愛知県,ドコモショップ守山志段味店,463-0018 愛知県名古屋市守山区桜坂1-303,https://shop.smt.docomo.ne.jp/shop_detail/0400500833000/index.html,35.239722222222,137.01638888889,ok
docomo,東海,愛知県,ドコモショップららぽーと愛知東郷店,470-0186 愛知県愛知郡東郷町東郷中央土地区画整理事業６２街区１・３　３階34500,https://shop.smt.docomo.ne.jp/shop_detail/0400501274900/index.html,35.099175,137.04663277778,ok
docomo,東海,愛知県,ドコモショップららぽーと安城店,446-0065 愛知県安城市大東町9-30 ららぽーと安城店,https://shop.smt.docomo.ne.jp/shop_detail/0400500893900/index.html,34.965277777778,137.07833333333,ok
docomo,東海,愛知県,ドコモショップららぽーと名古屋みなとアクルス店,455-8501 愛知県名古屋市港区港明２丁目３番２号3 34800,https://shop.smt.docomo.ne.jp/shop_detail/0481714009000/index.html,35.109166666667,136.88305555556,ok
docomo,東海,愛知県,ドコモショップリソラ大府店,474-0053 愛知県大府市柊山町１丁目98 リソラ大府,https://shop.smt.docomo.ne.jp/shop_detail/0400501101600/index.html,35.017319722222,136.95755277778,ok
docomo,東海,愛知県,ｉＰｈｏｎｅ／ｉＰａｄリペアコーナー　名古屋,460-0008 愛知県名古屋市中区栄３丁目4-6 サカエチカ　大同特殊鋼　Ｐｈｅｎｉｘスクエア前,https://shop.smt.docomo.ne.jp/shop_detail/0420520015700/index.html,35.1686825,136.90709138889,ok
docomo,東海,三重県,ｄ　ｇａｒｄｅｎアドバンスモール松阪店,515-0055 三重県松阪市田村町235-1 アドバンスモール松阪内,https://shop.smt.docomo.ne.jp/shop_detail/0400501106900/index.html,34.553258333333,136.51427861111,ok
docomo,東海,三重県,ドコモショップアピタ桑名店,511-0068 三重県桑名市中央町3-21 アピタ桑名店,https://shop.smt.docomo.ne.jp/shop_detail/0481703060400/index.html,35.064123888889,136.68790888889,ok
docomo,東海,三重県,ドコモショップイオンタウン伊勢ララパーク店,516-0007 三重県伊勢市小木町曽祢538 イオンタウン伊勢ララパーク,https://shop.smt.docomo.ne.jp/shop_detail/0400501276500/index.html,34.506493888889,136.72253,ok
docomo,東海,三重県,ドコモショップイオンタウン鈴鹿玉垣店,513-0816 三重県鈴鹿市南玉垣町5520-106 イオンタウン鈴鹿玉垣内,https://shop.smt.docomo.ne.jp/shop_detail/0400500456600/index.html,34.858528888889,136.58258888889,ok
docomo,東海,三重県,ドコモショップイオンタウン松阪船江店,515-0812 三重県松阪市船江町1392-27 イオンタウン松阪船江店,https://shop.smt.docomo.ne.jp/shop_detail/0400501149900/index.html,34.594450833333,136.52486277778,ok
docomo,東海,三重県,ドコモショップイオンタウン四日市泊店,510-0883 三重県四日市市泊小柳町5-1 イオンタウン四日市泊店内,https://shop.smt.docomo.ne.jp/shop_detail/0400500731100/index.html,34.937983888889,136.60157361111,ok
docomo,東海,三重県,ドコモショップイオンモール鈴鹿店,513-0834 三重県鈴鹿市庄野羽山1-2 イオンモール鈴鹿,https://shop.smt.docomo.ne.jp/shop_detail/0481718200000/index.html,34.871765833333,136.53159972222,ok
docomo,東海,三重県,ドコモショップイオンモール津南店,514-0817 三重県津市高茶屋小森町145 イオンモール津南,https://shop.smt.docomo.ne.jp/shop_detail/0481743444400/index.html,34.670833333333,136.51777777778,ok
docomo,東海,三重県,ドコモショップイオンモール東員店,511-0255 三重県員弁郡東員町大字長深字築田510-1 イオンモール東員,https://shop.smt.docomo.ne.jp/shop_detail/0400500886700/index.html,35.061813888889,136.57979722222,ok
docomo,東海,三重県,ドコモショップイオンモール四日市北店,510-8016 三重県四日市市富州原町2-40 イオンモール四日市北店,https://shop.smt.docomo.ne.jp/shop_detail/0481710001800/index.html,35.007753888889,136.65699694444,ok
docomo,東海,三重県,ドコモショップ伊賀店,518-0007 三重県伊賀市服部町1825-4,https://shop.smt.docomo.ne.jp/shop_detail/0400500127900/index.html,34.780711944444,136.13331388889,ok
docomo,東海,三重県,ドコモショップ伊賀緑ヶ丘店,518-0836 三重県伊賀市緑ヶ丘本町1666-1,https://shop.smt.docomo.ne.jp/shop_detail/0400501264000/index.html,34.762623333333,136.13850388889,ok
docomo,東海,三重県,ドコモショップ伊勢店,519-0506 三重県伊勢市小俣町湯田223,https://shop.smt.docomo.ne.jp/shop_detail/0481743333300/index.html,34.508510555556,136.64720888889,ok
docomo,東海,三重県,ドコモショップ嬉野店（三重県）,515-2325 三重県松阪市嬉野中川新町4-201 ＭＥＧＡドンキホーテＵＮＹ　嬉野内,https://shop.smt.docomo.ne.jp/shop_detail/0400500845000/index.html,34.631466666667,136.47909611111,ok
docomo,東海,三重県,ドコモショップ尾鷲店,519-3658 三重県尾鷲市倉ノ谷町10-26,https://shop.smt.docomo.ne.jp/shop_detail/0400500142500/index.html,34.075328055556,136.18824527778,ok
docomo,東海,三重県,ドコモショップ亀山店,519-0103 三重県亀山市川合町1179-3,https://shop.smt.docomo.ne.jp/shop_detail/0400500545500/index.html,34.872221944444,136.47233083333,ok
docomo,東海,三重県,ドコモショップ熊野店,519-4324 三重県熊野市井戸町字馬留4947,https://shop.smt.docomo.ne.jp/shop_detail/0400501026100/index.html,33.885713888889,136.09857916667,ok
docomo,東海,三重県,ドコモショップ桑名西店,511-0947 三重県桑名市大字大仲新田1-67,https://shop.smt.docomo.ne.jp/shop_detail/0400500535800/index.html,35.079779722222,136.60634138889,ok
docomo,東海,三重県,ドコモショップ芸濃店,514-2211 三重県津市芸濃町椋本東豊久野1-55,https://shop.smt.docomo.ne.jp/shop_detail/0400500885100/index.html,34.807391666667,136.44313861111,ok
docomo,東海,三重県,ドコモショップ菰野店,510-1232 三重県三重郡菰野町大字宿野357 イオンタウン菰野内,https://shop.smt.docomo.ne.jp/shop_detail/0400501136100/index.html,35.005365277778,136.52821277778,ok
docomo,東海,三重県,ドコモショップサーキット通り店,510-0205 三重県鈴鹿市稲生1-1,https://shop.smt.docomo.ne.jp/shop_detail/0400501142200/index.html,34.840233333333,136.56036444444,ok
docomo,東海,三重県,ドコモショップ志摩店,517-0501 三重県志摩市阿児町鵜方字小向井4929,https://shop.smt.docomo.ne.jp/shop_detail/0400500506800/index.html,34.3275,136.81361111111,ok
docomo,東海,三重県,ドコモショップ鈴鹿市役所前店,513-0801 三重県鈴鹿市神戸9-14-7,https://shop.smt.docomo.ne.jp/shop_detail/0400501277000/index.html,34.883181944444,136.58484194444,ok
docomo,東海,三重県,ドコモショップ津北店,514-0061 三重県津市一身田上津部田70,https://shop.smt.docomo.ne.jp/shop_detail/0400501109700/index.html,34.746650833333,136.50360083333,ok
docomo,東海,三重県,ドコモショップ津中央店,514-0002 三重県津市島崎町36,https://shop.smt.docomo.ne.jp/shop_detail/0400501224300/index.html,34.731671666667,136.5192675,ok
docomo,東海,三重県,ドコモショップ鳥羽店,517-0023 三重県鳥羽市大明西町2-14,https://shop.smt.docomo.ne.jp/shop_detail/0400500962300/index.html,34.468762222222,136.84766111111,ok
docomo,東海,三重県,ドコモショップ名張希央台店,518-0771 三重県名張市希央台１番町37,https://shop.smt.docomo.ne.jp/shop_detail/0400500508600/index.html,34.623665833333,136.10435888889,ok
docomo,東海,三重県,ドコモショップ名張蔵持店,518-0752 三重県名張市蔵持町原出1746 マックスバリュ名張ＳＣ内,https://shop.smt.docomo.ne.jp/shop_detail/0400501251700/index.html,34.632486111111,136.11050166667,ok
docomo,東海,三重県,ドコモショップ久居店,514-1101 三重県津市久居明神町字風早2489 インターガーデン内,https://shop.smt.docomo.ne.jp/shop_detail/0400500308000/index.html,34.683963055556,136.46509222222,ok
docomo,東海,三重県,ドコモショップ松阪店,515-0818 三重県松阪市川井町字上大坪718 パワーセンター松阪内,https://shop.smt.docomo.ne.jp/shop_detail/0400500124900/index.html,34.576744722222,136.51823138889,ok
docomo,東海,三重県,ドコモショップミタス伊勢店,516-0008 三重県伊勢市船江10-15,https://shop.smt.docomo.ne.jp/shop_detail/0400501263800/index.html,34.500155277778,136.71187166667,ok
docomo,東海,三重県,ドコモショップ明和店,515-0348 三重県多気郡明和町大字中村1266-2 ブライトガーデン明和内,https://shop.smt.docomo.ne.jp/shop_detail/0400501231800/index.html,34.581817777778,136.61732555556,ok
docomo,東海,三重県,ドコモショップ四日市生桑店,512-0911 三重県四日市市生桑町川原崎306-1,https://shop.smt.docomo.ne.jp/shop_detail/0400501145400/index.html,34.987440277778,136.601445,ok
docomo,東海,三重県,ドコモショップ四日市中央通り店,510-0075 三重県四日市市安島4-3,https://shop.smt.docomo.ne.jp/shop_detail/0400500410600/index.html,34.969413888889,136.610975,ok
docomo,近畿,滋賀県,ドコモショップ安曇川店,520-1214 滋賀県高島市安曇川町末広1-15,https://shop.smt.docomo.ne.jp/shop_detail/0601601285800/index.html,35.328956111111,136.02179277778,ok
docomo,近畿,滋賀県,ドコモショップイオンモール草津店,525-0067 滋賀県草津市新浜町300 イオンモール草津　３階,https://shop.smt.docomo.ne.jp/shop_detail/0601601292300/index.html,34.99776,135.91101,ok
docomo,近畿,滋賀県,ドコモショップ近江八幡店,523-0896 滋賀県近江八幡市鷹飼町北３丁目7-5,https://shop.smt.docomo.ne.jp/shop_detail/0690930238800/index.html,35.130404722222,136.10672583333,ok
docomo,近畿,滋賀県,ドコモショップ大津店（滋賀県）,520-0802 滋賀県大津市馬場1-18-5,https://shop.smt.docomo.ne.jp/shop_detail/0690911165500/index.html,35.002676666667,135.88372,ok
docomo,近畿,滋賀県,ドコモショップ堅田店,520-0241 滋賀県大津市今堅田2-39-7,https://shop.smt.docomo.ne.jp/shop_detail/0601601285500/index.html,35.125853055556,135.91994805556,ok
docomo,近畿,滋賀県,ドコモショップ草津エイスクエア店,525-0025 滋賀県草津市西渋川1-23-110 ＳＡＲＡ東館＆パーキング,https://shop.smt.docomo.ne.jp/shop_detail/0601601201200/index.html,35.024743611111,135.96134666667,ok
docomo,近畿,滋賀県,ドコモショップ草津店,525-0032 滋賀県草津市大路2-23,https://shop.smt.docomo.ne.jp/shop_detail/0601601291700/index.html,35.017556944444,135.96855972222,ok
docomo,近畿,滋賀県,ドコモショップ甲賀店,528-0005 滋賀県甲賀市水口町水口5959,https://shop.smt.docomo.ne.jp/shop_detail/0601601285700/index.html,34.967613333333,136.16213222222,ok
docomo,近畿,滋賀県,ドコモショップ甲西店,520-3235 滋賀県湖南市平松北1-2,https://shop.smt.docomo.ne.jp/shop_detail/0601600890600/index.html,35.002931111111,136.08356555556,ok
docomo,近畿,滋賀県,ドコモショップ滋賀高月店,529-0261 滋賀県長浜市高月町東物部1-1,https://shop.smt.docomo.ne.jp/shop_detail/0601601285900/index.html,35.483708055556,136.22960444444,ok
docomo,近畿,滋賀県,ドコモショップ長浜国道８号店,526-0031 滋賀県長浜市八幡東町字井川2-80,https://shop.smt.docomo.ne.jp/shop_detail/0601601189100/index.html,35.381439722222,136.28516277778,ok
docomo,近畿,滋賀県,ドコモショップ長浜店,526-0021 滋賀県長浜市八幡中山町703,https://shop.smt.docomo.ne.jp/shop_detail/0690980067000/index.html,35.391621388889,136.27430666667,ok
docomo,近畿,滋賀県,ドコモショップ西大津店,520-0023 滋賀県大津市茶が崎4-3 バロー茶が崎店内,https://shop.smt.docomo.ne.jp/shop_detail/0601601286000/index.html,35.0229425,135.86241777778,ok
docomo,近畿,滋賀県,ドコモショップ能登川店,521-1224 滋賀県東近江市林町250,https://shop.smt.docomo.ne.jp/shop_detail/0601600779800/index.html,35.180980833333,136.16133222222,ok
docomo,近畿,滋賀県,ドコモショップ八幡南店,523-0015 滋賀県近江八幡市上田町1278-3,https://shop.smt.docomo.ne.jp/shop_detail/0601601352800/index.html,35.116676111111,136.10839111111,ok
docomo,近畿,滋賀県,ドコモショップ彦根店,522-0038 滋賀県彦根市西沼波町178-2,https://shop.smt.docomo.ne.jp/shop_detail/0690980068800/index.html,35.259588055556,136.26570305556,ok
docomo,近畿,滋賀県,ドコモショップフォレオ大津一里山店,520-2153 滋賀県大津市一里山1-1 フォレオ大津一里山,https://shop.smt.docomo.ne.jp/shop_detail/0601600545300/index.html,34.974166666667,135.93305555556,ok
docomo,近畿,滋賀県,ドコモショップ水口店,528-0036 滋賀県甲賀市水口町東名坂297,https://shop.smt.docomo.ne.jp/shop_detail/0601600261700/index.html,34.978131944444,136.16498305556,ok
docomo,近畿,滋賀県,ドコモショップ南草津店,525-0048 滋賀県草津市追分南3-26-11,https://shop.smt.docomo.ne.jp/shop_detail/0601601035400/index.html,34.994358888889,135.96268861111,ok
docomo,近畿,滋賀県,ドコモショップ南彦根店,522-0044 滋賀県彦根市竹ケ鼻町2-43 ビバシティ彦根,https://shop.smt.docomo.ne.jp/shop_detail/0690980067300/index.html,35.244094444444,136.24999527778,ok
docomo,近畿,滋賀県,ドコモショップ守山えんま堂店,524-0042 滋賀県守山市焔魔堂町201-2,https://shop.smt.docomo.ne.jp/shop_detail/0601601355900/index.html,35.050120277778,135.983405,ok
docomo,近畿,滋賀県,ドコモショップ守山店,524-0012 滋賀県守山市播磨田町3001,https://shop.smt.docomo.ne.jp/shop_detail/0601600087100/index.html,35.068906111111,135.99387111111,ok
docomo,近畿,滋賀県,ドコモショップ八日市店,527-0023 滋賀県東近江市八日市緑町8-18,https://shop.smt.docomo.ne.jp/shop_detail/0690980067500/index.html,35.11002,136.208695,ok
docomo,近畿,滋賀県,ドコモショップ栗東店,520-3015 滋賀県栗東市安養寺2-20,https://shop.smt.docomo.ne.jp/shop_detail/0690980067100/index.html,35.023457222222,135.99754305556,ok
docomo,近畿,京都府,ドコモショップ網野店,629-3101 京都府京丹後市網野町網野135-2,https://shop.smt.docomo.ne.jp/shop_detail/0601601199900/index.html,35.676635555556,135.028005,ok
docomo,近畿,京都府,ドコモショップ綾部店,623-0066 京都府綾部市駅前通2-72,https://shop.smt.docomo.ne.jp/shop_detail/0601601199700/index.html,35.301381944444,135.25139,ok
docomo,近畿,京都府,ドコモショップイオン京都洛南店,601-8327 京都府京都市南区吉祥院御池町31 イオン京都洛南ショッピングセンター,https://shop.smt.docomo.ne.jp/shop_detail/0601600767800/index.html,34.975491944444,135.73581277778,ok
docomo,近畿,京都府,ドコモショップイオンモール京都桂川店,601-8601 京都府京都市南区久世高田町376-1 イオンモール京都桂川,https://shop.smt.docomo.ne.jp/shop_detail/0601601500500/index.html,34.963493888889,135.70705388889,ok
docomo,近畿,京都府,ドコモショップイオンモール京都五条店,615-0035 京都府京都市右京区西院追分町1-25 イオンモール京都五条,https://shop.smt.docomo.ne.jp/shop_detail/0601600797400/index.html,34.9975,135.72666666667,ok
docomo,近畿,京都府,ドコモショップイオンモールＫＹＯＴＯ店,601-8417 京都府京都市南区西九条鳥居口町1 イオンモールＫＹＯＴＯ　Ｋａｅｄｅ館,https://shop.smt.docomo.ne.jp/shop_detail/0690911165200/index.html,34.982563888889,135.75589694444,ok
docomo,近畿,京都府,ドコモショップイオンモール高の原店,619-0223 京都府木津川市相楽台1-1 イオンモール高の原,https://shop.smt.docomo.ne.jp/shop_detail/0690913770400/index.html,34.725082777778,135.79079972222,ok
docomo,近畿,京都府,ドコモショップ宇治大久保店,611-0031 京都府宇治市広野町西裏87-19,https://shop.smt.docomo.ne.jp/shop_detail/0690911607600/index.html,34.874212777778,135.7782,ok
docomo,近畿,京都府,ドコモショップ宇治槇島店,611-0041 京都府宇治市槇島町本屋敷101,https://shop.smt.docomo.ne.jp/shop_detail/0601601144900/index.html,34.914986944444,135.78270388889,ok
docomo,近畿,京都府,ドコモショップ桂店,615-8024 京都府京都市西京区桂西滝川町65,https://shop.smt.docomo.ne.jp/shop_detail/0690930230500/index.html,34.978996666667,135.71163666667,ok
docomo,近畿,京都府,ドコモショップ亀岡店,621-0851 京都府亀岡市荒塚町4-16,https://shop.smt.docomo.ne.jp/shop_detail/0601601226800/index.html,35.011194444444,135.57492611111,ok
docomo,近畿,京都府,ドコモショップ河原町丸太町店,602-0878 京都府京都市上京区丸太町通河原町西入る高島町338 河原町丸太町ビル,https://shop.smt.docomo.ne.jp/shop_detail/0690930810100/index.html,35.017307222222,135.76864944444,ok
docomo,近畿,京都府,ドコモショップ京田辺店,610-0334 京都府京田辺市田辺中央5-5 橋本ビル,https://shop.smt.docomo.ne.jp/shop_detail/0690911611000/index.html,34.8211125,135.77048,ok
docomo,近畿,京都府,ドコモショップ京都八幡店,614-8041 京都府八幡市八幡吉原9-5 松花堂ショッピングモール内,https://shop.smt.docomo.ne.jp/shop_detail/0601600640300/index.html,34.863874444444,135.71064222222,ok
docomo,近畿,京都府,ドコモショップ北大路烏丸店,603-8143 京都府京都市北区小山上総町10-3,https://shop.smt.docomo.ne.jp/shop_detail/0690911608000/index.html,35.043203055556,135.75951611111,ok
docomo,近畿,京都府,ドコモショップ北野白梅町店,603-8324 京都府京都市北区北野紅梅町88,https://shop.smt.docomo.ne.jp/shop_detail/0601600559400/index.html,35.029100277778,135.73121305556,ok
docomo,近畿,京都府,ドコモショップ木津山田川店,619-0222 京都府木津川市相楽大徳1-39,https://shop.smt.docomo.ne.jp/shop_detail/0601600585400/index.html,34.740555555556,135.79416666667,ok
docomo,近畿,京都府,ドコモショップ久御山店,613-0024 京都府久世郡久御山町森大内127,https://shop.smt.docomo.ne.jp/shop_detail/0601600991900/index.html,34.895347222222,135.74668416667,ok
docomo,近畿,京都府,ドコモショップ国道十条店,601-8446 京都府京都市南区西九条高畠町38,https://shop.smt.docomo.ne.jp/shop_detail/0601601203000/index.html,34.974281111111,135.7458225,ok
docomo,近畿,京都府,ドコモショップサテライト四条通り店,600-8004 京都府京都市下京区四条通寺町西入ル奈良物町377-2 奈良物テナントビル,https://shop.smt.docomo.ne.jp/shop_detail/0601601523300/index.html,35.003918888889,135.7665,ok
docomo,近畿,京都府,ドコモショップ四条大宮店,600-8389 京都府京都市下京区大宮通四条下ル四条大宮町2 日本生命四条大宮ビル,https://shop.smt.docomo.ne.jp/shop_detail/0601600582800/index.html,35.003642777778,135.7483175,ok
docomo,近畿,京都府,ドコモショップ四条外大前店,615-0057 京都府京都市右京区西院東貝川町2,https://shop.smt.docomo.ne.jp/shop_detail/0601600564900/index.html,35.003385555556,135.71731111111,ok
docomo,近畿,京都府,ドコモショップ高野店,606-8103 京都府京都市左京区高野西開町12-46,https://shop.smt.docomo.ne.jp/shop_detail/0601601051400/index.html,35.042086111111,135.77960027778,ok
docomo,近畿,京都府,ドコモショップ常盤東店,616-8217 京都府京都市右京区常盤東ノ町3-26,https://shop.smt.docomo.ne.jp/shop_detail/0601601289800/index.html,35.019141388889,135.71094083333,ok
docomo,近畿,京都府,ドコモショップ長岡京店,617-0833 京都府長岡京市神足２丁目2-1 バンビオ２番館,https://shop.smt.docomo.ne.jp/shop_detail/0690911165800/index.html,34.923053888889,135.69919083333,ok
docomo,近畿,京都府,ドコモショップ東舞鶴店,625-0037 京都府舞鶴市浜町4-12,https://shop.smt.docomo.ne.jp/shop_detail/0601601199500/index.html,35.4696,135.39481861111,ok
docomo,近畿,京都府,ドコモショップ福知山店,620-0055 京都府福知山市字篠尾新町1-74-1,https://shop.smt.docomo.ne.jp/shop_detail/0601601246400/index.html,35.298660277778,135.11309111111,ok
docomo,近畿,京都府,ドコモショップ伏見大手筋店,612-8053 京都府京都市伏見区東大手町776 夢空館,https://shop.smt.docomo.ne.jp/shop_detail/0601600653100/index.html,34.932874166667,135.76183472222,ok
docomo,近畿,京都府,ドコモショップ伏見深草店,612-0022 京都府京都市伏見区深草綿森町7-30,https://shop.smt.docomo.ne.jp/shop_detail/0690911607500/index.html,34.961301388889,135.76851722222,ok
docomo,近畿,京都府,ドコモショップ松井山手店,610-0354 京都府京田辺市山手南3-5,https://shop.smt.docomo.ne.jp/shop_detail/0601601092900/index.html,34.832246111111,135.726065,ok
docomo,近畿,京都府,ドコモショップ峰山店,627-0005 京都府京丹後市峰山町新町荒木ノ1740,https://shop.smt.docomo.ne.jp/shop_detail/0601601246500/index.html,35.606643055556,135.08172166667,ok
docomo,近畿,京都府,ドコモショップ宮津店,626-0025 京都府宮津市木ノ部809-3,https://shop.smt.docomo.ne.jp/shop_detail/0601601199800/index.html,35.529991111111,135.191355,ok
docomo,近畿,京都府,ドコモショップＭＯＭＯテラス六地蔵店,612-8002 京都府京都市伏見区桃山町山ノ下32 ＭＯＭＯテラス,https://shop.smt.docomo.ne.jp/shop_detail/0601600732800/index.html,34.937091944444,135.79493277778,ok
docomo,近畿,京都府,ドコモショップ山科店,607-8358 京都府京都市山科区西野楳本町110-4,https://shop.smt.docomo.ne.jp/shop_detail/0601601270200/index.html,34.981670277778,135.80181527778,ok
docomo,近畿,京都府,ドコモショップ山科椥辻店,607-8160 京都府京都市山科区椥辻東浦町36,https://shop.smt.docomo.ne.jp/shop_detail/0601601290600/index.html,34.97543,135.81550944444,ok
docomo,近畿,京都府,ドコモショップ洛西店,610-1104 京都府京都市西京区大枝中山町2-422,https://shop.smt.docomo.ne.jp/shop_detail/0601601147300/index.html,34.970298333333,135.67757611111,ok
docomo,近畿,大阪府,ドコモショップニトリモール枚方店,573-0171 大阪府枚方市北山2-1 ニトリモール枚方,https://shop.smt.docomo.ne.jp/shop_detail/0601601206700/index.html,34.838660833333,135.69797194444,ok
docomo,近畿,大阪府,ドコモショップあびこ店（大阪府）,558-0011 大阪府大阪市住吉区苅田３丁目17-16,https://shop.smt.docomo.ne.jp/shop_detail/0601601200300/index.html,34.602043055556,135.51346,ok
docomo,近畿,大阪府,ドコモショップあべちか店,543-0056 大阪府大阪市天王寺区堀越町アベノ地下街7 あべちか（アベノ地下街）,https://shop.smt.docomo.ne.jp/shop_detail/0601601360600/index.html,34.647759166667,135.51316027778,ok
docomo,近畿,大阪府,ドコモショップあべのキューズモール店,545-0052 大阪府大阪市阿倍野区阿倍野筋6-1 あべのマーケットパークキューズモール,https://shop.smt.docomo.ne.jp/shop_detail/0601600539600/index.html,34.6444575,135.51138194444,ok
docomo,近畿,大阪府,ドコモショップアリオ鳳店,593-8325 大阪府堺市西区鳳南町3-199-12 アリオ鳳,https://shop.smt.docomo.ne.jp/shop_detail/0690910915500/index.html,34.524573055556,135.45928,ok
docomo,近畿,大阪府,ドコモショップアリオ八尾店,581-0803 大阪府八尾市光町2-3 アリオ八尾,https://shop.smt.docomo.ne.jp/shop_detail/0601601204100/index.html,34.632130833333,135.60544972222,ok
docomo,近畿,大阪府,ドコモショップイオンタウン豊中緑丘店,560-0002 大阪府豊中市緑丘4-1 イオンタウン豊中緑丘,https://shop.smt.docomo.ne.jp/shop_detail/0601600643000/index.html,34.812076944444,135.47865083333,ok
docomo,近畿,大阪府,ドコモショップイオンタウン松原店,580-0015 大阪府松原市新堂4-1154 イオンタウン平面駐車場内飲食棟階１階２－２区画,https://shop.smt.docomo.ne.jp/shop_detail/0690911605500/index.html,34.565535277778,135.55151527778,ok
docomo,近畿,大阪府,ドコモショップイオンモール茨木店,567-0033 大阪府茨木市松ケ本町8-30 イオンモール茨木,https://shop.smt.docomo.ne.jp/shop_detail/0690911165300/index.html,34.8107525,135.55828916667,ok
docomo,近畿,大阪府,ドコモショップイオンモール大阪ドームシティ店,550-0023 大阪府大阪市西区千代崎3-13-1 イオンモール大阪ドームシティ,https://shop.smt.docomo.ne.jp/shop_detail/0601600600500/index.html,34.670415,135.47774805556,ok
docomo,近畿,大阪府,ドコモショップイオンモール堺北花田店,591-8008 大阪府堺市北区東浅香山町４丁1-12 イオンモール堺北花田,https://shop.smt.docomo.ne.jp/shop_detail/0601601190500/index.html,34.584444444444,135.515,ok
docomo,近畿,大阪府,ドコモショップイオンモール堺鉄砲町店,590-0905 大阪府堺市堺区鉄砲町1 イオンモール堺鉄砲町店,https://shop.smt.docomo.ne.jp/shop_detail/0690910659800/index.html,34.592765833333,135.48018944444,ok
docomo,近畿,大阪府,ドコモショップイオンモール四條畷店,575-0001 大阪府四條畷市砂3-2 イオンモール四條畷,https://shop.smt.docomo.ne.jp/shop_detail/0601600770700/index.html,34.746067777778,135.62928777778,ok
docomo,近畿,大阪府,ドコモショップイオンモール大日店,570-0016 大阪府守口市大日東町1-18 イオンモール大日内,https://shop.smt.docomo.ne.jp/shop_detail/0601601298100/index.html,34.749268888889,135.58055861111,ok
docomo,近畿,大阪府,ドコモショップイオンモール鶴見緑地店,538-0053 大阪府大阪市鶴見区鶴見4-17-1 イオンモール鶴見緑地,https://shop.smt.docomo.ne.jp/shop_detail/0690910520500/index.html,34.704501944444,135.56633194444,ok
docomo,近畿,大阪府,ドコモショップイオンモールりんくう泉南店,590-0535 大阪府泉南市りんくう南浜3-12 イオンモールりんくう泉南,https://shop.smt.docomo.ne.jp/shop_detail/0690910659900/index.html,34.380555555556,135.26777777778,ok
docomo,近畿,大阪府,ドコモショップ池田店（大阪府）,563-0025 大阪府池田市城南2-1 シークビル,https://shop.smt.docomo.ne.jp/shop_detail/0690911165600/index.html,34.820564166667,135.42905777778,ok
docomo,近畿,大阪府,ドコモショップ石橋駅前店,563-0032 大阪府池田市石橋8-9 テラスビル,https://shop.smt.docomo.ne.jp/shop_detail/0601600989600/index.html,34.807406944444,135.44341805556,ok
docomo,近畿,大阪府,ドコモショップ泉大津駅前店,595-0025 大阪府泉大津市旭町17-23,https://shop.smt.docomo.ne.jp/shop_detail/0601600336300/index.html,34.50136,135.40775305556,ok
docomo,近畿,大阪府,ドコモショップ泉ケ丘店,590-0115 大阪府堺市南区茶山台2-3 泉ケ丘ひろば専門店街,https://shop.smt.docomo.ne.jp/shop_detail/0690910915200/index.html,34.496448888889,135.51421,ok
docomo,近畿,大阪府,ドコモショップ和泉中央店,594-0032 大阪府和泉市池田下町143,https://shop.smt.docomo.ne.jp/shop_detail/0601600617600/index.html,34.468798333333,135.45931222222,ok
docomo,近畿,大阪府,ドコモショップ和泉府中店,594-0071 大阪府和泉市府中町3-7,https://shop.smt.docomo.ne.jp/shop_detail/0690911165900/index.html,34.484444444444,135.42388888889,ok
docomo,近畿,大阪府,ドコモショップ茨木鮎川店,567-0831 大阪府茨木市鮎川5-23-8,https://shop.smt.docomo.ne.jp/shop_detail/0601601231700/index.html,34.814303055556,135.60158722222,ok
docomo,近畿,大阪府,ドコモショップ茨木Ｒ１７１店,567-0012 大阪府茨木市東太田１丁目3-54,https://shop.smt.docomo.ne.jp/shop_detail/0601601186900/index.html,34.835170277778,135.5783725,ok
docomo,近畿,大阪府,ドコモショップ茨木新庄店,567-0884 大阪府茨木市新庄町1-15 リヨン茨木,https://shop.smt.docomo.ne.jp/shop_detail/0601601140300/index.html,34.814685555556,135.57367527778,ok
docomo,近畿,大阪府,ドコモショップ上本町店,543-0001 大阪府大阪市天王寺区上本町3-31,https://shop.smt.docomo.ne.jp/shop_detail/0601600634600/index.html,34.665768888889,135.51830694444,ok
docomo,近畿,大阪府,ドコモショップ歌島橋店,555-0013 大阪府大阪市西淀川区千舟2-1,https://shop.smt.docomo.ne.jp/shop_detail/0601601287000/index.html,34.710151111111,135.45419305556,ok
docomo,近畿,大阪府,ドコモショップ梅田北店,530-0012 大阪府大阪市北区芝田4-8 北阪急ビル,https://shop.smt.docomo.ne.jp/shop_detail/0601601211100/index.html,34.705890277778,135.49725027778,ok
docomo,近畿,大阪府,ドコモショップ江坂駅東店,564-0063 大阪府吹田市江坂町1-23-28 江坂南口ビル,https://shop.smt.docomo.ne.jp/shop_detail/0601601292000/index.html,34.757801111111,135.497465,ok
docomo,近畿,大阪府,ドコモショップ江坂店,564-0051 大阪府吹田市豊津町9-40 カリーノ江坂（東急ハンズ内）,https://shop.smt.docomo.ne.jp/shop_detail/0601601249600/index.html,34.758304722222,135.49630833333,ok
docomo,近畿,大阪府,ドコモショップエトレ豊中店,560-0026 大阪府豊中市玉井町1-1 エトレ豊中,https://shop.smt.docomo.ne.jp/shop_detail/0690911151400/index.html,34.786944444444,135.46138888889,ok
docomo,近畿,大阪府,ドコモショップ柏原国分店,582-0021 大阪府柏原市国分本町7-7,https://shop.smt.docomo.ne.jp/shop_detail/0601601172000/index.html,34.564985555556,135.63655111111,ok
docomo,近畿,大阪府,ドコモショップ交野店,576-0041 大阪府交野市私部西1-21-6,https://shop.smt.docomo.ne.jp/shop_detail/0601600766100/index.html,34.789531111111,135.67320305556,ok
docomo,近畿,大阪府,ドコモショップ門真店,571-0076 大阪府門真市大池町43-16,https://shop.smt.docomo.ne.jp/shop_detail/0601601141900/index.html,34.736854722222,135.60514138889,ok
docomo,近畿,大阪府,ドコモショップ上新庄店,533-0014 大阪府大阪市東淀川区豊新6-18,https://shop.smt.docomo.ne.jp/shop_detail/0601601209100/index.html,34.74812,135.53797583333,ok
docomo,近畿,大阪府,ドコモショップ河内長野店,586-0016 大阪府河内長野市西代町6-21 ＮＴＴ西日本河内長野ビル内,https://shop.smt.docomo.ne.jp/shop_detail/0690911605800/index.html,34.453637777778,135.56930083333,ok
docomo,近畿,大阪府,ドコモショップ蒲生四丁目店,536-0005 大阪府大阪市城東区中央1-13-13 村上実業ビル,https://shop.smt.docomo.ne.jp/shop_detail/0601601288100/index.html,34.70064,135.54613527778,ok
docomo,近畿,大阪府,ドコモショップ京橋店,534-0024 大阪府大阪市都島区東野田町9-23 晃進ビル,https://shop.smt.docomo.ne.jp/shop_detail/0690911151200/index.html,34.698268055556,135.53260111111,ok
docomo,近畿,大阪府,ドコモショップ岸和田店,596-0003 大阪府岸和田市中井町9-2,https://shop.smt.docomo.ne.jp/shop_detail/0690910915000/index.html,34.478882222222,135.40169388889,ok
docomo,近畿,大阪府,ドコモショップ北巽店,544-0004 大阪府大阪市生野区巽北４丁目2-30 フォーゼ北巽,https://shop.smt.docomo.ne.jp/shop_detail/0601600718500/index.html,34.654471111111,135.55605611111,ok
docomo,近畿,大阪府,ドコモショップ北花田店,591-8002 大阪府堺市北区北花田町1-1,https://shop.smt.docomo.ne.jp/shop_detail/0690911605700/index.html,34.582649166667,135.51524694444,ok
docomo,近畿,大阪府,ドコモショップ喜連瓜破店,547-0024 大阪府大阪市平野区瓜破2-3 スチューデント平野,https://shop.smt.docomo.ne.jp/shop_detail/0601601126100/index.html,34.608788055556,135.5530675,ok
docomo,近畿,大阪府,ドコモショップくずはモール店,573-1121 大阪府枚方市楠葉花園町1-15 くずはモール　本館ハナノモール,https://shop.smt.docomo.ne.jp/shop_detail/0690911606500/index.html,34.861989722222,135.67665972222,ok
docomo,近畿,大阪府,ドコモショップ熊取店,590-0412 大阪府泉南郡熊取町紺屋2-26-5,https://shop.smt.docomo.ne.jp/shop_detail/0601601171800/index.html,34.404801111111,135.34799111111,ok
docomo,近畿,大阪府,ドコモショップクリスタ心斎橋店,542-0081 大阪府大阪市中央区南船場3 長堀地下街３号,https://shop.smt.docomo.ne.jp/shop_detail/0601600348100/index.html,34.675073888889,135.50199472222,ok
docomo,近畿,大阪府,ドコモショップ京阪シティモール店,540-0032 大阪府大阪市中央区天満橋京町1-1 京阪シティモール,https://shop.smt.docomo.ne.jp/shop_detail/0690910835300/index.html,34.690114722222,135.51640277778,ok
docomo,近畿,大阪府,ドコモショップ光明池店,590-0138 大阪府堺市南区鴨谷台2-1 サンピア,https://shop.smt.docomo.ne.jp/shop_detail/0690910938800/index.html,34.473835277778,135.47606694444,ok
docomo,近畿,大阪府,ドコモショップ香里園店,572-0086 大阪府寝屋川市松屋町7-19,https://shop.smt.docomo.ne.jp/shop_detail/0601600237600/index.html,34.785501944444,135.62415805556,ok
docomo,近畿,大阪府,ドコモショップ小阪店,577-0036 大阪府東大阪市御厨栄町2-15-13,https://shop.smt.docomo.ne.jp/shop_detail/0601600494200/index.html,34.669735,135.58130472222,ok
docomo,近畿,大阪府,ドコモショップ金剛店,589-0013 大阪府大阪狭山市茱萸木2-372-2,https://shop.smt.docomo.ne.jp/shop_detail/0601600723600/index.html,34.491368888889,135.55004611111,ok
docomo,近畿,大阪府,ドコモショップ御殿山店,573-1178 大阪府枚方市渚西1-18,https://shop.smt.docomo.ne.jp/shop_detail/0601601209200/index.html,34.827151944444,135.65156,ok
docomo,近畿,大阪府,ドコモショップ堺店,590-0985 大阪府堺市堺区戎島町3-22-1 南海堺駅ビル,https://shop.smt.docomo.ne.jp/shop_detail/0690910520600/index.html,34.581682222222,135.46894861111,ok
docomo,近畿,大阪府,ドコモショップ堺東駅前店,590-0028 大阪府堺市堺区三国ヶ丘御幸通154 ジョルノ,https://shop.smt.docomo.ne.jp/shop_detail/0601601183500/index.html,34.573553888889,135.48427888889,ok
docomo,近畿,大阪府,ドコモショップ庄内駅前店,561-0831 大阪府豊中市庄内東町5-7,https://shop.smt.docomo.ne.jp/shop_detail/0601601245600/index.html,34.751241388889,135.47602777778,ok
docomo,近畿,大阪府,ドコモショップ新大阪センイシティー店,532-0004 大阪府大阪市淀川区西宮原2-2 センイシティー（ゆめっせ）,https://shop.smt.docomo.ne.jp/shop_detail/0601601000200/index.html,34.735545,135.49399777778,ok
docomo,近畿,大阪府,ドコモショップ十三東口店,532-0023 大阪府大阪市淀川区十三東6-10,https://shop.smt.docomo.ne.jp/shop_detail/0601600549600/index.html,34.719893888889,135.48402611111,ok
docomo,近畿,大阪府,ドコモショップ吹田店,564-0027 大阪府吹田市朝日町2-101 イオン吹田専門店街,https://shop.smt.docomo.ne.jp/shop_detail/0601601140400/index.html,34.763644722222,135.52467722222,ok
docomo,近畿,大阪府,ドコモショップ住之江公園店,559-0015 大阪府大阪市住之江区南加賀屋1-27,https://shop.smt.docomo.ne.jp/shop_detail/0690910835400/index.html,34.608356111111,135.47555888889,ok
docomo,近畿,大阪府,ドコモショップセブンパーク天美店,580-0032 大阪府松原市天美東3-500 セブンパーク天美,https://shop.smt.docomo.ne.jp/shop_detail/0690911151500/index.html,34.592347222222,135.54229583333,ok
docomo,近畿,大阪府,ドコモショップ千林駅前店,535-0012 大阪府大阪市旭区千林5-10 スマイル千林,https://shop.smt.docomo.ne.jp/shop_detail/0601600539700/index.html,34.723925833333,135.55277944444,ok
docomo,近畿,大阪府,ドコモショップ千里中央店,560-0082 大阪府豊中市新千里東町1-3 せんちゅうパル,https://shop.smt.docomo.ne.jp/shop_detail/0690910942000/index.html,34.810279722222,135.49505,ok
docomo,近畿,大阪府,ドコモショップ高石店,592-0012 大阪府高石市西取石5-11-44,https://shop.smt.docomo.ne.jp/shop_detail/0601601171600/index.html,34.517211944444,135.44451611111,ok
docomo,近畿,大阪府,ドコモショップ高槻北店,569-1121 大阪府高槻市真上町1-20-17,https://shop.smt.docomo.ne.jp/shop_detail/0601600712200/index.html,34.855810277778,135.61070722222,ok
docomo,近畿,大阪府,ドコモショップ高槻センター街店,569-0803 大阪府高槻市高槻町12-16 エクセレント高槻,https://shop.smt.docomo.ne.jp/shop_detail/0601600417200/index.html,34.849478055556,135.62017111111,ok
docomo,近畿,大阪府,ドコモショップ高槻店,569-0094 大阪府高槻市緑町2-13,https://shop.smt.docomo.ne.jp/shop_detail/0601601209300/index.html,34.852205833333,135.63135888889,ok
docomo,近畿,大阪府,ドコモショップ玉出駅前店,557-0045 大阪府大阪市西成区玉出西4-11 ＧＲＯＯＶＥ　玉出駅前　ＢＬＤＧ,https://shop.smt.docomo.ne.jp/shop_detail/0601601183700/index.html,34.624049722222,135.49019277778,ok
docomo,近畿,大阪府,ドコモショップ大東店,574-0046 大阪府大東市赤井2-1-33,https://shop.smt.docomo.ne.jp/shop_detail/0690910520400/index.html,34.710017777778,135.61790777778,ok
docomo,近畿,大阪府,ドコモショップ大東南店,574-0025 大阪府大東市御供田3-16-21,https://shop.smt.docomo.ne.jp/shop_detail/0601601288700/index.html,34.702971666667,135.63161694444,ok
docomo,近畿,大阪府,ドコモショップ千島ガーデンモール店,551-0003 大阪府大阪市大正区千島1-23-115 千島ガーデンモール内,https://shop.smt.docomo.ne.jp/shop_detail/0601600768400/index.html,34.651782222222,135.47514472222,ok
docomo,近畿,大阪府,ドコモショップ鶴見安田店,538-0032 大阪府大阪市鶴見区安田4-11,https://shop.smt.docomo.ne.jp/shop_detail/0601600979900/index.html,34.705558055556,135.58976305556,ok
docomo,近畿,大阪府,ドコモショップ天下茶屋店,557-0041 大阪府大阪市西成区岸里1-1-95 カナートモール天下茶屋,https://shop.smt.docomo.ne.jp/shop_detail/0601600906900/index.html,34.637484166667,135.49594916667,ok
docomo,近畿,大阪府,ドコモショップ天神橋店,530-0022 大阪府大阪市北区浪花町1-19 新興ビル,https://shop.smt.docomo.ne.jp/shop_detail/0690911645000/index.html,34.706454722222,135.51055305556,ok
docomo,近畿,大阪府,ドコモショップ天王寺ミオ店,543-0055 大阪府大阪市天王寺区悲田院町10-39 天王寺ＭＩＯ本館,https://shop.smt.docomo.ne.jp/shop_detail/0690911165700/index.html,34.646701944444,135.514395,ok
docomo,近畿,大阪府,ドコモショップディアモール店,530-0001 大阪府大阪市北区梅田1 大阪駅前ダイヤモンド地下街４号,https://shop.smt.docomo.ne.jp/shop_detail/0601601269500/index.html,34.698970277778,135.49851472222,ok
docomo,近畿,大阪府,ドコモショップ富田林店,584-0092 大阪府富田林市昭和町3-24,https://shop.smt.docomo.ne.jp/shop_detail/0690911605600/index.html,34.507778888889,135.599875,ok
docomo,近畿,大阪府,ドコモショップ中百舌鳥店,591-8023 大阪府堺市北区中百舌鳥町5-770-1,https://shop.smt.docomo.ne.jp/shop_detail/0690910915600/index.html,34.554055555556,135.50291666667,ok
docomo,近畿,大阪府,ドコモショップ長居店,558-0004 大阪府大阪市住吉区長居東2-25,https://shop.smt.docomo.ne.jp/shop_detail/0601601211300/index.html,34.608981111111,135.51801305556,ok
docomo,近畿,大阪府,ドコモショップ長瀬店,577-0827 大阪府東大阪市衣摺6-2,https://shop.smt.docomo.ne.jp/shop_detail/0690914077400/index.html,34.642269722222,135.57581833333,ok
docomo,近畿,大阪府,ドコモショップなんばウォーク店,542-0074 大阪府大阪市中央区千日前1 なんばウォーク５－２,https://shop.smt.docomo.ne.jp/shop_detail/0601601207600/index.html,34.667132777778,135.50330305556,ok
docomo,近畿,大阪府,ドコモショップなんばＣＩＴＹ店,542-0076 大阪府大阪市中央区難波5-1-60 なんばＣＩＴＹ　本館,https://shop.smt.docomo.ne.jp/shop_detail/0690911715500/index.html,34.663747777778,135.50170083333,ok
docomo,近畿,大阪府,ドコモショップなんば御堂筋店,542-0076 大阪府大阪市中央区難波2-4 いちご御堂筋ビル,https://shop.smt.docomo.ne.jp/shop_detail/0690910577700/index.html,34.666302222222,135.50001916667,ok
docomo,近畿,大阪府,ドコモショップ西中島店,532-0011 大阪府大阪市淀川区西中島5-1 ＮＬＣ新大阪パワービル,https://shop.smt.docomo.ne.jp/shop_detail/0690911609500/index.html,34.727201666667,135.49722083333,ok
docomo,近畿,大阪府,ドコモショップ寝屋川店,572-0837 大阪府寝屋川市早子町10-16,https://shop.smt.docomo.ne.jp/shop_detail/0690911605300/index.html,34.763201666667,135.61977833333,ok
docomo,近畿,大阪府,ドコモショップ野田阪神店,553-0001 大阪府大阪市福島区海老江1-17 野田アプラ,https://shop.smt.docomo.ne.jp/shop_detail/0690911153200/index.html,34.694522777778,135.47581444444,ok
docomo,近畿,大阪府,ドコモショップ服部店,561-0852 大阪府豊中市服部本町4-1,https://shop.smt.docomo.ne.jp/shop_detail/0601600544000/index.html,34.766627777778,135.47559611111,ok
docomo,近畿,大阪府,ドコモショップ羽倉崎店,598-0091 大阪府泉南郡田尻町嘉祥寺5-88,https://shop.smt.docomo.ne.jp/shop_detail/0601601171500/index.html,34.399033888889,135.29645694444,ok
docomo,近畿,大阪府,ドコモショップ羽曳野店,583-0014 大阪府藤井寺市野中2-93-1,https://shop.smt.docomo.ne.jp/shop_detail/0601600938700/index.html,34.561668055556,135.60500194444,ok
docomo,近畿,大阪府,ドコモショップ針中野店,546-0011 大阪府大阪市東住吉区針中野10-21 マンション芦紅,https://shop.smt.docomo.ne.jp/shop_detail/0601600732000/index.html,34.616710833333,135.53360694444,ok
docomo,近畿,大阪府,ドコモショップ阪南店,599-0203 大阪府阪南市黒田296-4,https://shop.smt.docomo.ne.jp/shop_detail/0690914076700/index.html,34.352238611111,135.23976694444,ok
docomo,近畿,大阪府,ドコモショップ瓢箪山店,579-8058 大阪府東大阪市神田町2-6,https://shop.smt.docomo.ne.jp/shop_detail/0601600686900/index.html,34.66116,135.63987611111,ok
docomo,近畿,大阪府,ドコモショップ東大阪花園店,578-0925 大阪府東大阪市稲葉3-29,https://shop.smt.docomo.ne.jp/shop_detail/0601601116300/index.html,34.671006944444,135.61885166667,ok
docomo,近畿,大阪府,ドコモショップ東岸和田店,596-0825 大阪府岸和田市土生町11-7,https://shop.smt.docomo.ne.jp/shop_detail/0601600760300/index.html,34.44452,135.38240611111,ok
docomo,近畿,大阪府,ドコモショップ枚方モール店,573-0032 大阪府枚方市岡東町1-19 枚方モール,https://shop.smt.docomo.ne.jp/shop_detail/0601601183400/index.html,34.815779722222,135.64851972222,ok
docomo,近畿,大阪府,ドコモショップビバモール寝屋川店,572-0855 大阪府寝屋川市寝屋南２丁目2-22 ビバモール寝屋川,https://shop.smt.docomo.ne.jp/shop_detail/0601600743300/index.html,34.766223333333,135.6506725,ok
docomo,近畿,大阪府,ドコモショップ深井店,599-8261 大阪府堺市中区堀上町1030,https://shop.smt.docomo.ne.jp/shop_detail/0601601190700/index.html,34.528440277778,135.48969361111,ok
docomo,近畿,大阪府,ドコモショップ深江橋店,537-0001 大阪府大阪市東成区深江北4-27,https://shop.smt.docomo.ne.jp/shop_detail/0690911607000/index.html,34.677166111111,135.55803305556,ok
docomo,近畿,大阪府,ドコモショップ福島大淀店,531-0076 大阪府大阪市北区大淀中11-8 プレジャーズコーポレーションビル,https://shop.smt.docomo.ne.jp/shop_detail/0601601211700/index.html,34.706388888889,135.48694444444,ok
docomo,近畿,大阪府,ドコモショップ藤井寺店,583-0033 大阪府藤井寺市小山１丁目1-8,https://shop.smt.docomo.ne.jp/shop_detail/0690911605100/index.html,34.575145,135.59750777778,ok
docomo,近畿,大阪府,ドコモショップ布施駅前店,577-0841 大阪府東大阪市足代12-15 ニューヤマトビル,https://shop.smt.docomo.ne.jp/shop_detail/0601601209500/index.html,34.663391944444,135.56279388889,ok
docomo,近畿,大阪府,ドコモショップ本町店,541-0053 大阪府大阪市中央区本町5-7 御堂筋本町ビル,https://shop.smt.docomo.ne.jp/shop_detail/0601601298000/index.html,34.684341111111,135.50115388889,ok
docomo,近畿,大阪府,ドコモショップみのおキューズモール店,562-0034 大阪府箕面市西宿12-8 みのおキューズモールＥＡＳＴ３,https://shop.smt.docomo.ne.jp/shop_detail/0601601092600/index.html,34.832880277778,135.49131638889,ok
docomo,近畿,大阪府,ドコモショップ都島店,534-0016 大阪府大阪市都島区友渕町2-13-34 ＢＥＬＬＦＡ都島　１階　フードコート内,https://shop.smt.docomo.ne.jp/shop_detail/0601600717700/index.html,34.715966944444,135.53013527778,ok
docomo,近畿,大阪府,ドコモショップ桃谷店,544-0034 大阪府大阪市生野区桃谷３丁目17-27,https://shop.smt.docomo.ne.jp/shop_detail/0690913770600/index.html,34.658696944444,135.53397194444,ok
docomo,近畿,大阪府,ドコモショップ守口店,570-0083 大阪府守口市京阪本通1-10,https://shop.smt.docomo.ne.jp/shop_detail/0601601171900/index.html,34.738553888889,135.56477305556,ok
docomo,近畿,大阪府,ドコモショップ森ノ宮店,540-0003 大阪府大阪市中央区森ノ宮中央11-3 第一森ノ宮中央ハイツ,https://shop.smt.docomo.ne.jp/shop_detail/0601601232600/index.html,34.680026111111,135.53317111111,ok
docomo,近畿,大阪府,ドコモショップ八戸ノ里店,577-0803 大阪府東大阪市下小阪５丁目2-2 ライフ八戸ノ里店,https://shop.smt.docomo.ne.jp/shop_detail/0690910907000/index.html,34.662910833333,135.58919277778,ok
docomo,近畿,大阪府,ドコモショップ八尾桜ヶ丘店,581-0869 大阪府八尾市桜ヶ丘2-201,https://shop.smt.docomo.ne.jp/shop_detail/0690914076900/index.html,34.630976944444,135.60964888889,ok
docomo,近畿,大阪府,ドコモショップ八尾太子堂店,581-0084 大阪府八尾市植松町1-28,https://shop.smt.docomo.ne.jp/shop_detail/0601600991100/index.html,34.613995277778,135.59137611111,ok
docomo,近畿,大阪府,ドコモショップ山田南店,565-0822 大阪府吹田市山田市場10-5,https://shop.smt.docomo.ne.jp/shop_detail/0601600815600/index.html,34.792236944444,135.53703111111,ok
docomo,近畿,大阪府,ドコモショップ淀屋橋店,541-0041 大阪府大阪市中央区北浜４丁目104 淀屋橋ゲートタワー,https://shop.smt.docomo.ne.jp/shop_detail/0690915570200/index.html,34.691944444444,135.50027777778,ok
docomo,近畿,大阪府,ドコモショップららぽーと和泉店,594-1157 大阪府和泉市あゆみ野4-7 ららぽーと和泉,https://shop.smt.docomo.ne.jp/shop_detail/0601601171700/index.html,34.43568,135.44790888889,ok
docomo,近畿,大阪府,ドコモショップららぽーとＥＸＰＯＣＩＴＹ店,565-0826 大阪府吹田市千里万博公園2-1 ららぽーとＥＸＰＯＣＩＴＹ　１階１００４１,https://shop.smt.docomo.ne.jp/shop_detail/0601600539900/index.html,34.805290277778,135.53545527778,ok
docomo,近畿,大阪府,ドコモショップららぽーと門真店,571-8620 大阪府門真市松生町1-11 ららぽーと門真,https://shop.smt.docomo.ne.jp/shop_detail/0601601249700/index.html,34.730723888889,135.58484583333,ok
docomo,近畿,大阪府,ドコモショップららぽーと堺店,587-0002 大阪府堺市美原区黒山1-22 ららぽーと堺,https://shop.smt.docomo.ne.jp/shop_detail/0601601209400/index.html,34.54068,135.56093972222,ok
docomo,近畿,兵庫県,ドコモショップ相生店,678-0053 兵庫県相生市那波南本町1868-2,https://shop.smt.docomo.ne.jp/shop_detail/0690910941500/index.html,34.804959166667,134.45974416667,ok
docomo,近畿,兵庫県,ドコモショップ明石店,673-0891 兵庫県明石市大明石町１丁目6-1 パピオスあかし,https://shop.smt.docomo.ne.jp/shop_detail/0601600655000/index.html,34.648106111111,134.99244027778,ok
docomo,近畿,兵庫県,ドコモショップ赤穂店,678-0239 兵庫県赤穂市加里屋29-15,https://shop.smt.docomo.ne.jp/shop_detail/0601600704300/index.html,34.756111111111,134.39555555556,ok
docomo,近畿,兵庫県,ドコモショップ芦屋店,659-0093 兵庫県芦屋市船戸町3-2 タムラビル,https://shop.smt.docomo.ne.jp/shop_detail/0690913711100/index.html,34.734473888889,135.30573388889,ok
docomo,近畿,兵庫県,ドコモショップあまがさきキューズモール店,661-0976 兵庫県尼崎市潮江3-1 あまがさきキューズモール,https://shop.smt.docomo.ne.jp/shop_detail/0601601172100/index.html,34.733631944444,135.43057611111,ok
docomo,近畿,兵庫県,ドコモショップ尼崎店,660-0884 兵庫県尼崎市神田中通3-32-1 ナカガワビル１階　尼崎中央商店街　中央三番街内,https://shop.smt.docomo.ne.jp/shop_detail/0690910905000/index.html,34.720239722222,135.41359777778,ok
docomo,近畿,兵庫県,ドコモショップ淡路店,656-2132 兵庫県淡路市志筑新島10-3 イオン淡路店,https://shop.smt.docomo.ne.jp/shop_detail/0601600456500/index.html,34.427089166667,134.90511416667,ok
docomo,近畿,兵庫県,ドコモショップイオン三田ウッディタウン店,669-1321 兵庫県三田市けやき台6-2 イオン三田ウッディタウン,https://shop.smt.docomo.ne.jp/shop_detail/0690920700200/index.html,34.909058055556,135.18719416667,ok
docomo,近畿,兵庫県,ドコモショップイオンモール伊丹昆陽店,664-0027 兵庫県伊丹市池尻1-1 イオンモール伊丹昆陽,https://shop.smt.docomo.ne.jp/shop_detail/0601601192900/index.html,34.784466944444,135.38138,ok
docomo,近畿,兵庫県,ドコモショップイオンモール伊丹店,664-0847 兵庫県伊丹市藤ノ木1-1 イオンモール伊丹,https://shop.smt.docomo.ne.jp/shop_detail/0601601040100/index.html,34.781933055556,135.42345944444,ok
docomo,近畿,兵庫県,ドコモショップイオンモール猪名川店,666-0257 兵庫県川辺郡猪名川町白金2-1 イオンモール猪名川ショッピングセンター,https://shop.smt.docomo.ne.jp/shop_detail/0601601297600/index.html,34.902056111111,135.36456,ok
docomo,近畿,兵庫県,ドコモショップイオンモール神戸北店,651-1515 兵庫県神戸市北区上津台1-1 イオンモール神戸北,https://shop.smt.docomo.ne.jp/shop_detail/0601600713800/index.html,34.859237222222,135.19574027778,ok
docomo,近畿,兵庫県,ドコモショップ伊川谷店,651-2129 兵庫県神戸市西区白水4-23,https://shop.smt.docomo.ne.jp/shop_detail/0601601352700/index.html,34.6687725,135.00490111111,ok
docomo,近畿,兵庫県,ドコモショップ板宿店,654-0021 兵庫県神戸市須磨区平田町4-9,https://shop.smt.docomo.ne.jp/shop_detail/0601601348700/index.html,34.660370833333,135.13342388889,ok
docomo,近畿,兵庫県,ドコモショップ王子公園店,657-0832 兵庫県神戸市灘区岸地通4-11 ライオンズマンション王子公園東,https://shop.smt.docomo.ne.jp/shop_detail/0601600794300/index.html,34.711813333333,135.22305361111,ok
docomo,近畿,兵庫県,ドコモショップ岡場店,651-1313 兵庫県神戸市北区有野中町3-21-21,https://shop.smt.docomo.ne.jp/shop_detail/0601600715700/index.html,34.831573888889,135.22690194444,ok
docomo,近畿,兵庫県,ドコモショップ小野店,675-1371 兵庫県小野市黒川町1712,https://shop.smt.docomo.ne.jp/shop_detail/0601600722300/index.html,34.854563333333,134.93985944444,ok
docomo,近畿,兵庫県,ドコモショップ加古川北野店,675-0011 兵庫県加古川市野口町北野1154-17,https://shop.smt.docomo.ne.jp/shop_detail/0601601190800/index.html,34.757248888889,134.87457388889,ok
docomo,近畿,兵庫県,ドコモショップ加古川店,675-0066 兵庫県加古川市加古川町寺家町653,https://shop.smt.docomo.ne.jp/shop_detail/0690950090200/index.html,34.763713055556,134.83861583333,ok
docomo,近畿,兵庫県,ドコモショップ加古川ニッケパークタウン店,675-0066 兵庫県加古川市加古川町寺家町173-1 ニッケパークタウン,https://shop.smt.docomo.ne.jp/shop_detail/0690911685000/index.html,34.76894,134.83642055556,ok
docomo,近畿,兵庫県,ドコモショップ加古川別府店,675-0124 兵庫県加古川市別府町緑町1 多木ビル,https://shop.smt.docomo.ne.jp/shop_detail/0601600623600/index.html,34.729493055556,134.84947611111,ok
docomo,近畿,兵庫県,ドコモショップ加古川明姫店,675-0015 兵庫県加古川市野口町坂井325-1,https://shop.smt.docomo.ne.jp/shop_detail/0601600912500/index.html,34.738205,134.84887888889,ok
docomo,近畿,兵庫県,ドコモショップ加西店,675-2311 兵庫県加西市北条町横尾384-1,https://shop.smt.docomo.ne.jp/shop_detail/0690950606100/index.html,34.928531944444,134.83730305556,ok
docomo,近畿,兵庫県,ドコモショップ川西多田店,666-0124 兵庫県川西市多田桜木11-3,https://shop.smt.docomo.ne.jp/shop_detail/0601601247100/index.html,34.861056111111,135.41584111111,ok
docomo,近畿,兵庫県,ドコモショップ川西店,666-0033 兵庫県川西市栄町1-7 パルティＫ２ビル,https://shop.smt.docomo.ne.jp/shop_detail/0601601247000/index.html,34.828475,135.41326888889,ok
docomo,近畿,兵庫県,ドコモショップ京見橋店,672-8095 兵庫県姫路市飾磨区若宮町48,https://shop.smt.docomo.ne.jp/shop_detail/0601600643400/index.html,34.809064166667,134.63644277778,ok
docomo,近畿,兵庫県,ドコモショップ甲南店,658-0015 兵庫県神戸市東灘区本山南町6-26 東神戸センタービル（東側）,https://shop.smt.docomo.ne.jp/shop_detail/0690911165100/index.html,34.724291666667,135.28178638889,ok
docomo,近畿,兵庫県,ドコモショップ神戸駅前店,650-0027 兵庫県神戸市中央区中町通3-2 三共神戸ツインビル,https://shop.smt.docomo.ne.jp/shop_detail/0690910906000/index.html,34.679550277778,135.17592944444,ok
docomo,近畿,兵庫県,ドコモショップ神戸コアキタマチ店,651-1233 兵庫県神戸市北区日の峰２丁目6-1 コアキタマチショッピングセンター,https://shop.smt.docomo.ne.jp/shop_detail/0601601501400/index.html,34.756151944444,135.14364472222,ok
docomo,近畿,兵庫県,ドコモショップ神戸長田店,653-0004 兵庫県神戸市長田区四番町1-3 和田興産ビル,https://shop.smt.docomo.ne.jp/shop_detail/0690911151000/index.html,34.668353888889,135.15188194444,ok
docomo,近畿,兵庫県,ドコモショップ神戸ハーバーランドｕｍｉｅ店,650-0044 兵庫県神戸市中央区東川崎町7-2 神戸ハーバーランドｕｍｉｅ　サウスモール,https://shop.smt.docomo.ne.jp/shop_detail/0601601183100/index.html,34.678980833333,135.18263888889,ok
docomo,近畿,兵庫県,ドコモショップ逆瀬川店,665-0035 兵庫県宝塚市逆瀬川11-1 アピア２号館,https://shop.smt.docomo.ne.jp/shop_detail/0690910905600/index.html,34.797909444444,135.35214194444,ok
docomo,近畿,兵庫県,ドコモショップ三宮北店,650-0001 兵庫県神戸市中央区加納町3-5 三宮御幸ビル,https://shop.smt.docomo.ne.jp/shop_detail/0601601224600/index.html,34.694520555556,135.19314583333,ok
docomo,近畿,兵庫県,ドコモショップ三宮さんプラザ店,650-0021 兵庫県神戸市中央区三宮町8-2 さんプラザ,https://shop.smt.docomo.ne.jp/shop_detail/0601600956100/index.html,34.692257777778,135.19350527778,ok
docomo,近畿,兵庫県,ドコモショップ飾磨店,672-8079 兵庫県姫路市飾磨区今在家７丁目99,https://shop.smt.docomo.ne.jp/shop_detail/0601601288600/index.html,34.8072475,134.65926277778,ok
docomo,近畿,兵庫県,ドコモショップ宍粟店,671-2542 兵庫県宍粟市山崎町船元226,https://shop.smt.docomo.ne.jp/shop_detail/0690950606000/index.html,34.995951944444,134.54856888889,ok
docomo,近畿,兵庫県,ドコモショップ新三田店,669-1313 兵庫県三田市福島2-5,https://shop.smt.docomo.ne.jp/shop_detail/0690920520700/index.html,34.911391944444,135.20891583333,ok
docomo,近畿,兵庫県,ドコモショップ新長田駅前店,653-0038 兵庫県神戸市長田区若松町2-1 アスタプラザ・ファースト１０１,https://shop.smt.docomo.ne.jp/shop_detail/0690910946100/index.html,34.656245277778,135.14537583333,ok
docomo,近畿,兵庫県,ドコモショップＪＲ立花駅前店,660-0052 兵庫県尼崎市七松町2-1 フェスタ立花北館　２０３,https://shop.smt.docomo.ne.jp/shop_detail/0601601210300/index.html,34.737403055556,135.39972888889,ok
docomo,近畿,兵庫県,ドコモショップすずらん台店,651-1131 兵庫県神戸市北区北五葉6-13-5,https://shop.smt.docomo.ne.jp/shop_detail/0690910835200/index.html,34.732145555556,135.14191333333,ok
docomo,近畿,兵庫県,ドコモショップ洲本店,656-0012 兵庫県洲本市宇山4-6,https://shop.smt.docomo.ne.jp/shop_detail/0690920320300/index.html,34.344890555556,134.88658722222,ok
docomo,近畿,兵庫県,ドコモショップ西神中央店,651-2273 兵庫県神戸市西区糀台2-1 西神プレンティ内,https://shop.smt.docomo.ne.jp/shop_detail/0690920280600/index.html,34.718757222222,135.01922388889,ok
docomo,近畿,兵庫県,ドコモショップ高砂店,676-0804 兵庫県高砂市美保里26-21,https://shop.smt.docomo.ne.jp/shop_detail/0601601150400/index.html,34.771702222222,134.80328138889,ok
docomo,近畿,兵庫県,ドコモショップ宝塚店,665-0835 兵庫県宝塚市旭町3-22-9,https://shop.smt.docomo.ne.jp/shop_detail/0601601246900/index.html,34.806903333333,135.35462861111,ok
docomo,近畿,兵庫県,ドコモショップ宝塚山本店,665-0882 兵庫県宝塚市山本南1-26-28,https://shop.smt.docomo.ne.jp/shop_detail/0690910908100/index.html,34.815521944444,135.38762805556,ok
docomo,近畿,兵庫県,ドコモショップたつの店,679-4129 兵庫県たつの市龍野町堂本432-1,https://shop.smt.docomo.ne.jp/shop_detail/0601601288500/index.html,34.853668888889,134.555635,ok
docomo,近畿,兵庫県,ドコモショップ玉津店,651-2144 兵庫県神戸市西区小山9-17,https://shop.smt.docomo.ne.jp/shop_detail/0601601186300/index.html,34.686065555556,134.98286666667,ok
docomo,近畿,兵庫県,ドコモショップ垂水駅前店（兵庫県）,655-0026 兵庫県神戸市垂水区陸ノ町2-8,https://shop.smt.docomo.ne.jp/shop_detail/0601600559800/index.html,34.630593055556,135.05348,ok
docomo,近畿,兵庫県,ドコモショップ丹波柏原店,669-3301 兵庫県丹波市柏原町南多田215-1,https://shop.smt.docomo.ne.jp/shop_detail/0690920720100/index.html,35.142210833333,135.06063583333,ok
docomo,近畿,兵庫県,ドコモショップ丹波篠山店,669-2203 兵庫県丹波篠山市吹新1-13,https://shop.smt.docomo.ne.jp/shop_detail/0601600698800/index.html,35.064214722222,135.18461388889,ok
docomo,近畿,兵庫県,ドコモショップ塚口駅前店,661-0002 兵庫県尼崎市塚口町12-8 青山塚口ビル,https://shop.smt.docomo.ne.jp/shop_detail/0601601168100/index.html,34.753423888889,135.41524888889,ok
docomo,近畿,兵庫県,ドコモショップつかしん店,661-0001 兵庫県尼崎市塚口本町8-1 グンゼタウンセンターつかしん,https://shop.smt.docomo.ne.jp/shop_detail/0690911609600/index.html,34.761666666667,135.41861111111,ok
docomo,近畿,兵庫県,ドコモショップ豊岡店,668-0052 兵庫県豊岡市九日市下町161-1,https://shop.smt.docomo.ne.jp/shop_detail/0690950090500/index.html,35.529372222222,134.81992361111,ok
docomo,近畿,兵庫県,ドコモショップ西明石店,673-0044 兵庫県明石市藤江854-2,https://shop.smt.docomo.ne.jp/shop_detail/0601601126200/index.html,34.670225,134.95578083333,ok
docomo,近畿,兵庫県,ドコモショップ西宮今津店,663-8227 兵庫県西宮市今津出在家町10-68 コーナン西宮今津店２号館,https://shop.smt.docomo.ne.jp/shop_detail/0601601202700/index.html,34.724123888889,135.34818138889,ok
docomo,近畿,兵庫県,ドコモショップ西宮北口店,663-8035 兵庫県西宮市北口町1-1 アクタ西宮　西館,https://shop.smt.docomo.ne.jp/shop_detail/0601600542900/index.html,34.747317222222,135.35730277778,ok
docomo,近畿,兵庫県,ドコモショップ西宮店,662-0973 兵庫県西宮市田中町1-6 エビスタ西宮,https://shop.smt.docomo.ne.jp/shop_detail/0690911165400/index.html,34.736837777778,135.33864222222,ok
docomo,近畿,兵庫県,ドコモショップ西脇店,677-0017 兵庫県西脇市小坂町122-1,https://shop.smt.docomo.ne.jp/shop_detail/0690920750100/index.html,34.993118888889,134.9648675,ok
docomo,近畿,兵庫県,ドコモショップ播磨太子店,671-1511 兵庫県揖保郡太子町太田1-48,https://shop.smt.docomo.ne.jp/shop_detail/0690911153100/index.html,34.832185555556,134.59976722222,ok
docomo,近畿,兵庫県,ドコモショップ阪急伊丹店,664-0858 兵庫県伊丹市西台1-1 阪急伊丹リータ,https://shop.smt.docomo.ne.jp/shop_detail/0690920280400/index.html,34.780028888889,135.41367361111,ok
docomo,近畿,兵庫県,ドコモショップ阪急西宮ガーデンズ店,663-8204 兵庫県西宮市高松町2-14 阪急西宮ガーデンズ,https://shop.smt.docomo.ne.jp/shop_detail/0601601291900/index.html,34.743718055556,135.36008805556,ok
docomo,近畿,兵庫県,ドコモショップ姫路市役所前店,672-8049 兵庫県姫路市佃町68,https://shop.smt.docomo.ne.jp/shop_detail/0690910543400/index.html,34.814843611111,134.68433222222,ok
docomo,近畿,兵庫県,ドコモショップ姫路辻井店,670-0083 兵庫県姫路市辻井５丁目8-8,https://shop.smt.docomo.ne.jp/shop_detail/0601601359500/index.html,34.849733888889,134.67026694444,ok
docomo,近畿,兵庫県,ドコモショップ姫路砥堀店,670-0802 兵庫県姫路市砥堀704-1-763,https://shop.smt.docomo.ne.jp/shop_detail/0601600320900/index.html,34.867683611111,134.72870444444,ok
docomo,近畿,兵庫県,ドコモショップ姫路西店,670-0058 兵庫県姫路市車崎2-2,https://shop.smt.docomo.ne.jp/shop_detail/0690950090300/index.html,34.837465555556,134.6732775,ok
docomo,近畿,兵庫県,ドコモショップ姫路花田店,671-0253 兵庫県姫路市花田町一本松10,https://shop.smt.docomo.ne.jp/shop_detail/0601601355600/index.html,34.823333888889,134.72746972222,ok
docomo,近畿,兵庫県,ドコモショップ姫路みゆき通り店,670-0927 兵庫県姫路市駅前町265 姫路ＫＴビル,https://shop.smt.docomo.ne.jp/shop_detail/0601600741300/index.html,34.828375,134.69158472222,ok
docomo,近畿,兵庫県,ドコモショップ福崎店,679-2203 兵庫県神崎郡福崎町南田原31-Jan,https://shop.smt.docomo.ne.jp/shop_detail/0601601172200/index.html,34.95018,134.75932,ok
docomo,近畿,兵庫県,ドコモショップ二見店,674-0094 兵庫県明石市二見町西二見7-89 兵庫二見ビル,https://shop.smt.docomo.ne.jp/shop_detail/0601601126400/index.html,34.711746666667,134.88938388889,ok
docomo,近畿,兵庫県,ドコモショップブルメール舞多聞店,655-0052 兵庫県神戸市垂水区舞多聞東２丁目1-45 ブルメール舞多聞,https://shop.smt.docomo.ne.jp/shop_detail/0601600715500/index.html,34.663722777778,135.05409333333,ok
docomo,近畿,兵庫県,ドコモショップ宝殿店,676-0807 兵庫県高砂市米田町島1-77,https://shop.smt.docomo.ne.jp/shop_detail/0601601352600/index.html,34.785540833333,134.80647333333,ok
docomo,近畿,兵庫県,ドコモショップ舞子店,655-0046 兵庫県神戸市垂水区舞子台1-5,https://shop.smt.docomo.ne.jp/shop_detail/0690911606800/index.html,34.636121111111,135.03154861111,ok
docomo,近畿,兵庫県,ドコモショップ名谷店,654-0154 兵庫県神戸市須磨区中落合2-7 須磨パティオ健康館,https://shop.smt.docomo.ne.jp/shop_detail/0601600713400/index.html,34.678620833333,135.09307805556,ok
docomo,近畿,兵庫県,ドコモショップ御影クラッセ店,658-0054 兵庫県神戸市東灘区御影中町2-1 御影クラッセ,https://shop.smt.docomo.ne.jp/shop_detail/0601601271000/index.html,34.715631111111,135.25514194444,ok
docomo,近畿,兵庫県,ドコモショップ三木志染店,673-0541 兵庫県三木市志染町広野1-66,https://shop.smt.docomo.ne.jp/shop_detail/0601601248500/index.html,34.782283888889,135.00731194444,ok
docomo,近畿,兵庫県,ドコモショップ三木店（兵庫県）,673-0404 兵庫県三木市大村546-1,https://shop.smt.docomo.ne.jp/shop_detail/0690920280300/index.html,34.804168055556,134.96529888889,ok
docomo,近畿,兵庫県,ドコモショップ南あわじ店,656-0461 兵庫県南あわじ市市円行寺150 ショッピングプラザ　パルティ内,https://shop.smt.docomo.ne.jp/shop_detail/0601600991400/index.html,34.290108888889,134.77894305556,ok
docomo,近畿,兵庫県,ドコモショップ武庫之荘店,661-0033 兵庫県尼崎市南武庫之荘8-26 エクシード武庫之荘ＩＩ,https://shop.smt.docomo.ne.jp/shop_detail/0690910981100/index.html,34.750774166667,135.39466527778,ok
docomo,近畿,兵庫県,ドコモショップ元町商店街店,650-0022 兵庫県神戸市中央区元町通6-5,https://shop.smt.docomo.ne.jp/shop_detail/0601600545100/index.html,34.688658055556,135.18747722222,ok
docomo,近畿,兵庫県,ドコモショップららぽーと甲子園店,663-8178 兵庫県西宮市甲子園八番町1-100 ららぽーと甲子園,https://shop.smt.docomo.ne.jp/shop_detail/0601601146500/index.html,34.717867777778,135.36404388889,ok
docomo,近畿,兵庫県,ドコモショップ六甲道店,657-0037 兵庫県神戸市灘区備後町4-1-1-107 ウエルブ六甲道３番街１番館,https://shop.smt.docomo.ne.jp/shop_detail/0601601202200/index.html,34.713477222222,135.23970916667,ok
docomo,近畿,兵庫県,ドコモショップ和田山店,669-5213 兵庫県朝来市和田山町玉置1070-1,https://shop.smt.docomo.ne.jp/shop_detail/0690950090100/index.html,35.332871388889,134.86258138889,ok
docomo,近畿,奈良県,ドコモショップイオンモール橿原店,634-0837 奈良県橿原市曲川町7-20-1-259 イオンモール橿原　ノースモール,https://shop.smt.docomo.ne.jp/shop_detail/0601601303600/index.html,34.506362222222,135.76304027778,ok
docomo,近畿,奈良県,ドコモショップイオンモール大和郡山店,639-1101 奈良県大和郡山市下三橋町741 イオンモール大和郡山,https://shop.smt.docomo.ne.jp/shop_detail/0601600480100/index.html,34.651128888889,135.80217388889,ok
docomo,近畿,奈良県,ドコモショップ生駒店,630-0212 奈良県生駒市辻町1-60,https://shop.smt.docomo.ne.jp/shop_detail/0690914090000/index.html,34.698605,135.70872277778,ok
docomo,近畿,奈良県,ドコモショップ王寺店,636-0002 奈良県北葛城郡王寺町王寺2-9,https://shop.smt.docomo.ne.jp/shop_detail/0601600661900/index.html,34.595439722222,135.70741694444,ok
docomo,近畿,奈良県,ドコモショップ押熊店,631-0011 奈良県奈良市押熊町1121-1,https://shop.smt.docomo.ne.jp/shop_detail/0601601051300/index.html,34.721831944444,135.77106166667,ok
docomo,近畿,奈良県,ドコモショップ橿原店,634-0833 奈良県橿原市忌部町1-39,https://shop.smt.docomo.ne.jp/shop_detail/0601601115100/index.html,34.506334722222,135.77633472222,ok
docomo,近畿,奈良県,ドコモショップ香芝店,639-0231 奈良県香芝市下田西4-13,https://shop.smt.docomo.ne.jp/shop_detail/0690970150100/index.html,34.540321388889,135.70338166667,ok
docomo,近畿,奈良県,ドコモショップ葛城南店,639-2126 奈良県葛城市南花内248,https://shop.smt.docomo.ne.jp/shop_detail/0601601203100/index.html,34.479893055556,135.7327025,ok
docomo,近畿,奈良県,ドコモショップ学研北生駒店,630-0131 奈良県生駒市上町18-Jan,https://shop.smt.docomo.ne.jp/shop_detail/0690970172100/index.html,34.724471666667,135.72170194444,ok
docomo,近畿,奈良県,ドコモショップ五條店,637-0004 奈良県五條市今井5-24-1,https://shop.smt.docomo.ne.jp/shop_detail/0690970150200/index.html,34.3611025,135.71443861111,ok
docomo,近畿,奈良県,ドコモショップ西大寺店（奈良県）,631-0821 奈良県奈良市西大寺東町2-1-63 ＳＡＮＷＡ　ＣＩＴＹ西大寺ビル,https://shop.smt.docomo.ne.jp/shop_detail/0690913770200/index.html,34.6945425,135.78373611111,ok
docomo,近畿,奈良県,ドコモショップ桜井店,633-0063 奈良県桜井市川合274-1,https://shop.smt.docomo.ne.jp/shop_detail/0601600395300/index.html,34.516126111111,135.84411611111,ok
docomo,近畿,奈良県,ドコモショップ田原本店（奈良県）,636-0246 奈良県磯城郡田原本町千代172-4,https://shop.smt.docomo.ne.jp/shop_detail/0690970170900/index.html,34.5393425,135.79758361111,ok
docomo,近畿,奈良県,ドコモショップ天理中央店,632-0018 奈良県天理市別所町4-82,https://shop.smt.docomo.ne.jp/shop_detail/0690914014100/index.html,34.606618888889,135.8352425,ok
docomo,近畿,奈良県,ドコモショップ天理店,632-0086 奈良県天理市庵治町295-2,https://shop.smt.docomo.ne.jp/shop_detail/0690913770100/index.html,34.579995,135.79766694444,ok
docomo,近畿,奈良県,ドコモショップ奈良中央店,630-8013 奈良県奈良市三条大路8-11,https://shop.smt.docomo.ne.jp/shop_detail/0690970150300/index.html,34.682084166667,135.80079527778,ok
docomo,近畿,奈良県,ドコモショップ奈良やすらぎ通り店,630-8354 奈良県奈良市馬場町5-14,https://shop.smt.docomo.ne.jp/shop_detail/0601601289300/index.html,34.679051111111,135.82608277778,ok
docomo,近畿,奈良県,ドコモショップ南奈良店,630-8443 奈良県奈良市南永井町146,https://shop.smt.docomo.ne.jp/shop_detail/0690970172900/index.html,34.654676388889,135.8195625,ok
docomo,近畿,奈良県,ドコモショップ大和高田店,635-0025 奈良県大和高田市神楽10-13,https://shop.smt.docomo.ne.jp/shop_detail/0690913770300/index.html,34.523946388889,135.74434944444,ok
docomo,近畿,奈良県,ドコモショップ大和八木店,634-0804 奈良県橿原市内膳町1-25,https://shop.smt.docomo.ne.jp/shop_detail/0601601290500/index.html,34.511293055556,135.79349666667,ok
docomo,近畿,和歌山県,ドコモショップ有田店（和歌山県）,643-0024 和歌山県有田郡有田川町大字水尻697-7,https://shop.smt.docomo.ne.jp/shop_detail/0690960240600/index.html,34.048885277778,135.19051277778,ok
docomo,近畿,和歌山県,ドコモショップイオンタウン貴志川店,640-0413 和歌山県紀の川市貴志川町神戸字野手218,https://shop.smt.docomo.ne.jp/shop_detail/0690911606100/index.html,34.200016388889,135.31666694444,ok
docomo,近畿,和歌山県,ドコモショップイオンモール和歌山店,640-8454 和歌山県和歌山市ふじと台23 イオンモール和歌山　ショップストリート,https://shop.smt.docomo.ne.jp/shop_detail/0690960030000/index.html,34.276859166667,135.14946583333,ok
docomo,近畿,和歌山県,ドコモショップ岩出店,649-6215 和歌山県岩出市中迫1-64,https://shop.smt.docomo.ne.jp/shop_detail/0690911606300/index.html,34.261088611111,135.3180725,ok
docomo,近畿,和歌山県,ドコモショップ岩出バイパス店,649-6311 和歌山県和歌山市里1-42,https://shop.smt.docomo.ne.jp/shop_detail/0601600328400/index.html,34.262860555556,135.26668916667,ok
docomo,近畿,和歌山県,ドコモショップ大浦店,640-8255 和歌山県和歌山市舟津町1-10,https://shop.smt.docomo.ne.jp/shop_detail/0601601269600/index.html,34.223638055556,135.15897277778,ok
docomo,近畿,和歌山県,ドコモショップ海南店,642-0001 和歌山県海南市船尾238-8,https://shop.smt.docomo.ne.jp/shop_detail/0601601286600/index.html,34.158418055556,135.20119305556,ok
docomo,近畿,和歌山県,ドコモショップかつらぎ店,649-7174 和歌山県伊都郡かつらぎ町大字佐野898-2,https://shop.smt.docomo.ne.jp/shop_detail/0601600704000/index.html,34.291589166667,135.48664916667,ok
docomo,近畿,和歌山県,ドコモショップ神前店,640-8314 和歌山県和歌山市神前175-4,https://shop.smt.docomo.ne.jp/shop_detail/0601600965400/index.html,34.215627777778,135.20160083333,ok
docomo,近畿,和歌山県,ドコモショップ御坊店,644-0011 和歌山県御坊市湯川町財部646-1,https://shop.smt.docomo.ne.jp/shop_detail/0690960243000/index.html,33.896181666667,135.15076888889,ok
docomo,近畿,和歌山県,ドコモショップ新宮店（和歌山県）,647-0082 和歌山県新宮市鴻田２丁目1-7,https://shop.smt.docomo.ne.jp/shop_detail/0601601287400/index.html,33.712867222222,135.98916111111,ok
docomo,近畿,和歌山県,ドコモショップセントラルシティ和歌山店,641-0007 和歌山県和歌山市小雑賀805-1,https://shop.smt.docomo.ne.jp/shop_detail/0690960020200/index.html,34.195315833333,135.18321888889,ok
docomo,近畿,和歌山県,ドコモショップ田辺新庄店,646-0011 和歌山県田辺市新庄町1-56,https://shop.smt.docomo.ne.jp/shop_detail/0601601285100/index.html,33.717632777778,135.40285777778,ok
docomo,近畿,和歌山県,ドコモショップ田辺店,646-0026 和歌山県田辺市宝来町15-20,https://shop.smt.docomo.ne.jp/shop_detail/0690911606200/index.html,33.733339722222,135.38802,ok
docomo,近畿,和歌山県,ドコモショップ田辺バイパス店,646-0004 和歌山県田辺市下万呂字久保田560-1,https://shop.smt.docomo.ne.jp/shop_detail/0690960240500/index.html,33.740627777778,135.39083694444,ok
docomo,近畿,和歌山県,ドコモショップ南海市駅前店,640-8215 和歌山県和歌山市橋丁21,https://shop.smt.docomo.ne.jp/shop_detail/0690911606000/index.html,34.2338825,135.16922055556,ok
docomo,近畿,和歌山県,ドコモショップ延時店,640-8431 和歌山県和歌山市向220-1,https://shop.smt.docomo.ne.jp/shop_detail/0601600306700/index.html,34.254856944444,135.14461805556,ok
docomo,近畿,和歌山県,ドコモショップ橋本彩の台店,648-0019 和歌山県橋本市あやの台1-50-3,https://shop.smt.docomo.ne.jp/shop_detail/0601601187000/index.html,34.336833888889,135.65201027778,ok
docomo,近畿,和歌山県,ドコモショップ橋本店,648-0073 和歌山県橋本市市脇1-19,https://shop.smt.docomo.ne.jp/shop_detail/0601601073300/index.html,34.313528888889,135.60084694444,ok
docomo,近畿,和歌山県,ドコモショップ箕島店,649-0316 和歌山県有田市宮崎町238-4,https://shop.smt.docomo.ne.jp/shop_detail/0601601286700/index.html,34.079298888889,135.11439472222,ok
docomo,近畿,和歌山県,ドコモショップ和歌山北店,640-8471 和歌山県和歌山市善明寺367-5,https://shop.smt.docomo.ne.jp/shop_detail/0601601276800/index.html,34.261133611111,135.18431333333,ok
docomo,近畿,和歌山県,ドコモショップ和歌山東店,640-8303 和歌山県和歌山市鳴神1053-1,https://shop.smt.docomo.ne.jp/shop_detail/0690960240800/index.html,34.230317777778,135.21001861111,ok
docomo,中国,鳥取県,ドコモショップイオンモール鳥取北店,680-0904 鳥取県鳥取市晩稲348 イオンモール鳥取北,https://shop.smt.docomo.ne.jp/shop_detail/0750856309600/index.html,35.523875277778,134.20105972222,ok
docomo,中国,鳥取県,ドコモショップ皆生Ｒ４３１店,683-0004 鳥取県米子市上福原1-5,https://shop.smt.docomo.ne.jp/shop_detail/0701700137200/index.html,35.451749722222,133.35759972222,ok
docomo,中国,鳥取県,ドコモショップ倉吉河北店,682-0018 鳥取県倉吉市福庭町2-51,https://shop.smt.docomo.ne.jp/shop_detail/0701700906300/index.html,35.465993888889,133.84566583333,ok
docomo,中国,鳥取県,ドコモショップ倉吉店,682-0023 鳥取県倉吉市山根581-5 Ｂｉｔビル,https://shop.smt.docomo.ne.jp/shop_detail/0750857429800/index.html,35.450388055556,133.84912861111,ok
docomo,中国,鳥取県,ドコモショップ境港店,684-0043 鳥取県境港市竹内町字千代畑3583-29,https://shop.smt.docomo.ne.jp/shop_detail/0701700271700/index.html,35.521934722222,133.24611777778,ok
docomo,中国,鳥取県,ドコモショップ鳥取扇町店,680-0845 鳥取県鳥取市富安1-152 サンヨーグループビル,https://shop.smt.docomo.ne.jp/shop_detail/0701700595200/index.html,35.491073055556,134.22395638889,ok
docomo,中国,鳥取県,ドコモショップ鳥取湖山店,680-0931 鳥取県鳥取市岩吉199-1,https://shop.smt.docomo.ne.jp/shop_detail/0701700312500/index.html,35.514011388889,134.1931675,ok
docomo,中国,鳥取県,ドコモショップ鳥取正蓮寺店,680-0854 鳥取県鳥取市正蓮寺51,https://shop.smt.docomo.ne.jp/shop_detail/0701700905400/index.html,35.471341388889,134.24482944444,ok
docomo,中国,鳥取県,ドコモショップ米子店,683-0804 鳥取県米子市米原2-8,https://shop.smt.docomo.ne.jp/shop_detail/0750857429900/index.html,35.446581666667,133.32790027778,ok
docomo,中国,鳥取県,ドコモショップ米子南店,683-0064 鳥取県米子市道笑町4-24-1,https://shop.smt.docomo.ne.jp/shop_detail/0750857429600/index.html,35.423128055556,133.34759305556,ok
docomo,中国,島根県,ドコモショップイオンモール出雲店,693-0004 島根県出雲市渡橋町1066,https://shop.smt.docomo.ne.jp/shop_detail/0701700918400/index.html,35.364340555556,132.74301861111,ok
docomo,中国,島根県,ドコモショップ出雲市駅南店,693-0008 島根県出雲市駅南町2-3,https://shop.smt.docomo.ne.jp/shop_detail/0701700895500/index.html,35.359309722222,132.75666555556,ok
docomo,中国,島根県,ドコモショップ出雲店,693-0001 島根県出雲市今市町1-96,https://shop.smt.docomo.ne.jp/shop_detail/0750756309800/index.html,35.369215277778,132.75459138889,ok
docomo,中国,島根県,ドコモショップ大田店,694-0064 島根県大田市大田町大田イ6-76 ＦＵＪＩＭＯＴＯ　ＳＨＯＷＡ　ｏｆｆｉｃｅ,https://shop.smt.docomo.ne.jp/shop_detail/0701700034200/index.html,35.196444444444,132.50011111111,ok
docomo,中国,島根県,ドコモショップ江津店,695-0016 島根県江津市嘉久志町イ1261 ＮＴＴ江津ビル,https://shop.smt.docomo.ne.jp/shop_detail/0701700314200/index.html,35.009693055556,132.21716777778,ok
docomo,中国,島根県,ドコモショップサテライト隠岐サンテラス店,685-0016 島根県隠岐郡隠岐の島町城北町376 ショッピングプラザサンテラス,https://shop.smt.docomo.ne.jp/shop_detail/0701701123200/index.html,36.216136944444,133.31626888889,ok
docomo,中国,島根県,ドコモショップ城山西通り店,690-0876 島根県松江市黒田町468-3,https://shop.smt.docomo.ne.jp/shop_detail/0701700871500/index.html,35.479838888889,133.04450388889,ok
docomo,中国,島根県,ドコモショップ浜田店,697-0026 島根県浜田市田町1681,https://shop.smt.docomo.ne.jp/shop_detail/0750756309700/index.html,34.90068,132.08734194444,ok
docomo,中国,島根県,ドコモショップ益田高津店,698-0041 島根県益田市高津5-33-18,https://shop.smt.docomo.ne.jp/shop_detail/0701700917900/index.html,34.6895125,131.81724361111,ok
docomo,中国,島根県,ドコモショップ益田店,698-0027 島根県益田市あけぼの東町1-13 赤陵会館,https://shop.smt.docomo.ne.jp/shop_detail/0750756149900/index.html,34.678498333333,131.84425555556,ok
docomo,中国,島根県,ドコモショップ松江学園通り店,690-0826 島根県松江市学園南2-11-35,https://shop.smt.docomo.ne.jp/shop_detail/0750757429700/index.html,35.474282777778,133.06810583333,ok
docomo,中国,島根県,ドコモショップ松江田和山店,690-0058 島根県松江市田和山町119,https://shop.smt.docomo.ne.jp/shop_detail/0701700934500/index.html,35.440172777778,133.05364416667,ok
docomo,中国,島根県,ドコモショップ松江店,690-0017 島根県松江市西津田10-20,https://shop.smt.docomo.ne.jp/shop_detail/0750756309900/index.html,35.459978055556,133.07674888889,ok
docomo,中国,島根県,ドコモショップ松江南店,690-0031 島根県松江市山代町825-2,https://shop.smt.docomo.ne.jp/shop_detail/0701700246800/index.html,35.445184722222,133.08461833333,ok
docomo,中国,島根県,ドコモショップ三刀屋店,690-2403 島根県雲南市三刀屋町下熊谷1298,https://shop.smt.docomo.ne.jp/shop_detail/0701700311400/index.html,35.302923333333,132.89514777778,ok
docomo,中国,島根県,ドコモショップ安来店,692-0023 島根県安来市黒井田町1-5,https://shop.smt.docomo.ne.jp/shop_detail/0701700656400/index.html,35.4286725,133.26134611111,ok
docomo,中国,島根県,ドコモショップゆめタウン出雲店,693-0063 島根県出雲市大塚町650-1 ゆめタウン出雲東館,https://shop.smt.docomo.ne.jp/shop_detail/0701700932600/index.html,35.377502222222,132.75611694444,ok
docomo,中国,島根県,ドコモショップゆめタウン浜田店,697-0052 島根県浜田市港町227-1,https://shop.smt.docomo.ne.jp/shop_detail/0701700917800/index.html,34.899998611111,132.07155472222,ok
docomo,中国,島根県,ドコモショップゆめタウン斐川店,699-0624 島根県出雲市斐川町上直江1318,https://shop.smt.docomo.ne.jp/shop_detail/0701700914000/index.html,35.386668611111,132.80833444444,ok
docomo,中国,岡山県,ドコモショップアリオ倉敷店,710-0813 岡山県倉敷市寿町12-2 アリオ倉敷,https://shop.smt.docomo.ne.jp/shop_detail/0701700934600/index.html,34.604316944444,133.76569194444,ok
docomo,中国,岡山県,ドコモショップイオンモール岡山店,700-0907 岡山県岡山市北区下石井2-1 イオンモール岡山,https://shop.smt.docomo.ne.jp/shop_detail/0701700900200/index.html,34.661945833333,133.91816888889,ok
docomo,中国,岡山県,ドコモショップイオンモール倉敷店,710-0802 岡山県倉敷市水江1 イオンモール倉敷店,https://shop.smt.docomo.ne.jp/shop_detail/0701700912800/index.html,34.603982777778,133.74509083333,ok
docomo,中国,岡山県,ドコモショップ一宮店（岡山県）,701-1211 岡山県岡山市北区一宮116-1,https://shop.smt.docomo.ne.jp/shop_detail/0701700910600/index.html,34.677824722222,133.87307694444,ok
docomo,中国,岡山県,ドコモショップ井原店,715-0025 岡山県井原市笹賀町447-1,https://shop.smt.docomo.ne.jp/shop_detail/0701700903300/index.html,34.592956111111,133.45584305556,ok
docomo,中国,岡山県,ドコモショップ大元店,700-0971 岡山県岡山市北区野田11-21,https://shop.smt.docomo.ne.jp/shop_detail/0750937019900/index.html,34.651906111111,133.90265083333,ok
docomo,中国,岡山県,ドコモショップ岡山瀬戸店,709-0855 岡山県岡山市東区瀬戸町沖350-3,https://shop.smt.docomo.ne.jp/shop_detail/0701700035600/index.html,34.7182125,134.04583166667,ok
docomo,中国,岡山県,ドコモショップ岡山南店,700-0956 岡山県岡山市南区当新田1-74,https://shop.smt.docomo.ne.jp/shop_detail/0701700043400/index.html,34.621981944444,133.90835888889,ok
docomo,中国,岡山県,ドコモショップ笠岡店,714-0092 岡山県笠岡市富岡475-4,https://shop.smt.docomo.ne.jp/shop_detail/0750958009900/index.html,34.498857222222,133.52080333333,ok
docomo,中国,岡山県,ドコモショップ久世店,719-3201 岡山県真庭市久世1-94,https://shop.smt.docomo.ne.jp/shop_detail/0701700267300/index.html,35.080643055556,133.74446361111,ok
docomo,中国,岡山県,ドコモショップ倉敷インター店,710-0005 岡山県倉敷市西岡1173-4,https://shop.smt.docomo.ne.jp/shop_detail/0750957639900/index.html,34.615160277778,133.77276277778,ok
docomo,中国,岡山県,ドコモショップ倉敷笹沖店,710-0834 岡山県倉敷市笹沖1245-4,https://shop.smt.docomo.ne.jp/shop_detail/0701700853100/index.html,34.580602777778,133.76957388889,ok
docomo,中国,岡山県,ドコモショップ倉敷店,710-0836 岡山県倉敷市沖277-2,https://shop.smt.docomo.ne.jp/shop_detail/0750957959900/index.html,34.587303333333,133.75436444444,ok
docomo,中国,岡山県,ドコモショップ倉敷福田店,712-8046 岡山県倉敷市福田町古新田255-5,https://shop.smt.docomo.ne.jp/shop_detail/0701700937600/index.html,34.541390277778,133.75750083333,ok
docomo,中国,岡山県,ドコモショップ児島店,711-0921 岡山県倉敷市児島駅前3-6,https://shop.smt.docomo.ne.jp/shop_detail/0701700257400/index.html,34.464581666667,133.80891583333,ok
docomo,中国,岡山県,ドコモショップ金光店,719-0113 岡山県浅口市金光町大字佐方101,https://shop.smt.docomo.ne.jp/shop_detail/0701700157600/index.html,34.535707777778,133.60926916667,ok
docomo,中国,岡山県,ドコモショップ新倉敷店,710-0253 岡山県倉敷市新倉敷駅前1-120-1,https://shop.smt.docomo.ne.jp/shop_detail/0701700912400/index.html,34.563481111111,133.67966638889,ok
docomo,中国,岡山県,ドコモショップ総社店,719-1131 岡山県総社市中央4-22-111,https://shop.smt.docomo.ne.jp/shop_detail/0750967079500/index.html,34.670470277778,133.75395305556,ok
docomo,中国,岡山県,ドコモショップ高梁店,716-0061 岡山県高梁市落合町阿部1700,https://shop.smt.docomo.ne.jp/shop_detail/0701700235000/index.html,34.77776,133.58881194444,ok
docomo,中国,岡山県,ドコモショップ高屋店,703-8227 岡山県岡山市中区兼基2-51,https://shop.smt.docomo.ne.jp/shop_detail/0701700910700/index.html,34.673091111111,133.97097722222,ok
docomo,中国,岡山県,ドコモショップ玉野メルカ店,706-0011 岡山県玉野市宇野1-38-1 ショッピングモールメルカ店,https://shop.smt.docomo.ne.jp/shop_detail/0701700912300/index.html,34.491966944444,133.94505361111,ok
docomo,中国,岡山県,ドコモショップ大安寺店,700-0035 岡山県岡山市北区高柳西町12-4,https://shop.smt.docomo.ne.jp/shop_detail/0701700063600/index.html,34.660493055556,133.89556611111,ok
docomo,中国,岡山県,ドコモショップ築港店,702-8053 岡山県岡山市南区築港栄町5-12,https://shop.smt.docomo.ne.jp/shop_detail/0701700922800/index.html,34.601424722222,133.94205194444,ok
docomo,中国,岡山県,ドコモショップ津島店（岡山県）,700-0086 岡山県岡山市北区津島西坂2-99-1,https://shop.smt.docomo.ne.jp/shop_detail/0701700927200/index.html,34.68272,133.90676972222,ok
docomo,中国,岡山県,ドコモショップ津山インター店,708-0842 岡山県津山市河辺931-1,https://shop.smt.docomo.ne.jp/shop_detail/0701700665100/index.html,35.06189,134.04612194444,ok
docomo,中国,岡山県,ドコモショップ津山店,708-0006 岡山県津山市小田中1445-1,https://shop.smt.docomo.ne.jp/shop_detail/0750967079800/index.html,35.063065833333,133.98722972222,ok
docomo,中国,岡山県,ドコモショップ津山林田店,708-0822 岡山県津山市林田102,https://shop.smt.docomo.ne.jp/shop_detail/0701700918000/index.html,35.070866111111,134.01505805556,ok
docomo,中国,岡山県,ドコモショップ天満屋ハピーズ西大寺モール店,704-8117 岡山県岡山市東区西大寺南１丁目2-5 天満屋ハピーズ西大寺モール,https://shop.smt.docomo.ne.jp/shop_detail/0701700279900/index.html,34.652472222222,134.03044444444,ok
docomo,中国,岡山県,ドコモショップ新見店,718-0013 岡山県新見市正田439-1,https://shop.smt.docomo.ne.jp/shop_detail/0701700035300/index.html,34.963673611111,133.4724125,ok
docomo,中国,岡山県,ドコモショップ西市店,700-0953 岡山県岡山市南区西市5-98,https://shop.smt.docomo.ne.jp/shop_detail/0750967089900/index.html,34.6318125,133.90533111111,ok
docomo,中国,岡山県,ドコモショップ花尻店,701-0133 岡山県岡山市北区花尻あかね町12-105,https://shop.smt.docomo.ne.jp/shop_detail/0701701082600/index.html,34.656507777778,133.86912583333,ok
docomo,中国,岡山県,ドコモショップ東川原店,703-8255 岡山県岡山市中区東川原243-1,https://shop.smt.docomo.ne.jp/shop_detail/0701700278900/index.html,34.673835,133.94432638889,ok
docomo,中国,岡山県,ドコモショップ東紅陽台店,706-0131 岡山県玉野市東紅陽台1-19-270,https://shop.smt.docomo.ne.jp/shop_detail/0701700291800/index.html,34.541721944444,133.89195694444,ok
docomo,中国,岡山県,ドコモショップ平井店（岡山県）,703-8282 岡山県岡山市中区平井5-8-35,https://shop.smt.docomo.ne.jp/shop_detail/0701700280000/index.html,34.638728888889,133.94113277778,ok
docomo,中国,岡山県,ドコモショップ備前店,705-0001 岡山県備前市伊部2375,https://shop.smt.docomo.ne.jp/shop_detail/0701700485400/index.html,34.738720833333,134.15330166667,ok
docomo,中国,岡山県,ドコモショップ水島店,712-8061 岡山県倉敷市神田3-15-3,https://shop.smt.docomo.ne.jp/shop_detail/0750957959700/index.html,34.544582777778,133.73067138889,ok
docomo,中国,岡山県,ドコモショップ美作店,707-0003 岡山県美作市明見137,https://shop.smt.docomo.ne.jp/shop_detail/0701700311800/index.html,35.015503611111,134.15328027778,ok
docomo,中国,岡山県,ドコモショップゆめタウン邑久店,701-4221 岡山県瀬戸内市邑久町尾張268 イズミゆめタウン邑久店内,https://shop.smt.docomo.ne.jp/shop_detail/0701700924700/index.html,34.666623055556,134.09298416667,ok
docomo,中国,広島県,ドコモショップ安芸高田店,731-0501 広島県安芸高田市吉田町吉田750-1,https://shop.smt.docomo.ne.jp/shop_detail/0701700913300/index.html,34.667240833333,132.70409333333,ok
docomo,中国,広島県,ドコモショップあけぼの店,721-0952 広島県福山市曙町5-13-13,https://shop.smt.docomo.ne.jp/shop_detail/0701700279700/index.html,34.470176111111,133.39520305556,ok
docomo,中国,広島県,ドコモショップアルパーク店,733-0834 広島県広島市西区草津新町2-26-1 アルパーク東棟ブルーサイド,https://shop.smt.docomo.ne.jp/shop_detail/0701700657100/index.html,34.373696111111,132.39458638889,ok
docomo,中国,広島県,ドコモショップイオンモール広島祇園店,731-0138 広島県広島市安佐南区祇園2-1 イオンモール広島祇園店,https://shop.smt.docomo.ne.jp/shop_detail/0701700912600/index.html,34.442633888889,132.46097,ok
docomo,中国,広島県,ドコモショップイオンモール広島府中店,735-0021 広島県安芸郡府中町大須1-1 イオンモール広島府中,https://shop.smt.docomo.ne.jp/shop_detail/0701700857200/index.html,34.392503333333,132.49998111111,ok
docomo,中国,広島県,ドコモショップ伊勢丘店,721-0915 広島県福山市伊勢丘3-5,https://shop.smt.docomo.ne.jp/shop_detail/0701700911900/index.html,34.503086666667,133.42345722222,ok
docomo,中国,広島県,ドコモショップ五日市城山店,731-5155 広島県広島市佐伯区城山4-21,https://shop.smt.docomo.ne.jp/shop_detail/0701700930500/index.html,34.385542777778,132.35615055556,ok
docomo,中国,広島県,ドコモショップ五日市宮島街道店,731-5135 広島県広島市佐伯区海老園7-26 ＮＴＴ五日市廿日市ビル,https://shop.smt.docomo.ne.jp/shop_detail/0750434029900/index.html,34.364722222222,132.36222222222,ok
docomo,中国,広島県,ドコモショップ因島店,722-2324 広島県尾道市因島田熊町1141-1 因島モール内,https://shop.smt.docomo.ne.jp/shop_detail/0701700021500/index.html,34.295860833333,133.16599,ok
docomo,中国,広島県,ドコモショップ宇品ベイエリア店,734-0014 広島県広島市南区宇品西3-1-33,https://shop.smt.docomo.ne.jp/shop_detail/0701700851400/index.html,34.362250555556,132.45929833333,ok
docomo,中国,広島県,ドコモショップ尾道店,722-0026 広島県尾道市栗原西11-1,https://shop.smt.docomo.ne.jp/shop_detail/0701700220000/index.html,34.4146825,133.18734138889,ok
docomo,中国,広島県,ドコモショップ海田店,736-0046 広島県安芸郡海田町窪町6-10,https://shop.smt.docomo.ne.jp/shop_detail/0701700310700/index.html,34.370833333333,132.52944444444,ok
docomo,中国,広島県,ドコモショップカジル横川店,733-0011 広島県広島市西区横川町3-2-36 カジル横川,https://shop.smt.docomo.ne.jp/shop_detail/0701700858100/index.html,34.409600555556,132.4492675,ok
docomo,中国,広島県,ドコモショップ可部中央店,731-0221 広島県広島市安佐北区可部4-1,https://shop.smt.docomo.ne.jp/shop_detail/0701700923300/index.html,34.522177222222,132.51298638889,ok
docomo,中国,広島県,ドコモショップ祇園新道店,731-0113 広島県広島市安佐南区西原5-18,https://shop.smt.docomo.ne.jp/shop_detail/0750464019800/index.html,34.437218611111,132.47304833333,ok
docomo,中国,広島県,ドコモショップ呉店,737-0051 広島県呉市中央1-24,https://shop.smt.docomo.ne.jp/shop_detail/0750454829900/index.html,34.247257222222,132.56175083333,ok
docomo,中国,広島県,ドコモショップ黒瀬店,739-2612 広島県東広島市黒瀬町丸山1416,https://shop.smt.docomo.ne.jp/shop_detail/0701700314300/index.html,34.325205555556,132.67479555556,ok
docomo,中国,広島県,ドコモショップ高陽店,739-1734 広島県広島市安佐北区口田3-26-5,https://shop.smt.docomo.ne.jp/shop_detail/0701700279200/index.html,34.465638333333,132.50436805556,ok
docomo,中国,広島県,ドコモショップサテライトゆめタウン江田島店,737-2101 広島県江田島市大柿町飛渡瀬180 ゆめタウン江田島,https://shop.smt.docomo.ne.jp/shop_detail/0701701125500/index.html,34.205891666667,132.47248527778,ok
docomo,中国,広島県,ドコモショップサファ福山店,720-0838 広島県福山市瀬戸町大字山北300,https://shop.smt.docomo.ne.jp/shop_detail/0701700931300/index.html,34.475500555556,133.31723305556,ok
docomo,中国,広島県,ドコモショップ蔵王店,721-0973 広島県福山市南蔵王町1-21,https://shop.smt.docomo.ne.jp/shop_detail/0701700403100/index.html,34.502058055556,133.39873138889,ok
docomo,中国,広島県,ドコモショップ庄原店,727-0004 広島県庄原市新庄町432-5,https://shop.smt.docomo.ne.jp/shop_detail/0701700310500/index.html,34.851688888889,133.02216055556,ok
docomo,中国,広島県,ドコモショップ　ジ　アウトレット広島店,731-5196 広島県広島市佐伯区石内東1-1 ジ　アウトレット広島,https://shop.smt.docomo.ne.jp/shop_detail/0701700912200/index.html,34.408437222222,132.39681861111,ok
docomo,中国,広島県,ドコモショップせら店,722-1111 広島県世羅郡世羅町大字寺町西福寺1206,https://shop.smt.docomo.ne.jp/shop_detail/0701700235100/index.html,34.584730833333,133.03946166667,ok
docomo,中国,広島県,ドコモショップ竹原店,725-0021 広島県竹原市竹原町下新開3508,https://shop.smt.docomo.ne.jp/shop_detail/0750454829700/index.html,34.343675277778,132.90620333333,ok
docomo,中国,広島県,ドコモショップ千代田店,731-1533 広島県山県郡北広島町有田1530-1,https://shop.smt.docomo.ne.jp/shop_detail/0701700312400/index.html,34.674483333333,132.53592972222,ok
docomo,中国,広島県,ドコモショップ天満屋ポートプラザ店,720-0801 広島県福山市入船町３丁目1-25 天満屋福山ポートプラザ店,https://shop.smt.docomo.ne.jp/shop_detail/0701700920200/index.html,34.487189722222,133.37702972222,ok
docomo,中国,広島県,ドコモショップ東城店,729-5121 広島県庄原市東城町川東1172,https://shop.smt.docomo.ne.jp/shop_detail/0701700895900/index.html,34.894975555556,133.27484055556,ok
docomo,中国,広島県,ドコモショップ西広島店,733-0822 広島県広島市西区庚午中6-27,https://shop.smt.docomo.ne.jp/shop_detail/0701700137400/index.html,34.386118055556,132.41747777778,ok
docomo,中国,広島県,ドコモショップ東尾道店,729-0141 広島県尾道市高須町西新涯2-43,https://shop.smt.docomo.ne.jp/shop_detail/0701700097800/index.html,34.428180277778,133.23504166667,ok
docomo,中国,広島県,ドコモショップ東広島店,739-0041 広島県東広島市西条町大字寺家1-86,https://shop.smt.docomo.ne.jp/shop_detail/0750494009800/index.html,34.428856944444,132.72983472222,ok
docomo,中国,広島県,ドコモショップ広国際通り店,737-0112 広島県呉市広古新開8-25-12,https://shop.smt.docomo.ne.jp/shop_detail/0701700904700/index.html,34.242131388889,132.62244694444,ok
docomo,中国,広島県,ドコモショップ広島段原ショッピングセンター店,732-0814 広島県広島市南区段原南1-3-52 広島段原ショッピングセンター,https://shop.smt.docomo.ne.jp/shop_detail/0750464999900/index.html,34.385285833333,132.47584888889,ok
docomo,中国,広島県,ドコモショップ広島光町店,732-0052 広島県広島市東区光町10-19 日本生命広島光町ビル,https://shop.smt.docomo.ne.jp/shop_detail/0701700114500/index.html,34.399778333333,132.47889972222,ok
docomo,中国,広島県,ドコモショップ広島本通店,730-0035 広島県広島市中区本通9-25,https://shop.smt.docomo.ne.jp/shop_detail/0750484009900/index.html,34.392651388889,132.46023472222,ok
docomo,中国,広島県,ドコモショップ広店,737-0142 広島県呉市広駅前１丁目2-1 広駅前ビル,https://shop.smt.docomo.ne.jp/shop_detail/0750454829800/index.html,34.229591666667,132.62821555556,ok
docomo,中国,広島県,ドコモショップ福山北店,720-1131 広島県福山市駅家町大字万能倉1-62,https://shop.smt.docomo.ne.jp/shop_detail/0701700492100/index.html,34.545211944444,133.34114138889,ok
docomo,中国,広島県,ドコモショップ福山みどり町店,720-0804 広島県福山市緑町1-30 みどり町モール内,https://shop.smt.docomo.ne.jp/shop_detail/0750555599900/index.html,34.473406111111,133.37171833333,ok
docomo,中国,広島県,ドコモショップフジグラン安芸店,731-4311 広島県安芸郡坂町北新地3-30 フジグラン安芸店,https://shop.smt.docomo.ne.jp/shop_detail/0701700927300/index.html,34.349431666667,132.51803888889,ok
docomo,中国,広島県,ドコモショップフジグラン神辺店,720-2107 広島県福山市神辺町新道上字10-26 フジグラン神辺店２階,https://shop.smt.docomo.ne.jp/shop_detail/0701700906100/index.html,34.543901111111,133.35780361111,ok
docomo,中国,広島県,ドコモショップフジグランナタリー店,738-0054 広島県廿日市市阿品1-1 フジグランナタリー,https://shop.smt.docomo.ne.jp/shop_detail/0701700913800/index.html,34.321849722222,132.31612527778,ok
docomo,中国,広島県,ドコモショップフジグラン東広島店,739-0024 広島県東広島市西条町御薗宇4405 フジグラン東広島,https://shop.smt.docomo.ne.jp/shop_detail/0701700445500/index.html,34.408300833333,132.74949444444,ok
docomo,中国,広島県,ドコモショップフジグラン緑井店,731-0103 広島県広島市安佐南区緑井１丁目5-2 フジグラン緑井,https://shop.smt.docomo.ne.jp/shop_detail/0701700019500/index.html,34.466777777778,132.47633333333,ok
docomo,中国,広島県,ドコモショップフジグラン三原店,723-0015 広島県三原市円一町一丁目1-7 フジグラン三原,https://shop.smt.docomo.ne.jp/shop_detail/0701700445200/index.html,34.3928,133.07912166667,ok
docomo,中国,広島県,ドコモショップ府中店（広島県）,726-0012 広島県府中市中須町2-46,https://shop.smt.docomo.ne.jp/shop_detail/0750514189700/index.html,34.554046111111,133.26816,ok
docomo,中国,広島県,ドコモショップ舟入店,730-0843 広島県広島市中区舟入本町14-23,https://shop.smt.docomo.ne.jp/shop_detail/0750464019900/index.html,34.385157777778,132.44265111111,ok
docomo,中国,広島県,ドコモショップ本通駅前店,730-0031 広島県広島市中区紙屋町3-26,https://shop.smt.docomo.ne.jp/shop_detail/0701700911300/index.html,34.393566388889,132.4567075,ok
docomo,中国,広島県,ドコモショップ松永店,729-0104 広島県福山市松永町7-1,https://shop.smt.docomo.ne.jp/shop_detail/0750555370100/index.html,34.444615833333,133.25528583333,ok
docomo,中国,広島県,ドコモショップ翠町店,734-0005 広島県広島市南区翠2-11,https://shop.smt.docomo.ne.jp/shop_detail/0701700820900/index.html,34.373683888889,132.47177388889,ok
docomo,中国,広島県,ドコモショップ三原宮浦店,723-0051 広島県三原市宮浦4-13-10,https://shop.smt.docomo.ne.jp/shop_detail/0750514189800/index.html,34.396785,133.06321638889,ok
docomo,中国,広島県,ドコモショップ三次店,728-0013 広島県三次市十日市東6-26,https://shop.smt.docomo.ne.jp/shop_detail/0750454589900/index.html,34.805000833333,132.8566075,ok
docomo,中国,広島県,ドコモショップ安東店,731-0153 広島県広島市安佐南区安東2-14-22,https://shop.smt.docomo.ne.jp/shop_detail/0701700279000/index.html,34.474033333333,132.45525861111,ok
docomo,中国,広島県,ドコモショップゆめタウン大竹店,739-0622 広島県大竹市晴海6-1 ゆめタウン大竹,https://shop.smt.docomo.ne.jp/shop_detail/0701700310600/index.html,34.241176944444,132.22346694444,ok
docomo,中国,広島県,ドコモショップゆめタウン呉レクレ店,737-0029 広島県呉市宝町2-50 ゆめタウン呉レクレ館,https://shop.smt.docomo.ne.jp/shop_detail/0750434449900/index.html,34.244199722222,132.55720916667,ok
docomo,中国,広島県,ドコモショップゆめタウン廿日市店,738-0023 広島県廿日市市下平良2-1 ゆめタウン廿日市,https://shop.smt.docomo.ne.jp/shop_detail/0701700169600/index.html,34.346018888889,132.33547805556,ok
docomo,中国,広島県,ドコモショップゆめタウン広島店,734-0007 広島県広島市南区皆実町8-17 ゆめタウン広島,https://shop.smt.docomo.ne.jp/shop_detail/0701700099700/index.html,34.376099722222,132.4637675,ok
docomo,中国,山口県,ドコモショップイオンタウン防府店,747-0823 山口県防府市鐘紡町7-1 イオンタウン防府,https://shop.smt.docomo.ne.jp/shop_detail/0701700931800/index.html,34.0487125,131.58979666667,ok
docomo,中国,山口県,ドコモショップ岩国中央店,740-0032 山口県岩国市尾津町2-14-55,https://shop.smt.docomo.ne.jp/shop_detail/0701700312800/index.html,34.141111111111,132.21083333333,ok
docomo,中国,山口県,ドコモショップ岩国店,740-0021 山口県岩国市室の木町1-18,https://shop.smt.docomo.ne.jp/shop_detail/0750656099800/index.html,34.171741944444,132.21458111111,ok
docomo,中国,山口県,ドコモショップ宇部駅前店,759-0208 山口県宇部市西宇部南３丁目5-55,https://shop.smt.docomo.ne.jp/shop_detail/0701700930300/index.html,33.999515,131.22051,ok
docomo,中国,山口県,ドコモショップ宇部店,755-0026 山口県宇部市松山町1-17,https://shop.smt.docomo.ne.jp/shop_detail/0750656109800/index.html,33.948333333333,131.2525,ok
docomo,中国,山口県,ドコモショップ大内店,753-0221 山口県山口市大内矢田北３丁目23-30,https://shop.smt.docomo.ne.jp/shop_detail/0701700857300/index.html,34.155048888889,131.50495666667,ok
docomo,中国,山口県,ドコモショップおのだサンパーク店,756-0806 山口県山陽小野田市中川4-1 おのだサンパーク,https://shop.smt.docomo.ne.jp/shop_detail/0701700871100/index.html,33.984981944444,131.17101777778,ok
docomo,中国,山口県,ドコモショップ川棚店（山口県）,759-6301 山口県下関市豊浦町川棚3-85,https://shop.smt.docomo.ne.jp/shop_detail/0701700924800/index.html,34.142847777778,130.92057861111,ok
docomo,中国,山口県,ドコモショップ周南新南陽店,746-0012 山口県周南市政所5-3,https://shop.smt.docomo.ne.jp/shop_detail/0701700903400/index.html,34.071285833333,131.77299083333,ok
docomo,中国,山口県,ドコモショップ周南店,745-0801 山口県周南市久米3202-15,https://shop.smt.docomo.ne.jp/shop_detail/0750656099900/index.html,34.033198333333,131.835775,ok
docomo,中国,山口県,ドコモショップシーモール下関店,750-0025 山口県下関市竹崎町4-8 シーモール,https://shop.smt.docomo.ne.jp/shop_detail/0701700930200/index.html,33.949910833333,130.92382638889,ok
docomo,中国,山口県,ドコモショップ下関武久店,750-0059 山口県下関市汐入町1-7,https://shop.smt.docomo.ne.jp/shop_detail/0701700904800/index.html,33.971443055556,130.91969805556,ok
docomo,中国,山口県,ドコモショップ新下関店,751-0817 山口県下関市一の宮卸本町2-21,https://shop.smt.docomo.ne.jp/shop_detail/0701700050500/index.html,33.989833611111,130.95046222222,ok
docomo,中国,山口県,ドコモショップ新山口店,754-0005 山口県山口市小郡山手上町1-3,https://shop.smt.docomo.ne.jp/shop_detail/0701700050600/index.html,34.10472,131.39460388889,ok
docomo,中国,山口県,ドコモショップ徳山店,745-0076 山口県周南市梅園町2-55,https://shop.smt.docomo.ne.jp/shop_detail/0750655889900/index.html,34.05818,131.805605,ok
docomo,中国,山口県,ドコモショップ長門店,759-4101 山口県長門市東深川字小丸山819-8,https://shop.smt.docomo.ne.jp/shop_detail/0750656109400/index.html,34.374621944444,131.18806638889,ok
docomo,中国,山口県,ドコモショップ萩店,758-0025 山口県萩市大字土原1-21,https://shop.smt.docomo.ne.jp/shop_detail/0750656109700/index.html,34.406360833333,131.40674638889,ok
docomo,中国,山口県,ドコモショップ光店,743-0021 山口県光市浅江3-22-10,https://shop.smt.docomo.ne.jp/shop_detail/0701700313500/index.html,33.972255,131.92319777778,ok
docomo,中国,山口県,ドコモショップフジグラン宇部店,755-0008 山口県宇部市明神町1-1 フジグラン宇部グランフジ,https://shop.smt.docomo.ne.jp/shop_detail/0701700869500/index.html,33.930212777778,131.25567638889,ok
docomo,中国,山口県,ドコモショップ防府店,747-0801 山口県防府市駅南町9-43,https://shop.smt.docomo.ne.jp/shop_detail/0701700206000/index.html,34.051672777778,131.566885,ok
docomo,中国,山口県,ドコモショップ防府八王子店,747-0037 山口県防府市八王子1-20-10,https://shop.smt.docomo.ne.jp/shop_detail/0701700313400/index.html,34.0561675,131.56462166667,ok
docomo,中国,山口県,ドコモショップ星プラザ下松店,744-0025 山口県下松市中央町3-21 星プラザ,https://shop.smt.docomo.ne.jp/shop_detail/0701700291600/index.html,34.018445,131.86377611111,ok
docomo,中国,山口県,ドコモショップ美祢店,759-2212 山口県美祢市大嶺町東分字沖田1228-1,https://shop.smt.docomo.ne.jp/shop_detail/0701700296200/index.html,34.181615,131.21100194444,ok
docomo,中国,山口県,ドコモショップ柳井中央店,742-0031 山口県柳井市南町5-8,https://shop.smt.docomo.ne.jp/shop_detail/0701700924900/index.html,33.964284166667,132.10496638889,ok
docomo,中国,山口県,ドコモショップ柳井店,742-0031 山口県柳井市南町1-7,https://shop.smt.docomo.ne.jp/shop_detail/0750655889800/index.html,33.961373055556,132.10446305556,ok
docomo,中国,山口県,ドコモショップ山口店,753-0064 山口県山口市神田町979-6,https://shop.smt.docomo.ne.jp/shop_detail/0750656109500/index.html,34.173564722222,131.45665694444,ok
docomo,中国,山口県,ドコモショップ山大前店,753-0831 山口県山口市平井792-1,https://shop.smt.docomo.ne.jp/shop_detail/0701700922700/index.html,34.149825833333,131.46522944444,ok
docomo,中国,山口県,ドコモショップゆめシティ店,751-0869 山口県下関市伊倉新町1-1 ゆめシティ,https://shop.smt.docomo.ne.jp/shop_detail/0701700918200/index.html,34.006546111111,130.93382,ok
docomo,中国,山口県,ドコモショップゆめタウン長府店,752-0926 山口県下関市ゆめタウン1-1 ゆめタウン長府店内,https://shop.smt.docomo.ne.jp/shop_detail/0701700908200/index.html,34.030193611111,131.012435,ok
docomo,中国,山口県,ドコモショップゆめタウン南岩国店,740-0034 山口県岩国市南岩国町1-20-30 ゆめタウン南岩国店,https://shop.smt.docomo.ne.jp/shop_detail/0701700918300/index.html,34.134403888889,132.20285194444,ok
docomo,中国,山口県,ドコモショップゆめタウン山口店,753-0251 山口県山口市大内千坊9-1 ゆめタウン山口,https://shop.smt.docomo.ne.jp/shop_detail/0701700913900/index.html,34.160781666667,131.49124694444,ok
docomo,四国,徳島県,ドコモショップ藍住店,771-1221 徳島県板野郡藍住町東中富字長江傍示1-87,https://shop.smt.docomo.ne.jp/shop_detail/0853051143500/index.html,34.129781388889,134.48354388889,ok
docomo,四国,徳島県,ドコモショップ阿南店,774-0013 徳島県阿南市日開野町南居内297-1,https://shop.smt.docomo.ne.jp/shop_detail/0853051144300/index.html,33.918251944444,134.67451388889,ok
docomo,四国,徳島県,ドコモショップイオンモール徳島店,770-0865 徳島県徳島市南末広町4-1 イオンモール徳島,https://shop.smt.docomo.ne.jp/shop_detail/0863006007500/index.html,34.061046944444,134.57309361111,ok
docomo,四国,徳島県,ドコモショップうずしお黒崎店,772-0002 徳島県鳴門市撫養町斎田字北浜1-86,https://shop.smt.docomo.ne.jp/shop_detail/0801800007000/index.html,34.179589166667,134.60336027778,ok
docomo,四国,徳島県,ドコモショップ沖浜店,770-8053 徳島県徳島市沖浜東8-1,https://shop.smt.docomo.ne.jp/shop_detail/0853051144700/index.html,34.054420833333,134.55391277778,ok
docomo,四国,徳島県,ドコモショップ上板店,771-1343 徳島県板野郡上板町椎本字四宮東411-1,https://shop.smt.docomo.ne.jp/shop_detail/0853051144500/index.html,34.119596944444,134.43396527778,ok
docomo,四国,徳島県,ドコモショップ鴨島店,776-0013 徳島県吉野川市鴨島町上下島字野神ノ元112-1,https://shop.smt.docomo.ne.jp/shop_detail/0853051143300/index.html,34.069240277778,134.35211777778,ok
docomo,四国,徳島県,ドコモショップ川内店（徳島県）,771-0142 徳島県徳島市川内町沖島124-1,https://shop.smt.docomo.ne.jp/shop_detail/0853051143600/index.html,34.104252222222,134.57525694444,ok
docomo,四国,徳島県,ドコモショップ国府店（徳島県）,779-3125 徳島県徳島市国府町早淵6-1,https://shop.smt.docomo.ne.jp/shop_detail/0801800386700/index.html,34.072461388889,134.48783305556,ok
docomo,四国,徳島県,ドコモショップ小松島大林店,773-0022 徳島県小松島市大林町宮ノ本1-85,https://shop.smt.docomo.ne.jp/shop_detail/0853051145000/index.html,33.976041666667,134.61416805556,ok
docomo,四国,徳島県,ドコモショップ小松島店,773-0002 徳島県小松島市神田瀬町12-14,https://shop.smt.docomo.ne.jp/shop_detail/0853051143800/index.html,34.006449722222,134.57699972222,ok
docomo,四国,徳島県,ドコモショップ島田店（徳島県）,770-0053 徳島県徳島市南島田町3-55,https://shop.smt.docomo.ne.jp/shop_detail/0853051144800/index.html,34.080555555556,134.50694444444,ok
docomo,四国,徳島県,ドコモショップ新浜店,770-8008 徳島県徳島市西新浜町2-5-21-1,https://shop.smt.docomo.ne.jp/shop_detail/0853051143100/index.html,34.042496388889,134.55585305556,ok
docomo,四国,徳島県,ドコモショップ末広店,770-0863 徳島県徳島市安宅2-6-76,https://shop.smt.docomo.ne.jp/shop_detail/0801800007300/index.html,34.070476388889,134.57502305556,ok
docomo,四国,徳島県,ドコモショップ田宮街道店,770-0804 徳島県徳島市中吉野町4-10,https://shop.smt.docomo.ne.jp/shop_detail/0801800387200/index.html,34.086044722222,134.55130944444,ok
docomo,四国,徳島県,ドコモショップ鳴門大津店,772-0032 徳島県鳴門市大津町吉永236-3,https://shop.smt.docomo.ne.jp/shop_detail/0801800238500/index.html,34.164468055556,134.596365,ok
docomo,四国,徳島県,ドコモショップ日和佐店,779-2305 徳島県海部郡美波町奥河内寺前467-1,https://shop.smt.docomo.ne.jp/shop_detail/0801800000100/index.html,33.73004,134.52946361111,ok
docomo,四国,徳島県,ドコモショップフジグラン北島店,771-0204 徳島県板野郡北島町鯛浜字西ノ須174 フジグラン北島,https://shop.smt.docomo.ne.jp/shop_detail/0801800382500/index.html,34.111778888889,134.54731305556,ok
docomo,四国,徳島県,ドコモショップ美馬市店,779-3602 徳島県美馬市脇町大字猪尻字建神社下南172-1,https://shop.smt.docomo.ne.jp/shop_detail/0853051145100/index.html,34.064098333333,134.16148583333,ok
docomo,四国,徳島県,ドコモショップみよし店,779-4701 徳島県三好郡東みよし町加茂1743,https://shop.smt.docomo.ne.jp/shop_detail/0853051144200/index.html,34.038558055556,133.93189888889,ok
docomo,四国,徳島県,ドコモショップゆめタウン徳島店,771-1202 徳島県板野郡藍住町奥野字東中須1-88 ゆめタウン徳島店,https://shop.smt.docomo.ne.jp/shop_detail/0801800246900/index.html,34.117626944444,134.50191694444,ok
docomo,四国,香川県,ドコモショップ朝日町店,760-0065 香川県高松市朝日町3-448-16,https://shop.smt.docomo.ne.jp/shop_detail/0801800233200/index.html,34.347239722222,134.06695638889,ok
docomo,四国,香川県,ドコモショップ綾川店,761-2304 香川県綾歌郡綾川町萱原821-1,https://shop.smt.docomo.ne.jp/shop_detail/0862004711100/index.html,34.2500825,133.93112444444,ok
docomo,四国,香川県,ドコモショップ宇多津店,769-0204 香川県綾歌郡宇多津町浜四番丁1-46,https://shop.smt.docomo.ne.jp/shop_detail/0801800382000/index.html,34.309976111111,133.814645,ok
docomo,四国,香川県,ドコモショップ太田店（香川県）,761-8073 香川県高松市太田下町1-Feb,https://shop.smt.docomo.ne.jp/shop_detail/0862004710200/index.html,34.308446666667,134.05259,ok
docomo,四国,香川県,ドコモショップ大野原店,769-1611 香川県観音寺市大野原町大野原1-61,https://shop.smt.docomo.ne.jp/shop_detail/0801800273400/index.html,34.096582777778,133.6584,ok
docomo,四国,香川県,ドコモショップ川島店,761-0443 香川県高松市川島東町429-1,https://shop.smt.docomo.ne.jp/shop_detail/0801800301500/index.html,34.276298888889,134.09866972222,ok
docomo,四国,香川県,ドコモショップ観音寺店,768-0023 香川県観音寺市古川町218-1,https://shop.smt.docomo.ne.jp/shop_detail/0862004630200/index.html,34.131944444444,133.69333333333,ok
docomo,四国,香川県,ドコモショップ木太店,760-0080 香川県高松市木太町２区1135-2,https://shop.smt.docomo.ne.jp/shop_detail/0862004850100/index.html,34.321665833333,134.06718944444,ok
docomo,四国,香川県,ドコモショップ国分寺店（香川県）,769-0102 香川県高松市国分寺町国分562-3,https://shop.smt.docomo.ne.jp/shop_detail/0801800354200/index.html,34.297532222222,133.95230222222,ok
docomo,四国,香川県,ドコモショップこんぴら店,766-0021 香川県仲多度郡まんのう町四條213-1,https://shop.smt.docomo.ne.jp/shop_detail/0801800238300/index.html,34.186903055556,133.83883916667,ok
docomo,四国,香川県,ドコモショップ坂出店,762-0057 香川県坂出市宮下町4-2,https://shop.smt.docomo.ne.jp/shop_detail/0801800390500/index.html,34.317724722222,133.84662333333,ok
docomo,四国,香川県,ドコモショップ三本松店,769-2601 香川県東かがわ市三本松1537-1,https://shop.smt.docomo.ne.jp/shop_detail/0862004630100/index.html,34.249776111111,134.33721555556,ok
docomo,四国,香川県,ドコモショップ小豆島店,761-4121 香川県小豆郡土庄町淵崎甲1-50,https://shop.smt.docomo.ne.jp/shop_detail/0801800003700/index.html,34.488359444444,134.19411416667,ok
docomo,四国,香川県,ドコモショップ志度店,769-2101 香川県さぬき市志度620-8,https://shop.smt.docomo.ne.jp/shop_detail/0862004770100/index.html,34.321393055556,134.17557472222,ok
docomo,四国,香川県,ドコモショップ善通寺店,765-0012 香川県善通寺市上吉田町569-1,https://shop.smt.docomo.ne.jp/shop_detail/0862004750200/index.html,34.2301375,133.7911725,ok
docomo,四国,香川県,ドコモショップ高瀬店,767-0001 香川県三豊市高瀬町上高瀬1458-1,https://shop.smt.docomo.ne.jp/shop_detail/0801800007400/index.html,34.182780555556,133.71958388889,ok
docomo,四国,香川県,ドコモショップ高松香西店,761-8014 香川県高松市香西南町576-1,https://shop.smt.docomo.ne.jp/shop_detail/0862004630300/index.html,34.34097,133.99919888889,ok
docomo,四国,香川県,ドコモショップ高松店,761-8084 香川県高松市一宮町127-1,https://shop.smt.docomo.ne.jp/shop_detail/0862004730400/index.html,34.284969166667,134.033055,ok
docomo,四国,香川県,ドコモショップ勅使店,761-8058 香川県高松市勅使町559-1,https://shop.smt.docomo.ne.jp/shop_detail/0852004650700/index.html,34.3086025,134.01762861111,ok
docomo,四国,香川県,ドコモショップ土器店,763-0082 香川県丸亀市土器町東6-439,https://shop.smt.docomo.ne.jp/shop_detail/0801800223200/index.html,34.295932222222,133.81224277778,ok
docomo,四国,香川県,ドコモショップ兵庫町店,760-0024 香川県高松市兵庫町11-6 カーニープレイス高松兵庫町ビル,https://shop.smt.docomo.ne.jp/shop_detail/0801800243900/index.html,34.346046944444,134.0496425,ok
docomo,四国,香川県,ドコモショップ丸亀店,763-0033 香川県丸亀市中府町7-17,https://shop.smt.docomo.ne.jp/shop_detail/0862004511400/index.html,34.281452222222,133.79694805556,ok
docomo,四国,香川県,ドコモショップ三木店（香川県）,761-0612 香川県木田郡三木町氷上1270-1,https://shop.smt.docomo.ne.jp/shop_detail/0862004770200/index.html,34.264291944444,134.12733333333,ok
docomo,四国,香川県,ドコモショップ屋島店,761-0113 香川県高松市屋島西町1879-1,https://shop.smt.docomo.ne.jp/shop_detail/0862004820100/index.html,34.339518888889,134.09800611111,ok
docomo,四国,香川県,ドコモショップゆめタウン高松店,761-8072 香川県高松市三条町中所608-1 ゆめタウン高松店,https://shop.smt.docomo.ne.jp/shop_detail/0801800258500/index.html,34.316334444444,134.04182305556,ok
docomo,四国,香川県,ドコモショップゆめタウン丸亀店,763-0055 香川県丸亀市新田町150 ゆめタウン丸亀店,https://shop.smt.docomo.ne.jp/shop_detail/0801800390700/index.html,34.274311388889,133.78532416667,ok
docomo,四国,香川県,ドコモショップゆめタウン三豊店,769-1506 香川県三豊市豊中町本山甲22 ゆめタウン三豊店,https://shop.smt.docomo.ne.jp/shop_detail/0801800390300/index.html,34.14494,133.70104361111,ok
docomo,四国,愛媛県,ドコモショップイオンモール今治新都市店,794-0068 愛媛県今治市にぎわい広場1-1 イオンモール今治新都市,https://shop.smt.docomo.ne.jp/shop_detail/0801800274000/index.html,34.045,132.96027777778,ok
docomo,四国,愛媛県,ドコモショップイオンモール新居浜店,792-0007 愛媛県新居浜市前田町8-8 イオンモール新居浜,https://shop.smt.docomo.ne.jp/shop_detail/0861000982100/index.html,33.956519722222,133.26784583333,ok
docomo,四国,愛媛県,ドコモショップ今治駅前店,794-0028 愛媛県今治市北宝来町2-26,https://shop.smt.docomo.ne.jp/shop_detail/0871090800200/index.html,34.066591944444,132.99277888889,ok
docomo,四国,愛媛県,ドコモショップ今治店,794-0063 愛媛県今治市片山10-23,https://shop.smt.docomo.ne.jp/shop_detail/0861000980800/index.html,34.049714722222,132.98252111111,ok
docomo,四国,愛媛県,ドコモショップ今治鳥生店,794-0812 愛媛県今治市北高下町2-3,https://shop.smt.docomo.ne.jp/shop_detail/0801800383000/index.html,34.051303888889,133.01153083333,ok
docomo,四国,愛媛県,ドコモショップ伊予店,799-3111 愛媛県伊予市下吾川982-5,https://shop.smt.docomo.ne.jp/shop_detail/0861000981800/index.html,33.76807,132.70817,ok
docomo,四国,愛媛県,ドコモショップ宇和島店,798-0030 愛媛県宇和島市曙町4-17,https://shop.smt.docomo.ne.jp/shop_detail/0861000981400/index.html,33.222639166667,132.55955722222,ok
docomo,四国,愛媛県,ドコモショップ宇和島南店,798-0074 愛媛県宇和島市並松3-20,https://shop.smt.docomo.ne.jp/shop_detail/0871090800300/index.html,33.205194444444,132.55575,ok
docomo,四国,愛媛県,ドコモショップエミフルＭＡＳＡＫＩ店,791-3120 愛媛県伊予郡松前町筒井850,https://shop.smt.docomo.ne.jp/shop_detail/0801800385300/index.html,33.789446111111,132.716515,ok
docomo,四国,愛媛県,ドコモショップ大洲店（愛媛県）,795-0064 愛媛県大洲市東大洲1481-1,https://shop.smt.docomo.ne.jp/shop_detail/0801800376200/index.html,33.531162222222,132.57138777778,ok
docomo,四国,愛媛県,ドコモショップ久米店,791-1102 愛媛県松山市来住町1109-1,https://shop.smt.docomo.ne.jp/shop_detail/0801800005800/index.html,33.81045,132.79855611111,ok
docomo,四国,愛媛県,ドコモショップ西条店（愛媛県）,793-0027 愛媛県西条市朔日市250-1,https://shop.smt.docomo.ne.jp/shop_detail/0801800414100/index.html,33.926386944444,133.190595,ok
docomo,四国,愛媛県,ドコモショップ重信店,791-0216 愛媛県東温市野田6-10 ヤマネエムビル,https://shop.smt.docomo.ne.jp/shop_detail/0801800004000/index.html,33.794651388889,132.83353694444,ok
docomo,四国,愛媛県,ドコモショップ四国中央店,799-0411 愛媛県四国中央市下柏町729-1,https://shop.smt.docomo.ne.jp/shop_detail/0801800277800/index.html,33.989674722222,133.56561361111,ok
docomo,四国,愛媛県,ドコモショップ西予店,797-0015 愛媛県西予市宇和町卯之町４丁目654 フジ宇和店内,https://shop.smt.docomo.ne.jp/shop_detail/0801800351700/index.html,33.359722222222,132.51638888889,ok
docomo,四国,愛媛県,ドコモショップ東予店,799-1354 愛媛県西条市北条1570-1,https://shop.smt.docomo.ne.jp/shop_detail/0861000981900/index.html,33.930755277778,133.09308194444,ok
docomo,四国,愛媛県,ドコモショップ新居浜川東店,792-0887 愛媛県新居浜市高田1-3-44,https://shop.smt.docomo.ne.jp/shop_detail/0801800363400/index.html,33.967258611111,133.31313305556,ok
docomo,四国,愛媛県,ドコモショップ新居浜国道店,792-0826 愛媛県新居浜市喜光地町1-3,https://shop.smt.docomo.ne.jp/shop_detail/0801800389600/index.html,33.934347777778,133.29482861111,ok
docomo,四国,愛媛県,ドコモショップ新居浜中央店,792-0035 愛媛県新居浜市西の土居町2-13-1,https://shop.smt.docomo.ne.jp/shop_detail/0801800364800/index.html,33.951215277778,133.28030666667,ok
docomo,四国,愛媛県,ドコモショップはなみずき店,790-0942 愛媛県松山市古川北9-24,https://shop.smt.docomo.ne.jp/shop_detail/0801800363300/index.html,33.811667222222,132.765015,ok
docomo,四国,愛媛県,ドコモショップフジグラン松山店,790-0065 愛媛県松山市宮西2-1 フジグラン松山,https://shop.smt.docomo.ne.jp/shop_detail/0801800382400/index.html,33.844854166667,132.75330666667,ok
docomo,四国,愛媛県,ドコモショップフライブルク店,790-0062 愛媛県松山市南江戸5-20,https://shop.smt.docomo.ne.jp/shop_detail/0801800391100/index.html,33.834496944444,132.74672472222,ok
docomo,四国,愛媛県,ドコモショップ北条店,799-2425 愛媛県松山市中西外1-62,https://shop.smt.docomo.ne.jp/shop_detail/0861000980700/index.html,33.969619166667,132.78258833333,ok
docomo,四国,愛媛県,ドコモショップ松山インター店,791-1105 愛媛県松山市北井門2-21-28,https://shop.smt.docomo.ne.jp/shop_detail/0801800301600/index.html,33.804391944444,132.78196,ok
docomo,四国,愛媛県,ドコモショップ松山衣山店,791-8025 愛媛県松山市衣山１丁目173-2,https://shop.smt.docomo.ne.jp/shop_detail/0801800389700/index.html,33.854575277778,132.74831777778,ok
docomo,四国,愛媛県,ドコモショップ松山空港通店,791-0054 愛媛県松山市空港通6-4,https://shop.smt.docomo.ne.jp/shop_detail/0801800007200/index.html,33.828166666667,132.73522222222,ok
docomo,四国,愛媛県,ドコモショップ松山城南店,791-2113 愛媛県伊予郡砥部町拾町154-1,https://shop.smt.docomo.ne.jp/shop_detail/0861000981100/index.html,33.782222222222,132.78785,ok
docomo,四国,愛媛県,ドコモショップ松山城北店,791-8005 愛媛県松山市東長戸3-21,https://shop.smt.docomo.ne.jp/shop_detail/0861000981300/index.html,33.869592222222,132.75232472222,ok
docomo,四国,愛媛県,ドコモショップ松山店,790-0952 愛媛県松山市朝生田町3-11,https://shop.smt.docomo.ne.jp/shop_detail/0861000980200/index.html,33.822030833333,132.7656975,ok
docomo,四国,愛媛県,ドコモショップ松山西店,791-8066 愛媛県松山市祓川1-1931-1,https://shop.smt.docomo.ne.jp/shop_detail/0861000982200/index.html,33.857628888889,132.72129,ok
docomo,四国,愛媛県,ドコモショップ松山東店,790-0962 愛媛県松山市枝松9-9,https://shop.smt.docomo.ne.jp/shop_detail/0861000982300/index.html,33.835903611111,132.7867275,ok
docomo,四国,愛媛県,ドコモショップ松山平田店,791-8001 愛媛県松山市平田町198-1,https://shop.smt.docomo.ne.jp/shop_detail/0851000730100/index.html,33.887765277778,132.75088916667,ok
docomo,四国,愛媛県,ドコモショップ松山余戸店,790-0043 愛媛県松山市保免西1-6,https://shop.smt.docomo.ne.jp/shop_detail/0801800238800/index.html,33.814921666667,132.74120944444,ok
docomo,四国,愛媛県,ドコモショップ南宇和店,798-4110 愛媛県南宇和郡愛南町御荘平城1-Jan,https://shop.smt.docomo.ne.jp/shop_detail/0861000982000/index.html,32.9587125,132.56485138889,ok
docomo,四国,愛媛県,ドコモショップ八幡浜店,796-0088 愛媛県八幡浜市矢野町1-1220-7,https://shop.smt.docomo.ne.jp/shop_detail/0861000980900/index.html,33.458041944444,132.43161416667,ok
docomo,四国,高知県,ドコモショップあき店,784-0021 高知県安芸市幸町1-22,https://shop.smt.docomo.ne.jp/shop_detail/0864008823600/index.html,33.50338,133.90092722222,ok
docomo,四国,高知県,ドコモショップ愛宕店,780-0064 高知県高知市和泉町6-8,https://shop.smt.docomo.ne.jp/shop_detail/0801800386100/index.html,33.571185555556,133.53973027778,ok
docomo,四国,高知県,ドコモショップイオンモール高知店,780-0026 高知県高知市秦南町4-8 イオンモール高知,https://shop.smt.docomo.ne.jp/shop_detail/0801800300100/index.html,33.576524444444,133.54241305556,ok
docomo,四国,高知県,ドコモショップ伊野店,781-2110 高知県吾川郡いの町443,https://shop.smt.docomo.ne.jp/shop_detail/0801800233000/index.html,33.550282777778,133.44158833333,ok
docomo,四国,高知県,ドコモショップ潮江店,781-8003 高知県高知市北新田町19-21,https://shop.smt.docomo.ne.jp/shop_detail/0801800363800/index.html,33.552252777778,133.55383861111,ok
docomo,四国,高知県,ドコモショップ桂浜通り店,781-0250 高知県高知市瀬戸1-2-67,https://shop.smt.docomo.ne.jp/shop_detail/0801800260600/index.html,33.512651388889,133.54508833333,ok
docomo,四国,高知県,ドコモショップ葛島店,781-0805 高知県高知市東雲町9-20,https://shop.smt.docomo.ne.jp/shop_detail/0864008825900/index.html,33.558513055556,133.56500138889,ok
docomo,四国,高知県,ドコモショップ高知インター店,780-0023 高知県高知市東秦泉寺3-1,https://shop.smt.docomo.ne.jp/shop_detail/0801800232900/index.html,33.578536111111,133.54195638889,ok
docomo,四国,高知県,ドコモショップ高知北店,780-0972 高知県高知市中万々1-65,https://shop.smt.docomo.ne.jp/shop_detail/0864008825800/index.html,33.570808611111,133.51856388889,ok
docomo,四国,高知県,ドコモショップ御座店,781-0084 高知県高知市南御座10-33,https://shop.smt.docomo.ne.jp/shop_detail/0801800386300/index.html,33.5655625,133.56130861111,ok
docomo,四国,高知県,ドコモショップ佐川店,789-1201 高知県高岡郡佐川町甲819-3,https://shop.smt.docomo.ne.jp/shop_detail/0801800361600/index.html,33.500563333333,133.29778083333,ok
docomo,四国,高知県,ドコモショップ四万十店,787-0014 高知県四万十市駅前町4-17,https://shop.smt.docomo.ne.jp/shop_detail/0864008823800/index.html,32.984356944444,132.94264944444,ok
docomo,四国,高知県,ドコモショップ四万十西店,787-0019 高知県四万十市具同1-87,https://shop.smt.docomo.ne.jp/shop_detail/0801800383700/index.html,32.979763888889,132.92131944444,ok
docomo,四国,高知県,ドコモショップ四万十東店,787-0010 高知県四万十市古津賀1-7,https://shop.smt.docomo.ne.jp/shop_detail/0801800363200/index.html,32.983828055556,132.95226222222,ok
docomo,四国,高知県,ドコモショップすくも店,788-0000 高知県宿毛市宿毛1-80 フジ宿毛店敷地内,https://shop.smt.docomo.ne.jp/shop_detail/0864008824100/index.html,32.92982,132.708355,ok
docomo,四国,高知県,ドコモショップすさき店,785-0059 高知県須崎市桐間西101,https://shop.smt.docomo.ne.jp/shop_detail/0864008823700/index.html,33.408733888889,133.29244666667,ok
docomo,四国,高知県,ドコモショップ高須店,781-8122 高知県高知市高須新町1-4,https://shop.smt.docomo.ne.jp/shop_detail/0801800007600/index.html,33.556324722222,133.57845861111,ok
docomo,四国,高知県,ドコモショップ土佐店,781-1101 高知県土佐市高岡町甲964-1,https://shop.smt.docomo.ne.jp/shop_detail/0864008825100/index.html,33.495908333333,133.42865277778,ok
docomo,四国,高知県,ドコモショップ土佐道路店,780-8075 高知県高知市朝倉南町8-32 第十つくもコーポ,https://shop.smt.docomo.ne.jp/shop_detail/0801800010400/index.html,33.541985,133.49337111111,ok
docomo,四国,高知県,ドコモショップ土佐山田店,782-0047 高知県香美市土佐山田町468-19,https://shop.smt.docomo.ne.jp/shop_detail/0801800352300/index.html,33.608545555556,133.68051416667,ok
docomo,四国,高知県,ドコモショップ野市店,781-5235 高知県香南市野市町下井617-1,https://shop.smt.docomo.ne.jp/shop_detail/0801800013000/index.html,33.558569166667,133.68660472222,ok
docomo,四国,高知県,ドコモショップマルナカ南国店,783-0004 高知県南国市大そね字樋掛甲2531,https://shop.smt.docomo.ne.jp/shop_detail/0801800382300/index.html,33.5683825,133.63796166667,ok
docomo,九州,福岡県,ｄ　ｇａｒｄｅｎ長住店,811-1362 福岡県福岡市南区長住1-3 ＫＳ長住ビル,https://shop.smt.docomo.ne.jp/shop_detail/0901900183700/index.html,33.552624722222,130.39603194444,ok
docomo,九州,福岡県,ｄ　ｇａｒｄｅｎ星見ヶ丘店,816-0849 福岡県春日市星見ヶ丘5-1,https://shop.smt.docomo.ne.jp/shop_detail/0901900504000/index.html,33.505008888889,130.454235,ok
docomo,九州,福岡県,ドコモショップ甘木店,838-0065 福岡県朝倉市一木1160,https://shop.smt.docomo.ne.jp/shop_detail/0901900535200/index.html,33.406309166667,130.65762972222,ok
docomo,九州,福岡県,ドコモショップ飯塚店,820-0068 福岡県飯塚市片島３丁目16-15,https://shop.smt.docomo.ne.jp/shop_detail/0950051000100/index.html,33.646533611111,130.67776027778,ok
docomo,九州,福岡県,ドコモショップイオン大木ショッピングセンター店,830-0411 福岡県三潴郡大木町蛭池1200 イオン大木ショッピングセンター,https://shop.smt.docomo.ne.jp/shop_detail/0901900309800/index.html,33.220570277778,130.44747583333,ok
docomo,九州,福岡県,ドコモショップイオン大野城ＳＣ店,816-0935 福岡県大野城市錦町1-1 イオン大野城,https://shop.smt.docomo.ne.jp/shop_detail/0950090100200/index.html,33.538083333333,130.47652777778,ok
docomo,九州,福岡県,ドコモショップイオンタウン黒崎店,806-0036 福岡県北九州市八幡西区西曲里町3-1 イオンタウン黒崎,https://shop.smt.docomo.ne.jp/shop_detail/0950051000200/index.html,33.859972222222,130.76036111111,ok
docomo,九州,福岡県,ドコモショップイオンマリナタウン店,819-0014 福岡県福岡市西区豊浜1-10,https://shop.smt.docomo.ne.jp/shop_detail/0950054301100/index.html,33.589166666667,130.33475,ok
docomo,九州,福岡県,ドコモショップイオンモール大牟田店,836-0037 福岡県大牟田市岬町3-4 イオンモール大牟田店,https://shop.smt.docomo.ne.jp/shop_detail/0901900096100/index.html,33.030012222222,130.42844083333,ok
docomo,九州,福岡県,ドコモショップイオンモール筑紫野店,818-0042 福岡県筑紫野市立明寺434-1 イオンモール筑紫野,https://shop.smt.docomo.ne.jp/shop_detail/0901900090600/index.html,33.481833333333,130.52755555556,ok
docomo,九州,福岡県,ドコモショップイオンモール直方店,822-0008 福岡県直方市湯野原２丁目1-1,https://shop.smt.docomo.ne.jp/shop_detail/0901900095800/index.html,33.768583333333,130.74936111111,ok
docomo,九州,福岡県,ドコモショップイオンモール福岡店,811-2303 福岡県糟屋郡粕屋町酒殿字老ノ木192-1 イオンモール福岡,https://shop.smt.docomo.ne.jp/shop_detail/0960080000100/index.html,33.596722222222,130.47986111111,ok
docomo,九州,福岡県,ドコモショップイオンモール福津店,811-3209 福岡県福津市日蒔野（ヒマキノ）６丁目1-16,https://shop.smt.docomo.ne.jp/shop_detail/0901900444600/index.html,33.753995833333,130.49416777778,ok
docomo,九州,福岡県,ドコモショップイオンモール八幡東店,805-0071 福岡県北九州市八幡東区東田３丁目2-102 イオンモール八幡東２Ｆ　２４１区画,https://shop.smt.docomo.ne.jp/shop_detail/0901900538500/index.html,33.870361111111,130.81161111111,ok
docomo,九州,福岡県,ドコモショップイオン若松店,808-0103 福岡県北九州市若松区二島１丁目3-1,https://shop.smt.docomo.ne.jp/shop_detail/0901900088000/index.html,33.891833333333,130.74333333333,ok
docomo,九州,福岡県,ドコモショップ井尻店,816-0872 福岡県春日市桜ヶ丘2-12,https://shop.smt.docomo.ne.jp/shop_detail/0901900066200/index.html,33.545923888889,130.44616694444,ok
docomo,九州,福岡県,ドコモショップ伊都店,819-1107 福岡県糸島市波多江駅北8-6,https://shop.smt.docomo.ne.jp/shop_detail/0901900021300/index.html,33.564552222222,130.22445111111,ok
docomo,九州,福岡県,ドコモショップウエストコート姪浜店,819-0005 福岡県福岡市西区内浜1-7-12-1 ウエストコート姪浜内,https://shop.smt.docomo.ne.jp/shop_detail/0950080300200/index.html,33.580481388889,130.32325,ok
docomo,九州,福岡県,ドコモショップうきは店,839-1343 福岡県うきは市吉井町鷹取358-1,https://shop.smt.docomo.ne.jp/shop_detail/0950052100100/index.html,33.348356111111,130.728355,ok
docomo,九州,福岡県,ドコモショップ宇美店,811-2123 福岡県糟屋郡宇美町光正寺2-1,https://shop.smt.docomo.ne.jp/shop_detail/0901900501600/index.html,33.574403611111,130.50254694444,ok
docomo,九州,福岡県,ドコモショップ大川店,831-0028 福岡県大川市大字郷原506-1,https://shop.smt.docomo.ne.jp/shop_detail/0901900032300/index.html,33.204926666667,130.38646916667,ok
docomo,九州,福岡県,ドコモショップ大橋店,815-0033 福岡県福岡市南区大橋1-14-1,https://shop.smt.docomo.ne.jp/shop_detail/0950020101800/index.html,33.5582375,130.42626944444,ok
docomo,九州,福岡県,ドコモショップ大牟田大正町店,836-0047 福岡県大牟田市大正町5-2,https://shop.smt.docomo.ne.jp/shop_detail/0960002400200/index.html,33.030991388889,130.44085055556,ok
docomo,九州,福岡県,ドコモショップ大牟田店,837-0905 福岡県大牟田市大字甘木字深町12-1,https://shop.smt.docomo.ne.jp/shop_detail/0960002400100/index.html,33.061570833333,130.46661694444,ok
docomo,九州,福岡県,ドコモショップ小郡店,838-0141 福岡県小郡市小郡字若山629-1,https://shop.smt.docomo.ne.jp/shop_detail/0901900068800/index.html,33.404791111111,130.55333888889,ok
docomo,九州,福岡県,ドコモショップ遠賀店,811-4222 福岡県遠賀郡岡垣町大字戸切359-3,https://shop.smt.docomo.ne.jp/shop_detail/0901900049400/index.html,33.849097222222,130.64138888889,ok
docomo,九州,福岡県,ドコモショップ香椎店,813-0044 福岡県福岡市東区千早3-9-34 ＮＴＴ香椎ビル,https://shop.smt.docomo.ne.jp/shop_detail/0960060100100/index.html,33.651324166667,130.43707527778,ok
docomo,九州,福岡県,ドコモショップ春日店,816-0813 福岡県春日市惣利5-1,https://shop.smt.docomo.ne.jp/shop_detail/0950090100100/index.html,33.516520277778,130.46850166667,ok
docomo,九州,福岡県,ドコモショップ粕屋仲原店,811-2304 福岡県糟屋郡粕屋町大字仲原1-63,https://shop.smt.docomo.ne.jp/shop_detail/0950055600300/index.html,33.610151666667,130.45172444444,ok
docomo,九州,福岡県,ドコモショップ川崎店（福岡県）,827-0004 福岡県田川郡川崎町大字田原1104,https://shop.smt.docomo.ne.jp/shop_detail/0901900214400/index.html,33.607616111111,130.80927222222,ok
docomo,九州,福岡県,ドコモショップ苅田店,800-0351 福岡県京都郡苅田町京町1-7,https://shop.smt.docomo.ne.jp/shop_detail/0901900168700/index.html,33.779720555556,130.98261305556,ok
docomo,九州,福岡県,ドコモショップ九大学研都市駅前店,819-0379 福岡県福岡市西区北原9-7 Ｙ’ｓＧＡＲＤＥＮ　伊都,https://shop.smt.docomo.ne.jp/shop_detail/0901900493300/index.html,33.578309722222,130.25547944444,ok
docomo,九州,福岡県,ドコモショップくりえいと宗像店,811-4184 福岡県宗像市くりえいと4-1,https://shop.smt.docomo.ne.jp/shop_detail/0950030300100/index.html,33.810221944444,130.56415722222,ok
docomo,九州,福岡県,ドコモショップ久留米くしはら店,830-0003 福岡県久留米市東櫛原町1132-1,https://shop.smt.docomo.ne.jp/shop_detail/0901900514200/index.html,33.322231666667,130.51585888889,ok
docomo,九州,福岡県,ドコモショップ久留米国分店,839-0863 福岡県久留米市国分町1598-1,https://shop.smt.docomo.ne.jp/shop_detail/0901900514400/index.html,33.294536944444,130.52908194444,ok
docomo,九州,福岡県,ドコモショップ久留米野伏間店,830-0062 福岡県久留米市荒木町白口1804-3,https://shop.smt.docomo.ne.jp/shop_detail/0901900495700/index.html,33.2806175,130.51068222222,ok
docomo,九州,福岡県,ドコモショップ古賀店,811-3101 福岡県古賀市天神4-13-30,https://shop.smt.docomo.ne.jp/shop_detail/0901900259200/index.html,33.738905,130.46638694444,ok
docomo,九州,福岡県,ドコモショップ小倉足立インター店,802-0017 福岡県北九州市小倉北区明和町4-15,https://shop.smt.docomo.ne.jp/shop_detail/0901900536100/index.html,33.875263611111,130.88939111111,ok
docomo,九州,福岡県,ドコモショップ小倉魚町店,802-0006 福岡県北九州市小倉北区魚町1-15 巴ビル,https://shop.smt.docomo.ne.jp/shop_detail/0950030900200/index.html,33.884504166667,130.87999611111,ok
docomo,九州,福岡県,ドコモショップ小倉南インター店,803-0278 福岡県北九州市小倉南区徳吉西5-10,https://shop.smt.docomo.ne.jp/shop_detail/0901900257100/index.html,33.815589722222,130.85914027778,ok
docomo,九州,福岡県,ドコモショップ小嶺店,807-1111 福岡県北九州市八幡西区船越2-31-9,https://shop.smt.docomo.ne.jp/shop_detail/0901900454800/index.html,33.811622777778,130.74213583333,ok
docomo,九州,福岡県,ドコモショップサテライトイオンモール福岡伊都店,819-0379 福岡県福岡市西区北原１丁目2-1,https://shop.smt.docomo.ne.jp/shop_detail/0901900762000/index.html,33.577333333333,130.25883333333,ok
docomo,九州,福岡県,ドコモショップサニーサイドモール小倉店,800-0221 福岡県北九州市小倉南区下曽根新町10-1 サニーサイドモール小倉,https://shop.smt.docomo.ne.jp/shop_detail/0901900051400/index.html,33.832666666667,130.93383333333,ok
docomo,九州,福岡県,ドコモショップ山王公園店,812-0015 福岡県福岡市博多区山王1-1-35,https://shop.smt.docomo.ne.jp/shop_detail/0901900094500/index.html,33.582877222222,130.42885055556,ok
docomo,九州,福岡県,ドコモショップサンリブきふね店,802-0073 福岡県北九州市小倉北区貴船町1-14,https://shop.smt.docomo.ne.jp/shop_detail/0950020111600/index.html,33.871438611111,130.87083,ok
docomo,九州,福岡県,ドコモショップサンリブシティ小倉店,800-0255 福岡県北九州市小倉南区上葛原２丁目1-14 サンリブシティ小倉,https://shop.smt.docomo.ne.jp/shop_detail/0901900300500/index.html,33.838444444444,130.90830555556,ok
docomo,九州,福岡県,ドコモショップサンリブＢＵＯＮＯ原店,814-0022 福岡県福岡市早良区原3-3,https://shop.smt.docomo.ne.jp/shop_detail/0901900492100/index.html,33.567083333333,130.34502777778,ok
docomo,九州,福岡県,ドコモショップざっしょのくま店,816-0923 福岡県大野城市雑餉隈町4-10,https://shop.smt.docomo.ne.jp/shop_detail/0901900442900/index.html,33.543846944444,130.47085666667,ok
docomo,九州,福岡県,ドコモショップ志免店,811-2207 福岡県糟屋郡志免町南里２丁目3-37,https://shop.smt.docomo.ne.jp/shop_detail/0901900257400/index.html,33.593904444444,130.47612722222,ok
docomo,九州,福岡県,ドコモショップ新宮店（福岡県）,811-0124 福岡県糟屋郡新宮町新宮東５丁目11-1,https://shop.smt.docomo.ne.jp/shop_detail/0901900010700/index.html,33.7021425,130.45107111111,ok
docomo,九州,福岡県,ドコモショップ次郎丸店,814-0165 福岡県福岡市早良区次郎丸2-2,https://shop.smt.docomo.ne.jp/shop_detail/0901900442500/index.html,33.555244444444,130.33175527778,ok
docomo,九州,福岡県,ドコモショップ高見店,805-0016 福岡県北九州市八幡東区高見7-1,https://shop.smt.docomo.ne.jp/shop_detail/0901900180900/index.html,33.866073888889,130.83040666667,ok
docomo,九州,福岡県,ドコモショップ田川バイパス店,825-0005 福岡県田川市大字糒2-18,https://shop.smt.docomo.ne.jp/shop_detail/0901900536200/index.html,33.658261111111,130.81601416667,ok
docomo,九州,福岡県,ドコモショップ太宰府西店,818-0135 福岡県太宰府市向佐野2-13-27,https://shop.smt.docomo.ne.jp/shop_detail/0901900347700/index.html,33.508133333333,130.4960175,ok
docomo,九州,福岡県,ドコモショップ筑後店,833-0005 福岡県筑後市大字長浜2364,https://shop.smt.docomo.ne.jp/shop_detail/0901900534000/index.html,33.208688333333,130.50718722222,ok
docomo,九州,福岡県,ドコモショップ筑紫通博多Ｍｉｓｔ店,812-0894 福岡県福岡市博多区諸岡3-1-35 ＨＡＫＡＴＡ　Ｍｉｓｔ,https://shop.smt.docomo.ne.jp/shop_detail/0901900050000/index.html,33.563722222222,130.44394444444,ok
docomo,九州,福岡県,ドコモショップ筑前店,838-0802 福岡県朝倉郡筑前町久光913-2,https://shop.smt.docomo.ne.jp/shop_detail/0901900267600/index.html,33.434125277778,130.63623916667,ok
docomo,九州,福岡県,ドコモショップ天神中央店,810-0001 福岡県福岡市中央区天神2-4-38 ＮＴＴ－ＫＦビル,https://shop.smt.docomo.ne.jp/shop_detail/0960050200100/index.html,33.587784722222,130.39841972222,ok
docomo,九州,福岡県,ドコモショップ天神南店,810-0004 福岡県福岡市中央区渡辺通5-14-12 南天神ビル,https://shop.smt.docomo.ne.jp/shop_detail/0950030900100/index.html,33.586502222222,130.40304666667,ok
docomo,九州,福岡県,ドコモショップ徳力店,802-0971 福岡県北九州市小倉南区守恒本町5-20 ルピナス守恒,https://shop.smt.docomo.ne.jp/shop_detail/0901900069400/index.html,33.835909444444,130.87257111111,ok
docomo,九州,福岡県,ドコモショップ戸畑中央店,804-0081 福岡県北九州市戸畑区千防10-14 ＮＴＴ戸畑ビル,https://shop.smt.docomo.ne.jp/shop_detail/0901900538700/index.html,33.895263055556,130.83033638889,ok
docomo,九州,福岡県,ドコモショップトリアス久山店,811-2502 福岡県糟屋郡久山町大字山田1169-1 トリアスモール内,https://shop.smt.docomo.ne.jp/shop_detail/0901900305100/index.html,33.653092777778,130.48870694444,ok
docomo,九州,福岡県,ドコモショップ土井店,813-0032 福岡県福岡市東区土井1-17-3,https://shop.smt.docomo.ne.jp/shop_detail/0901900521300/index.html,33.635061944444,130.46307305556,ok
docomo,九州,福岡県,ドコモショップ中尾店,811-1364 福岡県福岡市南区中尾3-39-15,https://shop.smt.docomo.ne.jp/shop_detail/0901900501900/index.html,33.543306111111,130.40685916667,ok
docomo,九州,福岡県,ドコモショップ那珂川店,811-1213 福岡県那珂川市中原2-40,https://shop.smt.docomo.ne.jp/shop_detail/0901900183200/index.html,33.519322222222,130.43475138889,ok
docomo,九州,福岡県,ドコモショップ中間店,809-0019 福岡県中間市東中間2-7,https://shop.smt.docomo.ne.jp/shop_detail/0950051500100/index.html,33.818640833333,130.71610972222,ok
docomo,九州,福岡県,ドコモショップ日赤通り店,815-0082 福岡県福岡市南区大楠5-1,https://shop.smt.docomo.ne.jp/shop_detail/0901900535100/index.html,33.569911111111,130.41677583333,ok
docomo,九州,福岡県,ドコモショップ西新店,814-0003 福岡県福岡市早良区城西３丁目22-20 ＡＰ　Ｌ－ｔａｇｅ西新,https://shop.smt.docomo.ne.jp/shop_detail/0960060000100/index.html,33.581472222222,130.35875,ok
docomo,九州,福岡県,ドコモショップ直方店,822-0001 福岡県直方市感田1585-1,https://shop.smt.docomo.ne.jp/shop_detail/0901900538600/index.html,33.768372777778,130.73905194444,ok
docomo,九州,福岡県,ドコモショップ野芥店,814-0163 福岡県福岡市早良区干隈3-30-2,https://shop.smt.docomo.ne.jp/shop_detail/0901900053100/index.html,33.550834444444,130.34858833333,ok
docomo,九州,福岡県,ドコモショップ野多目店,811-1347 福岡県福岡市南区野多目1-12-45,https://shop.smt.docomo.ne.jp/shop_detail/0901900025700/index.html,33.542243611111,130.42345555556,ok
docomo,九州,福岡県,ドコモショップ則松店,807-0831 福岡県北九州市八幡西区則松2-1,https://shop.smt.docomo.ne.jp/shop_detail/0901900522200/index.html,33.8600525,130.7220125,ok
docomo,九州,福岡県,ドコモショップ博多駅南店,812-0016 福岡県福岡市博多区博多駅南2-3 博多駅前第一ビル,https://shop.smt.docomo.ne.jp/shop_detail/0950080700100/index.html,33.587154166667,130.42195055556,ok
docomo,九州,福岡県,ドコモショップ博多マルイ店,812-0012 福岡県福岡市博多区博多駅中央街9-1,https://shop.smt.docomo.ne.jp/shop_detail/0901900524800/index.html,33.588924722222,130.41935722222,ok
docomo,九州,福岡県,ドコモショップ橋本西店,819-0031 福岡県福岡市西区橋本１丁目9-50,https://shop.smt.docomo.ne.jp/shop_detail/0901900540600/index.html,33.559094166667,130.31920194444,ok
docomo,九州,福岡県,ドコモショップ花畑駅前店,830-0039 福岡県久留米市花畑二丁目2-15,https://shop.smt.docomo.ne.jp/shop_detail/0901900067500/index.html,33.3069325,130.51657638889,ok
docomo,九州,福岡県,ドコモショップ原田駅前店,818-0024 福岡県筑紫野市原田3-1,https://shop.smt.docomo.ne.jp/shop_detail/0901900131200/index.html,33.45557,130.54184777778,ok
docomo,九州,福岡県,ドコモショップ半道橋店,812-0897 福岡県福岡市博多区半道橋１丁目10-15,https://shop.smt.docomo.ne.jp/shop_detail/0960050400100/index.html,33.581081111111,130.4399075,ok
docomo,九州,福岡県,ドコモショップ東合川バイパス店,839-0811 福岡県久留米市山川神代1-10-45,https://shop.smt.docomo.ne.jp/shop_detail/0970002700100/index.html,33.319698888889,130.56208138889,ok
docomo,九州,福岡県,ドコモショップひびきの店,807-0807 福岡県北九州市八幡西区本城学研台2-20-15,https://shop.smt.docomo.ne.jp/shop_detail/0901900187100/index.html,33.896359166667,130.72436055556,ok
docomo,九州,福岡県,ドコモショップ平尾店,815-0084 福岡県福岡市南区市崎1-17-34 ヴィバーチェ平尾,https://shop.smt.docomo.ne.jp/shop_detail/0901900315200/index.html,33.572461388889,130.40337555556,ok
docomo,九州,福岡県,ドコモショップ福重店,819-0022 福岡県福岡市西区福重3-19,https://shop.smt.docomo.ne.jp/shop_detail/0950080300100/index.html,33.5684625,130.32285111111,ok
docomo,九州,福岡県,ドコモショップ福間店,811-3217 福岡県福津市中央7-17,https://shop.smt.docomo.ne.jp/shop_detail/0901900033000/index.html,33.768940277778,130.48891361111,ok
docomo,九州,福岡県,ドコモショップ藤崎店,814-0011 福岡県福岡市早良区高取2-17-37 弘中ビル,https://shop.smt.docomo.ne.jp/shop_detail/0901900105100/index.html,33.581124722222,130.34868416667,ok
docomo,九州,福岡県,ドコモショップ豊前店,828-0011 福岡県豊前市大字四郎丸1108-5,https://shop.smt.docomo.ne.jp/shop_detail/0901900288800/index.html,33.61609,131.10001388889,ok
docomo,九州,福岡県,ドコモショップＢＲＡＮＣＨ博多パピヨンガーデン店,812-0044 福岡県福岡市博多区千代2-1,https://shop.smt.docomo.ne.jp/shop_detail/0950070500100/index.html,33.602777777778,130.41991666667,ok
docomo,九州,福岡県,ドコモショップべふ店,814-0104 福岡県福岡市城南区別府3-8 エルスタンザ別府,https://shop.smt.docomo.ne.jp/shop_detail/0950070300100/index.html,33.572298611111,130.36328305556,ok
docomo,九州,福岡県,ドコモショップ穂波店,820-0071 福岡県飯塚市忠隈452-1,https://shop.smt.docomo.ne.jp/shop_detail/0901900441400/index.html,33.623263888889,130.68352888889,ok
docomo,九州,福岡県,ドコモショップ前原店,819-1117 福岡県糸島市前原西4-1-35,https://shop.smt.docomo.ne.jp/shop_detail/0950080100200/index.html,33.559423888889,130.19759194444,ok
docomo,九州,福岡県,ドコモショップ松島店,812-0063 福岡県福岡市東区原田8-8,https://shop.smt.docomo.ne.jp/shop_detail/0950054301000/index.html,33.6227975,130.43846638889,ok
docomo,九州,福岡県,ドコモショップ豆津バイパス店,830-0048 福岡県久留米市梅満町309-1,https://shop.smt.docomo.ne.jp/shop_detail/0901900045200/index.html,33.311585,130.49627055556,ok
docomo,九州,福岡県,ドコモショップ光岡店,811-3414 福岡県宗像市光岡1-1,https://shop.smt.docomo.ne.jp/shop_detail/0901900501800/index.html,33.789255,130.5640475,ok
docomo,九州,福岡県,ドコモショップみやま店,835-0024 福岡県みやま市瀬高町下庄687-1,https://shop.smt.docomo.ne.jp/shop_detail/0901900537500/index.html,33.150361388889,130.47367833333,ok
docomo,九州,福岡県,ドコモショップ門司店,800-0027 福岡県北九州市門司区黄金町2-28,https://shop.smt.docomo.ne.jp/shop_detail/0901900300800/index.html,33.909130277778,130.93737388889,ok
docomo,九州,福岡県,ドコモショップ柳川店,832-0061 福岡県柳川市本城町118-1,https://shop.smt.docomo.ne.jp/shop_detail/0901900191700/index.html,33.160045277778,130.40338111111,ok
docomo,九州,福岡県,ドコモショップ八幡永犬丸店,807-0851 福岡県北九州市八幡西区永犬丸4-6-38,https://shop.smt.docomo.ne.jp/shop_detail/0901900183300/index.html,33.841221111111,130.73335361111,ok
docomo,九州,福岡県,ドコモショップ八女店,834-0005 福岡県八女市大字大島128,https://shop.smt.docomo.ne.jp/shop_detail/0901900131700/index.html,33.216331666667,130.56472055556,ok
docomo,九州,福岡県,ドコモショップ行橋駅前店,824-0031 福岡県行橋市西宮市9-17,https://shop.smt.docomo.ne.jp/shop_detail/0901900460000/index.html,33.729889722222,130.96673611111,ok
docomo,九州,福岡県,ドコモショップ行橋店,824-0033 福岡県行橋市北泉2-6,https://shop.smt.docomo.ne.jp/shop_detail/0950020111700/index.html,33.716123611111,130.98675972222,ok
docomo,九州,福岡県,ドコモショップゆめタウン久留米店,839-0865 福岡県久留米市新合川１丁目2-1,https://shop.smt.docomo.ne.jp/shop_detail/0901900094700/index.html,33.3218775,130.53828472222,ok
docomo,九州,福岡県,ドコモショップゆめタウン博多店,812-0055 福岡県福岡市東区東浜1-1,https://shop.smt.docomo.ne.jp/shop_detail/0901900287800/index.html,33.612157777778,130.41198083333,ok
docomo,九州,福岡県,ドコモショップ六本松店,810-0035 福岡県福岡市中央区梅光園２丁目1-40,https://shop.smt.docomo.ne.jp/shop_detail/0901900094300/index.html,33.572709444444,130.3772475,ok
docomo,九州,福岡県,ドコモショップ和白店,813-0001 福岡県福岡市東区唐原3-17-1,https://shop.smt.docomo.ne.jp/shop_detail/0901900504100/index.html,33.679280555556,130.43636611111,ok
docomo,九州,佐賀県,ドコモショップイオンモール佐賀大和店,840-0201 佐賀県佐賀市大和町大字尼寺3535,https://shop.smt.docomo.ne.jp/shop_detail/0901900054200/index.html,33.304444444444,130.28080555556,ok
docomo,九州,佐賀県,ドコモショップ伊万里店,848-0031 佐賀県伊万里市二里町八谷搦1307,https://shop.smt.docomo.ne.jp/shop_detail/0950063100100/index.html,33.274563055556,129.86819916667,ok
docomo,九州,佐賀県,ドコモショップ嬉野店（佐賀県）,843-0301 佐賀県嬉野市嬉野町大字下宿甲1-Jan,https://shop.smt.docomo.ne.jp/shop_detail/0901900091100/index.html,33.108078888889,129.997915,ok
docomo,九州,佐賀県,ドコモショップ鹿島店（佐賀県）,849-1303 佐賀県鹿島市大字森94,https://shop.smt.docomo.ne.jp/shop_detail/0901900051200/index.html,33.123721666667,130.09859027778,ok
docomo,九州,佐賀県,ドコモショップ唐津店,847-0061 佐賀県唐津市材木町6-Jan 玉置本社ビル,https://shop.smt.docomo.ne.jp/shop_detail/0950053800100/index.html,33.448881388889,129.97304138889,ok
docomo,九州,佐賀県,ドコモショップ唐津和多田店,847-0083 佐賀県唐津市和多田大土井9-20,https://shop.smt.docomo.ne.jp/shop_detail/0901900301800/index.html,33.429444444444,129.98777777778,ok
docomo,九州,佐賀県,ドコモショップ江北店,849-0502 佐賀県杵島郡江北町大字佐留志1-95,https://shop.smt.docomo.ne.jp/shop_detail/0901900491000/index.html,33.2179875,130.16542277778,ok
docomo,九州,佐賀県,ドコモショップ佐賀西店,840-0859 佐賀県佐賀市新栄西9-20,https://shop.smt.docomo.ne.jp/shop_detail/0950063000100/index.html,33.255943888889,130.27262638889,ok
docomo,九州,佐賀県,ドコモショップ佐賀東店,849-0912 佐賀県佐賀市兵庫町大字瓦町1098,https://shop.smt.docomo.ne.jp/shop_detail/0901900535300/index.html,33.265384166667,130.32686777778,ok
docomo,九州,佐賀県,ドコモショップ佐賀南店,840-0023 佐賀県佐賀市本庄町袋298-4,https://shop.smt.docomo.ne.jp/shop_detail/0950053300200/index.html,33.239111111111,130.29991666667,ok
docomo,九州,佐賀県,ドコモショップ佐賀夢咲店,849-0919 佐賀県佐賀市兵庫北11-4,https://shop.smt.docomo.ne.jp/shop_detail/0901900729900/index.html,33.275222222222,130.31219444444,ok
docomo,九州,佐賀県,ドコモショップ多久店,846-0002 佐賀県多久市北多久町小侍2-1,https://shop.smt.docomo.ne.jp/shop_detail/0950053800200/index.html,33.290278333333,130.11195777778,ok
docomo,九州,佐賀県,ドコモショップ武雄店,843-0024 佐賀県武雄市武雄町大字富岡12515,https://shop.smt.docomo.ne.jp/shop_detail/0950063500100/index.html,33.199170277778,130.03444694444,ok
docomo,九州,佐賀県,ドコモショップ鳥栖店,841-0061 佐賀県鳥栖市轟木町1803-10,https://shop.smt.docomo.ne.jp/shop_detail/0950053300100/index.html,33.366585833333,130.49971472222,ok
docomo,九州,佐賀県,ドコモショップフレスポ鳥栖店,841-0026 佐賀県鳥栖市本鳥栖町537-1,https://shop.smt.docomo.ne.jp/shop_detail/0901900189300/index.html,33.376322777778,130.51725638889,ok
docomo,九州,佐賀県,ドコモショップ三日月店,845-0021 佐賀県小城市三日月町長神田1-72,https://shop.smt.docomo.ne.jp/shop_detail/0901900268800/index.html,33.276126111111,130.214745,ok
docomo,九州,佐賀県,ドコモショップ吉野ヶ里店,842-0002 佐賀県神埼市神埼町田道ヶ里1607-1,https://shop.smt.docomo.ne.jp/shop_detail/0901900103000/index.html,33.319222222222,130.38283333333,ok
docomo,九州,長崎県,ドコモショップ愛野展望台店,854-0302 長崎県雲仙市愛野町乙5-36,https://shop.smt.docomo.ne.jp/shop_detail/0901900095500/index.html,32.796374444444,130.16426722222,ok
docomo,九州,長崎県,ドコモショップあぜかり店,851-2212 長崎県長崎市畝刈町1613-295,https://shop.smt.docomo.ne.jp/shop_detail/0901900268000/index.html,32.827499444444,129.78136777778,ok
docomo,九州,長崎県,ドコモショップアミュプラザ長崎店,850-0058 長崎県長崎市尾上町1-1 アミュプラザ長崎　新館,https://shop.smt.docomo.ne.jp/shop_detail/0901900504300/index.html,32.752194444444,129.87072222222,ok
docomo,九州,長崎県,ドコモショップ有家店,859-2202 長崎県南島原市有家町山川272-1,https://shop.smt.docomo.ne.jp/shop_detail/0901900088500/index.html,32.663166666667,130.31005555556,ok
docomo,九州,長崎県,ドコモショップイオンタウン諫早西部台店,854-0087 長崎県諫早市大さこ町300,https://shop.smt.docomo.ne.jp/shop_detail/0901900030600/index.html,32.8575,130.02405555556,ok
docomo,九州,長崎県,ドコモショップ壱岐店,811-5132 長崎県壱岐市郷ノ浦町東触551-3,https://shop.smt.docomo.ne.jp/shop_detail/0950020101900/index.html,33.754009166667,129.69811222222,ok
docomo,九州,長崎県,ドコモショップ諫早小船越店,854-0062 長崎県諫早市小船越町512,https://shop.smt.docomo.ne.jp/shop_detail/0950054400200/index.html,32.838611111111,130.02333333333,ok
docomo,九州,長崎県,ドコモショップ諫早バイパス店,854-0053 長崎県諫早市小川町1267,https://shop.smt.docomo.ne.jp/shop_detail/0901900533200/index.html,32.832478333333,130.05360416667,ok
docomo,九州,長崎県,ドコモショップ浦桑店,857-4511 長崎県南松浦郡新上五島町浦桑郷1365,https://shop.smt.docomo.ne.jp/shop_detail/0950054400300/index.html,32.986353055556,129.08537888889,ok
docomo,九州,長崎県,ドコモショップ江迎店,859-6101 長崎県佐世保市江迎町長坂125-1,https://shop.smt.docomo.ne.jp/shop_detail/0901900348900/index.html,33.306286944444,129.63070194444,ok
docomo,九州,長崎県,ドコモショップ大村中央店,856-0837 長崎県大村市西本町479-12,https://shop.smt.docomo.ne.jp/shop_detail/0901900454000/index.html,32.904920277778,129.95706916667,ok
docomo,九州,長崎県,ドコモショップ小浜温泉店,854-0514 長崎県雲仙市小浜町北本町906,https://shop.smt.docomo.ne.jp/shop_detail/0970004900400/index.html,32.726436944444,130.20684611111,ok
docomo,九州,長崎県,ドコモショップ西海店,851-3422 長崎県西海市西彼町小迎郷3-52,https://shop.smt.docomo.ne.jp/shop_detail/0901900220600/index.html,33.0438925,129.74416055556,ok
docomo,九州,長崎県,ドコモショップ佐々店,857-0312 長崎県北松浦郡佐々町市場免6-72,https://shop.smt.docomo.ne.jp/shop_detail/0950054400400/index.html,33.23397,129.64602916667,ok
docomo,九州,長崎県,ドコモショップ佐世保大野店,857-0143 長崎県佐世保市吉岡町28-Jul,https://shop.smt.docomo.ne.jp/shop_detail/0901900133200/index.html,33.210111111111,129.7105,ok
docomo,九州,長崎県,ドコモショップ佐世保京町店,857-0872 長崎県佐世保市上京町1-3,https://shop.smt.docomo.ne.jp/shop_detail/0950054400100/index.html,33.17004,129.72346083333,ok
docomo,九州,長崎県,ドコモショップさせぼ五番街店,857-0855 長崎県佐世保市新港町2-1,https://shop.smt.docomo.ne.jp/shop_detail/0901900096000/index.html,33.165861111111,129.72238888889,ok
docomo,九州,長崎県,ドコモショップ佐世保大塔店,857-1161 長崎県佐世保市大塔町18-19,https://shop.smt.docomo.ne.jp/shop_detail/0901900069300/index.html,33.149978611111,129.7807425,ok
docomo,九州,長崎県,ドコモショップ島原店,855-0031 長崎県島原市前浜町乙81,https://shop.smt.docomo.ne.jp/shop_detail/0901900068200/index.html,32.806163055556,130.36146472222,ok
docomo,九州,長崎県,ドコモショップ新大村駅前店,856-0027 長崎県大村市植松３丁目59,https://shop.smt.docomo.ne.jp/shop_detail/0901900030500/index.html,32.932833333333,129.95908333333,ok
docomo,九州,長崎県,ドコモショップ多良見店,859-0402 長崎県諫早市多良見町囲446,https://shop.smt.docomo.ne.jp/shop_detail/0901900493800/index.html,32.827788055556,129.98010638889,ok
docomo,九州,長崎県,ドコモショップ対馬店,817-0021 長崎県対馬市厳原町今屋敷779,https://shop.smt.docomo.ne.jp/shop_detail/0901900053200/index.html,34.204916666667,129.29000138889,ok
docomo,九州,長崎県,ドコモショップ時津店,851-2104 長崎県西彼杵郡時津町野田郷4-28,https://shop.smt.docomo.ne.jp/shop_detail/0901900063200/index.html,32.826907777778,129.84831583333,ok
docomo,九州,長崎県,ドコモショップ長崎大波止店,850-0036 長崎県長崎市五島町5-41,https://shop.smt.docomo.ne.jp/shop_detail/0901900539100/index.html,32.748333333333,129.87263888889,ok
docomo,九州,長崎県,ドコモショップ長崎住吉店,852-8137 長崎県長崎市若葉町10-16,https://shop.smt.docomo.ne.jp/shop_detail/0901900535500/index.html,32.789264722222,129.860905,ok
docomo,九州,長崎県,ドコモショップ長崎浜町店,850-0852 長崎県長崎市万屋町6-3,https://shop.smt.docomo.ne.jp/shop_detail/0901900030800/index.html,32.745255833333,129.87942472222,ok
docomo,九州,長崎県,ドコモショップ長与店,851-2128 長崎県西彼杵郡長与町嬉里郷1-42,https://shop.smt.docomo.ne.jp/shop_detail/0901900252800/index.html,32.8314775,129.86788,ok
docomo,九州,長崎県,ドコモショップ滑石店,852-8061 長崎県長崎市滑石2-1-38,https://shop.smt.docomo.ne.jp/shop_detail/0901900298900/index.html,32.808269444444,129.84548833333,ok
docomo,九州,長崎県,ドコモショップ浜町アーケード店,850-0853 長崎県長崎市浜町7-8,https://shop.smt.docomo.ne.jp/shop_detail/0901900095400/index.html,32.743903055556,129.87838388889,ok
docomo,九州,長崎県,ドコモショップ東長崎店,851-0115 長崎県長崎市かき道1-31-5,https://shop.smt.docomo.ne.jp/shop_detail/0970024000300/index.html,32.770331944444,129.95325472222,ok
docomo,九州,長崎県,ドコモショップ平戸店,859-5121 長崎県平戸市岩の上町1507-1,https://shop.smt.docomo.ne.jp/shop_detail/0960004700200/index.html,33.368936388889,129.55380166667,ok
docomo,九州,長崎県,ドコモショップ広田店,859-3223 長崎県佐世保市広田3-18-27,https://shop.smt.docomo.ne.jp/shop_detail/0960004700100/index.html,33.122361111111,129.80222222222,ok
docomo,九州,長崎県,ドコモショップ福江店,853-0033 長崎県五島市木場町260-7,https://shop.smt.docomo.ne.jp/shop_detail/0970024000100/index.html,32.691416666667,128.83147222222,ok
docomo,九州,長崎県,ドコモショップ松浦店,859-4502 長崎県松浦市志佐町里免344-4,https://shop.smt.docomo.ne.jp/shop_detail/0901900094800/index.html,33.340337222222,129.70851222222,ok
docomo,九州,長崎県,ドコモショップみなとインター店,857-0852 長崎県佐世保市干尽町11-1,https://shop.smt.docomo.ne.jp/shop_detail/0901900095300/index.html,33.158106388889,129.73054777778,ok
docomo,九州,長崎県,ドコモショップ南長崎店,850-0971 長崎県長崎市磯道町9-30,https://shop.smt.docomo.ne.jp/shop_detail/0901900180800/index.html,32.701368333333,129.84754666667,ok
docomo,九州,長崎県,ドコモショップみらい長崎ココウォーク店,852-8104 長崎県長崎市茂里町1-55 みらい長崎ココウォーク,https://shop.smt.docomo.ne.jp/shop_detail/0901900528900/index.html,32.762755833333,129.86466416667,ok
docomo,九州,長崎県,ドコモショップララプレイス日野店,858-0923 長崎県佐世保市日野町888,https://shop.smt.docomo.ne.jp/shop_detail/0901900286400/index.html,33.168706388889,129.68012805556,ok
docomo,九州,熊本県,ドコモショップ阿蘇一の宮店,869-2612 熊本県阿蘇市一の宮町宮地6-Jan,https://shop.smt.docomo.ne.jp/shop_detail/0901900102200/index.html,32.937803055556,131.11307666667,ok
docomo,九州,熊本県,ドコモショップ天草本渡店,863-0050 熊本県天草市丸尾町16-44,https://shop.smt.docomo.ne.jp/shop_detail/0901900542500/index.html,32.47124,130.18564138889,ok
docomo,九州,熊本県,ドコモショップ荒尾シティモール店,864-0033 熊本県荒尾市緑ケ丘１丁目1-1 ゆめタウンシティモール内,https://shop.smt.docomo.ne.jp/shop_detail/0901900456300/index.html,32.98275,130.47116666667,ok
docomo,九州,熊本県,ドコモショップイオン天草店,863-0046 熊本県天草市亀場町食場後山下740,https://shop.smt.docomo.ne.jp/shop_detail/0901900102400/index.html,32.434954444444,130.18238055556,ok
docomo,九州,熊本県,ドコモショップイオンモール熊本店,861-3106 熊本県上益城郡嘉島町上島字長池2232 イオンモール熊本,https://shop.smt.docomo.ne.jp/shop_detail/0901900268600/index.html,32.737861111111,130.74436111111,ok
docomo,九州,熊本県,ドコモショップ植木店,861-0141 熊本県熊本市北区植木町投刀塚321-10,https://shop.smt.docomo.ne.jp/shop_detail/0901900287600/index.html,32.885055555556,130.69166666667,ok
docomo,九州,熊本県,ドコモショップ宇城店,869-0631 熊本県宇城市小川町北新田1130-1,https://shop.smt.docomo.ne.jp/shop_detail/0901900170100/index.html,32.605968888889,130.703135,ok
docomo,九州,熊本県,ドコモショップ宇土店,869-0406 熊本県宇土市三拾町119-1,https://shop.smt.docomo.ne.jp/shop_detail/0901900308300/index.html,32.69292,130.67087,ok
docomo,九州,熊本県,ドコモショップ大津店（熊本県）,869-1235 熊本県菊池郡大津町室251-1,https://shop.smt.docomo.ne.jp/shop_detail/0901900055300/index.html,32.875223888889,130.86603111111,ok
docomo,九州,熊本県,ドコモショップ嘉島店,861-3101 熊本県上益城郡嘉島町大字鯰2-76,https://shop.smt.docomo.ne.jp/shop_detail/0901900156700/index.html,32.745024722222,130.74077388889,ok
docomo,九州,熊本県,ドコモショップ上天草店,869-3603 熊本県上天草市大矢野町中845-1 ショッピングセンタ　キャモン内,https://shop.smt.docomo.ne.jp/shop_detail/0901900212700/index.html,32.579656944444,130.42460194444,ok
docomo,九州,熊本県,ドコモショップ菊池店,861-1306 熊本県菊池市大琳寺字下原1-27,https://shop.smt.docomo.ne.jp/shop_detail/0901900269100/index.html,32.9715,130.80044444444,ok
docomo,九州,熊本県,ドコモショップ菊陽店,869-1101 熊本県菊池郡菊陽町津久礼4-99,https://shop.smt.docomo.ne.jp/shop_detail/0970015600100/index.html,32.863223055556,130.80958472222,ok
docomo,九州,熊本県,ドコモショップ楠店,861-8003 熊本県熊本市北区楠8-12,https://shop.smt.docomo.ne.jp/shop_detail/0901900530300/index.html,32.850226944444,130.76320194444,ok
docomo,九州,熊本県,ドコモショップ熊本インター店,861-8019 熊本県熊本市東区下南部3-17-65,https://shop.smt.docomo.ne.jp/shop_detail/0901900285800/index.html,32.825640555556,130.76351583333,ok
docomo,九州,熊本県,ドコモショップ熊本小峯店,862-0920 熊本県熊本市東区月出2-25,https://shop.smt.docomo.ne.jp/shop_detail/0901900455200/index.html,32.802737222222,130.77223833333,ok
docomo,九州,熊本県,ドコモショップ熊本北店,861-5514 熊本県熊本市北区飛田3-1-41,https://shop.smt.docomo.ne.jp/shop_detail/0901900050600/index.html,32.849858055556,130.71783138889,ok
docomo,九州,熊本県,ドコモショップ熊本田崎店,860-0047 熊本県熊本市西区春日７丁目10-21,https://shop.smt.docomo.ne.jp/shop_detail/0960085700100/index.html,32.784726388889,130.6796025,ok
docomo,九州,熊本県,ドコモショップ熊本西店,860-0056 熊本県熊本市西区新土河原2-3-50,https://shop.smt.docomo.ne.jp/shop_detail/0901900255600/index.html,32.775841111111,130.67241388889,ok
docomo,九州,熊本県,ドコモショップ熊本御船店,861-3204 熊本県上益城郡御船町大字木倉1118-1,https://shop.smt.docomo.ne.jp/shop_detail/0901900155900/index.html,32.717,130.80172222222,ok
docomo,九州,熊本県,ドコモショップ健軍店,862-0903 熊本県熊本市東区若葉1-4,https://shop.smt.docomo.ne.jp/shop_detail/0901900539000/index.html,32.778388888889,130.76013888889,ok
docomo,九州,熊本県,ドコモショップ下通店,860-0807 熊本県熊本市中央区下通6-27 高濱ビル,https://shop.smt.docomo.ne.jp/shop_detail/0901900133800/index.html,32.801157222222,130.70870944444,ok
docomo,九州,熊本県,ドコモショップ玉名店,865-0051 熊本県玉名市繁根木6-54 ＮＴＴ玉名営業所,https://shop.smt.docomo.ne.jp/shop_detail/0901900535600/index.html,32.928295555556,130.55764361111,ok
docomo,九州,熊本県,ドコモショップ近見店,861-4101 熊本県熊本市南区近見2-7,https://shop.smt.docomo.ne.jp/shop_detail/0901900030300/index.html,32.762002222222,130.69037916667,ok
docomo,九州,熊本県,ドコモショップ坪井店,860-0863 熊本県熊本市中央区坪井6-22-10,https://shop.smt.docomo.ne.jp/shop_detail/0901900522000/index.html,32.818943611111,130.71845138889,ok
docomo,九州,熊本県,ドコモショップ錦町店,868-0303 熊本県球磨郡錦町大字西4-Mar,https://shop.smt.docomo.ne.jp/shop_detail/0901900304500/index.html,32.19723,130.82891027778,ok
docomo,九州,熊本県,ドコモショップはません店,862-0963 熊本県熊本市南区出仲間7-15-10,https://shop.smt.docomo.ne.jp/shop_detail/0901900254800/index.html,32.769967777778,130.72186888889,ok
docomo,九州,熊本県,ドコモショップ光の森店,869-1109 熊本県菊池郡菊陽町新山２丁目11-1,https://shop.smt.docomo.ne.jp/shop_detail/0950055600200/index.html,32.866305555556,130.78202777778,ok
docomo,九州,熊本県,ドコモショップ東バイパス店,862-0926 熊本県熊本市東区保田窪3-6-31,https://shop.smt.docomo.ne.jp/shop_detail/0901900021200/index.html,32.808783611111,130.74901527778,ok
docomo,九州,熊本県,ドコモショップ人吉店,868-0021 熊本県人吉市鬼木町758-1,https://shop.smt.docomo.ne.jp/shop_detail/0950055100200/index.html,32.223399444444,130.76394722222,ok
docomo,九州,熊本県,ドコモショップ平成店,860-0816 熊本県熊本市中央区本荘町750-2,https://shop.smt.docomo.ne.jp/shop_detail/0901900538800/index.html,32.783861111111,130.70338888889,ok
docomo,九州,熊本県,ドコモショップ松橋店,869-0502 熊本県宇城市松橋町松橋861,https://shop.smt.docomo.ne.jp/shop_detail/0901900030700/index.html,32.652489722222,130.67651777778,ok
docomo,九州,熊本県,ドコモショップ水俣店,867-0051 熊本県水俣市昭和町3-1,https://shop.smt.docomo.ne.jp/shop_detail/0950055100100/index.html,32.207846388889,130.39789166667,ok
docomo,九州,熊本県,ドコモショップ八代店,866-0883 熊本県八代市松江町526-1,https://shop.smt.docomo.ne.jp/shop_detail/0901900483500/index.html,32.515890277778,130.59897805556,ok
docomo,九州,熊本県,ドコモショップ山鹿店,861-0516 熊本県山鹿市中央通1103,https://shop.smt.docomo.ne.jp/shop_detail/0970015600300/index.html,33.013985833333,130.68333,ok
docomo,九州,大分県,ドコモショップ明野店,870-0147 大分県大分市大字小池原1538-1,https://shop.smt.docomo.ne.jp/shop_detail/0901900067100/index.html,33.233290277778,131.66175583333,ok
docomo,九州,大分県,ドコモショップ宇佐店,879-0454 大分県宇佐市大字法鏡寺297,https://shop.smt.docomo.ne.jp/shop_detail/0950057200200/index.html,33.525106944444,131.34570472222,ok
docomo,九州,大分県,ドコモショップ臼杵店,875-0062 大分県臼杵市大字野田314-1,https://shop.smt.docomo.ne.jp/shop_detail/0901900223800/index.html,33.110869444444,131.78111111111,ok
docomo,九州,大分県,ドコモショップ大分中島店,870-0047 大分県大分市中島西8-16,https://shop.smt.docomo.ne.jp/shop_detail/0901900105600/index.html,33.245745277778,131.61105027778,ok
docomo,九州,大分県,ドコモショップ大在店,870-0268 大分県大分市政所1-51 センチュリーモール,https://shop.smt.docomo.ne.jp/shop_detail/0901900067400/index.html,33.241455833333,131.72264916667,ok
docomo,九州,大分県,ドコモショップ大道店,870-0822 大分県大分市大道町6-8,https://shop.smt.docomo.ne.jp/shop_detail/0901900539200/index.html,33.225284444444,131.59589333333,ok
docomo,九州,大分県,ドコモショップ金池店,870-0026 大分県大分市金池町4-1 ドコモ大分ビル,https://shop.smt.docomo.ne.jp/shop_detail/0901900539300/index.html,33.233290277778,131.60870083333,ok
docomo,九州,大分県,ドコモショップ杵築店,873-0001 大分県杵築市大字杵築北浜665-478,https://shop.smt.docomo.ne.jp/shop_detail/0901900234000/index.html,33.417786111111,131.6288175,ok
docomo,九州,大分県,ドコモショップ木ノ上店,870-1161 大分県大分市大字木上2080,https://shop.smt.docomo.ne.jp/shop_detail/0970037900200/index.html,33.184846944444,131.57030888889,ok
docomo,九州,大分県,ドコモショップ玖珠店,879-4412 大分県玖珠郡玖珠町大字山田門出289-1,https://shop.smt.docomo.ne.jp/shop_detail/0950057200500/index.html,33.277989722222,131.14714444444,ok
docomo,九州,大分県,ドコモショップ国東店,873-0503 大分県国東市国東町鶴川1820-1 ＮＴＴ国東ビル,https://shop.smt.docomo.ne.jp/shop_detail/0901900285900/index.html,33.559391944444,131.73368527778,ok
docomo,九州,大分県,ドコモショップ佐伯長島店,876-0813 大分県佐伯市長島町1-31-7,https://shop.smt.docomo.ne.jp/shop_detail/0901900067300/index.html,32.958380277778,131.9049275,ok
docomo,九州,大分県,ドコモショップ下郡店,870-0952 大分県大分市下郡北1-134,https://shop.smt.docomo.ne.jp/shop_detail/0901900454100/index.html,33.228270833333,131.62854361111,ok
docomo,九州,大分県,ドコモショップ竹田店,878-0025 大分県竹田市大字拝田原字山下251,https://shop.smt.docomo.ne.jp/shop_detail/0960087800200/index.html,32.9585175,131.3805575,ok
docomo,九州,大分県,ドコモショップ鶴崎店,870-0131 大分県大分市皆春1571-1,https://shop.smt.docomo.ne.jp/shop_detail/0901900027200/index.html,33.234971944444,131.68151611111,ok
docomo,九州,大分県,ドコモショップトキハわさだ店,870-1155 大分県大分市大字玉沢755-1 トキハわさだタウン３街区フェスティバルタウン,https://shop.smt.docomo.ne.jp/shop_detail/0901900192200/index.html,33.189045277778,131.58265638889,ok
docomo,九州,大分県,ドコモショップ中津如水店,871-0011 大分県中津市下池永462,https://shop.smt.docomo.ne.jp/shop_detail/0901900700200/index.html,33.586986111111,131.21811111111,ok
docomo,九州,大分県,ドコモショップ中津店,871-0030 大分県中津市中殿町3-27,https://shop.smt.docomo.ne.jp/shop_detail/0970037900100/index.html,33.594828888889,131.19291805556,ok
docomo,九州,大分県,ドコモショップパークプレイス大分店,870-0174 大分県大分市公園通り西2-1,https://shop.smt.docomo.ne.jp/shop_detail/0901900286700/index.html,33.19498,131.65698583333,ok
docomo,九州,大分県,ドコモショップ日出店,879-1500 大分県速見郡日出町通佛1802-6,https://shop.smt.docomo.ne.jp/shop_detail/0901900068300/index.html,33.371859722222,131.53194361111,ok
docomo,九州,大分県,ドコモショップ日田店,877-0082 大分県日田市日ノ出町1-59,https://shop.smt.docomo.ne.jp/shop_detail/0950052000100/index.html,33.335202777778,130.93803833333,ok
docomo,九州,大分県,ドコモショップ豊後高田店,879-0617 大分県豊後高田市高田2258,https://shop.smt.docomo.ne.jp/shop_detail/0901900088600/index.html,33.556675277778,131.42890055556,ok
docomo,九州,大分県,ドコモショップへつぎ店,879-7761 大分県大分市中戸次26-Jan,https://shop.smt.docomo.ne.jp/shop_detail/0901900079600/index.html,33.160968333333,131.65038083333,ok
docomo,九州,大分県,ドコモショップ別府店,874-0918 大分県別府市汐見町7-43,https://shop.smt.docomo.ne.jp/shop_detail/0950057200100/index.html,33.302811666667,131.50168083333,ok
docomo,九州,大分県,ドコモショップ三重店,879-7104 大分県豊後大野市三重町小坂13-Jan,https://shop.smt.docomo.ne.jp/shop_detail/0970037900500/index.html,32.994173611111,131.6147375,ok
docomo,九州,大分県,ドコモショップコスモタウン佐伯店,876-0047 大分県佐伯市鶴岡西町２丁目234,https://shop.smt.docomo.ne.jp/shop_detail/0970090960100/index.html,32.960685555556,131.86374111111,ok
docomo,九州,宮崎県,ドコモショップイオンタウン日向店,883-0064 宮崎県日向市日知屋古田町1-61,https://shop.smt.docomo.ne.jp/shop_detail/0901900266900/index.html,32.425473055556,131.65273194444,ok
docomo,九州,宮崎県,ドコモショップイオン延岡ＳＣ店,882-0847 宮崎県延岡市旭町2-1 イオン延岡ショッピングセンター,https://shop.smt.docomo.ne.jp/shop_detail/0901900535700/index.html,32.572944444444,131.67027777778,ok
docomo,九州,宮崎県,ドコモショップイオンモール都城駅前店,885-0023 宮崎県都城市栄町5-72 イオンモール都城駅前,https://shop.smt.docomo.ne.jp/shop_detail/0901900491400/index.html,31.735230555556,131.07995,ok
docomo,九州,宮崎県,ドコモショップ江平店,880-0051 宮崎県宮崎市江平西2-1-47,https://shop.smt.docomo.ne.jp/shop_detail/0901900027900/index.html,31.928342777778,131.42619777778,ok
docomo,九州,宮崎県,ドコモショップ大淀店,880-0901 宮崎県宮崎市東大淀2-3-35,https://shop.smt.docomo.ne.jp/shop_detail/0950090100300/index.html,31.893891111111,131.41973305556,ok
docomo,九州,宮崎県,ドコモショップ門川店,889-0614 宮崎県東臼杵郡門川町上町6-43,https://shop.smt.docomo.ne.jp/shop_detail/0901900491300/index.html,32.468762222222,131.648655,ok
docomo,九州,宮崎県,ドコモショップ串間店,888-0011 宮崎県串間市寺里7-1,https://shop.smt.docomo.ne.jp/shop_detail/0901900458100/index.html,31.456734444444,131.21943722222,ok
docomo,九州,宮崎県,ドコモショップ国富店,880-1113 宮崎県東諸県郡国富町大字木脇5-99,https://shop.smt.docomo.ne.jp/shop_detail/0901900308700/index.html,31.983238055556,131.36615472222,ok
docomo,九州,宮崎県,ドコモショップ小林店,886-0002 宮崎県小林市大字水流迫231-3 マローズ小林店敷地内,https://shop.smt.docomo.ne.jp/shop_detail/0901900050200/index.html,31.982284722222,131.000585,ok
docomo,九州,宮崎県,ドコモショップ西都店,881-0033 宮崎県西都市大字妻字平田1654-1,https://shop.smt.docomo.ne.jp/shop_detail/0950058300300/index.html,32.104445833333,131.39916722222,ok
docomo,九州,宮崎県,ドコモショップ佐土原店,880-0212 宮崎県宮崎市佐土原町下那珂字中溝2642,https://shop.smt.docomo.ne.jp/shop_detail/0901900230500/index.html,32.0084125,131.47378833333,ok
docomo,九州,宮崎県,ドコモショップ鷹尾店,885-0081 宮崎県都城市鷹尾4-7,https://shop.smt.docomo.ne.jp/shop_detail/0901900046300/index.html,31.722454444444,131.04035027778,ok
docomo,九州,宮崎県,ドコモショップ高鍋店,884-0002 宮崎県児湯郡高鍋町大字北高鍋1-34,https://shop.smt.docomo.ne.jp/shop_detail/0901900052900/index.html,32.125463888889,131.52090611111,ok
docomo,九州,宮崎県,ドコモショップ日南駅前店,887-0021 宮崎県日南市中央通11-9,https://shop.smt.docomo.ne.jp/shop_detail/0901900077600/index.html,31.600588055556,131.38261694444,ok
docomo,九州,宮崎県,ドコモショップ日南星倉店,889-2533 宮崎県日南市大字星倉1-37,https://shop.smt.docomo.ne.jp/shop_detail/0901900117400/index.html,31.614933888889,131.37197694444,ok
docomo,九州,宮崎県,ドコモショップ延岡駅前店,882-0053 宮崎県延岡市幸町2-128,https://shop.smt.docomo.ne.jp/shop_detail/0901900046200/index.html,32.588310555556,131.67084305556,ok
docomo,九州,宮崎県,ドコモショップ花山手バイパス店,880-0930 宮崎県宮崎市花山手東1-20-2,https://shop.smt.docomo.ne.jp/shop_detail/0901900066500/index.html,31.902503888889,131.40591777778,ok
docomo,九州,宮崎県,ドコモショップフェニックスガーデンうきのじょう店,880-0844 宮崎県宮崎市柳丸町150 フェニックスガーデンうきのじょう内,https://shop.smt.docomo.ne.jp/shop_detail/0901900050100/index.html,31.927777777778,131.43666666667,ok
docomo,九州,宮崎県,ドコモショップベアーズモール清武店,889-1603 宮崎県宮崎市清武町正手2-37-8,https://shop.smt.docomo.ne.jp/shop_detail/0901900191300/index.html,31.860938333333,131.38850222222,ok
docomo,九州,宮崎県,ドコモショップ本郷店,880-0911 宮崎県宮崎市大字田吉城ノ下8-Jan,https://shop.smt.docomo.ne.jp/shop_detail/0901900346800/index.html,31.866553888889,131.43213972222,ok
docomo,九州,宮崎県,ドコモショップ都城中央店,885-0025 宮崎県都城市前田町7-27,https://shop.smt.docomo.ne.jp/shop_detail/0950058800100/index.html,31.729843888889,131.06783055556,ok
docomo,九州,宮崎県,ドコモショップ都城吉尾店,885-0006 宮崎県都城市吉尾町826-1,https://shop.smt.docomo.ne.jp/shop_detail/0970098900100/index.html,31.753801388889,131.07871777778,ok
docomo,九州,宮崎県,ドコモショップ宮崎大塚店,880-0951 宮崎県宮崎市大塚町樋ノ口1931,https://shop.smt.docomo.ne.jp/shop_detail/0950058800200/index.html,31.918399166667,131.39898416667,ok
docomo,九州,宮崎県,ドコモショップ宮崎東店,880-0841 宮崎県宮崎市吉村町長田甲2359,https://shop.smt.docomo.ne.jp/shop_detail/0901900538900/index.html,31.912308333333,131.44717277778,ok
docomo,九州,宮崎県,ドコモショップ小林駅前店,886-0004 宮崎県小林市大字細野1-00,https://shop.smt.docomo.ne.jp/shop_detail/0901900220100/index.html,31.992521944444,130.97753666667,ok
docomo,九州,鹿児島県,ドコモショップ阿久根店,899-1626 鹿児島県阿久根市鶴見町11,https://shop.smt.docomo.ne.jp/shop_detail/0901900346900/index.html,32.013509444444,130.19777555556,ok
docomo,九州,鹿児島県,ドコモショップイオンかのやＳＣ店（鹿屋）,893-0016 鹿児島県鹿屋市白崎町4-1,https://shop.smt.docomo.ne.jp/shop_detail/0901900086600/index.html,31.3785,130.85602777778,ok
docomo,九州,鹿児島県,ドコモショップイオンタウン姶良店,899-5431 鹿児島県姶良市西餅田264-1 イオンタウン姶良　西街区,https://shop.smt.docomo.ne.jp/shop_detail/0901900191900/index.html,31.732277777778,130.62658333333,ok
docomo,九州,鹿児島県,ドコモショップイオンモールＫＡＧＯＳＨＩＭＡＢＡＹ,891-0115 鹿児島県鹿児島市東開町7 イオンモールＫＡＧＯＳＨＩＭＡＢＡＹ,https://shop.smt.docomo.ne.jp/shop_detail/0960009300200/index.html,31.527138888889,130.53727777778,ok
docomo,九州,鹿児島県,ドコモショップ伊集院店,899-2505 鹿児島県日置市伊集院町猪鹿倉792-1,https://shop.smt.docomo.ne.jp/shop_detail/0901900222800/index.html,31.630425277778,130.40593361111,ok
docomo,九州,鹿児島県,ドコモショップ出水店,899-0126 鹿児島県出水市六月田町588,https://shop.smt.docomo.ne.jp/shop_detail/0960009300600/index.html,32.104256111111,130.34306638889,ok
docomo,九州,鹿児島県,ドコモショップ指宿店,891-0403 鹿児島県指宿市十二町2345,https://shop.smt.docomo.ne.jp/shop_detail/0901900086900/index.html,31.236251944444,130.63695777778,ok
docomo,九州,鹿児島県,ドコモショップ大口店,895-2511 鹿児島県伊佐市大口里761,https://shop.smt.docomo.ne.jp/shop_detail/0901900109500/index.html,32.058163888889,130.60653611111,ok
docomo,九州,鹿児島県,ドコモショップ沖永良部店,891-9112 鹿児島県大島郡和泊町和泊1211,https://shop.smt.docomo.ne.jp/shop_detail/0901900731300/index.html,27.393340555556,128.65659194444,ok
docomo,九州,鹿児島県,ドコモショップ鹿児島伊敷店,890-0005 鹿児島県鹿児島市下伊敷1-38-2,https://shop.smt.docomo.ne.jp/shop_detail/0901900457900/index.html,31.61231,130.534,ok
docomo,九州,鹿児島県,ドコモショップ鹿児島城西店,890-0026 鹿児島県鹿児島市原良7-5,https://shop.smt.docomo.ne.jp/shop_detail/0901900033200/index.html,31.597490277778,130.53669722222,ok
docomo,九州,鹿児島県,ドコモショップ鹿児島中央駅前店,890-0053 鹿児島県鹿児島市中央町1-26 南国アネックス,https://shop.smt.docomo.ne.jp/shop_detail/0901900224500/index.html,31.582506388889,130.54356138889,ok
docomo,九州,鹿児島県,ドコモショップ加世田店,897-0031 鹿児島県南さつま市加世田東本町1-14,https://shop.smt.docomo.ne.jp/shop_detail/0901900087100/index.html,31.420727777778,130.32424444444,ok
docomo,九州,鹿児島県,ドコモショップ鹿屋店,893-0014 鹿児島県鹿屋市寿4-1-53,https://shop.smt.docomo.ne.jp/shop_detail/0960009300300/index.html,31.387472222222,130.87375,ok
docomo,九州,鹿児島県,ドコモショップ鹿屋バイパス店,893-0022 鹿児島県鹿屋市旭原町8-44,https://shop.smt.docomo.ne.jp/shop_detail/0901900461300/index.html,31.398995833333,130.87843666667,ok
docomo,九州,鹿児島県,ドコモショップ鴨池ニュータウン店,890-0067 鹿児島県鹿児島市真砂本町1-51,https://shop.smt.docomo.ne.jp/shop_detail/0960009300500/index.html,31.555646944444,130.55431694444,ok
docomo,九州,鹿児島県,ドコモショップ川辺店,897-0221 鹿児島県南九州市川辺町田部田4465,https://shop.smt.docomo.ne.jp/shop_detail/0901900257900/index.html,31.390001388889,130.38890305556,ok
docomo,九州,鹿児島県,ドコモショップ騎射場店,890-0063 鹿児島県鹿児島市鴨池12-12,https://shop.smt.docomo.ne.jp/shop_detail/0901900491200/index.html,31.567394444444,130.55095805556,ok
docomo,九州,鹿児島県,ドコモショップ串木野店,896-0069 鹿児島県いちき串木野市浜ヶ城12182-1,https://shop.smt.docomo.ne.jp/shop_detail/0901900267800/index.html,31.72316,130.274095,ok
docomo,九州,鹿児島県,ドコモショップ志布志店,899-7104 鹿児島県志布志市志布志町安楽渡口567-3,https://shop.smt.docomo.ne.jp/shop_detail/0960009300800/index.html,31.466226944444,131.07835888889,ok
docomo,九州,鹿児島県,ドコモショップ末吉店,899-8605 鹿児島県曽於市末吉町二之方1-34,https://shop.smt.docomo.ne.jp/shop_detail/0901900303300/index.html,31.644277777778,131.01338861111,ok
docomo,九州,鹿児島県,ドコモショップ川内大小路店,895-0075 鹿児島県薩摩川内市東大小路町3-41,https://shop.smt.docomo.ne.jp/shop_detail/0901900485100/index.html,31.827188055556,130.31039138889,ok
docomo,九州,鹿児島県,ドコモショップ川内店（鹿児島県）,895-0025 鹿児島県薩摩川内市向田町1060-1,https://shop.smt.docomo.ne.jp/shop_detail/0960009300400/index.html,31.811015,130.30811888889,ok
docomo,九州,鹿児島県,ドコモショップ田上天神店,890-0034 鹿児島県鹿児島市田上2-33-14,https://shop.smt.docomo.ne.jp/shop_detail/0901900518600/index.html,31.574673611111,130.53106416667,ok
docomo,九州,鹿児島県,ドコモショップ種子島店,891-3101 鹿児島県西之表市西之表16074,https://shop.smt.docomo.ne.jp/shop_detail/0960009300700/index.html,30.720951944444,130.9843575,ok
docomo,九州,鹿児島県,ドコモショップ中山バイパス店,891-0113 鹿児島県鹿児島市東谷山4-21-10,https://shop.smt.docomo.ne.jp/shop_detail/0901900231800/index.html,31.535410555556,130.521365,ok
docomo,九州,鹿児島県,ドコモショップ天文館店,892-0842 鹿児島県鹿児島市東千石町10-14 天文館ＮＮビル,https://shop.smt.docomo.ne.jp/shop_detail/0970009400100/index.html,31.591365833333,130.55518277778,ok
docomo,九州,鹿児島県,ドコモショップ徳之島店,891-7101 鹿児島県大島郡徳之島町亀津53,https://shop.smt.docomo.ne.jp/shop_detail/0901900087400/index.html,27.737298055556,129.02141027778,ok
docomo,九州,鹿児島県,ドコモショップ名瀬店,894-0006 鹿児島県奄美市名瀬小浜町12-28,https://shop.smt.docomo.ne.jp/shop_detail/0970009400300/index.html,28.386194444444,129.50219444444,ok
docomo,九州,鹿児島県,ドコモショップ南栄店,891-0122 鹿児島県鹿児島市南栄10-21,https://shop.smt.docomo.ne.jp/shop_detail/0901900231700/index.html,31.505972222222,130.51744444444,ok
docomo,九州,鹿児島県,ドコモショップ西出水店,899-0212 鹿児島県出水市上知識町868,https://shop.smt.docomo.ne.jp/shop_detail/0901900222900/index.html,32.08007,130.34136222222,ok
docomo,九州,鹿児島県,ドコモショップ隼人国分店,899-4341 鹿児島県霧島市国分野口東7-15,https://shop.smt.docomo.ne.jp/shop_detail/0970009400200/index.html,31.738242222222,130.75368361111,ok
docomo,九州,鹿児島県,ドコモショップ隼人東インター店,899-5102 鹿児島県霧島市隼人町真孝311,https://shop.smt.docomo.ne.jp/shop_detail/0901900452000/index.html,31.725538888889,130.73410472222,ok
docomo,九州,鹿児島県,ドコモショップ枕崎店,898-0018 鹿児島県枕崎市桜木町419,https://shop.smt.docomo.ne.jp/shop_detail/0901900094200/index.html,31.271893888889,130.28806888889,ok
docomo,九州,鹿児島県,ドコモショップ南鹿児島店,890-0073 鹿児島県鹿児島市宇宿2-25-13,https://shop.smt.docomo.ne.jp/shop_detail/0960009300100/index.html,31.539646944444,130.53820194444,ok
docomo,九州,鹿児島県,ドコモショップ屋久島店,891-4205 鹿児島県熊毛郡屋久島町宮之浦2447-79,https://shop.smt.docomo.ne.jp/shop_detail/0901900722500/index.html,30.422111111111,130.57791666667,ok
docomo,九州,鹿児島県,ドコモショップ吉野店,892-0871 鹿児島県鹿児島市吉野町16-Jun,https://shop.smt.docomo.ne.jp/shop_detail/0901900200300/index.html,31.643474166667,130.57066166667,ok
docomo,九州,鹿児島県,ドコモショップ与次郎店,890-0062 鹿児島県鹿児島市与次郎１丁目7-20,https://shop.smt.docomo.ne.jp/shop_detail/0901900086500/index.html,31.569888888889,130.56277777778,ok
docomo,沖縄,沖縄県,ドコモショップ泡瀬店,904-2172 沖縄県沖縄市泡瀬12-10,https://shop.smt.docomo.ne.jp/shop_detail/0901900086200/index.html,26.318717777778,127.83105722222,ok
docomo,沖縄,沖縄県,ドコモショップイオンタウン宮古南店,906-0014 沖縄県宮古島市平良字松原631 イオンタウン宮古南ショッピングセンター,https://shop.smt.docomo.ne.jp/shop_detail/0901900531500/index.html,24.789003055556,125.28015694444,ok
docomo,沖縄,沖縄県,ドコモショップイオンモール沖縄ライカム店,901-2306 沖縄県中頭郡北中城村字ライカム1,https://shop.smt.docomo.ne.jp/shop_detail/0901900518000/index.html,26.315173888889,127.794985,ok
docomo,沖縄,沖縄県,ドコモショップ石垣店,907-0002 沖縄県石垣市真栄里291,https://shop.smt.docomo.ne.jp/shop_detail/0901900758700/index.html,24.337444444444,124.18027777778,ok
docomo,沖縄,沖縄県,ドコモショップ糸満店,901-0303 沖縄県糸満市兼城339-2,https://shop.smt.docomo.ne.jp/shop_detail/0901900115200/index.html,26.140216388889,127.67100333333,ok
docomo,沖縄,沖縄県,ドコモショップ浦添内間店,901-2121 沖縄県浦添市内間4-18-2,https://shop.smt.docomo.ne.jp/shop_detail/0901900266200/index.html,26.240917777778,127.70553361111,ok
docomo,沖縄,沖縄県,ドコモショップ浦添パルコシティ店,901-2123 沖縄県浦添市西洲1-1,https://shop.smt.docomo.ne.jp/shop_detail/0901900535900/index.html,26.262055555556,127.69805555556,ok
docomo,沖縄,沖縄県,ドコモショップうるま州崎店,904-2235 沖縄県うるま市前原1-81,https://shop.smt.docomo.ne.jp/shop_detail/0901900512300/index.html,26.339999166667,127.85049944444,ok
docomo,沖縄,沖縄県,ドコモショップ沖縄店,904-0031 沖縄県沖縄市上地1-1,https://shop.smt.docomo.ne.jp/shop_detail/0901900535800/index.html,26.332298888889,127.79765666667,ok
docomo,沖縄,沖縄県,ドコモショップおもろまち店,900-0006 沖縄県那覇市おもろまち2-11,https://shop.smt.docomo.ne.jp/shop_detail/0901900305300/index.html,26.225455555556,127.69342305556,ok
docomo,沖縄,沖縄県,ドコモショップ我如古店,901-2214 沖縄県宜野湾市我如古1-54-24,https://shop.smt.docomo.ne.jp/shop_detail/0901900509300/index.html,26.257896944444,127.75609111111,ok
docomo,沖縄,沖縄県,ドコモショップ経塚店,901-2111 沖縄県浦添市経塚482,https://shop.smt.docomo.ne.jp/shop_detail/0901900514800/index.html,26.235855,127.72333388889,ok
docomo,沖縄,沖縄県,ドコモショップ宜野湾上原店,901-2204 沖縄県宜野湾市上原7-3,https://shop.smt.docomo.ne.jp/shop_detail/0901900226600/index.html,26.278023055556,127.77858138889,ok
docomo,沖縄,沖縄県,ドコモショップ具志川えす店,904-2244 沖縄県うるま市字江洲372-2,https://shop.smt.docomo.ne.jp/shop_detail/0901900030200/index.html,26.351850277778,127.82823138889,ok
docomo,沖縄,沖縄県,ドコモショップこくば店,902-0075 沖縄県那覇市国場1170-8,https://shop.smt.docomo.ne.jp/shop_detail/0901900136500/index.html,26.197899444444,127.69622944444,ok
docomo,沖縄,沖縄県,ドコモショップサンエー石川シティ店,904-1106 沖縄県うるま市石川21-Jan,https://shop.smt.docomo.ne.jp/shop_detail/0901900188400/index.html,26.421888888889,127.82352777778,ok
docomo,沖縄,沖縄県,ドコモショップ北谷店,904-0103 沖縄県中頭郡北谷町桑江93,https://shop.smt.docomo.ne.jp/shop_detail/0901900454300/index.html,26.32,127.76013888889,ok
docomo,沖縄,沖縄県,ドコモショップ豊見城店,901-0241 沖縄県豊見城市字豊見城466-1,https://shop.smt.docomo.ne.jp/shop_detail/0901900105400/index.html,26.183538055556,127.67720305556,ok
docomo,沖縄,沖縄県,ドコモショップ名護店,905-0017 沖縄県名護市大中6-6,https://shop.smt.docomo.ne.jp/shop_detail/0901900136200/index.html,26.591699722222,127.98248333333,ok
docomo,沖縄,沖縄県,ドコモショップ名護びいまた店,905-0005 沖縄県名護市字為又878-2,https://shop.smt.docomo.ne.jp/shop_detail/0901900067800/index.html,26.607358888889,127.980635,ok
docomo,沖縄,沖縄県,ドコモショップ那覇インター店,901-1105 沖縄県島尻郡南風原町字新川287,https://shop.smt.docomo.ne.jp/shop_detail/0901900303900/index.html,26.206401388889,127.72484194444,ok
docomo,沖縄,沖縄県,ドコモショップ那覇松山店,900-0032 沖縄県那覇市松山1-12,https://shop.smt.docomo.ne.jp/shop_detail/0950056000000/index.html,26.218908333333,127.68096666667,ok
docomo,沖縄,沖縄県,ドコモショップはえばる店,901-1104 沖縄県島尻郡南風原町字宮平233,https://shop.smt.docomo.ne.jp/shop_detail/0901900536000/index.html,26.1987925,127.73619722222,ok
docomo,沖縄,沖縄県,ドコモショップ真嘉比店,902-0068 沖縄県那覇市真嘉比3-19-30,https://shop.smt.docomo.ne.jp/shop_detail/0901900522800/index.html,26.222243333333,127.70363027778,ok
docomo,沖縄,沖縄県,ドコモショップみどり町店,904-2215 沖縄県うるま市みどり町4-20-28,https://shop.smt.docomo.ne.jp/shop_detail/0901900226700/index.html,26.376123333333,127.85465833333,ok
docomo,沖縄,沖縄県,ドコモショップもとぶ店,905-0214 沖縄県国頭郡本部町渡久地126,https://shop.smt.docomo.ne.jp/shop_detail/0901900517800/index.html,26.658979722222,127.89397,ok
docomo,沖縄,沖縄県,ドコモショップモバイルタウン小禄店,901-0154 沖縄県那覇市赤嶺1-1 ラ・ウニオンビル,https://shop.smt.docomo.ne.jp/shop_detail/0901900061600/index.html,26.194332222222,127.66483777778,ok
docomo,沖縄,沖縄県,ドコモショップ八重瀬店,901-0401 沖縄県島尻郡八重瀬町字東風平1201-2,https://shop.smt.docomo.ne.jp/shop_detail/0901900483800/index.html,26.1573875,127.71978194444,ok
docomo,沖縄,沖縄県,ドコモショップ読谷店,904-0317 沖縄県中頭郡読谷村ときわ356 レキオススクエア,https://shop.smt.docomo.ne.jp/shop_detail/0901900517900/index.html,26.374276944444,127.75575583333,ok
softbank,北海道,北海道,ソフトバンク あいの里,北海道札幌市北区あいの里一条５丁目２‐３　東光ストア‐あいの里店１階,https://www.softbank.jp/shop/search/detail/D322/,43.156948,141.39879,ok
softbank,北海道,北海道,ソフトバンク ふらの,北海道富良野市桂木町３‐３,https://www.softbank.jp/shop/search/detail/D402/,43.34916,142.38487,ok
softbank,北海道,北海道,ソフトバンク ようてい倶知安,北海道虻田郡倶知安町南七条西１丁目１０‐２‐３,https://www.softbank.jp/shop/search/detail/DB22/,42.8948,140.75148,ok
softbank,北海道,北海道,ソフトバンク アリオ札幌,北海道札幌市東区北七条東９丁目２‐２０,https://www.softbank.jp/shop/search/detail/D435/,43.071533,141.37051,ok
softbank,北海道,北海道,ソフトバンク イオンモール旭川西,北海道旭川市緑町２３丁目２１６１‐３　イオンモール旭川西３階,https://www.softbank.jp/shop/search/detail/D445/,43.79433,142.32567,ok
softbank,北海道,北海道,ソフトバンク イオンモール旭川駅前,北海道旭川市宮下通７丁目２番５号　イオンモール旭川駅前３Ｆ,https://www.softbank.jp/shop/search/detail/DB05/,43.764633,142.3576,ok
softbank,北海道,北海道,ソフトバンク イオン上磯,北海道北斗市七重浜４丁目４４‐１イオン上磯店内,https://www.softbank.jp/shop/search/detail/D390/,41.822613,140.7113,ok
softbank,北海道,北海道,ソフトバンク イオン伊達,北海道伊達市末永町８番地１　イオン伊達店１階,https://www.softbank.jp/shop/search/detail/D392/,42.47362,140.86253,ok
softbank,北海道,北海道,ソフトバンク イオン名寄,北海道名寄市字徳田８０‐１イオン名寄ショッピングセンター,https://www.softbank.jp/shop/search/detail/D396/,44.33858,142.45293,ok
softbank,北海道,北海道,ソフトバンク イオン旭川春光,北海道旭川市春光町１０番地　イオン旭川春光ショッピングセンター１Ｆ,https://www.softbank.jp/shop/search/detail/DB34/,43.793045,142.35616,ok
softbank,北海道,北海道,ソフトバンク イオン滝川,北海道滝川市東町２丁目２５‐３,https://www.softbank.jp/shop/search/detail/D381/,43.55429,141.93098,ok
softbank,北海道,北海道,ソフトバンク インターヴィレッジ大曲,北海道北広島市大曲幸町６丁目１番地　インターヴィレッジ大曲店内１Ｆ,https://www.softbank.jp/shop/search/detail/D440/,42.9682,141.47145,ok
softbank,北海道,北海道,ソフトバンク ウイングベイ小樽,北海道小樽市築港１１番　ウイングベイ小樽３番街１Ｆ,https://www.softbank.jp/shop/search/detail/D346/,43.1831,141.02519,ok
softbank,北海道,北海道,ソフトバンク ショップサテライトイオン札幌西岡,北海道札幌市豊平区西岡三条３丁目４‐１,https://www.softbank.jp/shop/search/detail/DB42/,43.01895,141.38725,ok
softbank,北海道,北海道,ソフトバンク ショップサテライトイオン札幌西町店,北海道札幌市西区西町南６丁目１‐１,https://www.softbank.jp/shop/search/detail/DB38/,43.07862,141.28886,ok
softbank,北海道,北海道,ソフトバンク ショップサテライトイオン東札幌,北海道札幌市白石区東札幌三条２丁目１,https://www.softbank.jp/shop/search/detail/DB43/,43.052345,141.38539,ok
softbank,北海道,北海道,ソフトバンク ショップサテライトグランディールイチイ,北海道函館市美原１丁目３‐１,https://www.softbank.jp/shop/search/detail/DB45/,41.81332,140.75826,ok
softbank,北海道,北海道,ソフトバンク ショップサテライトフレスポスズランプラザ,北海道帯広市稲田町南８線西１０‐１,https://www.softbank.jp/shop/search/detail/DB41/,42.88987,143.198,ok
softbank,北海道,北海道,ソフトバンク ショップサテライト野幌,北海道江別市野幌町１０‐１,https://www.softbank.jp/shop/search/detail/DB44/,43.095234,141.526,ok
softbank,北海道,北海道,ソフトバンク ショップサテライトＣｉｉＮＡ　ＣｉｉＮＡ福住,北海道札幌市豊平区福住二条１丁目２‐５,https://www.softbank.jp/shop/search/detail/DB37/,43.020035,141.40349,ok
softbank,北海道,北海道,ソフトバンク ショップサテライトＭＥＧＡドン・キホーテ篠路店,北海道札幌市北区太平十二条１丁目１‐１,https://www.softbank.jp/shop/search/detail/DB36/,43.139606,141.34962,ok
softbank,北海道,北海道,ソフトバンク ショップサテライトＭＥＧＡドン・キホーテ西帯広,北海道帯広市西二十一条南４丁目１,https://www.softbank.jp/shop/search/detail/DB40/,42.911633,143.14362,ok
softbank,北海道,北海道,ソフトバンク シーナシーナ琴似,北海道札幌市西区琴似二条１丁目４‐１,https://www.softbank.jp/shop/search/detail/D378/,43.08095,141.30585,ok
softbank,北海道,北海道,ソフトバンク フレスポ中標津,北海道標津郡中標津町東十六条南１１丁目１‐１,https://www.softbank.jp/shop/search/detail/D452/,43.549534,144.99457,ok
softbank,北海道,北海道,ソフトバンク フレスポ恵み野,北海道恵庭市恵み野里美２丁目１５　フレスポ恵み野３０２０区画,https://www.softbank.jp/shop/search/detail/DB13/,42.904644,141.57109,ok
softbank,北海道,北海道,ソフトバンク ポールスター函館,北海道函館市港町１丁目２‐１,https://www.softbank.jp/shop/search/detail/DB35/,41.80324,140.73154,ok
softbank,北海道,北海道,ソフトバンク マックスバリュ静内,北海道日高郡新ひだか町静内木場町１丁目１番６９号,https://www.softbank.jp/shop/search/detail/D448/,42.34031,142.3578,ok
softbank,北海道,北海道,ソフトバンク マルヤマクラス,北海道札幌市中央区南一条西２７丁目１‐１　マルヤマクラス地下１階,https://www.softbank.jp/shop/search/detail/DB07/,43.05525,141.3181,ok
softbank,北海道,北海道,ソフトバンク ヨドバシ札幌,北海道札幌市北区北六条西５丁目１‐２２,https://www.softbank.jp/shop/search/detail/D405/,43.068344,141.34755,ok
softbank,北海道,北海道,ソフトバンク ラソラ札幌,北海道札幌市白石区東札幌四条１丁目１番１号ラソラ札幌Ｂタウン１階,https://www.softbank.jp/shop/search/detail/DB19/,43.05423,141.38324,ok
softbank,北海道,北海道,ソフトバンク 余市,北海道余市郡余市町大川町８丁目４０‐１,https://www.softbank.jp/shop/search/detail/D345/,43.19221,140.80135,ok
softbank,北海道,北海道,ソフトバンク 八幡通,北海道函館市大川町８‐２６,https://www.softbank.jp/shop/search/detail/D375/,41.798,140.73825,ok
softbank,北海道,北海道,ソフトバンク 八雲,北海道二海郡八雲町東雲町２０‐５　マックスバリュ八雲店内,https://www.softbank.jp/shop/search/detail/D357/,42.249897,140.28389,ok
softbank,北海道,北海道,ソフトバンク 函館昭和タウンプラザ,北海道函館市昭和１丁目２９‐２　ホクレンショップ内,https://www.softbank.jp/shop/search/detail/D353/,41.819233,140.74069,ok
softbank,北海道,北海道,ソフトバンク 函館湯の川,北海道函館市湯川町２丁目１８‐１１,https://www.softbank.jp/shop/search/detail/D356/,41.780785,140.78987,ok
softbank,北海道,北海道,ソフトバンク 函館美原,北海道函館市美原１丁目３７番１４号,https://www.softbank.jp/shop/search/detail/D336/,41.816925,140.74886,ok
softbank,北海道,北海道,ソフトバンク 北広島,北海道北広島市美沢１丁目１‐３,https://www.softbank.jp/shop/search/detail/D321/,42.98539,141.561,ok
softbank,北海道,北海道,ソフトバンク 北見三輪,北海道北見市東三輪４丁目１６‐１４３,https://www.softbank.jp/shop/search/detail/D370/,43.79773,143.85898,ok
softbank,北海道,北海道,ソフトバンク 北見駅前,北海道北見市大通西５丁目１４番,https://www.softbank.jp/shop/search/detail/D314/,43.801334,143.89223,ok
softbank,北海道,北海道,ソフトバンク 千歳,北海道千歳市信濃４丁目１‐２,https://www.softbank.jp/shop/search/detail/D382/,42.838375,141.63756,ok
softbank,北海道,北海道,ソフトバンク 千歳３６号,北海道千歳市錦町２丁目２０,https://www.softbank.jp/shop/search/detail/D449/,42.822212,141.64433,ok
softbank,北海道,北海道,ソフトバンク 南郷１０丁目,北海道札幌市白石区南郷通１０丁目南４‐５,https://www.softbank.jp/shop/search/detail/D422/,43.03763,141.41695,ok
softbank,北海道,北海道,ソフトバンク 厚別,北海道札幌市厚別区厚別西四条２丁目８‐７　トライアル厚別店内,https://www.softbank.jp/shop/search/detail/D437/,43.05114,141.45639,ok
softbank,北海道,北海道,ソフトバンク 厚別東,北海道札幌市厚別区厚別東五条８丁目１番１０号,https://www.softbank.jp/shop/search/detail/D366/,43.054832,141.48518,ok
softbank,北海道,北海道,ソフトバンク 室蘭,北海道室蘭市中島町１丁目２５‐９,https://www.softbank.jp/shop/search/detail/D324/,42.354225,141.01938,ok
softbank,北海道,北海道,ソフトバンク 屯田,北海道札幌市北区屯田八条２丁目８番２０号,https://www.softbank.jp/shop/search/detail/D436/,43.14035,141.34303,ok
softbank,北海道,北海道,ソフトバンク 岩見沢,北海道岩見沢市十条東３丁目１‐４五十嵐ビル１Ｆ,https://www.softbank.jp/shop/search/detail/D368/,43.198868,141.7753,ok
softbank,北海道,北海道,ソフトバンク 帯広白樺通,北海道帯広市西十七条南３丁目４番９号,https://www.softbank.jp/shop/search/detail/D349/,42.91952,143.17136,ok
softbank,北海道,北海道,ソフトバンク 帯広稲田,北海道帯広市西五条南３４丁目３０番地,https://www.softbank.jp/shop/search/detail/DB21/,42.89189,143.20107,ok
softbank,北海道,北海道,ソフトバンク 帯広西,北海道帯広市西二十一条南２丁目２７‐５,https://www.softbank.jp/shop/search/detail/DB17/,42.917946,143.14241,ok
softbank,北海道,北海道,ソフトバンク 平岡,北海道札幌市清田区平岡四条１丁目２　第５アジアビル１Ｆ,https://www.softbank.jp/shop/search/detail/D389/,43.006466,141.44643,ok
softbank,北海道,北海道,ソフトバンク 恵庭バイパス,北海道恵庭市黄金南７丁目１８ー３,https://www.softbank.jp/shop/search/detail/D446/,42.889896,141.60155,ok
softbank,北海道,北海道,ソフトバンク 手稲,北海道札幌市手稲区前田六条１１丁目１番２２号,https://www.softbank.jp/shop/search/detail/DB32/,43.12641,141.25346,ok
softbank,北海道,北海道,ソフトバンク 新さっぽろデュオ,北海道札幌市厚別区厚別中央二条５丁目６‐２　新さっぽろアークシティ　デュオ１　Ｂ１Ｆ,https://www.softbank.jp/shop/search/detail/DB00/,43.038986,141.4727,ok
softbank,北海道,北海道,ソフトバンク 新琴似,北海道札幌市北区新琴似一条６丁目４‐１０,https://www.softbank.jp/shop/search/detail/D360/,43.10723,141.31804,ok
softbank,北海道,北海道,ソフトバンク 新発寒,北海道札幌市手稲区新発寒五条１丁目２番１号,https://www.softbank.jp/shop/search/detail/D398/,43.110565,141.27701,ok
softbank,北海道,北海道,ソフトバンク 旭川神楽,北海道旭川市神楽四条９丁目３‐３０,https://www.softbank.jp/shop/search/detail/D454/,43.754955,142.35332,ok
softbank,北海道,北海道,ソフトバンク 明野新町,北海道苫小牧市明野新町２丁目２‐２５,https://www.softbank.jp/shop/search/detail/DB30/,42.65314,141.62701,ok
softbank,北海道,北海道,ソフトバンク 星置,北海道札幌市手稲区星置一条２丁目　ラッキー星置駅前店内,https://www.softbank.jp/shop/search/detail/D348/,43.13298,141.21089,ok
softbank,北海道,北海道,ソフトバンク 末広,北海道旭川市末広東一条３丁目１‐１６,https://www.softbank.jp/shop/search/detail/D328/,43.803947,142.38768,ok
softbank,北海道,北海道,ソフトバンク 札内,北海道中川郡幕別町札内西町４０番１４,https://www.softbank.jp/shop/search/detail/D438/,42.92311,143.23645,ok
softbank,北海道,北海道,ソフトバンク 札幌中央,北海道札幌市中央区南三条西１丁目３‐４　河村ビル,https://www.softbank.jp/shop/search/detail/D393/,43.057625,141.35634,ok
softbank,北海道,北海道,ソフトバンク 札幌元町,北海道札幌市東区北二十七条東１５丁目３９９番地６　ラポール元町第２,https://www.softbank.jp/shop/search/detail/D369/,43.097797,141.37057,ok
softbank,北海道,北海道,ソフトバンク 札幌北栄,北海道札幌市東区北四十八条東８丁目２番１５号,https://www.softbank.jp/shop/search/detail/D361/,43.11952,141.35432,ok
softbank,北海道,北海道,ソフトバンク 札幌大通,北海道札幌市中央区大通西１０丁目４‐１４　南大通ビル１Ｆ,https://www.softbank.jp/shop/search/detail/D432/,43.058617,141.34178,ok
softbank,北海道,北海道,ソフトバンク 札幌山鼻,北海道札幌市中央区南十一条西１１丁目２‐１Ｍ３４札幌山鼻ビル１Ｆ,https://www.softbank.jp/shop/search/detail/D380/,43.044884,141.34276,ok
softbank,北海道,北海道,ソフトバンク 札幌川沿,北海道札幌市南区川沿十五条１丁目１‐６０,https://www.softbank.jp/shop/search/detail/D372/,42.975754,141.33676,ok
softbank,北海道,北海道,ソフトバンク 札幌平岸,北海道札幌市豊平区平岸二条１３丁目３‐１０,https://www.softbank.jp/shop/search/detail/DB15/,43.027363,141.36775,ok
softbank,北海道,北海道,ソフトバンク 札幌新川,北海道札幌市北区北二十三条西１４丁目６番地４,https://www.softbank.jp/shop/search/detail/D416/,43.08731,141.32794,ok
softbank,北海道,北海道,ソフトバンク 札幌東,北海道札幌市東区東苗穂四条２丁目５番１号,https://www.softbank.jp/shop/search/detail/DB24/,43.086998,141.40459,ok
softbank,北海道,北海道,ソフトバンク 札幌栄町,北海道札幌市東区北四十二条東１８丁目１‐３,https://www.softbank.jp/shop/search/detail/D410/,43.113926,141.37073,ok
softbank,北海道,北海道,ソフトバンク 札幌白石,北海道札幌市白石区本通５丁目南４‐１２　ＪＨＴビル２,https://www.softbank.jp/shop/search/detail/D371/,43.047436,141.4118,ok
softbank,北海道,北海道,ソフトバンク 札幌美しが丘,北海道札幌市清田区美しが丘三条１丁目７‐２５,https://www.softbank.jp/shop/search/detail/DB08/,42.98766,141.4444,ok
softbank,北海道,北海道,ソフトバンク 札幌藤野,北海道札幌市南区石山二条９丁目７‐５４　アクロスプラザ札幌南,https://www.softbank.jp/shop/search/detail/D312/,42.960575,141.31548,ok
softbank,北海道,北海道,ソフトバンク 札幌西,北海道札幌市手稲区西宮の沢四条２丁目４番２７号,https://www.softbank.jp/shop/search/detail/D374/,43.09907,141.26129,ok
softbank,北海道,北海道,ソフトバンク 札幌西野,北海道札幌市西区西野三条２丁目１‐３６,https://www.softbank.jp/shop/search/detail/D310/,43.074387,141.28293,ok
softbank,北海道,北海道,ソフトバンク 札幌駅アピア,北海道札幌市中央区北五条西３丁目札幌駅南口広場地下街アピア内,https://www.softbank.jp/shop/search/detail/D394/,43.06737,141.34988,ok
softbank,北海道,北海道,ソフトバンク 東光環状線,北海道旭川市東光十五条５丁目５‐２０,https://www.softbank.jp/shop/search/detail/D315/,43.740566,142.40529,ok
softbank,北海道,北海道,ソフトバンク 根室,北海道根室市花咲町３丁目１７番地　ヒシサンホーマ内,https://www.softbank.jp/shop/search/detail/D339/,43.334194,145.5838,ok
softbank,北海道,北海道,ソフトバンク 江別,北海道江別市一番町１８‐１,https://www.softbank.jp/shop/search/detail/D433/,43.109528,141.54642,ok
softbank,北海道,北海道,ソフトバンク 深川,北海道深川市五条９番４０号,https://www.softbank.jp/shop/search/detail/D332/,43.718204,142.04369,ok
softbank,北海道,北海道,ソフトバンク 環状永山,北海道旭川市永山九条４丁目６‐３,https://www.softbank.jp/shop/search/detail/D351/,43.784924,142.41129,ok
softbank,北海道,北海道,ソフトバンク 環状通,北海道札幌市東区北十四条東１４丁目２‐１　プラスパークＮ１４,https://www.softbank.jp/shop/search/detail/D386/,43.081245,141.37248,ok
softbank,北海道,北海道,ソフトバンク 留萌,北海道留萌市花園町３丁目１番５号,https://www.softbank.jp/shop/search/detail/D333/,43.936165,141.65305,ok
softbank,北海道,北海道,ソフトバンク 登別,北海道登別市新生町２丁目１３‐１６,https://www.softbank.jp/shop/search/detail/D325/,42.379463,141.06627,ok
softbank,北海道,北海道,ソフトバンク 石狩手稲通,北海道石狩市花川南九条１丁目１１番地,https://www.softbank.jp/shop/search/detail/D453/,43.14379,141.27766,ok
softbank,北海道,北海道,ソフトバンク 神山,北海道函館市神山２丁目６番１３号１階,https://www.softbank.jp/shop/search/detail/D350/,41.8118,140.76698,ok
softbank,北海道,北海道,ソフトバンク 稚内,北海道稚内市大黒５丁目４ー１０,https://www.softbank.jp/shop/search/detail/D329/,45.39644,141.69435,ok
softbank,北海道,北海道,ソフトバンク 篠路,北海道札幌市北区篠路三条３丁目１‐２９,https://www.softbank.jp/shop/search/detail/DB10/,43.144455,141.35683,ok
softbank,北海道,北海道,ソフトバンク 紋別,北海道紋別市落石町４丁目１８番地１５,https://www.softbank.jp/shop/search/detail/D342/,44.361458,143.3347,ok
softbank,北海道,北海道,ソフトバンク 網走,北海道網走市駒場北６丁目１‐１９,https://www.softbank.jp/shop/search/detail/D343/,43.999603,144.28534,ok
softbank,北海道,北海道,ソフトバンク 美唄大通,北海道美唄市大通東一条南４丁目２‐２０,https://www.softbank.jp/shop/search/detail/DB16/,43.32742,141.85933,ok
softbank,北海道,北海道,ソフトバンク 美園,北海道札幌市豊平区美園三条２丁目１‐２８　ＭＤＧ美園ビル１Ｆ,https://www.softbank.jp/shop/search/detail/D316/,43.0442,141.38385,ok
softbank,北海道,北海道,ソフトバンク 苫小牧中央,北海道苫小牧市若草町３丁目１‐２,https://www.softbank.jp/shop/search/detail/D327/,42.636192,141.60631,ok
softbank,北海道,北海道,ソフトバンク 苫小牧桜木,北海道苫小牧市桜木町３丁目１７‐１９,https://www.softbank.jp/shop/search/detail/D323/,42.630352,141.55066,ok
softbank,北海道,北海道,ソフトバンク 菊水元町,北海道札幌市白石区菊水元町五条２丁目２‐１８,https://www.softbank.jp/shop/search/detail/D447/,43.07144,141.40775,ok
softbank,北海道,北海道,ソフトバンク 西岡,北海道札幌市豊平区西岡四条５丁目１‐３２Ｓ・Ｋビル１階,https://www.softbank.jp/shop/search/detail/D320/,43.014614,141.3885,ok
softbank,北海道,北海道,ソフトバンク 西町,北海道札幌市西区西町南２丁目１ー１６Ｍ３４西町ビル１階,https://www.softbank.jp/shop/search/detail/DB25/,43.077263,141.29161,ok
softbank,北海道,北海道,ソフトバンク 豊岡４条通,北海道旭川市豊岡四条３丁目６‐１３,https://www.softbank.jp/shop/search/detail/DB11/,43.759785,142.39912,ok
softbank,北海道,北海道,ソフトバンク 野幌,北海道江別市野幌町４１‐５,https://www.softbank.jp/shop/search/detail/D301/,43.094982,141.52705,ok
softbank,北海道,北海道,ソフトバンク 釧路文苑,北海道釧路市文苑２丁目４８‐６,https://www.softbank.jp/shop/search/detail/DB06/,43.01978,144.38005,ok
softbank,北海道,北海道,ソフトバンク 釧路昭和,北海道釧路市昭和中央４丁目９‐１３,https://www.softbank.jp/shop/search/detail/D341/,43.02291,144.35904,ok
softbank,北海道,北海道,ソフトバンク 釧路桂木,北海道釧路郡釧路町桂木４丁目２３,https://www.softbank.jp/shop/search/detail/DB28/,43.011154,144.40857,ok
softbank,北海道,北海道,ソフトバンク 長崎屋小樽,北海道小樽市稲穂２丁目２０‐１　長崎屋小樽店１Ｆ,https://www.softbank.jp/shop/search/detail/D347/,43.19782,140.99492,ok
softbank,北海道,北海道,ソフトバンク 音更木野,北海道河東郡音更町木野大通西１２丁目２番地７,https://www.softbank.jp/shop/search/detail/DB14/,42.95816,143.20538,ok
softbank,北海道,北海道,ソフトバンク ＢＲＡＮＣＨ札幌月寒,北海道札幌市豊平区月寒東三条１１丁目１‐３５,https://www.softbank.jp/shop/search/detail/DB27/,43.028755,141.4107,ok
softbank,東北,青森県,ソフトバンク むつ,青森県むつ市中央２丁目９‐２０,https://www.softbank.jp/shop/search/detail/H118/,41.287766,141.18646,ok
softbank,東北,青森県,ソフトバンク イオンタウン弘前樋の口,青森県弘前市大字樋の口２丁目９‐６　イオンタウン弘前樋の口内,https://www.softbank.jp/shop/search/detail/H121/,40.602722,140.44408,ok
softbank,東北,青森県,ソフトバンク イオンモールつがる柏,青森県つがる市柏稲盛幾世４１　イオンモールつがる柏内１Ｆ,https://www.softbank.jp/shop/search/detail/H143/,40.80275,140.4157,ok
softbank,東北,青森県,ソフトバンク イオンモール下田,青森県上北郡おいらせ町中野平４０‐１,https://www.softbank.jp/shop/search/detail/H144/,40.603294,141.4167,ok
softbank,東北,青森県,ソフトバンク ガーラタウン,青森県青森市三好２丁目３‐１９　２Ｆ,https://www.softbank.jp/shop/search/detail/HA37/,40.83299,140.70264,ok
softbank,東北,青森県,ソフトバンク サンロード青森,青森県青森市緑３丁目９‐２　サンロード青森２Ｆ,https://www.softbank.jp/shop/search/detail/H123/,40.807503,140.7531,ok
softbank,東北,青森県,ソフトバンク ショップサテライトイオンスーパーセンター十和田店,青森県十和田市大字相坂字六日町山１６６‐１,https://www.softbank.jp/shop/search/detail/HA43/,40.603294,141.25693,ok
softbank,東北,青森県,ソフトバンク シーナシーナ弘前,青森県弘前市大字駅前３丁目２‐１,https://www.softbank.jp/shop/search/detail/H105/,40.59991,140.48073,ok
softbank,東北,青森県,ソフトバンク シーナシーナ青森,青森県青森市浜田１丁目１４‐１　シーナシーナ青森２階,https://www.softbank.jp/shop/search/detail/HA18/,40.801197,140.74837,ok
softbank,東北,青森県,ソフトバンク 三沢,青森県三沢市緑町３丁目３番１０号,https://www.softbank.jp/shop/search/detail/H117/,40.68625,141.3758,ok
softbank,東北,青森県,ソフトバンク 五所川原,青森県五所川原市中央１丁目１２６番,https://www.softbank.jp/shop/search/detail/H102/,40.800896,140.44838,ok
softbank,東北,青森県,ソフトバンク 八戸根城,青森県八戸市根城９丁目５‐５,https://www.softbank.jp/shop/search/detail/HA32/,40.508404,141.46895,ok
softbank,東北,青森県,ソフトバンク 十和田,青森県十和田市東一番町７番１１号,https://www.softbank.jp/shop/search/detail/H111/,40.622555,141.21283,ok
softbank,東北,青森県,ソフトバンク 弘前城東,青森県弘前市大字早稲田３丁目１０‐５,https://www.softbank.jp/shop/search/detail/H101/,40.60158,140.5102,ok
softbank,東北,青森県,ソフトバンク 湊高台,青森県八戸市湊高台１丁目１１‐２４,https://www.softbank.jp/shop/search/detail/H106/,40.50521,141.535,ok
softbank,東北,青森県,ソフトバンク 青森つくだ,青森県青森市中佃３丁目７‐１１,https://www.softbank.jp/shop/search/detail/H107/,40.817085,140.78612,ok
softbank,東北,青森県,ソフトバンク 黒石,青森県黒石市弥生町２,https://www.softbank.jp/shop/search/detail/H100/,40.641983,140.60052,ok
softbank,東北,岩手県,ソフトバンク イオンタウン北上,岩手県北上市里分４地割７７　イオンタウン北上内,https://www.softbank.jp/shop/search/detail/H307/,39.294662,141.13474,ok
softbank,東北,岩手県,ソフトバンク イオンタウン釜石,岩手県釜石市港町２丁目１番１号,https://www.softbank.jp/shop/search/detail/H312/,39.271233,141.88086,ok
softbank,東北,岩手県,ソフトバンク イオンモール盛岡,岩手県盛岡市前潟４丁目７‐１　イオンモール盛岡２Ｆ,https://www.softbank.jp/shop/search/detail/H328/,39.71173,141.09918,ok
softbank,東北,岩手県,ソフトバンク イオンモール盛岡南,岩手県盛岡市本宮７丁目１‐１　イオンモール盛岡南１Ｆ,https://www.softbank.jp/shop/search/detail/HA35/,39.684227,141.12866,ok
softbank,東北,岩手県,ソフトバンク 一関インター,岩手県一関市山目字泥田６９‐１,https://www.softbank.jp/shop/search/detail/HA10/,38.93728,141.11465,ok
softbank,東北,岩手県,ソフトバンク 久慈,岩手県久慈市長内町第３０地割１８番９,https://www.softbank.jp/shop/search/detail/H325/,40.188725,141.78473,ok
softbank,東北,岩手県,ソフトバンク 北上江釣子インター,岩手県北上市北鬼柳１８地割１６１‐３,https://www.softbank.jp/shop/search/detail/H302/,39.293015,141.10277,ok
softbank,東北,岩手県,ソフトバンク 大船渡,岩手県大船渡市大船渡町字野々田１２‐３３　キャッセン・モール＆パティオＣ棟,https://www.softbank.jp/shop/search/detail/H308/,39.06095,141.72057,ok
softbank,東北,岩手県,ソフトバンク 奥州,岩手県奥州市水沢佐倉河字東沖ノ目７０番４,https://www.softbank.jp/shop/search/detail/H319/,39.14948,141.15388,ok
softbank,東北,岩手県,ソフトバンク 奥州水沢,岩手県奥州市水沢太日通り２丁目２‐３０,https://www.softbank.jp/shop/search/detail/HA30/,39.135914,141.1503,ok
softbank,東北,岩手県,ソフトバンク 宮古バイパス,岩手県宮古市長町１丁目５‐９,https://www.softbank.jp/shop/search/detail/HA36/,39.637383,141.92842,ok
softbank,東北,岩手県,ソフトバンク 月が丘,岩手県盛岡市月が丘１丁目３０‐５３,https://www.softbank.jp/shop/search/detail/H309/,39.734154,141.11502,ok
softbank,東北,岩手県,ソフトバンク 盛岡上田,岩手県盛岡市上田４丁目１７番２７号,https://www.softbank.jp/shop/search/detail/HA34/,39.722702,141.13477,ok
softbank,東北,岩手県,ソフトバンク 盛岡南サンサ,岩手県盛岡市津志田西２丁目１７‐５０　盛岡南ショッピングセンターサンサ１階,https://www.softbank.jp/shop/search/detail/H311/,39.6622,141.14873,ok
softbank,東北,岩手県,ソフトバンク 盛岡本宮,岩手県盛岡市本宮４丁目４０番２０号,https://www.softbank.jp/shop/search/detail/H323/,39.686417,141.12758,ok
softbank,東北,岩手県,ソフトバンク 矢巾,岩手県紫波郡矢巾町大字南矢幅第７地割４３２,https://www.softbank.jp/shop/search/detail/H326/,39.613174,141.1556,ok
softbank,東北,岩手県,ソフトバンク 紫波,岩手県紫波郡紫波町日詰西１丁目１‐１,https://www.softbank.jp/shop/search/detail/TG55/,39.554794,141.16716,ok
softbank,東北,岩手県,ソフトバンク 花巻桜台,岩手県花巻市星が丘１丁目２８‐３,https://www.softbank.jp/shop/search/detail/H306/,39.40328,141.10648,ok
softbank,東北,岩手県,ソフトバンク 遠野,岩手県遠野市松崎町白岩１１地割２番１,https://www.softbank.jp/shop/search/detail/H313/,39.339577,141.5363,ok
softbank,東北,宮城県,ソフトバンク イオンスタイル仙台卸町,宮城県仙台市若林区卸町１丁目１番１号　イオンスタイル仙台卸町２階,https://www.softbank.jp/shop/search/detail/H538/,38.252007,140.91788,ok
softbank,東北,宮城県,ソフトバンク イオンタウン仙台泉大沢,宮城県仙台市泉区大沢１丁目５‐１,https://www.softbank.jp/shop/search/detail/HA17/,38.350044,140.8815,ok
softbank,東北,宮城県,ソフトバンク イオンタウン佐沼,宮城県登米市南方町新島前４６‐１,https://www.softbank.jp/shop/search/detail/H509/,38.68294,141.18358,ok
softbank,東北,宮城県,ソフトバンク イオンタウン古川,宮城県大崎市古川沢田字筒場浦１５,https://www.softbank.jp/shop/search/detail/H581/,38.598377,140.97427,ok
softbank,東北,宮城県,ソフトバンク イオンタウン塩釜,宮城県塩竈市海岸通１５番１００号　イオンタウン塩釜２Ｆ,https://www.softbank.jp/shop/search/detail/H571/,38.318615,141.02478,ok
softbank,東北,宮城県,ソフトバンク イオンモール仙台上杉,宮城県仙台市青葉区堤通雨宮町１‐１　イオンモール仙台上杉２階,https://www.softbank.jp/shop/search/detail/HA40/,38.276157,140.87215,ok
softbank,東北,宮城県,ソフトバンク イオンモール名取,宮城県名取市杜せきのした５丁目３‐１　イオンモール名取３階,https://www.softbank.jp/shop/search/detail/H558/,38.164005,140.89493,ok
softbank,東北,宮城県,ソフトバンク イオンモール富谷,宮城県富谷市大清水１丁目３３‐１,https://www.softbank.jp/shop/search/detail/HA06/,38.364876,140.87523,ok
softbank,東北,宮城県,ソフトバンク イオンモール新利府南館,宮城県宮城郡利府町新中道３丁目１‐１　イオンモール新利府南館１階,https://www.softbank.jp/shop/search/detail/H521/,38.32309,140.9733,ok
softbank,東北,宮城県,ソフトバンク ケーズデンキ仙台南,宮城県名取市上余田字千刈田４６６,https://www.softbank.jp/shop/search/detail/H551/,38.18654,140.89198,ok
softbank,東北,宮城県,ソフトバンク ザ・モール仙台長町,宮城県仙台市太白区長町７丁目２０‐１５　ザ・モール仙台長町ＰＡＲＴ２　１Ｆ,https://www.softbank.jp/shop/search/detail/H573/,38.225758,140.87619,ok
softbank,東北,宮城県,ソフトバンク セラビ白石,宮城県白石市八幡町１１‐１　セラビ白石２階,https://www.softbank.jp/shop/search/detail/H501/,37.998924,140.61298,ok
softbank,東北,宮城県,ソフトバンク フレスポ富沢,宮城県仙台市太白区富沢西２丁目７番地の１１,https://www.softbank.jp/shop/search/detail/HA25/,38.213284,140.85695,ok
softbank,東北,宮城県,ソフトバンク 下馬,宮城県多賀城市下馬５丁目２‐１,https://www.softbank.jp/shop/search/detail/H542/,38.30165,141.01596,ok
softbank,東北,宮城県,ソフトバンク 中倉,宮城県仙台市若林区中倉３丁目１７‐５０,https://www.softbank.jp/shop/search/detail/H503/,38.24525,140.92276,ok
softbank,東北,宮城県,ソフトバンク 亘理,宮城県亘理郡亘理町字狐塚９６‐１,https://www.softbank.jp/shop/search/detail/H504/,38.03938,140.86835,ok
softbank,東北,宮城県,ソフトバンク 仙台クリスロード,宮城県仙台市青葉区中央２丁目６‐１２,https://www.softbank.jp/shop/search/detail/H524/,38.2617,140.87737,ok
softbank,東北,宮城県,ソフトバンク 仙台一番町,宮城県仙台市青葉区一番町３丁目８‐１４,https://www.softbank.jp/shop/search/detail/HA00/,38.261364,140.87202,ok
softbank,東北,宮城県,ソフトバンク 仙台六丁の目,宮城県仙台市若林区六丁の目東町１‐１７,https://www.softbank.jp/shop/search/detail/H576/,38.250164,140.94783,ok
softbank,東北,宮城県,ソフトバンク 仙台泉,宮城県仙台市泉区泉中央１丁目１２‐４,https://www.softbank.jp/shop/search/detail/H514/,38.322174,140.88025,ok
softbank,東北,宮城県,ソフトバンク 仙台港インター,宮城県仙台市宮城野区中野４丁目１‐７,https://www.softbank.jp/shop/search/detail/H537/,38.267937,140.97675,ok
softbank,東北,宮城県,ソフトバンク 仙台駅前,宮城県仙台市青葉区中央１丁目１０‐１　ヒューモスファイヴ２Ｆ,https://www.softbank.jp/shop/search/detail/HA12/,38.26055,140.88086,ok
softbank,東北,宮城県,ソフトバンク 南光台,宮城県仙台市泉区南光台３丁目１６‐１４,https://www.softbank.jp/shop/search/detail/H578/,38.29673,140.8923,ok
softbank,東北,宮城県,ソフトバンク 古川バイパス,宮城県大崎市古川若葉町１丁目５‐３,https://www.softbank.jp/shop/search/detail/H520/,38.588238,140.95229,ok
softbank,東北,宮城県,ソフトバンク 古川南,宮城県大崎市古川穂波６丁目１‐１１,https://www.softbank.jp/shop/search/detail/H579/,38.56598,140.94133,ok
softbank,東北,宮城県,ソフトバンク 古川東,宮城県大崎市古川旭２丁目２‐３０,https://www.softbank.jp/shop/search/detail/H550/,38.56669,140.97139,ok
softbank,東北,宮城県,ソフトバンク 吉岡,宮城県黒川郡大和町吉岡字東車堰３６‐２,https://www.softbank.jp/shop/search/detail/H548/,38.439335,140.89095,ok
softbank,東北,宮城県,ソフトバンク 吉成,宮城県仙台市青葉区国見ケ丘１丁目３‐４,https://www.softbank.jp/shop/search/detail/H546/,38.295414,140.82674,ok
softbank,東北,宮城県,ソフトバンク 多賀城,宮城県多賀城市高橋４丁目２‐３,https://www.softbank.jp/shop/search/detail/H570/,38.29038,140.97928,ok
softbank,東北,宮城県,ソフトバンク 大河原,宮城県柴田郡大河原町字新東２４‐２６,https://www.softbank.jp/shop/search/detail/H508/,38.055042,140.7322,ok
softbank,東北,宮城県,ソフトバンク 小鶴,宮城県仙台市宮城野区小鶴３丁目９番１５号,https://www.softbank.jp/shop/search/detail/H560/,38.28218,140.92618,ok
softbank,東北,宮城県,ソフトバンク 岩沼,宮城県岩沼市相の原２丁目８‐１７,https://www.softbank.jp/shop/search/detail/H561/,38.117813,140.875,ok
softbank,東北,宮城県,ソフトバンク 市名坂,宮城県仙台市泉区高玉町４‐１,https://www.softbank.jp/shop/search/detail/H563/,38.31778,140.8949,ok
softbank,東北,宮城県,ソフトバンク 愛子,宮城県仙台市青葉区栗生７丁目１‐１,https://www.softbank.jp/shop/search/detail/H536/,38.267384,140.77844,ok
softbank,東北,宮城県,ソフトバンク 東仙台フォレオ,宮城県仙台市宮城野区東仙台４丁目１４ー８,https://www.softbank.jp/shop/search/detail/HA41/,38.27635,140.90953,ok
softbank,東北,宮城県,ソフトバンク 柳生,宮城県仙台市太白区西中田７丁目３５番１２号,https://www.softbank.jp/shop/search/detail/H516/,38.1893,140.87361,ok
softbank,東北,宮城県,ソフトバンク 気仙沼,宮城県気仙沼市田中前４丁目３番５,https://www.softbank.jp/shop/search/detail/H528/,38.88994,141.55927,ok
softbank,東北,宮城県,ソフトバンク 泉パークタウン,宮城県仙台市泉区高森４丁目２‐５３９（ガレリアン仙台泉の杜内）,https://www.softbank.jp/shop/search/detail/H533/,38.33316,140.8471,ok
softbank,東北,宮城県,ソフトバンク 涌谷,宮城県遠田郡涌谷町字下新田３‐１,https://www.softbank.jp/shop/search/detail/H566/,38.529205,141.13649,ok
softbank,東北,宮城県,ソフトバンク 矢本,宮城県東松島市矢本字町浦２０２‐１,https://www.softbank.jp/shop/search/detail/H518/,38.421223,141.21405,ok
softbank,東北,宮城県,ソフトバンク 石巻中里,宮城県石巻市中里３丁目２‐１１,https://www.softbank.jp/shop/search/detail/H545/,38.440884,141.29683,ok
softbank,東北,宮城県,ソフトバンク 石巻大街道,宮城県石巻市中浦１丁目１ー３,https://www.softbank.jp/shop/search/detail/H510/,38.430046,141.26913,ok
softbank,東北,宮城県,ソフトバンク 石巻蛇田,宮城県石巻市恵み野１丁目１‐１,https://www.softbank.jp/shop/search/detail/H519/,38.44546,141.27342,ok
softbank,東北,宮城県,ソフトバンク 築館,宮城県栗原市築館宮野中央１丁目４‐８,https://www.softbank.jp/shop/search/detail/H559/,38.746376,141.01665,ok
softbank,東北,宮城県,ソフトバンク 西多賀,宮城県仙台市太白区西多賀５丁目１５‐２３,https://www.softbank.jp/shop/search/detail/H511/,38.220387,140.85352,ok
softbank,東北,宮城県,ソフトバンク 角田,宮城県角田市角田字緑町２‐１,https://www.softbank.jp/shop/search/detail/H507/,37.980137,140.78445,ok
softbank,東北,宮城県,ソフトバンク 鹿島台,宮城県大崎市鹿島台木間塚字小谷地２５９‐１,https://www.softbank.jp/shop/search/detail/H517/,38.477734,141.1065,ok
softbank,東北,宮城県,ソフトバンク ＢＲＡＮＣＨ仙台長命ヶ丘,宮城県仙台市泉区長命ケ丘２丁目２１‐１,https://www.softbank.jp/shop/search/detail/HA23/,38.310074,140.84572,ok
softbank,東北,宮城県,ソフトバンク Ｔｅｃｃ　ＬＩＦＥ　ＳＥＬＥＣＴ　仙台あすと長町店,宮城県仙台市太白区あすと長町３丁目１番２９号,https://www.softbank.jp/shop/search/detail/HA39/,38.221054,140.88504,ok
softbank,東北,秋田県,ソフトバンク イオンタウン大曲福田,秋田県大仙市福田町２１‐２３‐４,https://www.softbank.jp/shop/search/detail/H201/,39.470173,140.48294,ok
softbank,東北,秋田県,ソフトバンク イオンタウン能代,秋田県能代市鰄渕字古屋布１番イオンタウン内,https://www.softbank.jp/shop/search/detail/HA31/,40.188717,140.08356,ok
softbank,東北,秋田県,ソフトバンク イオンモール大曲,秋田県大仙市和合字坪立１７７番地,https://www.softbank.jp/shop/search/detail/HA22/,39.4379,140.50923,ok
softbank,東北,秋田県,ソフトバンク イオンモール秋田,秋田県秋田市御所野地蔵田１丁目１‐１　イオンモール秋田２Ｆ,https://www.softbank.jp/shop/search/detail/H221/,39.66338,140.16133,ok
softbank,東北,秋田県,ソフトバンク 土崎港,秋田県秋田市土崎港相染町字家ノ下３７番地１,https://www.softbank.jp/shop/search/detail/H217/,39.76599,140.06752,ok
softbank,東北,秋田県,ソフトバンク 大館,秋田県大館市清水１丁目３‐３２,https://www.softbank.jp/shop/search/detail/HA07/,40.28397,140.55217,ok
softbank,東北,秋田県,ソフトバンク 天王,秋田県潟上市天王字棒沼台２７２‐１６,https://www.softbank.jp/shop/search/detail/H215/,39.860252,140.00958,ok
softbank,東北,秋田県,ソフトバンク 広面,秋田県秋田市広面字樋ノ沖１０２‐２,https://www.softbank.jp/shop/search/detail/H213/,39.715168,140.14925,ok
softbank,東北,秋田県,ソフトバンク 新国道,秋田県秋田市八橋大畑１丁目４‐１８,https://www.softbank.jp/shop/search/detail/H218/,39.734592,140.09874,ok
softbank,東北,秋田県,ソフトバンク 本荘,秋田県由利本荘市石脇字田頭１５２,https://www.softbank.jp/shop/search/detail/H205/,39.38993,140.02838,ok
softbank,東北,秋田県,ソフトバンク 横手,秋田県横手市条里１丁目６番２３号,https://www.softbank.jp/shop/search/detail/H209/,39.30929,140.55695,ok
softbank,東北,秋田県,ソフトバンク 湯沢,秋田県湯沢市材木町１丁目２‐２８,https://www.softbank.jp/shop/search/detail/H211/,39.161415,140.4894,ok
softbank,東北,秋田県,ソフトバンク 秋田仁井田,秋田県秋田市仁井田新田２丁目３４７‐１,https://www.softbank.jp/shop/search/detail/H200/,39.679,140.12567,ok
softbank,東北,秋田県,ソフトバンク 秋田山王,秋田県秋田市旭北錦町２‐４６,https://www.softbank.jp/shop/search/detail/HA13/,39.717094,140.10953,ok
softbank,東北,秋田県,ソフトバンク 角館,秋田県仙北市角館町上菅沢４８７‐３,https://www.softbank.jp/shop/search/detail/H206/,39.590668,140.57428,ok
softbank,東北,山形県,ソフトバンク ときめき通り,山形県山形市花楯１丁目１‐１８,https://www.softbank.jp/shop/search/detail/H410/,38.270927,140.34874,ok
softbank,東北,山形県,ソフトバンク イオンタウン南陽,山形県南陽市赤湯字川尻３０５０番,https://www.softbank.jp/shop/search/detail/H402/,38.04786,140.17432,ok
softbank,東北,山形県,ソフトバンク イオンモール三川,山形県東田川郡三川町大字猪子字和田庫１２８‐１　イオンモール三川１階,https://www.softbank.jp/shop/search/detail/H421/,38.81608,139.83638,ok
softbank,東北,山形県,ソフトバンク イオンモール天童,山形県天童市芳賀タウン北４丁目１番１号　イオンモール天童１階,https://www.softbank.jp/shop/search/detail/HA08/,38.34376,140.36339,ok
softbank,東北,山形県,ソフトバンク イオンモール山形南,山形県山形市若宮３丁目７‐８　イオンモール山形南２Ｆ,https://www.softbank.jp/shop/search/detail/H422/,38.226566,140.30502,ok
softbank,東北,山形県,ソフトバンク ヤマザワ松見町,山形県山形市松見町２１‐１０　ヤマザワ松見町店内,https://www.softbank.jp/shop/search/detail/H426/,38.23144,140.34024,ok
softbank,東北,山形県,ソフトバンク 天童中央,山形県天童市鍬ノ町２丁目２番３７号,https://www.softbank.jp/shop/search/detail/H423/,38.355988,140.38632,ok
softbank,東北,山形県,ソフトバンク 寒河江,山形県寒河江市高田２丁目４‐８,https://www.softbank.jp/shop/search/detail/H416/,38.36717,140.28671,ok
softbank,東北,山形県,ソフトバンク 山形北,山形県山形市江俣２丁目１‐３８,https://www.softbank.jp/shop/search/detail/H417/,38.27771,140.32423,ok
softbank,東北,山形県,ソフトバンク 山形南,山形県山形市吉原１丁目１５‐２６,https://www.softbank.jp/shop/search/detail/H400/,38.22816,140.31349,ok
softbank,東北,山形県,ソフトバンク 山形西バイパス,山形県山形市あかねケ丘３丁目９‐２０,https://www.softbank.jp/shop/search/detail/H406/,38.241726,140.3076,ok
softbank,東北,山形県,ソフトバンク 新庄イオンタウン,山形県新庄市五日町字清水川１３１１‐１　イオンタウン新庄内,https://www.softbank.jp/shop/search/detail/H424/,38.771595,140.30956,ok
softbank,東北,山形県,ソフトバンク 村山,山形県村山市楯岡楯岡西８０３４‐３,https://www.softbank.jp/shop/search/detail/H404/,38.477783,140.38116,ok
softbank,東北,山形県,ソフトバンク 東根,山形県東根市さくらんぼ駅前２丁目１５番１８号,https://www.softbank.jp/shop/search/detail/H405/,38.42826,140.38705,ok
softbank,東北,山形県,ソフトバンク 米沢,山形県米沢市徳町８番７‐３号,https://www.softbank.jp/shop/search/detail/H415/,37.923817,140.09915,ok
softbank,東北,山形県,ソフトバンク 米沢中央,山形県米沢市金池３丁目２番１５号,https://www.softbank.jp/shop/search/detail/H411/,37.920094,140.11472,ok
softbank,東北,山形県,ソフトバンク 酒田みずほ,山形県酒田市みずほ１丁目２１‐１,https://www.softbank.jp/shop/search/detail/HA16/,38.90439,139.84674,ok
softbank,東北,山形県,ソフトバンク 酒田ゆたか,山形県酒田市ゆたか１丁目１５‐１,https://www.softbank.jp/shop/search/detail/H407/,38.933586,139.84453,ok
softbank,東北,山形県,ソフトバンク 長井,山形県長井市館町南９‐７０,https://www.softbank.jp/shop/search/detail/H414/,38.09296,140.0422,ok
softbank,東北,山形県,ソフトバンク 鶴岡ほなみ,山形県鶴岡市ほなみ町９‐２,https://www.softbank.jp/shop/search/detail/H428/,38.717796,139.84578,ok
softbank,東北,山形県,ソフトバンク 鶴岡新斎町,山形県鶴岡市東新斎町１２番７号,https://www.softbank.jp/shop/search/detail/H418/,38.73601,139.8189,ok
softbank,東北,福島県,ソフトバンク いわき小名浜,福島県いわき市小名浜花畑町４８‐１１,https://www.softbank.jp/shop/search/detail/H641/,36.957092,140.90341,ok
softbank,東北,福島県,ソフトバンク いわき平,福島県いわき市内郷御台境町新町前１０‐１,https://www.softbank.jp/shop/search/detail/H601/,37.053627,140.88019,ok
softbank,東北,福島県,ソフトバンク いわき神谷,福島県いわき市平中神谷字苅萱２２‐１,https://www.softbank.jp/shop/search/detail/H638/,37.061863,140.93617,ok
softbank,東北,福島県,ソフトバンク いわき鹿島,福島県いわき市鹿島町走熊字西反町１番２,https://www.softbank.jp/shop/search/detail/HA15/,36.997116,140.90903,ok
softbank,東北,福島県,ソフトバンク イオンタウン須賀川,福島県須賀川市古河１０５　１階　Ｂ棟　Ｂ１５区画,https://www.softbank.jp/shop/search/detail/H608/,37.29842,140.3853,ok
softbank,東北,福島県,ソフトバンク イオンモールいわき小名浜,福島県いわき市小名浜字辰巳町７９番地　イオンモールいわき小名浜２階,https://www.softbank.jp/shop/search/detail/HA19/,36.94675,140.90404,ok
softbank,東北,福島県,ソフトバンク オリエントパーク安積,福島県郡山市久留米５丁目２０３‐１,https://www.softbank.jp/shop/search/detail/H644/,37.37453,140.34914,ok
softbank,東北,福島県,ソフトバンク オリエントパーク日和田,福島県郡山市日和田町字西中島１４‐１,https://www.softbank.jp/shop/search/detail/HA14/,37.447563,140.38017,ok
softbank,東北,福島県,ソフトバンク ヨークベニマル福島西,福島県福島市八島田字琵琶渕２９,https://www.softbank.jp/shop/search/detail/HA27/,37.769306,140.43646,ok
softbank,東北,福島県,ソフトバンク 二本松,福島県二本松市金色４０９‐３,https://www.softbank.jp/shop/search/detail/H603/,37.58701,140.43204,ok
softbank,東北,福島県,ソフトバンク 会津ばんげ,福島県河沼郡会津坂下町字舘ノ下４１‐４,https://www.softbank.jp/shop/search/detail/H626/,37.564972,139.81595,ok
softbank,東北,福島県,ソフトバンク 会津若松,福島県会津若松市町北町大字上荒久田字村北１２２,https://www.softbank.jp/shop/search/detail/H604/,37.517727,139.92691,ok
softbank,東北,福島県,ソフトバンク 会津門田,福島県会津若松市西年貢１丁目１‐５,https://www.softbank.jp/shop/search/detail/H624/,37.47846,139.92488,ok
softbank,東北,福島県,ソフトバンク 保原,福島県伊達市保原町字前田町３‐１,https://www.softbank.jp/shop/search/detail/H632/,37.814396,140.55016,ok
softbank,東北,福島県,ソフトバンク 八山田,福島県郡山市八山田西１丁目１２２,https://www.softbank.jp/shop/search/detail/H615/,37.42617,140.36136,ok
softbank,東北,福島県,ソフトバンク 南福島,福島県福島市黒岩字田部屋２２‐１,https://www.softbank.jp/shop/search/detail/H618/,37.726456,140.4657,ok
softbank,東北,福島県,ソフトバンク 原町,福島県南相馬市原町区日の出町２１‐１,https://www.softbank.jp/shop/search/detail/H620/,37.63427,140.98445,ok
softbank,東北,福島県,ソフトバンク 吉倉,福島県福島市吉倉字谷地８０,https://www.softbank.jp/shop/search/detail/H609/,37.740807,140.44574,ok
softbank,東北,福島県,ソフトバンク 喜多方,福島県喜多方市字西四ツ谷２９２‐１,https://www.softbank.jp/shop/search/detail/H605/,37.64812,139.87785,ok
softbank,東北,福島県,ソフトバンク 小原田,福島県郡山市小原田３丁目８‐２０,https://www.softbank.jp/shop/search/detail/H621/,37.378902,140.38548,ok
softbank,東北,福島県,ソフトバンク 平谷川瀬,福島県いわき市平谷川瀬３‐２５‐６,https://www.softbank.jp/shop/search/detail/H617/,37.04521,140.90178,ok
softbank,東北,福島県,ソフトバンク 新さくら通り,福島県郡山市堤３丁目１１番,https://www.softbank.jp/shop/search/detail/H655/,37.39884,140.33235,ok
softbank,東北,福島県,ソフトバンク 新白河,福島県白河市新高山４２,https://www.softbank.jp/shop/search/detail/H616/,37.117107,140.19574,ok
softbank,東北,福島県,ソフトバンク 白河４号バイパス,福島県白河市立石１‐６,https://www.softbank.jp/shop/search/detail/H649/,37.128635,140.19223,ok
softbank,東北,福島県,ソフトバンク 相馬,福島県相馬市馬場野字雨田１３３‐１,https://www.softbank.jp/shop/search/detail/HA09/,37.78732,140.93208,ok
softbank,東北,福島県,ソフトバンク 矢吹,福島県西白河郡矢吹町八幡町４２５‐１,https://www.softbank.jp/shop/search/detail/H652/,37.19552,140.33081,ok
softbank,東北,福島県,ソフトバンク 福島北,福島県福島市笹谷字稲場３４‐８,https://www.softbank.jp/shop/search/detail/H625/,37.7891,140.44765,ok
softbank,東北,福島県,ソフトバンク 福島本内,福島県福島市本内字南街道下５‐１,https://www.softbank.jp/shop/search/detail/H639/,37.78002,140.48631,ok
softbank,東北,福島県,ソフトバンク 郡山南,福島県郡山市南２丁目３８番地,https://www.softbank.jp/shop/search/detail/HA24/,37.36942,140.37164,ok
softbank,東北,福島県,ソフトバンク 郡山桑野,福島県郡山市桑野４丁目２‐６,https://www.softbank.jp/shop/search/detail/H606/,37.407326,140.35428,ok
softbank,東北,福島県,ソフトバンク 郡山駅東,福島県郡山市向河原町４‐４０,https://www.softbank.jp/shop/search/detail/H600/,37.402157,140.39464,ok
softbank,関東,茨城県,ソフトバンク つくば梅園,茨城県つくば市東２丁目３０番６,https://www.softbank.jp/shop/search/detail/TH76/,36.05097,140.13351,ok
softbank,関東,茨城県,ソフトバンク つくば研究学園,茨城県つくば市学園南２丁目６‐１１,https://www.softbank.jp/shop/search/detail/T538/,36.07981,140.08551,ok
softbank,関東,茨城県,ソフトバンク ひたちなか,茨城県ひたちなか市大字馬渡３８５７‐２,https://www.softbank.jp/shop/search/detail/T504/,36.397472,140.55843,ok
softbank,関東,茨城県,ソフトバンク ひたち野うしく,茨城県牛久市ひたち野東４丁目２６‐１,https://www.softbank.jp/shop/search/detail/T500/,36.004475,140.1633,ok
softbank,関東,茨城県,ソフトバンク みらい平,茨城県つくばみらい市紫峰ヶ丘２丁目２３‐１,https://www.softbank.jp/shop/search/detail/TH88/,36.002842,140.03477,ok
softbank,関東,茨城県,ソフトバンク イオンタウン水戸南,茨城県東茨城郡茨城町大字長岡３４８０‐１０１,https://www.softbank.jp/shop/search/detail/T524/,36.3112,140.44098,ok
softbank,関東,茨城県,ソフトバンク イオンモールつくば,茨城県つくば市稲岡６６‐１　イオンモールつくば　２Ｆ,https://www.softbank.jp/shop/search/detail/T558/,36.034702,140.1313,ok
softbank,関東,茨城県,ソフトバンク イオンモール土浦,茨城県土浦市上高津３６７番地（Ｔ２３２‐１区画）,https://www.softbank.jp/shop/search/detail/T548/,36.080097,140.18097,ok
softbank,関東,茨城県,ソフトバンク イオンモール水戸内原,茨城県水戸市内原２丁目１イオンモール水戸内原,https://www.softbank.jp/shop/search/detail/T533/,36.37449,140.35825,ok
softbank,関東,茨城県,ソフトバンク イオン下妻,茨城県下妻市堀篭９７２‐１　イオン下妻ショッピングセンター１Ｆ,https://www.softbank.jp/shop/search/detail/T543/,36.18941,139.9902,ok
softbank,関東,茨城県,ソフトバンク イーアスつくば,茨城県つくば市研究学園５丁目１９　イーアスつくば２階,https://www.softbank.jp/shop/search/detail/T544/,36.08687,140.08403,ok
softbank,関東,茨城県,ソフトバンク チェリオ鹿嶋,茨城県鹿嶋市大字宮中２９０‐１　チェリオ鹿嶋１Ｆ,https://www.softbank.jp/shop/search/detail/TJ36/,35.959915,140.64397,ok
softbank,関東,茨城県,ソフトバンク パルナ佐原,茨城県稲敷市西代１４９５　パルナ佐原東１Ｆ,https://www.softbank.jp/shop/search/detail/T317/,35.918484,140.48817,ok
softbank,関東,茨城県,ソフトバンク ファッションクルーズひたちなか,茨城県ひたちなか市新光町３５,https://www.softbank.jp/shop/search/detail/T551/,36.40517,140.58595,ok
softbank,関東,茨城県,ソフトバンク マルエツ岩井,茨城県坂東市辺田１５１７,https://www.softbank.jp/shop/search/detail/T519/,36.042736,139.89098,ok
softbank,関東,茨城県,ソフトバンク 下館,茨城県筑西市玉戸山ヶ島１０１８ー３５　玉戸モール内,https://www.softbank.jp/shop/search/detail/T516/,36.296886,139.94107,ok
softbank,関東,茨城県,ソフトバンク 取手,茨城県取手市寺田遠藤前５００１‐３,https://www.softbank.jp/shop/search/detail/TG54/,35.911724,140.0478,ok
softbank,関東,茨城県,ソフトバンク 古河,茨城県古河市上辺見３７３‐１,https://www.softbank.jp/shop/search/detail/T510/,36.193718,139.73894,ok
softbank,関東,茨城県,ソフトバンク 土浦,茨城県土浦市真鍋新町１９‐１１,https://www.softbank.jp/shop/search/detail/T515/,36.09039,140.20801,ok
softbank,関東,茨城県,ソフトバンク 境,茨城県猿島郡境町２９‐８‐３,https://www.softbank.jp/shop/search/detail/T547/,36.119343,139.80002,ok
softbank,関東,茨城県,ソフトバンク 守谷,茨城県守谷市松ケ丘１丁目４‐２　松ヶ丘ビル１Ｆ,https://www.softbank.jp/shop/search/detail/T506/,35.943047,139.99362,ok
softbank,関東,茨城県,ソフトバンク 日立,茨城県日立市弁天町２丁目１‐１,https://www.softbank.jp/shop/search/detail/T503/,36.59102,140.65463,ok
softbank,関東,茨城県,ソフトバンク 日立多賀,茨城県日立市千石町３丁目１１‐２９,https://www.softbank.jp/shop/search/detail/T546/,36.553158,140.62587,ok
softbank,関東,茨城県,ソフトバンク 東海,茨城県那珂郡東海村大字舟石川６０７‐４２,https://www.softbank.jp/shop/search/detail/T536/,36.4719,140.54842,ok
softbank,関東,茨城県,ソフトバンク 水戸,茨城県水戸市元吉田町１０５６‐１,https://www.softbank.jp/shop/search/detail/T502/,36.340054,140.46352,ok
softbank,関東,茨城県,ソフトバンク 水戸赤塚,茨城県水戸市大塚町１８５２‐１３,https://www.softbank.jp/shop/search/detail/T521/,36.383965,140.40854,ok
softbank,関東,茨城県,ソフトバンク 石岡,茨城県石岡市東大橋３１９０‐１,https://www.softbank.jp/shop/search/detail/T513/,36.19638,140.298,ok
softbank,関東,茨城県,ソフトバンク 神栖,茨城県神栖市大野原３丁目１０‐１,https://www.softbank.jp/shop/search/detail/TG53/,35.897655,140.64343,ok
softbank,関東,茨城県,ソフトバンク 神立,茨城県土浦市中神立町２６‐２３,https://www.softbank.jp/shop/search/detail/TH77/,36.11805,140.23717,ok
softbank,関東,茨城県,ソフトバンク 稲敷,茨城県稲敷市江戸崎甲４８３６　江戸崎ショッピングセンターパンプ１階,https://www.softbank.jp/shop/search/detail/T553/,35.95918,140.31566,ok
softbank,関東,茨城県,ソフトバンク 竜ヶ崎,茨城県龍ケ崎市久保台２丁目１‐１９,https://www.softbank.jp/shop/search/detail/T517/,35.932114,140.1772,ok
softbank,関東,茨城県,ソフトバンク 結城,茨城県結城市新福寺５丁目３‐８,https://www.softbank.jp/shop/search/detail/T522/,36.288654,139.86691,ok
softbank,関東,茨城県,ソフトバンク 総和,茨城県古河市下辺見２８５０,https://www.softbank.jp/shop/search/detail/T552/,36.17471,139.73193,ok
softbank,関東,茨城県,ソフトバンク 那珂,茨城県那珂市菅谷２２３３‐２,https://www.softbank.jp/shop/search/detail/TG52/,36.438644,140.5009,ok
softbank,関東,茨城県,ソフトバンク 鉾田,茨城県鉾田市新鉾田１丁目２‐２,https://www.softbank.jp/shop/search/detail/T537/,36.151546,140.5196,ok
softbank,関東,栃木県,ソフトバンク イオン日光今市,栃木県日光市豊田７９‐１　イオン日光今市店内,https://www.softbank.jp/shop/search/detail/T617/,36.731018,139.70354,ok
softbank,関東,栃木県,ソフトバンク インターパーク宇都宮,栃木県宇都宮市インターパーク２丁目１４番地１０,https://www.softbank.jp/shop/search/detail/T620/,36.498695,139.90533,ok
softbank,関東,栃木県,ソフトバンク サンテラス佐野,栃木県佐野市高萩町５０９‐３,https://www.softbank.jp/shop/search/detail/TH60/,36.30325,139.59174,ok
softbank,関東,栃木県,ソフトバンク ベルモール宇都宮,栃木県宇都宮市陽東６丁目２‐１　ベルモール２Ｆ,https://www.softbank.jp/shop/search/detail/T629/,36.555866,139.92836,ok
softbank,関東,栃木県,ソフトバンク ヨークタウン大平,栃木県栃木市大平町下皆川２１００番地１,https://www.softbank.jp/shop/search/detail/TG22/,36.3483,139.7039,ok
softbank,関東,栃木県,ソフトバンク 佐野堀米,栃木県佐野市堀米町３８４８番８,https://www.softbank.jp/shop/search/detail/T622/,36.322018,139.56493,ok
softbank,関東,栃木県,ソフトバンク 大田原浅香,栃木県大田原市浅香１丁目４‐２４,https://www.softbank.jp/shop/search/detail/TG72/,36.859615,140.01303,ok
softbank,関東,栃木県,ソフトバンク 宇都宮ゆいの杜,栃木県宇都宮市ゆいの杜５丁目８‐１２,https://www.softbank.jp/shop/search/detail/T634/,36.56759,139.99083,ok
softbank,関東,栃木県,ソフトバンク 宇都宮宮環細谷,栃木県宇都宮市細谷町７３３‐１,https://www.softbank.jp/shop/search/detail/T614/,36.584766,139.85025,ok
softbank,関東,栃木県,ソフトバンク 宇都宮東,栃木県宇都宮市元今泉３丁目１０‐２５,https://www.softbank.jp/shop/search/detail/T607/,36.564034,139.90497,ok
softbank,関東,栃木県,ソフトバンク 宇都宮西川田,栃木県宇都宮市西川田町８５０‐１,https://www.softbank.jp/shop/search/detail/T604/,36.535378,139.85123,ok
softbank,関東,栃木県,ソフトバンク 宇都宮鶴田,栃木県宇都宮市鶴田１丁目９番７号,https://www.softbank.jp/shop/search/detail/TH49/,36.5618,139.85637,ok
softbank,関東,栃木県,ソフトバンク 小山,栃木県小山市城北６丁目４番地３,https://www.softbank.jp/shop/search/detail/T600/,36.31904,139.81442,ok
softbank,関東,栃木県,ソフトバンク 小山城南,栃木県小山市東城南１丁目３１‐８,https://www.softbank.jp/shop/search/detail/T615/,36.294857,139.8091,ok
softbank,関東,栃木県,ソフトバンク 小金井駅東,栃木県下野市駅東４丁目５番２２,https://www.softbank.jp/shop/search/detail/T623/,36.377872,139.84793,ok
softbank,関東,栃木県,ソフトバンク 栃木,栃木県栃木市大町２９‐２２,https://www.softbank.jp/shop/search/detail/T616/,36.396084,139.73705,ok
softbank,関東,栃木県,ソフトバンク 氏家,栃木県さくら市卯の里２丁目２６‐３　卯の里貸店舗１号室,https://www.softbank.jp/shop/search/detail/T611/,36.682564,139.95917,ok
softbank,関東,栃木県,ソフトバンク 真岡,栃木県真岡市下高間木１丁目１３‐３,https://www.softbank.jp/shop/search/detail/T608/,36.434322,139.98625,ok
softbank,関東,栃木県,ソフトバンク 矢板,栃木県矢板市末広町４１‐１１,https://www.softbank.jp/shop/search/detail/T602/,36.806717,139.93568,ok
softbank,関東,栃木県,ソフトバンク 足利,栃木県足利市山川町６４８‐１,https://www.softbank.jp/shop/search/detail/TG94/,36.328102,139.47467,ok
softbank,関東,栃木県,ソフトバンク 足利コムファースト,栃木県足利市朝倉町２４５番地５コムファーストショッピングセンター専門店街２階,https://www.softbank.jp/shop/search/detail/T601/,36.320286,139.44955,ok
softbank,関東,栃木県,ソフトバンク 鹿沼,栃木県鹿沼市西茂呂１丁目４‐１,https://www.softbank.jp/shop/search/detail/T605/,36.55651,139.76628,ok
softbank,関東,栃木県,ソフトバンク 黒磯厚崎,栃木県那須塩原市上厚崎３６８‐８,https://www.softbank.jp/shop/search/detail/TG96/,36.95986,140.03058,ok
softbank,関東,栃木県,ソフトバンク ＦＫＤ宇都宮,栃木県宇都宮市今泉町２３７　ＦＫＤ宇都宮店３階,https://www.softbank.jp/shop/search/detail/T609/,36.573406,139.89998,ok
softbank,関東,群馬県,ソフトバンク けやきウォーク前橋,群馬県前橋市文京町２丁目１‐１　けやきウォーク前橋１,https://www.softbank.jp/shop/search/detail/T716/,36.37911,139.07771,ok
softbank,関東,群馬県,ソフトバンク みどり,群馬県みどり市笠懸町阿左美１６６０‐１,https://www.softbank.jp/shop/search/detail/TG04/,36.393574,139.286,ok
softbank,関東,群馬県,ソフトバンク イオンモール太田,群馬県太田市石原町８１　イオンモール太田１Ｆ,https://www.softbank.jp/shop/search/detail/TJ02/,36.295002,139.39993,ok
softbank,関東,群馬県,ソフトバンク イオンモール高崎,群馬県高崎市棟高町１４００番地　イオンモール高崎３階,https://www.softbank.jp/shop/search/detail/T730/,36.3913,139.00624,ok
softbank,関東,群馬県,ソフトバンク ジョイホンパーク吉岡,群馬県北群馬郡吉岡町大字大久保３６４番１,https://www.softbank.jp/shop/search/detail/TJ28/,36.429806,139.01874,ok
softbank,関東,群馬県,ソフトバンク スマーク伊勢崎,群馬県伊勢崎市西小保方町３４６‐３　ＳＭＡＲＫ伊勢崎２Ｆ,https://www.softbank.jp/shop/search/detail/T726/,36.338097,139.23343,ok
softbank,関東,群馬県,ソフトバンク フレスポ藤岡,群馬県藤岡市森４５２‐７　Ｇ棟,https://www.softbank.jp/shop/search/detail/T714/,36.276638,139.07558,ok
softbank,関東,群馬県,ソフトバンク 伊勢崎,群馬県伊勢崎市宮子町３４２１‐１３,https://www.softbank.jp/shop/search/detail/T704/,36.331894,139.16017,ok
softbank,関東,群馬県,ソフトバンク 伊勢崎中央,群馬県伊勢崎市中央町２２‐５,https://www.softbank.jp/shop/search/detail/T720/,36.318134,139.20045,ok
softbank,関東,群馬県,ソフトバンク 前橋みなみモール,群馬県前橋市新堀町１０４７,https://www.softbank.jp/shop/search/detail/TJ22/,36.330242,139.09634,ok
softbank,関東,群馬県,ソフトバンク 前橋三俣,群馬県前橋市三俣町３丁目３３‐３５,https://www.softbank.jp/shop/search/detail/T719/,36.399445,139.0827,ok
softbank,関東,群馬県,ソフトバンク 前橋関根,群馬県前橋市関根町１丁目１５‐３,https://www.softbank.jp/shop/search/detail/TH64/,36.43514,139.05092,ok
softbank,関東,群馬県,ソフトバンク 太田,群馬県太田市飯塚町２０５７,https://www.softbank.jp/shop/search/detail/T700/,36.283318,139.37672,ok
softbank,関東,群馬県,ソフトバンク 太田中央,群馬県太田市西本町５６‐１,https://www.softbank.jp/shop/search/detail/T728/,36.29403,139.36053,ok
softbank,関東,群馬県,ソフトバンク 安中,群馬県安中市原市６２１‐１,https://www.softbank.jp/shop/search/detail/TG27/,36.317635,138.8719,ok
softbank,関東,群馬県,ソフトバンク 富岡,群馬県富岡市富岡１８９６番１,https://www.softbank.jp/shop/search/detail/T707/,36.26323,138.89986,ok
softbank,関東,群馬県,ソフトバンク 新田,群馬県太田市新田市野井町５９７‐１,https://www.softbank.jp/shop/search/detail/T708/,36.30372,139.30421,ok
softbank,関東,群馬県,ソフトバンク 桐生,群馬県桐生市相生町１丁目３１９‐１３,https://www.softbank.jp/shop/search/detail/T702/,36.403927,139.31631,ok
softbank,関東,群馬県,ソフトバンク 沼田,群馬県沼田市下久屋町字下原１０７５‐７,https://www.softbank.jp/shop/search/detail/T712/,36.65661,139.0775,ok
softbank,関東,群馬県,ソフトバンク 渋川,群馬県渋川市渋川１８１３‐２３,https://www.softbank.jp/shop/search/detail/T713/,36.49416,139.00496,ok
softbank,関東,群馬県,ソフトバンク 群馬大泉,群馬県邑楽郡大泉町東小泉２丁目３５‐２８,https://www.softbank.jp/shop/search/detail/T703/,36.257572,139.4222,ok
softbank,関東,群馬県,ソフトバンク 群馬県央,群馬県高崎市棟高町１８６８‐１１０,https://www.softbank.jp/shop/search/detail/T706/,36.380116,139.00925,ok
softbank,関東,群馬県,ソフトバンク 館林,群馬県館林市本町４丁目７０４番１,https://www.softbank.jp/shop/search/detail/T701/,36.24292,139.53178,ok
softbank,関東,群馬県,ソフトバンク 高崎,群馬県高崎市江木町１５４９,https://www.softbank.jp/shop/search/detail/T709/,36.33181,139.02814,ok
softbank,関東,群馬県,ソフトバンク 高崎中居,群馬県高崎市中居町４丁目２２‐１,https://www.softbank.jp/shop/search/detail/TH16/,36.312843,139.04318,ok
softbank,関東,群馬県,ソフトバンク ＹＡＭＡＤＡ前橋本店,群馬県前橋市日吉町４丁目１４ー１３　ヤマダ電機テックランドＮｅｗ前橋本店３Ｆ,https://www.softbank.jp/shop/search/detail/T715/,36.405346,139.07677,ok
softbank,関東,埼玉県,ソフトバンク さいたま中央,埼玉県さいたま市大宮区上小町５７‐２,https://www.softbank.jp/shop/search/detail/TG95/,35.90579,139.60881,ok
softbank,関東,埼玉県,ソフトバンク せんげん台,埼玉県越谷市千間台東１丁目１‐３,https://www.softbank.jp/shop/search/detail/T470/,35.936306,139.77571,ok
softbank,関東,埼玉県,ソフトバンク ふじみ野,埼玉県ふじみ野市ふじみ野４丁目９‐９,https://www.softbank.jp/shop/search/detail/T442/,35.85814,139.51718,ok
softbank,関東,埼玉県,ソフトバンク みずほ台,埼玉県富士見市東みずほ台２丁目９‐２０,https://www.softbank.jp/shop/search/detail/T481/,35.83988,139.552,ok
softbank,関東,埼玉県,ソフトバンク ららぽーと富士見,埼玉県富士見市山室１丁目１３１３　ららぽーと富士見３Ｆ,https://www.softbank.jp/shop/search/detail/TG80/,35.8608,139.5465,ok
softbank,関東,埼玉県,ソフトバンク ららぽーと新三郷,埼玉県三郷市新三郷ららシティ３丁目１‐１　ららぽ‐と新三郷１Ｆ,https://www.softbank.jp/shop/search/detail/TH92/,35.859856,139.86572,ok
softbank,関東,埼玉県,ソフトバンク アクロスプラザ三芳,埼玉県入間郡三芳町大字藤久保字北新埜８５５‐４０３,https://www.softbank.jp/shop/search/detail/T452/,35.838917,139.52501,ok
softbank,関東,埼玉県,ソフトバンク アトレ川越,埼玉県川越市脇田町１０５番地,https://www.softbank.jp/shop/search/detail/T416/,35.90831,139.48314,ok
softbank,関東,埼玉県,ソフトバンク アリオ上尾,埼玉県上尾市壱丁目北２９番地１４　アリオ上尾１Ｆ,https://www.softbank.jp/shop/search/detail/TG05/,35.961605,139.5657,ok
softbank,関東,埼玉県,ソフトバンク アリオ川口,埼玉県川口市並木元町１番７９号　アリオ川口３Ｆ,https://www.softbank.jp/shop/search/detail/T412/,35.80781,139.71379,ok
softbank,関東,埼玉県,ソフトバンク アリオ鷲宮,埼玉県久喜市久本寺字谷田７‐１,https://www.softbank.jp/shop/search/detail/TE17/,36.078644,139.66125,ok
softbank,関東,埼玉県,ソフトバンク イオンタウンふじみ野,埼玉県ふじみ野市福岡２丁目１番６号　２階　２０７　区画　イオンタウン,https://www.softbank.jp/shop/search/detail/T434/,35.880615,139.52179,ok
softbank,関東,埼玉県,ソフトバンク イオンモール上尾,埼玉県上尾市愛宕３丁目８番１号,https://www.softbank.jp/shop/search/detail/T482/,35.964996,139.60094,ok
softbank,関東,埼玉県,ソフトバンク イオンモール与野,埼玉県さいたま市中央区本町西５丁目２‐９　１Ｆ,https://www.softbank.jp/shop/search/detail/TH09/,35.89139,139.6146,ok
softbank,関東,埼玉県,ソフトバンク イオンモール北戸田,埼玉県戸田市美女木東１丁目３‐１　ソフトバンクショップ,https://www.softbank.jp/shop/search/detail/T487/,35.82664,139.65227,ok
softbank,関東,埼玉県,ソフトバンク イオンモール川口,埼玉県川口市大字安行領根岸３１８０番地,https://www.softbank.jp/shop/search/detail/TJ10/,35.8379,139.72134,ok
softbank,関東,埼玉県,ソフトバンク イオンモール川口前川,埼玉県川口市前川１丁目１‐１１　イオンモール川口前川２Ｆ,https://www.softbank.jp/shop/search/detail/TE11/,35.833813,139.70676,ok
softbank,関東,埼玉県,ソフトバンク イオンモール春日部,埼玉県春日部市下柳４２０‐１,https://www.softbank.jp/shop/search/detail/TE12/,35.987732,139.78777,ok
softbank,関東,埼玉県,ソフトバンク イオンモール浦和美園,埼玉県さいたま市緑区美園５丁目５０番地１　２Ｆ,https://www.softbank.jp/shop/search/detail/T495/,35.89073,139.7313,ok
softbank,関東,埼玉県,ソフトバンク イオンモール羽生,埼玉県羽生市川崎２丁目２８１‐３,https://www.softbank.jp/shop/search/detail/TE01/,36.142693,139.54192,ok
softbank,関東,埼玉県,ソフトバンク イオンレイクタウン,埼玉県越谷市レイクタウン３丁目１ー１　イオンレイクタウンＭｏｒｉ,https://www.softbank.jp/shop/search/detail/T490/,35.883842,139.8274,ok
softbank,関東,埼玉県,ソフトバンク エミテラス所沢,埼玉県所沢市東住吉１０‐１　エミテラス所沢３Ｆ,https://www.softbank.jp/shop/search/detail/T443/,35.78498,139.47093,ok
softbank,関東,埼玉県,ソフトバンク エルミこうのすショッピングモール,埼玉県鴻巣市本町１丁目１‐２　ｅｌｕｍｉこうのすショッピングモール２Ｆ,https://www.softbank.jp/shop/search/detail/T498/,36.06006,139.50978,ok
softbank,関東,埼玉県,ソフトバンク クレアモール川越,埼玉県川越市新富町１丁目１７‐５　Ｇ＆Ｆ新富ビル１階,https://www.softbank.jp/shop/search/detail/TG88/,35.914516,139.48326,ok
softbank,関東,埼玉県,ソフトバンク コクーンシティ,埼玉県さいたま市大宮区吉敷町４丁目２６７‐２　２階,https://www.softbank.jp/shop/search/detail/TH08/,35.89483,139.63611,ok
softbank,関東,埼玉県,ソフトバンク ステラタウン大宮,埼玉県さいたま市北区宮原町１丁目８５４番地１　ステラタウン大宮１階,https://www.softbank.jp/shop/search/detail/TA24/,35.933044,139.6233,ok
softbank,関東,埼玉県,ソフトバンク ニットーモール熊谷,埼玉県熊谷市銀座２丁目２４５番地　ニットーモール１階,https://www.softbank.jp/shop/search/detail/T426/,36.138973,139.39351,ok
softbank,関東,埼玉県,ソフトバンク ハレノテラス東大宮,埼玉県さいたま市見沼区島町３９３番地　ハレノテラスＣ棟１０３‐１,https://www.softbank.jp/shop/search/detail/T458/,35.945705,139.65128,ok
softbank,関東,埼玉県,ソフトバンク ピオニウォーク東松山,埼玉県東松山市あずま町４丁目３　ピオニウォーク東松山内１Ｆ,https://www.softbank.jp/shop/search/detail/T497/,36.0054,139.41074,ok
softbank,関東,埼玉県,ソフトバンク ベニバナウォーク桶川,埼玉県桶川市下日出谷東２丁目１５番１　ベニバナウォーク桶川２階,https://www.softbank.jp/shop/search/detail/T433/,35.99662,139.55064,ok
softbank,関東,埼玉県,ソフトバンク モラージュ菖蒲,埼玉県久喜市菖蒲町菖蒲６００５番地１　２Ｆ,https://www.softbank.jp/shop/search/detail/T494/,36.074276,139.61418,ok
softbank,関東,埼玉県,ソフトバンク ララガーデン川口,埼玉県川口市宮町１８‐９‐１２７０,https://www.softbank.jp/shop/search/detail/T493/,35.804234,139.69809,ok
softbank,関東,埼玉県,ソフトバンク 三郷インター,埼玉県三郷市ピアラシティ１丁目２番地１,https://www.softbank.jp/shop/search/detail/T476/,35.84358,139.85728,ok
softbank,関東,埼玉県,ソフトバンク 三郷中央,埼玉県三郷市中央３丁目４８‐７,https://www.softbank.jp/shop/search/detail/T437/,35.82502,139.87949,ok
softbank,関東,埼玉県,ソフトバンク 上尾,埼玉県上尾市春日１丁目１８‐５,https://www.softbank.jp/shop/search/detail/T423/,35.977802,139.5822,ok
softbank,関東,埼玉県,ソフトバンク 久喜,埼玉県久喜市久喜中央１丁目１５‐６０,https://www.softbank.jp/shop/search/detail/T413/,36.070778,139.67712,ok
softbank,関東,埼玉県,ソフトバンク 久喜青葉,埼玉県久喜市青葉３丁目２‐３,https://www.softbank.jp/shop/search/detail/T457/,36.072483,139.69766,ok
softbank,関東,埼玉県,ソフトバンク 入間中央,埼玉県入間市大字上藤沢３７６‐３,https://www.softbank.jp/shop/search/detail/T446/,35.824863,139.4023,ok
softbank,関東,埼玉県,ソフトバンク 八潮,埼玉県八潮市大瀬１丁目６番地２,https://www.softbank.jp/shop/search/detail/T455/,35.809143,139.84215,ok
softbank,関東,埼玉県,ソフトバンク 加須,埼玉県加須市北小浜１４３‐１,https://www.softbank.jp/shop/search/detail/T431/,36.12574,139.6164,ok
softbank,関東,埼玉県,ソフトバンク 北本,埼玉県北本市本宿８丁目４１‐１,https://www.softbank.jp/shop/search/detail/TE06/,36.025806,139.54018,ok
softbank,関東,埼玉県,ソフトバンク 北浦和,埼玉県さいたま市中央区新中里５丁目１‐８,https://www.softbank.jp/shop/search/detail/T406/,35.87522,139.63753,ok
softbank,関東,埼玉県,ソフトバンク 北越谷,埼玉県越谷市北越谷２丁目４１‐１８,https://www.softbank.jp/shop/search/detail/TG06/,35.901424,139.7785,ok
softbank,関東,埼玉県,ソフトバンク 南浦和駅前,埼玉県さいたま市南区南浦和３丁目６‐４,https://www.softbank.jp/shop/search/detail/T479/,35.84931,139.6731,ok
softbank,関東,埼玉県,ソフトバンク 南越谷,埼玉県越谷市南越谷１丁目２０‐１０　大樹生命南越谷ビル１Ｆ,https://www.softbank.jp/shop/search/detail/T409/,35.875603,139.79204,ok
softbank,関東,埼玉県,ソフトバンク 南鳩ヶ谷,埼玉県川口市南鳩ヶ谷５丁目４‐７,https://www.softbank.jp/shop/search/detail/TG50/,35.814194,139.7355,ok
softbank,関東,埼玉県,ソフトバンク 吉川,埼玉県吉川市栄町７００番地,https://www.softbank.jp/shop/search/detail/T456/,35.88583,139.8474,ok
softbank,関東,埼玉県,ソフトバンク 和光,埼玉県和光市本町９‐３８,https://www.softbank.jp/shop/search/detail/T467/,35.78748,139.61038,ok
softbank,関東,埼玉県,ソフトバンク 坂戸,埼玉県坂戸市大字坂戸１４７４‐１,https://www.softbank.jp/shop/search/detail/T417/,35.96714,139.40189,ok
softbank,関東,埼玉県,ソフトバンク 坂戸にっさい,埼玉県坂戸市にっさい花みず木４丁目１０‐２,https://www.softbank.jp/shop/search/detail/T475/,35.9687,139.36745,ok
softbank,関東,埼玉県,ソフトバンク 大宮,埼玉県さいたま市大宮区大門町１丁目２３ー１,https://www.softbank.jp/shop/search/detail/T403/,35.906853,139.6264,ok
softbank,関東,埼玉県,ソフトバンク 大宮七里,埼玉県さいたま市見沼区大字東門前３０‐１１,https://www.softbank.jp/shop/search/detail/T407/,35.93048,139.66608,ok
softbank,関東,埼玉県,ソフトバンク 大宮西口,埼玉県さいたま市大宮区桜木町２丁目３　ＤＯＭショッピングセンター１階,https://www.softbank.jp/shop/search/detail/T435/,35.907295,139.62181,ok
softbank,関東,埼玉県,ソフトバンク 宮原,埼玉県さいたま市北区宮原町２丁目２２‐１,https://www.softbank.jp/shop/search/detail/T424/,35.94085,139.61147,ok
softbank,関東,埼玉県,ソフトバンク 寄居,埼玉県大里郡寄居町大字寄居１５５５‐１,https://www.softbank.jp/shop/search/detail/TH00/,36.121597,139.19151,ok
softbank,関東,埼玉県,ソフトバンク 小手指,埼玉県所沢市小手指町１丁目４５‐１　田中マンション１階,https://www.softbank.jp/shop/search/detail/T402/,35.806625,139.43855,ok
softbank,関東,埼玉県,ソフトバンク 岩槻,埼玉県さいたま市岩槻区東町２丁目６番２２号,https://www.softbank.jp/shop/search/detail/T438/,35.942924,139.70235,ok
softbank,関東,埼玉県,ソフトバンク 川越新河岸,埼玉県川越市大字藤間１７‐２,https://www.softbank.jp/shop/search/detail/TJ00/,35.88571,139.49493,ok
softbank,関東,埼玉県,ソフトバンク 幸手,埼玉県幸手市中２丁目１２‐３７,https://www.softbank.jp/shop/search/detail/T488/,36.072273,139.72037,ok
softbank,関東,埼玉県,ソフトバンク 志木,埼玉県志木市本町５丁目２３‐１０,https://www.softbank.jp/shop/search/detail/T410/,35.824245,139.57625,ok
softbank,関東,埼玉県,ソフトバンク 戸田,埼玉県戸田市上戸田３丁目２６‐１７　榎喜ビル１Ｆ,https://www.softbank.jp/shop/search/detail/T405/,35.815918,139.67484,ok
softbank,関東,埼玉県,ソフトバンク 新座,埼玉県新座市野火止７丁目８‐２６,https://www.softbank.jp/shop/search/detail/T472/,35.799755,139.5672,ok
softbank,関東,埼玉県,ソフトバンク 新越谷,埼玉県越谷市新越谷１丁目５７番地３,https://www.softbank.jp/shop/search/detail/TH12/,35.871994,139.7822,ok
softbank,関東,埼玉県,ソフトバンク 春日部,埼玉県春日部市中央２丁目５‐１３,https://www.softbank.jp/shop/search/detail/T400/,35.97759,139.74864,ok
softbank,関東,埼玉県,ソフトバンク 春日部ユリノキ通り,埼玉県春日部市谷原３丁目１６‐３,https://www.softbank.jp/shop/search/detail/T473/,35.969185,139.74876,ok
softbank,関東,埼玉県,ソフトバンク 朝霞三原,埼玉県朝霞市三原５丁目１０‐２６,https://www.softbank.jp/shop/search/detail/T460/,35.810627,139.576,ok
softbank,関東,埼玉県,ソフトバンク 朝霞台駅前,埼玉県朝霞市浜崎１丁目１‐３１　アドバンス２Ｆ‐Ｄ,https://www.softbank.jp/shop/search/detail/T408/,35.814728,139.58737,ok
softbank,関東,埼玉県,ソフトバンク 本庄,埼玉県本庄市早稲田の杜２丁目１番７７号,https://www.softbank.jp/shop/search/detail/T471/,36.22104,139.18097,ok
softbank,関東,埼玉県,ソフトバンク 東川口,埼玉県川口市戸塚東１丁目１‐１　ハートランドビル１階,https://www.softbank.jp/shop/search/detail/T432/,35.87546,139.74777,ok
softbank,関東,埼玉県,ソフトバンク 東所沢,埼玉県所沢市東所沢和田２丁目３２‐１,https://www.softbank.jp/shop/search/detail/TE04/,35.79238,139.50569,ok
softbank,関東,埼玉県,ソフトバンク 東松山,埼玉県東松山市新宿町１７番地１,https://www.softbank.jp/shop/search/detail/T418/,36.03097,139.41971,ok
softbank,関東,埼玉県,ソフトバンク 東武動物公園,埼玉県北葛飾郡杉戸町清地１丁目６番３号,https://www.softbank.jp/shop/search/detail/TE13/,36.02771,139.73503,ok
softbank,関東,埼玉県,ソフトバンク 樹モールプラザ川口,埼玉県川口市栄町３丁目１３‐１　樹モールプラザ１階１１０区画,https://www.softbank.jp/shop/search/detail/T463/,35.803776,139.7202,ok
softbank,関東,埼玉県,ソフトバンク 武蔵浦和マーレ,埼玉県さいたま市南区白幡５丁目１９‐１９　武蔵浦和マーレＡ館２Ｆ,https://www.softbank.jp/shop/search/detail/T421/,35.84473,139.64755,ok
softbank,関東,埼玉県,ソフトバンク 武蔵藤沢,埼玉県入間市東藤沢２丁目１‐１１,https://www.softbank.jp/shop/search/detail/T480/,35.822483,139.41383,ok
softbank,関東,埼玉県,ソフトバンク 浦和,埼玉県さいたま市浦和区高砂２丁目１‐２０　日建高砂ビル１Ｆ,https://www.softbank.jp/shop/search/detail/T404/,35.85723,139.65433,ok
softbank,関東,埼玉県,ソフトバンク 浦和中尾,埼玉県さいたま市緑区大字中尾１０４‐１２,https://www.softbank.jp/shop/search/detail/T474/,35.87046,139.6831,ok
softbank,関東,埼玉県,ソフトバンク 深谷,埼玉県深谷市上柴町東４丁目１６番地１２,https://www.softbank.jp/shop/search/detail/T419/,36.18031,139.30217,ok
softbank,関東,埼玉県,ソフトバンク 熊谷中央,埼玉県熊谷市中央１丁目２１１,https://www.softbank.jp/shop/search/detail/T425/,36.155437,139.39194,ok
softbank,関東,埼玉県,ソフトバンク 狭山,埼玉県狭山市中央１丁目４９‐２６　ビアンカ狭山,https://www.softbank.jp/shop/search/detail/T415/,35.85552,139.42532,ok
softbank,関東,埼玉県,ソフトバンク 秩父,埼玉県秩父市上宮地町３０番２号,https://www.softbank.jp/shop/search/detail/TE02/,36.000072,139.08966,ok
softbank,関東,埼玉県,ソフトバンク 羽生,埼玉県羽生市大字下岩瀬５６４‐６,https://www.softbank.jp/shop/search/detail/T499/,36.15942,139.53027,ok
softbank,関東,埼玉県,ソフトバンク 若葉,埼玉県坂戸市千代田３丁目２２‐２,https://www.softbank.jp/shop/search/detail/T453/,35.951393,139.41124,ok
softbank,関東,埼玉県,ソフトバンク 草加松原,埼玉県草加市栄町２丁目８‐２１　メデテリアンブルー１階,https://www.softbank.jp/shop/search/detail/TH20/,35.843937,139.803,ok
softbank,関東,埼玉県,ソフトバンク 草加花栗,埼玉県草加市花栗４丁目９番５号,https://www.softbank.jp/shop/search/detail/T440/,35.83636,139.79198,ok
softbank,関東,埼玉県,ソフトバンク 草加駅前,埼玉県草加市高砂２丁目２０‐２０,https://www.softbank.jp/shop/search/detail/T445/,35.8283,139.8068,ok
softbank,関東,埼玉県,ソフトバンク 蓮田伊奈栄,埼玉県北足立郡伊奈町栄３丁目１４６番,https://www.softbank.jp/shop/search/detail/T411/,35.977875,139.64037,ok
softbank,関東,埼玉県,ソフトバンク 蓮田白岡,埼玉県蓮田市西新宿５丁目１１５番地,https://www.softbank.jp/shop/search/detail/T468/,36.00635,139.65443,ok
softbank,関東,埼玉県,ソフトバンク 蕨,埼玉県川口市芝新町５‐１,https://www.softbank.jp/shop/search/detail/T429/,35.82883,139.69226,ok
softbank,関東,埼玉県,ソフトバンク 行田,埼玉県行田市佐間２丁目１‐４１,https://www.softbank.jp/shop/search/detail/T449/,36.13229,139.4653,ok
softbank,関東,埼玉県,ソフトバンク 越谷中央,埼玉県越谷市東越谷３丁目３‐４,https://www.softbank.jp/shop/search/detail/TJ26/,35.89325,139.7982,ok
softbank,関東,埼玉県,ソフトバンク 飯能,埼玉県飯能市大字岩沢３２１番地１,https://www.softbank.jp/shop/search/detail/T401/,35.845448,139.34091,ok
softbank,関東,埼玉県,ソフトバンク 鶴ヶ島,埼玉県鶴ヶ島市大字脚折１１４８‐１,https://www.softbank.jp/shop/search/detail/T441/,35.941193,139.39377,ok
softbank,関東,埼玉県,ソフトバンク ２５４川越北,埼玉県川越市大字石田２２６‐２,https://www.softbank.jp/shop/search/detail/TG69/,35.93753,139.48482,ok
softbank,関東,埼玉県,ソフトバンク ＵＮＩＣＵＳ伊奈,埼玉県北足立郡伊奈町学園２丁目１８８ー１ウニクス伊奈１階Ｂ１‐２,https://www.softbank.jp/shop/search/detail/TE05/,36.009792,139.61359,ok
softbank,関東,千葉県,ソフトバンク あびこショッピングプラザ,千葉県我孫子市我孫子４丁目１１‐１　あびこショッピングプラザ３階,https://www.softbank.jp/shop/search/detail/TJ04/,35.8766,140.0091,ok
softbank,関東,千葉県,ソフトバンク ららぽーと柏の葉,千葉県柏市若柴１７５　ららぽーと柏の葉店内３Ｆ,https://www.softbank.jp/shop/search/detail/T347/,35.89345,139.95122,ok
softbank,関東,千葉県,ソフトバンク ららぽーとＴＯＫＹＯーＢＡＹ,千葉県船橋市浜町２丁目１‐１　ららぽーとＴＯＫＹＯ‐ＢＡＹ南館１階,https://www.softbank.jp/shop/search/detail/T337/,35.68509,139.99228,ok
softbank,関東,千葉県,ソフトバンク アクロスモール新鎌ヶ谷,千葉県鎌ケ谷市新鎌ケ谷２丁目１２‐１　アクロスモール新鎌ヶ谷２Ｆ,https://www.softbank.jp/shop/search/detail/T378/,35.78087,140.00125,ok
softbank,関東,千葉県,ソフトバンク アリオ市原,千葉県市原市更級４丁目３‐２　アリオ市原１階,https://www.softbank.jp/shop/search/detail/TG19/,35.507587,140.10115,ok
softbank,関東,千葉県,ソフトバンク イオンタウンユーカリが丘,千葉県佐倉市西ユーカリが丘６丁目１２‐３イオンタウンユーカリが丘２階,https://www.softbank.jp/shop/search/detail/TH26/,35.727287,140.15233,ok
softbank,関東,千葉県,ソフトバンク イオンタウン野田七光台,千葉県野田市七光台４‐２,https://www.softbank.jp/shop/search/detail/T393/,35.980694,139.85281,ok
softbank,関東,千葉県,ソフトバンク イオンタウン館山,千葉県館山市八幡５４５‐１,https://www.softbank.jp/shop/search/detail/T311/,35.007008,139.86128,ok
softbank,関東,千葉県,ソフトバンク イオンモール八千代緑が丘,千葉県八千代市緑が丘２丁目１番３,https://www.softbank.jp/shop/search/detail/T395/,35.727867,140.07317,ok
softbank,関東,千葉県,ソフトバンク イオンモール千葉ニュータウン,千葉県印西市中央北３丁目２イオンモール千葉ニュータウン２階,https://www.softbank.jp/shop/search/detail/T308/,35.80294,140.11366,ok
softbank,関東,千葉県,ソフトバンク イオンモール幕張新都心,千葉県千葉市美浜区豊砂１‐１　イオンモール幕張新都心グランドモール３Ｆ,https://www.softbank.jp/shop/search/detail/TG21/,35.653835,140.03162,ok
softbank,関東,千葉県,ソフトバンク イオンモール成田,千葉県成田市ウイング土屋２４　イオンモール成田２Ｆ,https://www.softbank.jp/shop/search/detail/T327/,35.79548,140.31921,ok
softbank,関東,千葉県,ソフトバンク イオンモール木更津,千葉県木更津市築地１‐４イオンモール木更津２Ｆ,https://www.softbank.jp/shop/search/detail/TG60/,35.365856,139.90878,ok
softbank,関東,千葉県,ソフトバンク イオンモール津田沼,千葉県習志野市津田沼１丁目２３‐１　イオンモール津田沼３Ｆ,https://www.softbank.jp/shop/search/detail/T306/,35.690178,140.0247,ok
softbank,関東,千葉県,ソフトバンク イオンモール銚子,千葉県銚子市三崎町２丁目２６６０ー１　イオンモール銚子内,https://www.softbank.jp/shop/search/detail/T384/,35.71032,140.78787,ok
softbank,関東,千葉県,ソフトバンク イオン八街,千葉県八街市文違３０１　イオン八街１Ｆ,https://www.softbank.jp/shop/search/detail/T360/,35.681038,140.31151,ok
softbank,関東,千葉県,ソフトバンク イコアス千城台,千葉県千葉市若葉区千城台北３丁目２１‐１　イコアス千城台１Ｆ,https://www.softbank.jp/shop/search/detail/T335/,35.62216,140.18996,ok
softbank,関東,千葉県,ソフトバンク ジョイフル本田千葉ニュータウン,千葉県印西市牧の原２丁目１番地,https://www.softbank.jp/shop/search/detail/T367/,35.80674,140.1586,ok
softbank,関東,千葉県,ソフトバンク セブンパークアリオ柏,千葉県柏市大島田１丁目６番地１　セブンパークアリオ柏２階,https://www.softbank.jp/shop/search/detail/TH15/,35.832333,140.01195,ok
softbank,関東,千葉県,ソフトバンク テラスモール松戸,千葉県松戸市八ケ崎２丁目８‐１　テラスモール松戸３階,https://www.softbank.jp/shop/search/detail/TH96/,35.817616,139.9342,ok
softbank,関東,千葉県,ソフトバンク フォルテ津田沼,千葉県習志野市奏の杜２丁目１‐１　奏の杜フォルテ１Ｆ,https://www.softbank.jp/shop/search/detail/TF06/,35.689274,140.01578,ok
softbank,関東,千葉県,ソフトバンク ミスターマックスおゆみ野,千葉県千葉市緑区おゆみ野中央２丁目３‐１ミスターマックスおゆみ野ショッピングセンターＣ棟,https://www.softbank.jp/shop/search/detail/T324/,35.55416,140.15968,ok
softbank,関東,千葉県,ソフトバンク モラージュ柏,千葉県柏市大山台２丁目３‐１　モラージュ柏２階,https://www.softbank.jp/shop/search/detail/T381/,35.882084,139.96944,ok
softbank,関東,千葉県,ソフトバンク ユアエルム八千代台,千葉県八千代市八千代台東１丁目１‐１０　ユアエルム八千代台２階,https://www.softbank.jp/shop/search/detail/T350/,35.700253,140.09146,ok
softbank,関東,千葉県,ソフトバンク ユアエルム成田,千葉県成田市公津の杜４丁目５‐３　ユアエルム成田１Ｆ,https://www.softbank.jp/shop/search/detail/T341/,35.759792,140.29659,ok
softbank,関東,千葉県,ソフトバンク ユニモちはら台,千葉県市原市ちはら台西３丁目４　ユニモちはら台２階,https://www.softbank.jp/shop/search/detail/T359/,35.528023,140.17184,ok
softbank,関東,千葉県,ソフトバンク 五香,千葉県松戸市五香８丁目３４‐７,https://www.softbank.jp/shop/search/detail/T380/,35.795494,139.9795,ok
softbank,関東,千葉県,ソフトバンク 佐倉,千葉県佐倉市寺崎北４丁目１番地４,https://www.softbank.jp/shop/search/detail/T388/,35.71221,140.21819,ok
softbank,関東,千葉県,ソフトバンク 佐倉臼井,千葉県佐倉市王子台４丁目１３‐１５,https://www.softbank.jp/shop/search/detail/T321/,35.72621,140.18175,ok
softbank,関東,千葉県,ソフトバンク 八千代,千葉県八千代市萱田町６６０‐４,https://www.softbank.jp/shop/search/detail/T312/,35.72387,140.10425,ok
softbank,関東,千葉県,ソフトバンク 八日市場,千葉県匝瑳市八日市場イ字大堺７２４‐１,https://www.softbank.jp/shop/search/detail/T355/,35.695915,140.54184,ok
softbank,関東,千葉県,ソフトバンク 北習志野,千葉県船橋市習志野台２丁目６‐１７,https://www.softbank.jp/shop/search/detail/T309/,35.722366,140.04395,ok
softbank,関東,千葉県,ソフトバンク 千葉,千葉県千葉市中央区富士見２丁目５‐１２　ＧＲＡＮＤ　ＣＥＮＴＲＡＬ　ＣＨＩＢＡ　１Ｆ,https://www.softbank.jp/shop/search/detail/T342/,35.610954,140.11702,ok
softbank,関東,千葉県,ソフトバンク 千葉北,千葉県千葉市稲毛区長沼町３３０‐５０,https://www.softbank.jp/shop/search/detail/T323/,35.656765,140.11786,ok
softbank,関東,千葉県,ソフトバンク 千葉末広,千葉県千葉市中央区末広２丁目１３‐５,https://www.softbank.jp/shop/search/detail/T338/,35.59511,140.1259,ok
softbank,関東,千葉県,ソフトバンク 千葉都町,千葉県千葉市中央区都町１丁目８‐１,https://www.softbank.jp/shop/search/detail/T390/,35.612045,140.13576,ok
softbank,関東,千葉県,ソフトバンク 南柏,千葉県柏市豊四季９７５‐３,https://www.softbank.jp/shop/search/detail/T310/,35.845142,139.9577,ok
softbank,関東,千葉県,ソフトバンク 南流山,千葉県流山市南流山９丁目１５‐５,https://www.softbank.jp/shop/search/detail/T387/,35.83206,139.89638,ok
softbank,関東,千葉県,ソフトバンク 南行徳,千葉県市川市南行徳３丁目２‐８　南行徳秀研ビル,https://www.softbank.jp/shop/search/detail/T363/,35.67013,139.90196,ok
softbank,関東,千葉県,ソフトバンク 君津,千葉県君津市南子安８丁目２‐４０,https://www.softbank.jp/shop/search/detail/T331/,35.330227,139.92403,ok
softbank,関東,千葉県,ソフトバンク 四街道,千葉県四街道市大日４６６‐３２　エコタウン四街道１Ｆ,https://www.softbank.jp/shop/search/detail/T326/,35.676933,140.1621,ok
softbank,関東,千葉県,ソフトバンク 土気あすみが丘,千葉県千葉市緑区あすみが丘東４丁目１‐３,https://www.softbank.jp/shop/search/detail/T377/,35.5221,140.274,ok
softbank,関東,千葉県,ソフトバンク 妙典,千葉県市川市妙典５丁目１３‐３５,https://www.softbank.jp/shop/search/detail/T358/,35.69094,139.92981,ok
softbank,関東,千葉県,ソフトバンク 姉崎,千葉県市原市姉崎８７２‐１,https://www.softbank.jp/shop/search/detail/T392/,35.48336,140.046,ok
softbank,関東,千葉県,ソフトバンク 富里,千葉県富里市七栄５７７‐１,https://www.softbank.jp/shop/search/detail/T386/,35.74274,140.3172,ok
softbank,関東,千葉県,ソフトバンク 市原平成通り,千葉県市原市五井東３丁目４８‐５,https://www.softbank.jp/shop/search/detail/T354/,35.516598,140.10194,ok
softbank,関東,千葉県,ソフトバンク 市川,千葉県市川市市川１丁目９‐１,https://www.softbank.jp/shop/search/detail/T329/,35.730255,139.9078,ok
softbank,関東,千葉県,ソフトバンク 市川ニッケコルトンプラザ,千葉県市川市鬼高１丁目１‐１,https://www.softbank.jp/shop/search/detail/T374/,35.71691,139.93454,ok
softbank,関東,千葉県,ソフトバンク 新八柱,千葉県松戸市日暮１丁目１６‐２　Ｍ‐ＰＡＲＴ３　日暮ビル１階,https://www.softbank.jp/shop/search/detail/T319/,35.79081,139.93828,ok
softbank,関東,千葉県,ソフトバンク 新松戸,千葉県松戸市新松戸南１丁目３７７,https://www.softbank.jp/shop/search/detail/T325/,35.819614,139.91386,ok
softbank,関東,千葉県,ソフトバンク 新検見川,千葉県千葉市花見川区朝日ケ丘５丁目３５‐９,https://www.softbank.jp/shop/search/detail/T368/,35.66037,140.08624,ok
softbank,関東,千葉県,ソフトバンク 新浦安,千葉県浦安市入船１丁目４‐１　イオン新浦安,https://www.softbank.jp/shop/search/detail/T353/,35.648937,139.91478,ok
softbank,関東,千葉県,ソフトバンク 新習志野,千葉県習志野市茜浜２丁目２‐１　ミスターマックス新習志野ＳＣＢ棟１階１０４区画,https://www.softbank.jp/shop/search/detail/T385/,35.66574,140.01357,ok
softbank,関東,千葉県,ソフトバンク 旭,千葉県旭市ニ４６０　１階,https://www.softbank.jp/shop/search/detail/T398/,35.725685,140.65509,ok
softbank,関東,千葉県,ソフトバンク 木更津,千葉県木更津市東太田１丁目９‐３１,https://www.softbank.jp/shop/search/detail/T333/,35.37638,139.95079,ok
softbank,関東,千葉県,ソフトバンク 本八幡,千葉県市川市八幡２丁目５‐８　ガレリアサーラ１０１号,https://www.softbank.jp/shop/search/detail/T332/,35.722454,139.92665,ok
softbank,関東,千葉県,ソフトバンク 東松戸,千葉県松戸市東松戸３丁目５‐１８　ＬＥ・ＺＩＮＤＥ１Ｆ,https://www.softbank.jp/shop/search/detail/T362/,35.771706,139.94226,ok
softbank,関東,千葉県,ソフトバンク 東金,千葉県東金市台方８０２‐１,https://www.softbank.jp/shop/search/detail/T300/,35.550156,140.35603,ok
softbank,関東,千葉県,ソフトバンク 松戸二十世紀が丘,千葉県松戸市二十世紀が丘丸山町８番,https://www.softbank.jp/shop/search/detail/TG51/,35.76909,139.91032,ok
softbank,関東,千葉県,ソフトバンク 松戸西口,千葉県松戸市松戸１３０４番地３第３宝星ビル１階,https://www.softbank.jp/shop/search/detail/TH03/,35.7828,139.89952,ok
softbank,関東,千葉県,ソフトバンク 柏・沼南,千葉県柏市大井５７１‐４,https://www.softbank.jp/shop/search/detail/T303/,35.84534,139.9981,ok
softbank,関東,千葉県,ソフトバンク 柏東口駅前,千葉県柏市柏２丁目２‐５　オアゾビル１・２階,https://www.softbank.jp/shop/search/detail/T304/,35.861458,139.97246,ok
softbank,関東,千葉県,ソフトバンク 流山おおたかの森,千葉県流山市おおたかの森南１丁目５番地の１　流山おおたかの森Ｓ・Ｃ　１Ｆ,https://www.softbank.jp/shop/search/detail/T348/,35.870697,139.9271,ok
softbank,関東,千葉県,ソフトバンク 浦安,千葉県浦安市北栄３丁目２‐７,https://www.softbank.jp/shop/search/detail/T336/,35.662754,139.89868,ok
softbank,関東,千葉県,ソフトバンク 白井,千葉県白井市根４４６,https://www.softbank.jp/shop/search/detail/T389/,35.783306,140.04616,ok
softbank,関東,千葉県,ソフトバンク 稲毛,千葉県千葉市稲毛区小仲台６丁目１４‐７　ＦＹＳビル２　１Ｆ,https://www.softbank.jp/shop/search/detail/T345/,35.640476,140.09221,ok
softbank,関東,千葉県,ソフトバンク 稲毛海岸,千葉県千葉市美浜区高洲３丁目１３‐１　マリンピア内１Ｆ,https://www.softbank.jp/shop/search/detail/T340/,35.628326,140.07265,ok
softbank,関東,千葉県,ソフトバンク 習志野成田街道,千葉県船橋市習志野１丁目１,https://www.softbank.jp/shop/search/detail/T366/,35.711887,140.05399,ok
softbank,関東,千葉県,ソフトバンク 船橋北口,千葉県船橋市本町６丁目６‐１北翔ビル１Ｆ,https://www.softbank.jp/shop/search/detail/T349/,35.704056,139.98563,ok
softbank,関東,千葉県,ソフトバンク 船橋駅前,千葉県船橋市本町１丁目３１番２５号スミレビル１階Ａ号室,https://www.softbank.jp/shop/search/detail/T305/,35.70068,139.98436,ok
softbank,関東,千葉県,ソフトバンク 茂原,千葉県茂原市道表１８‐５,https://www.softbank.jp/shop/search/detail/T301/,35.434166,140.28668,ok
softbank,関東,千葉県,ソフトバンク 行徳,千葉県市川市行徳駅前２丁目１３‐１８　行徳駅前ビル１Ｆ,https://www.softbank.jp/shop/search/detail/T330/,35.681812,139.91428,ok
softbank,関東,千葉県,ソフトバンク 袖ヶ浦,千葉県袖ケ浦市蔵波台７丁目１４‐１,https://www.softbank.jp/shop/search/detail/T364/,35.44239,140.00275,ok
softbank,関東,千葉県,ソフトバンク 西船橋,千葉県船橋市葛飾町２丁目３８３‐１,https://www.softbank.jp/shop/search/detail/T343/,35.707302,139.95547,ok
softbank,関東,千葉県,ソフトバンク 都賀,千葉県千葉市若葉区都賀２丁目１８‐５　１Ｆ,https://www.softbank.jp/shop/search/detail/T371/,35.631184,140.14915,ok
softbank,関東,千葉県,ソフトバンク 野田中根,千葉県野田市花井２６２‐８,https://www.softbank.jp/shop/search/detail/T302/,35.94531,139.87994,ok
softbank,関東,千葉県,ソフトバンク 鎌ヶ谷,千葉県鎌ケ谷市富岡１丁目１‐３　ショッピングプラザ鎌ヶ谷１Ｆ,https://www.softbank.jp/shop/search/detail/T322/,35.77065,139.99974,ok
softbank,関東,千葉県,ソフトバンク ＭＥＧＡドン・キホーテ成東,千葉県山武市成東１８０８‐１,https://www.softbank.jp/shop/search/detail/T379/,35.59605,140.39798,ok
softbank,関東,東京都,ソフトバンク ひばりヶ丘,東京都西東京市住吉町３丁目１０‐２５　ＨＩＢＡＲＩＴＯＷＥＲ１階,https://www.softbank.jp/shop/search/detail/T1C1/,35.75067,139.5461,ok
softbank,関東,東京都,ソフトバンク めじろ台,東京都八王子市椚田町５９２‐１１,https://www.softbank.jp/shop/search/detail/T1B1/,35.638397,139.30844,ok
softbank,関東,東京都,ソフトバンク ららぽーと立川立飛,東京都立川市泉町９３５‐１　ららぽーと立川立飛３階,https://www.softbank.jp/shop/search/detail/TG99/,35.713524,139.41911,ok
softbank,関東,東京都,ソフトバンク ららぽーと豊洲,東京都江東区豊洲２丁目４‐９　アーバンドックららぽーと豊洲　３Ｆ　３０２０‐１,https://www.softbank.jp/shop/search/detail/T1C3/,35.656063,139.79233,ok
softbank,関東,東京都,ソフトバンク アメリア町田,東京都町田市根岸２丁目１８‐１　アメリア町田根岸ショッピングセンター,https://www.softbank.jp/shop/search/detail/TD48/,35.5762,139.41064,ok
softbank,関東,東京都,ソフトバンク アリオ北砂,東京都江東区北砂２丁目１７番地１号アリオ北砂２階,https://www.softbank.jp/shop/search/detail/T2E3/,35.682957,139.82567,ok
softbank,関東,東京都,ソフトバンク アリオ葛西,東京都江戸川区東葛西９丁目３‐３　２階,https://www.softbank.jp/shop/search/detail/T1Q7/,35.652245,139.88272,ok
softbank,関東,東京都,ソフトバンク アリオ西新井,東京都足立区西新井栄町１丁目２０番１号　アリオ西新井２階,https://www.softbank.jp/shop/search/detail/T1L2/,35.77497,139.78629,ok
softbank,関東,東京都,ソフトバンク アルカキット錦糸町,東京都墨田区錦糸２丁目２‐１　アルカキット錦糸町８階,https://www.softbank.jp/shop/search/detail/T159/,35.69739,139.81258,ok
softbank,関東,東京都,ソフトバンク イオンモール多摩平の森,東京都日野市多摩平２丁目４番地１　２Ｆ,https://www.softbank.jp/shop/search/detail/T147/,35.661976,139.38062,ok
softbank,関東,東京都,ソフトバンク イオンモール日の出,東京都西多摩郡日の出町大字平井字三吉野桜木２３７番３　イオンモール日の出２Ｆ,https://www.softbank.jp/shop/search/detail/T1L7/,35.734886,139.2736,ok
softbank,関東,東京都,ソフトバンク イオン八王子滝山,東京都八王子市滝山町１丁目８８４　Ｂ２０３　イオン八王子滝山Ｓｏｕｔｈ２階,https://www.softbank.jp/shop/search/detail/T105/,35.682926,139.34036,ok
softbank,関東,東京都,ソフトバンク イオン南砂,東京都江東区南砂６丁目７‐１５イオンスタイル南砂,https://www.softbank.jp/shop/search/detail/TH97/,35.67164,139.83601,ok
softbank,関東,東京都,ソフトバンク イトーヨーカドー南大沢,東京都八王子市南大沢２丁目２８‐１　イトーヨーカドー南大沢１Ｆ,https://www.softbank.jp/shop/search/detail/T1L0/,35.613293,139.37982,ok
softbank,関東,東京都,ソフトバンク イトーヨーカドー木場,東京都江東区木場１丁目５‐３０　イトーヨーカドー木場店,https://www.softbank.jp/shop/search/detail/TH87/,35.66615,139.8042,ok
softbank,関東,東京都,ソフトバンク イトーヨーカドー武蔵境,東京都武蔵野市境南町２丁目３‐６　イトーヨーカドー武蔵境西館４階,https://www.softbank.jp/shop/search/detail/T150/,35.70105,139.54259,ok
softbank,関東,東京都,ソフトバンク オリナス錦糸町,東京都墨田区太平４丁目１‐２　オリナス２Ｆ,https://www.softbank.jp/shop/search/detail/TH10/,35.70072,139.81581,ok
softbank,関東,東京都,ソフトバンク カメイドクロック,東京都江東区亀戸６丁目３１‐６　カメイドクロック３Ｆ,https://www.softbank.jp/shop/search/detail/T131/,35.69609,139.82872,ok
softbank,関東,東京都,ソフトバンク グリナード永山,東京都多摩市永山１丁目４　グリナード永山１号館２階,https://www.softbank.jp/shop/search/detail/T1G7/,35.629192,139.4485,ok
softbank,関東,東京都,ソフトバンク ココリア多摩センター,東京都多摩市落合１丁目４６‐１　ココリア多摩センター２Ｆ,https://www.softbank.jp/shop/search/detail/T1B7/,35.622314,139.42522,ok
softbank,関東,東京都,ソフトバンク パークシティ武蔵小山ザモール,東京都品川区小山３丁目１５‐１　パークシティ武蔵小山ザモール１Ｆ,https://www.softbank.jp/shop/search/detail/T1A0/,35.620518,139.70497,ok
softbank,関東,東京都,ソフトバンク ホームズ仙川,東京都調布市若葉町２丁目１‐７　２Ｆ,https://www.softbank.jp/shop/search/detail/TH99/,35.658886,139.5868,ok
softbank,関東,東京都,ソフトバンク モリタウン昭島,東京都昭島市代官山２丁目３‐１　モリタウン東館２Ｆ,https://www.softbank.jp/shop/search/detail/T103/,35.713963,139.36195,ok
softbank,関東,東京都,ソフトバンク ヨドバシ吉祥寺,東京都武蔵野市吉祥寺本町１丁目１９‐１　吉祥寺フロムイーストビル,https://www.softbank.jp/shop/search/detail/T1I1/,35.704723,139.58154,ok
softbank,関東,東京都,ソフトバンク ヨドバシＡＫＩＢＡ,東京都千代田区神田花岡町１‐１,https://www.softbank.jp/shop/search/detail/T1A4/,35.698643,139.77461,ok
softbank,関東,東京都,ソフトバンク リトナード八幡山,東京都杉並区上高井戸１丁目１‐１１,https://www.softbank.jp/shop/search/detail/TD13/,35.670002,139.61603,ok
softbank,関東,東京都,ソフトバンク 三軒茶屋,東京都世田谷区太子堂４丁目３‐２　三軒茶屋ビル１Ｆ,https://www.softbank.jp/shop/search/detail/T144/,35.64332,139.6683,ok
softbank,関東,東京都,ソフトバンク 三軒茶屋茶沢通り,東京都世田谷区太子堂４丁目２９‐１　萩原ビル１階,https://www.softbank.jp/shop/search/detail/T1I3/,35.64641,139.66962,ok
softbank,関東,東京都,ソフトバンク 三鷹,東京都三鷹市下連雀３丁目２７‐１３　正栄ビル１Ｆ,https://www.softbank.jp/shop/search/detail/T137/,35.701344,139.5612,ok
softbank,関東,東京都,ソフトバンク 上板橋,東京都板橋区常盤台４丁目３１‐４,https://www.softbank.jp/shop/search/detail/T1K1/,35.764206,139.67714,ok
softbank,関東,東京都,ソフトバンク 上石神井,東京都練馬区上石神井１丁目５‐１２　湯山ビル１階,https://www.softbank.jp/shop/search/detail/T1D2/,35.72589,139.59164,ok
softbank,関東,東京都,ソフトバンク 上野広小路,東京都台東区上野４丁目５番地５号１階,https://www.softbank.jp/shop/search/detail/T1B0/,35.70901,139.77359,ok
softbank,関東,東京都,ソフトバンク 上野浅草通り,東京都台東区東上野３丁目３４‐６,https://www.softbank.jp/shop/search/detail/T1E5/,35.711266,139.78163,ok
softbank,関東,東京都,ソフトバンク 下北沢,東京都世田谷区北沢２丁目１３‐７　片野ビル１Ｆ、２Ｆ,https://www.softbank.jp/shop/search/detail/T178/,35.66067,139.66763,ok
softbank,関東,東京都,ソフトバンク 下高井戸,東京都世田谷区松原３丁目４２‐２　宍戸第一ビル,https://www.softbank.jp/shop/search/detail/T1U7/,35.66654,139.64137,ok
softbank,関東,東京都,ソフトバンク 両国,東京都墨田区両国３丁目２１‐１４　両国有泉ビル１Ｆ,https://www.softbank.jp/shop/search/detail/TD24/,35.69458,139.79463,ok
softbank,関東,東京都,ソフトバンク 中延,東京都品川区中延３丁目１３‐７　中勝ビル１階,https://www.softbank.jp/shop/search/detail/T1J0/,35.60689,139.71216,ok
softbank,関東,東京都,ソフトバンク 中村橋,東京都練馬区中村北４丁目２‐３,https://www.softbank.jp/shop/search/detail/TH75/,35.736374,139.63802,ok
softbank,関東,東京都,ソフトバンク 中目黒,東京都目黒区上目黒１丁目２０‐５　和田ビル１Ｆ,https://www.softbank.jp/shop/search/detail/T176/,35.644627,139.69905,ok
softbank,関東,東京都,ソフトバンク 中野サンモール,東京都中野区中野５丁目６７‐１２　中野大海老ビル,https://www.softbank.jp/shop/search/detail/T167/,35.70799,139.66553,ok
softbank,関東,東京都,ソフトバンク 中野坂上,東京都中野区中央２丁目３０‐２　益谷ハイツ１Ｆ,https://www.softbank.jp/shop/search/detail/TH93/,35.69768,139.67923,ok
softbank,関東,東京都,ソフトバンク 久米川駅前,東京都東村山市栄町１丁目４‐２３　久米川ステーションヒルズ１Ｆ,https://www.softbank.jp/shop/search/detail/T1K7/,35.75017,139.47247,ok
softbank,関東,東京都,ソフトバンク 亀有,東京都葛飾区亀有３丁目３２‐８　亀有３丁目ビル１階,https://www.softbank.jp/shop/search/detail/T193/,35.765556,139.84921,ok
softbank,関東,東京都,ソフトバンク 二子玉川,東京都世田谷区玉川３丁目１０‐７,https://www.softbank.jp/shop/search/detail/T1H0/,35.613712,139.62589,ok
softbank,関東,東京都,ソフトバンク 二子玉川ライズ,東京都世田谷区玉川２丁目２１‐１　オークモール１階,https://www.softbank.jp/shop/search/detail/TJ20/,35.612396,139.6286,ok
softbank,関東,東京都,ソフトバンク 五反田,東京都品川区西五反田２丁目９‐５　長田ビル１Ｆ,https://www.softbank.jp/shop/search/detail/T188/,35.626793,139.72127,ok
softbank,関東,東京都,ソフトバンク 五反野,東京都足立区弘道１丁目１４‐１,https://www.softbank.jp/shop/search/detail/TD11/,35.767677,139.80954,ok
softbank,関東,東京都,ソフトバンク 保木間,東京都足立区保木間１丁目３３‐１７,https://www.softbank.jp/shop/search/detail/TG77/,35.790077,139.81023,ok
softbank,関東,東京都,ソフトバンク 保谷,東京都西東京市東町３丁目１３‐２,https://www.softbank.jp/shop/search/detail/T1J1/,35.747623,139.56548,ok
softbank,関東,東京都,ソフトバンク 光が丘,東京都練馬区光が丘５丁目１‐１　ＩＭＡ３Ｆ,https://www.softbank.jp/shop/search/detail/T183/,35.75945,139.6274,ok
softbank,関東,東京都,ソフトバンク 八丁堀,東京都中央区八丁堀１丁目９番６号　吉半八重洲通りビル１階,https://www.softbank.jp/shop/search/detail/TD37/,35.677208,139.77734,ok
softbank,関東,東京都,ソフトバンク 八王子,東京都八王子市中町５‐１０,https://www.softbank.jp/shop/search/detail/T106/,35.65806,139.33644,ok
softbank,関東,東京都,ソフトバンク 八王子みなみ野,東京都八王子市みなみ野１丁目２‐１　アクロスモール八王子みなみ野１階,https://www.softbank.jp/shop/search/detail/T1J9/,35.630493,139.32957,ok
softbank,関東,東京都,ソフトバンク 八王子楢原,東京都八王子市楢原町４３３番５,https://www.softbank.jp/shop/search/detail/TH06/,35.6803,139.30724,ok
softbank,関東,東京都,ソフトバンク 六本木,東京都港区六本木４丁目９‐７　三菱ＵＦＪ銀行六本木支店ビル１Ｆ,https://www.softbank.jp/shop/search/detail/T248/,35.66348,139.73225,ok
softbank,関東,東京都,ソフトバンク 北千住,東京都足立区千住２丁目２２‐３　ＹＫビル１Ｆ,https://www.softbank.jp/shop/search/detail/T112/,35.750492,139.8027,ok
softbank,関東,東京都,ソフトバンク 十条,東京都北区上十条２丁目２４‐１３,https://www.softbank.jp/shop/search/detail/T1D8/,35.760887,139.7214,ok
softbank,関東,東京都,ソフトバンク 千歳烏山,東京都世田谷区南烏山４丁目１２‐５　並木ビル１Ｆ,https://www.softbank.jp/shop/search/detail/T111/,35.668797,139.60107,ok
softbank,関東,東京都,ソフトバンク 千歳船橋,東京都世田谷区桜丘２丁目２９‐１１　岡田ビル１Ｆ,https://www.softbank.jp/shop/search/detail/T1N8/,35.647076,139.62378,ok
softbank,関東,東京都,ソフトバンク 南町田グランベリーパーク,東京都町田市鶴間３丁目４‐１,https://www.softbank.jp/shop/search/detail/TH95/,35.510048,139.47119,ok
softbank,関東,東京都,ソフトバンク 吉祥寺サンロード,東京都武蔵野市吉祥寺本町１丁目９‐８,https://www.softbank.jp/shop/search/detail/T1J3/,35.7045,139.58006,ok
softbank,関東,東京都,ソフトバンク 吉祥寺マルイ,東京都武蔵野市吉祥寺南町１丁目７‐１　吉祥寺マルイ２階,https://www.softbank.jp/shop/search/detail/T1I7/,35.702023,139.57918,ok
softbank,関東,東京都,ソフトバンク 品川,東京都港区港南２丁目２‐１６　谷田企画第一ビル１Ｆ,https://www.softbank.jp/shop/search/detail/T1C0/,35.62913,139.7421,ok
softbank,関東,東京都,ソフトバンク 国分寺,東京都国分寺市本町４丁目１３‐５,https://www.softbank.jp/shop/search/detail/T155/,35.70079,139.4793,ok
softbank,関東,東京都,ソフトバンク 国分寺府中街道,東京都国分寺市東恋ヶ窪５丁目１４番４号,https://www.softbank.jp/shop/search/detail/TH74/,35.710808,139.46823,ok
softbank,関東,東京都,ソフトバンク 国立,東京都国立市東１丁目７‐１０　レジディア国立１階,https://www.softbank.jp/shop/search/detail/T190/,35.698082,139.44753,ok
softbank,関東,東京都,ソフトバンク 国立富士見台,東京都国立市富士見台１丁目５‐６,https://www.softbank.jp/shop/search/detail/TG97/,35.686096,139.44753,ok
softbank,関東,東京都,ソフトバンク 地下鉄赤塚,東京都練馬区田柄２丁目４９‐１０,https://www.softbank.jp/shop/search/detail/T1F4/,35.770054,139.64342,ok
softbank,関東,東京都,ソフトバンク 多摩ニュータウン,東京都八王子市松木３４‐１４　グランデビル１Ｆ,https://www.softbank.jp/shop/search/detail/T127/,35.625893,139.39775,ok
softbank,関東,東京都,ソフトバンク 大久保,東京都新宿区百人町１丁目１８‐１０　第二林ビル１Ｆ,https://www.softbank.jp/shop/search/detail/T1A1/,35.701622,139.6959,ok
softbank,関東,東京都,ソフトバンク 大塚駅前,東京都豊島区北大塚２丁目１６‐８　バロックコート大塚１０１号,https://www.softbank.jp/shop/search/detail/T1A3/,35.73306,139.72856,ok
softbank,関東,東京都,ソフトバンク 大山,東京都板橋区大山町９‐４,https://www.softbank.jp/shop/search/detail/T1Q8/,35.747948,139.702,ok
softbank,関東,東京都,ソフトバンク 大岡山,東京都大田区北千束１丁目５１‐１,https://www.softbank.jp/shop/search/detail/T1U0/,35.60887,139.68544,ok
softbank,関東,東京都,ソフトバンク 大崎ニューシティ,東京都品川区大崎１丁目６‐４　大崎ニューシティ２Ｆ,https://www.softbank.jp/shop/search/detail/T185/,35.620117,139.72946,ok
softbank,関東,東京都,ソフトバンク 大森,東京都品川区南大井６丁目２８‐１０,https://www.softbank.jp/shop/search/detail/T120/,35.588165,139.7296,ok
softbank,関東,東京都,ソフトバンク 大泉学園,東京都練馬区東大泉１丁目３４‐１　笹仙ビル１Ｆ,https://www.softbank.jp/shop/search/detail/TD15/,35.75077,139.58846,ok
softbank,関東,東京都,ソフトバンク 大鳥居駅前,東京都大田区西糀谷３丁目３９‐５　江川第二ビル１Ｆ,https://www.softbank.jp/shop/search/detail/T1F0/,35.552593,139.73863,ok
softbank,関東,東京都,ソフトバンク 学芸大学,東京都目黒区鷹番３丁目２０‐４　山崎ビル１Ｆ,https://www.softbank.jp/shop/search/detail/T145/,35.62941,139.68257,ok
softbank,関東,東京都,ソフトバンク 小岩昭和通り,東京都江戸川区南小岩７丁目２７ー２地場ビル１階,https://www.softbank.jp/shop/search/detail/TG16/,35.73262,139.88272,ok
softbank,関東,東京都,ソフトバンク 小平天神町,東京都小平市天神町４丁目１１番１号,https://www.softbank.jp/shop/search/detail/T249/,35.730526,139.49834,ok
softbank,関東,東京都,ソフトバンク 小平小川町,東京都小平市小川町１丁目２１４１,https://www.softbank.jp/shop/search/detail/T1H8/,35.730503,139.46307,ok
softbank,関東,東京都,ソフトバンク 巣鴨,東京都豊島区巣鴨１丁目１８番８号　巣鴨東宝ビル１Ｆ,https://www.softbank.jp/shop/search/detail/T1B9/,35.732555,139.73929,ok
softbank,関東,東京都,ソフトバンク 市ヶ谷,東京都千代田区五番町５‐１　第８田中ビル１階,https://www.softbank.jp/shop/search/detail/T104/,35.690174,139.73581,ok
softbank,関東,東京都,ソフトバンク 平井駅南口,東京都江戸川区平井４丁目８‐８,https://www.softbank.jp/shop/search/detail/TD46/,35.705654,139.84424,ok
softbank,関東,東京都,ソフトバンク 府中,東京都府中市宮町１丁目１００武蔵府中ル・シーニュ２階,https://www.softbank.jp/shop/search/detail/T152/,35.6718,139.47963,ok
softbank,関東,東京都,ソフトバンク 志村坂上,東京都板橋区小豆沢２丁目１７‐７キャッスルマンション志村坂上　１階,https://www.softbank.jp/shop/search/detail/T1O3/,35.775772,139.69586,ok
softbank,関東,東京都,ソフトバンク 恵比寿,東京都渋谷区恵比寿西１丁目１‐２　しんみつビル,https://www.softbank.jp/shop/search/detail/T157/,35.647892,139.70918,ok
softbank,関東,東京都,ソフトバンク 成城学園,東京都世田谷区成城２丁目４０‐５　ヴェルドミール成城１Ｆ,https://www.softbank.jp/shop/search/detail/T118/,35.63965,139.59859,ok
softbank,関東,東京都,ソフトバンク 成増,東京都板橋区成増１丁目３１‐７　クリーンビル１Ｆ,https://www.softbank.jp/shop/search/detail/T181/,35.777565,139.62915,ok
softbank,関東,東京都,ソフトバンク 成瀬,東京都町田市南成瀬４丁目２‐４,https://www.softbank.jp/shop/search/detail/TG28/,35.538067,139.47412,ok
softbank,関東,東京都,ソフトバンク 戸越銀座,東京都品川区平塚２丁目１７‐１０　セゾン８８　１Ｆ,https://www.softbank.jp/shop/search/detail/T1P1/,35.61564,139.7143,ok
softbank,関東,東京都,ソフトバンク 新宿東口中央通り,東京都新宿区新宿３丁目３４‐９　新宿三丁目ユウキビル,https://www.softbank.jp/shop/search/detail/T1M7/,35.690594,139.70241,ok
softbank,関東,東京都,ソフトバンク 新宿西口,東京都新宿区西新宿１丁目１９‐５　新宿幸容ビル,https://www.softbank.jp/shop/search/detail/T1G5/,35.68818,139.6972,ok
softbank,関東,東京都,ソフトバンク 新小岩,東京都葛飾区新小岩１丁目５０‐１　新小岩Ｓビル１Ｆ,https://www.softbank.jp/shop/search/detail/T124/,35.715485,139.86,ok
softbank,関東,東京都,ソフトバンク 新橋,東京都港区西新橋１丁目１５‐５　内幸町ケイズビル１Ｆ,https://www.softbank.jp/shop/search/detail/T162/,35.668083,139.75443,ok
softbank,関東,東京都,ソフトバンク 新秋津,東京都東村山市秋津町５丁目１３‐５,https://www.softbank.jp/shop/search/detail/TD14/,35.777832,139.49416,ok
softbank,関東,東京都,ソフトバンク 方南町駅前,東京都杉並区方南２丁目２１‐３　アコード方南ビル１階,https://www.softbank.jp/shop/search/detail/TD45/,35.683636,139.65753,ok
softbank,関東,東京都,ソフトバンク 旗の台,東京都品川区旗の台２丁目８‐１１ハイム中里１Ｆ,https://www.softbank.jp/shop/search/detail/TH04/,35.606655,139.7036,ok
softbank,関東,東京都,ソフトバンク 日暮里,東京都荒川区西日暮里２丁目１９‐４　たちばなビル１・２Ｆ,https://www.softbank.jp/shop/search/detail/T160/,35.728382,139.77127,ok
softbank,関東,東京都,ソフトバンク 日野,東京都日野市新町１丁目２０番１,https://www.softbank.jp/shop/search/detail/TH78/,35.680103,139.39307,ok
softbank,関東,東京都,ソフトバンク 早稲田,東京都新宿区喜久井町２　アパ早稲田ビル１Ｆ,https://www.softbank.jp/shop/search/detail/T1U8/,35.705524,139.72044,ok
softbank,関東,東京都,ソフトバンク 晴海トリトン,東京都中央区晴海１丁目８‐１６　晴海トリトンスクエア２階,https://www.softbank.jp/shop/search/detail/TD44/,35.657314,139.78241,ok
softbank,関東,東京都,ソフトバンク 有明ガーデン,東京都江東区有明２丁目１‐８　有明ガーデン商業棟　４階,https://www.softbank.jp/shop/search/detail/TH98/,35.63856,139.79387,ok
softbank,関東,東京都,ソフトバンク 本郷三丁目,東京都文京区本郷７丁目２‐１２　ＰａｒｋＡｘｉｓ本郷の杜１０１,https://www.softbank.jp/shop/search/detail/T1A7/,35.707684,139.76125,ok
softbank,関東,東京都,ソフトバンク 東久留米ショッピングセンタークルネ,東京都東久留米市野火止１丁目３番３号　東久留米ショッピングセンタークルネ１階,https://www.softbank.jp/shop/search/detail/T1M2/,35.75945,139.51169,ok
softbank,関東,東京都,ソフトバンク 東久留米前沢,東京都東久留米市前沢４丁目４‐５,https://www.softbank.jp/shop/search/detail/T177/,35.744606,139.51363,ok
softbank,関東,東京都,ソフトバンク 東京ソラマチ,東京都墨田区押上１丁目１‐２　東京スカイツリータウン・ソラマチ１階,https://www.softbank.jp/shop/search/detail/TH81/,35.710033,139.81071,ok
softbank,関東,東京都,ソフトバンク 東十条,東京都北区東十条３丁目１２‐４　中村ビル１Ｆ,https://www.softbank.jp/shop/search/detail/T1J7/,35.766907,139.73053,ok
softbank,関東,東京都,ソフトバンク 東大和向原,東京都東大和市向原２丁目１‐１,https://www.softbank.jp/shop/search/detail/TG83/,35.742428,139.43958,ok
softbank,関東,東京都,ソフトバンク 東村山,東京都東村山市本町２丁目４‐８２,https://www.softbank.jp/shop/search/detail/T125/,35.76106,139.46666,ok
softbank,関東,東京都,ソフトバンク 東武練馬,東京都練馬区北町２丁目２５‐１１　エトワール北町１階,https://www.softbank.jp/shop/search/detail/T1U6/,35.768036,139.66104,ok
softbank,関東,東京都,ソフトバンク 東長崎駅前,東京都豊島区南長崎５丁目２８‐７,https://www.softbank.jp/shop/search/detail/T1J2/,35.72951,139.68318,ok
softbank,関東,東京都,ソフトバンク 東陽町イースト２１,東京都江東区東陽６丁目３‐２　東京イースト２１　１Ｆ,https://www.softbank.jp/shop/search/detail/T1J4/,35.675304,139.81567,ok
softbank,関東,東京都,ソフトバンク 板橋,東京都板橋区板橋１丁目４９‐３　ライオンズマンション板橋１Ｆ,https://www.softbank.jp/shop/search/detail/T114/,35.747627,139.71873,ok
softbank,関東,東京都,ソフトバンク 桜新町,東京都世田谷区桜新町１丁目１５‐２０　サンライク桜新町１Ｆ,https://www.softbank.jp/shop/search/detail/T1V4/,35.629875,139.64383,ok
softbank,関東,東京都,ソフトバンク 梅屋敷,東京都大田区大森西６丁目１４‐１５,https://www.softbank.jp/shop/search/detail/T1F8/,35.567623,139.72684,ok
softbank,関東,東京都,ソフトバンク 武蔵小山パルム,東京都品川区小山３丁目２１‐１３　武蔵小山パルムＡ棟,https://www.softbank.jp/shop/search/detail/TH90/,35.619083,139.70506,ok
softbank,関東,東京都,ソフトバンク 武蔵小金井,東京都小金井市本町６丁目１４‐４５ｎｏｎｏｗａ武蔵小金井１階,https://www.softbank.jp/shop/search/detail/T148/,35.700092,139.50682,ok
softbank,関東,東京都,ソフトバンク 武蔵村山,東京都武蔵村山市学園１丁目４‐１,https://www.softbank.jp/shop/search/detail/T1O5/,35.750423,139.3904,ok
softbank,関東,東京都,ソフトバンク 水天宮,東京都中央区日本橋人形町２丁目３５‐１４　東京海苔会館１階,https://www.softbank.jp/shop/search/detail/T171/,35.685028,139.78645,ok
softbank,関東,東京都,ソフトバンク 江古田,東京都練馬区栄町３‐８　新日本パレス江古田,https://www.softbank.jp/shop/search/detail/T1U2/,35.737316,139.67152,ok
softbank,関東,東京都,ソフトバンク 池上,東京都大田区池上６丁目２‐２０　クディアム・藤文１Ｆ,https://www.softbank.jp/shop/search/detail/TG91/,35.572403,139.70259,ok
softbank,関東,東京都,ソフトバンク 池袋東口駅前,東京都豊島区南池袋１丁目２６‐６Ｔｈｅ　ＳＨ　ｏｎｅ　１Ｆ、２Ｆ,https://www.softbank.jp/shop/search/detail/TJ01/,35.72921,139.71327,ok
softbank,関東,東京都,ソフトバンク 池袋西口,東京都豊島区西池袋１丁目１６‐１０　第２三笠ビル,https://www.softbank.jp/shop/search/detail/T195/,35.730778,139.7093,ok
softbank,関東,東京都,ソフトバンク 池袋西口アゼリア通り,東京都豊島区西池袋５丁目４‐７　池袋トーセイビル１階,https://www.softbank.jp/shop/search/detail/TJ18/,35.731907,139.70576,ok
softbank,関東,東京都,ソフトバンク 河辺青梅街道,東京都青梅市師岡町３丁目１７‐１,https://www.softbank.jp/shop/search/detail/T107/,35.788998,139.28662,ok
softbank,関東,東京都,ソフトバンク 浅草ＲＯＸ,東京都台東区浅草１丁目２５‐１５　浅草ＲＯＸ　１Ｆ,https://www.softbank.jp/shop/search/detail/T168/,35.712864,139.79262,ok
softbank,関東,東京都,ソフトバンク 浜松町,東京都港区芝大門２丁目４‐４　中根ビル１Ｆ,https://www.softbank.jp/shop/search/detail/T117/,35.656406,139.75429,ok
softbank,関東,東京都,ソフトバンク 浜田山,東京都杉並区浜田山３丁目３１‐８　安藤ビル１Ｆ,https://www.softbank.jp/shop/search/detail/T1Q1/,35.681545,139.62805,ok
softbank,関東,東京都,ソフトバンク 清瀬,東京都清瀬市元町１丁目８‐３５　アマルフィ,https://www.softbank.jp/shop/search/detail/TD17/,35.77299,139.51988,ok
softbank,関東,東京都,ソフトバンク 渋谷,東京都渋谷区宇田川町２７‐４　喜山ビル,https://www.softbank.jp/shop/search/detail/T198/,35.660122,139.69864,ok
softbank,関東,東京都,ソフトバンク 渋谷宮益坂,東京都渋谷区渋谷１丁目８‐６　ＶＯＲＴ渋谷宮益坂１Ｆ,https://www.softbank.jp/shop/search/detail/T113/,35.66021,139.70529,ok
softbank,関東,東京都,ソフトバンク 狛江,東京都狛江市東和泉１丁目１１‐８　ＭｉＰａｌａｃｉｏ１Ｆ,https://www.softbank.jp/shop/search/detail/T1C7/,35.63287,139.57971,ok
softbank,関東,東京都,ソフトバンク 王子駅前,東京都北区王子２丁目３０‐３　ニッセイ王子ビル１階,https://www.softbank.jp/shop/search/detail/TD43/,35.756756,139.73764,ok
softbank,関東,東京都,ソフトバンク 瑞江,東京都江戸川区東瑞江１丁目２６ー１５瑞江ジーエスビル１Ｆ,https://www.softbank.jp/shop/search/detail/T172/,35.692394,139.89761,ok
softbank,関東,東京都,ソフトバンク 瑞穂Ｒ１６,東京都西多摩郡瑞穂町大字駒形富士山４１０‐１,https://www.softbank.jp/shop/search/detail/T1O1/,35.784203,139.3552,ok
softbank,関東,東京都,ソフトバンク 田原町,東京都台東区寿４丁目１６‐６　寿ビル１Ｆ,https://www.softbank.jp/shop/search/detail/T1G6/,35.709396,139.79161,ok
softbank,関東,東京都,ソフトバンク 田無アスタ,東京都西東京市田無町２丁目１‐１　アスタ２Ｆショッピングプラザ　田無アスタ,https://www.softbank.jp/shop/search/detail/T174/,35.72839,139.5402,ok
softbank,関東,東京都,ソフトバンク 町屋,東京都荒川区町屋２丁目２‐２０,https://www.softbank.jp/shop/search/detail/T1R4/,35.74371,139.78094,ok
softbank,関東,東京都,ソフトバンク 町田,東京都町田市原町田６丁目１１‐１１,https://www.softbank.jp/shop/search/detail/T1F2/,35.5443,139.44623,ok
softbank,関東,東京都,ソフトバンク 町田小山,東京都町田市小山町６１５,https://www.softbank.jp/shop/search/detail/TD23/,35.59138,139.38388,ok
softbank,関東,東京都,ソフトバンク 町田金井,東京都町田市金井２丁目７‐９,https://www.softbank.jp/shop/search/detail/T1O6/,35.57218,139.45584,ok
softbank,関東,東京都,ソフトバンク 目黒,東京都品川区上大崎２丁目１８ー１６　ヴェリテ目黒,https://www.softbank.jp/shop/search/detail/T175/,35.635773,139.71481,ok
softbank,関東,東京都,ソフトバンク 矢野口,東京都稲城市矢野口６２９‐３　ｓｕｅｒｔｅ矢野口１階,https://www.softbank.jp/shop/search/detail/T1I8/,35.63995,139.51968,ok
softbank,関東,東京都,ソフトバンク 石神井公園,東京都練馬区石神井町３丁目１８‐１１　マツヤビル１Ｆ,https://www.softbank.jp/shop/search/detail/TJ30/,35.742935,139.60486,ok
softbank,関東,東京都,ソフトバンク 神楽坂,東京都新宿区神楽坂６丁目４７　照井ビル１Ｆ,https://www.softbank.jp/shop/search/detail/T1G0/,35.703384,139.7359,ok
softbank,関東,東京都,ソフトバンク 神田,東京都千代田区神田鍛冶町３丁目３‐４　サンクス神田駅前ビル,https://www.softbank.jp/shop/search/detail/T143/,35.693592,139.77069,ok
softbank,関東,東京都,ソフトバンク 福生,東京都福生市大字福生７６７　ふじや第一ビル１Ｆ,https://www.softbank.jp/shop/search/detail/T126/,35.741817,139.32736,ok
softbank,関東,東京都,ソフトバンク 立川,東京都立川市曙町２丁目７‐１７　丸井・井上共同ビル　１Ｆ,https://www.softbank.jp/shop/search/detail/T122/,35.699997,139.41382,ok
softbank,関東,東京都,ソフトバンク 立川南,東京都立川市柴崎町３丁目６‐１　立川Ｎビル,https://www.softbank.jp/shop/search/detail/T123/,35.696625,139.41316,ok
softbank,関東,東京都,ソフトバンク 竹ノ塚,東京都足立区竹の塚５丁目６‐２,https://www.softbank.jp/shop/search/detail/T191/,35.79314,139.79451,ok
softbank,関東,東京都,ソフトバンク 笹塚,東京都渋谷区笹塚２丁目１４‐１５　ヴェルト笹塚ツインビル１　１Ｆ,https://www.softbank.jp/shop/search/detail/T196/,35.674633,139.66718,ok
softbank,関東,東京都,ソフトバンク 経堂駅前,東京都世田谷区経堂１丁目２１番１８号　原田ビル１階,https://www.softbank.jp/shop/search/detail/TH19/,35.650482,139.63692,ok
softbank,関東,東京都,ソフトバンク 綾瀬,東京都足立区綾瀬３丁目５‐２０　柏芳ビル参号館１Ｆ,https://www.softbank.jp/shop/search/detail/T1J8/,35.76305,139.82408,ok
softbank,関東,東京都,ソフトバンク 練馬,東京都練馬区豊玉北５丁目１７‐７　ネリマビル１Ｆ、Ｂ１Ｆ,https://www.softbank.jp/shop/search/detail/T101/,35.737244,139.65451,ok
softbank,関東,東京都,ソフトバンク 羽村,東京都羽村市羽東１丁目２３‐２９,https://www.softbank.jp/shop/search/detail/T1Q6/,35.761177,139.31075,ok
softbank,関東,東京都,ソフトバンク 羽村栄町,東京都羽村市栄町２丁目２‐６,https://www.softbank.jp/shop/search/detail/T1K5/,35.772007,139.30801,ok
softbank,関東,東京都,ソフトバンク 自由が丘南口,東京都目黒区自由が丘１丁目８‐１　ミナミビル１Ｆ,https://www.softbank.jp/shop/search/detail/T1V3/,35.60732,139.6698,ok
softbank,関東,東京都,ソフトバンク 船堀,東京都江戸川区船堀３丁目５‐７　ＴＯＫＩビル１Ｆ,https://www.softbank.jp/shop/search/detail/T139/,35.68311,139.86386,ok
softbank,関東,東京都,ソフトバンク 花小金井,東京都小平市花小金井南町１丁目２７‐２２　Ｒ・Ｙビルディングサウス１Ｆ,https://www.softbank.jp/shop/search/detail/T1O2/,35.72595,139.51227,ok
softbank,関東,東京都,ソフトバンク 若葉台,東京都稲城市若葉台２丁目４‐２　フレスポ若葉台２階,https://www.softbank.jp/shop/search/detail/T1E3/,35.620354,139.47084,ok
softbank,関東,東京都,ソフトバンク 茗荷谷,東京都文京区小石川５丁目５‐６　羽鳥ビル１階,https://www.softbank.jp/shop/search/detail/TD08/,35.717995,139.7369,ok
softbank,関東,東京都,ソフトバンク 荻窪,東京都杉並区上荻１丁目１７‐１　シンフォニーシティ荻窪１階,https://www.softbank.jp/shop/search/detail/T182/,35.70578,139.61865,ok
softbank,関東,東京都,ソフトバンク 落合駅前,東京都新宿区上落合２丁目２９‐１　山武落合ビル１Ｆ,https://www.softbank.jp/shop/search/detail/TD25/,35.71062,139.6852,ok
softbank,関東,東京都,ソフトバンク 葛西,東京都江戸川区東葛西６丁目１‐１２アビタシオン葛西１Ｆ,https://www.softbank.jp/shop/search/detail/T1V2/,35.66188,139.87334,ok
softbank,関東,東京都,ソフトバンク 蒲田,東京都大田区蒲田４丁目１‐１　エクセルダイア蒲田ネクスト１Ｆ,https://www.softbank.jp/shop/search/detail/TH79/,35.56189,139.72153,ok
softbank,関東,東京都,ソフトバンク 蒲田東急プラザ,東京都大田区西蒲田７丁目６９‐１　蒲田東急プラザ７Ｆ,https://www.softbank.jp/shop/search/detail/T187/,35.562008,139.71536,ok
softbank,関東,東京都,ソフトバンク 蓮根,東京都板橋区蓮根３丁目１‐１　羽深ビル１Ｆ,https://www.softbank.jp/shop/search/detail/T194/,35.78554,139.6792,ok
softbank,関東,東京都,ソフトバンク 表参道,東京都渋谷区神宮前１丁目１３‐９　アルテカプラザ１Ｆ,https://www.softbank.jp/shop/search/detail/T1D3/,35.669235,139.70438,ok
softbank,関東,東京都,ソフトバンク 西八王子,東京都八王子市千人町２丁目２０‐１デラパン西八王子駅前ビル１Ｆ,https://www.softbank.jp/shop/search/detail/T108/,35.65753,139.31313,ok
softbank,関東,東京都,ソフトバンク 西新宿,東京都新宿区西新宿７丁目８‐１０　オークラヤビル,https://www.softbank.jp/shop/search/detail/TD36/,35.695942,139.69798,ok
softbank,関東,東京都,ソフトバンク 西日暮里,東京都荒川区西日暮里５丁目２４‐８　増田ビル１Ｆ,https://www.softbank.jp/shop/search/detail/TD49/,35.73249,139.76747,ok
softbank,関東,東京都,ソフトバンク 西荻窪,東京都杉並区西荻北３丁目２‐７グロリアス西荻窪１Ｆ,https://www.softbank.jp/shop/search/detail/T1L8/,35.704254,139.59868,ok
softbank,関東,東京都,ソフトバンク 西葛西,東京都江戸川区西葛西６丁目１３‐７　第７山秀ビル２Ｆ,https://www.softbank.jp/shop/search/detail/T140/,35.66363,139.85904,ok
softbank,関東,東京都,ソフトバンク 調布,東京都調布市布田１丁目３３‐１‐１Ｆ,https://www.softbank.jp/shop/search/detail/T128/,35.653175,139.54454,ok
softbank,関東,東京都,ソフトバンク 調布南口,東京都調布市小島町２丁目５６‐３　調布センタービル１階,https://www.softbank.jp/shop/search/detail/TD35/,35.648888,139.54294,ok
softbank,関東,東京都,ソフトバンク 赤坂見附,東京都港区赤坂３丁目２‐８　ＶＯＲＴ赤坂見附Ⅱ,https://www.softbank.jp/shop/search/detail/T179/,35.67568,139.73773,ok
softbank,関東,東京都,ソフトバンク 赤羽駅前,東京都北区赤羽１丁目１６‐２　ＴＮ‐１ｓｔビル１階,https://www.softbank.jp/shop/search/detail/TD20/,35.77931,139.72069,ok
softbank,関東,東京都,ソフトバンク 銀座,東京都中央区銀座５丁目７番８号,https://www.softbank.jp/shop/search/detail/TD31/,35.670677,139.76402,ok
softbank,関東,東京都,ソフトバンク 門前仲町,東京都江東区門前仲町１丁目６‐１２　門前仲町ＭＡビル１Ｆ,https://www.softbank.jp/shop/search/detail/T154/,35.67308,139.7937,ok
softbank,関東,東京都,ソフトバンク 阪急大井町ガーデン,東京都品川区大井１丁目５０‐５阪急大井町ガーデン２階,https://www.softbank.jp/shop/search/detail/T119/,35.605312,139.73416,ok
softbank,関東,東京都,ソフトバンク 阿佐ヶ谷,東京都杉並区阿佐谷南１丁目４７‐１２,https://www.softbank.jp/shop/search/detail/T189/,35.704006,139.63713,ok
softbank,関東,東京都,ソフトバンク 雑色水門通り,東京都大田区東六郷２丁目９‐１１,https://www.softbank.jp/shop/search/detail/TD28/,35.549416,139.71732,ok
softbank,関東,東京都,ソフトバンク 雪が谷大塚駅前,東京都大田区南雪谷２丁目１７‐１０　山水ビル１Ｆ,https://www.softbank.jp/shop/search/detail/T1F7/,35.591034,139.68028,ok
softbank,関東,東京都,ソフトバンク 青砥駅前,東京都葛飾区青戸３丁目３７‐１９,https://www.softbank.jp/shop/search/detail/T100/,35.745525,139.85567,ok
softbank,関東,東京都,ソフトバンク 飯田橋,東京都千代田区飯田橋４丁目６‐９　ＳＴビル１Ｆ,https://www.softbank.jp/shop/search/detail/T102/,35.701015,139.74683,ok
softbank,関東,東京都,ソフトバンク 駒沢大学駅前,東京都世田谷区駒沢２丁目１‐５,https://www.softbank.jp/shop/search/detail/T1H9/,35.633087,139.66054,ok
softbank,関東,東京都,ソフトバンク 駒込,東京都豊島区駒込１丁目４２‐２　ライオンズマンション駒込駅前１０１,https://www.softbank.jp/shop/search/detail/T1A2/,35.735565,139.74728,ok
softbank,関東,東京都,ソフトバンク 高円寺,東京都杉並区高円寺南４丁目７‐１０　高円寺ビル１Ｆ,https://www.softbank.jp/shop/search/detail/T138/,35.70346,139.64885,ok
softbank,関東,東京都,ソフトバンク 高島平,東京都板橋区高島平８丁目４‐１２　ロイヤルステージ恵比寿１Ｆ,https://www.softbank.jp/shop/search/detail/T1Q9/,35.789356,139.66171,ok
softbank,関東,東京都,ソフトバンク 高幡不動駅前,東京都日野市高幡３‐１７,https://www.softbank.jp/shop/search/detail/T1E7/,35.662056,139.41277,ok
softbank,関東,東京都,ソフトバンク 高田馬場,東京都新宿区高田馬場２丁目１３‐２　Ｐｒｉｍｅｇａｔｅ１階,https://www.softbank.jp/shop/search/detail/T132/,35.712284,139.70753,ok
softbank,関東,東京都,ソフトバンク 高野駅前,東京都足立区江北１丁目２０‐１７,https://www.softbank.jp/shop/search/detail/TD52/,35.76918,139.77017,ok
softbank,関東,東京都,ソフトバンク 鶴川,東京都町田市能ヶ谷２丁目１２‐５４　メゾンナツウメ１階,https://www.softbank.jp/shop/search/detail/TD21/,35.583794,139.48026,ok
softbank,関東,東京都,ソフトバンク 鷺ノ宮北口,東京都中野区鷺宮３丁目１９‐７　グリーンビル１Ｆ,https://www.softbank.jp/shop/search/detail/T1F6/,35.723476,139.63824,ok
softbank,関東,東京都,ソフトバンク 麻布十番,東京都港区麻布十番２丁目２０‐１４　麻布十番ハウス１階,https://www.softbank.jp/shop/search/detail/T1U3/,35.655193,139.73656,ok
softbank,関東,東京都,ソフトバンク ＢＲＡＮＣＨ調布,東京都調布市深大寺東町７丁目４７‐１ブランチ調布１階,https://www.softbank.jp/shop/search/detail/T1I4/,35.681786,139.55817,ok
softbank,関東,東京都,ソフトバンク ＢｉＶｉ南千住,東京都荒川区南千住４丁目７‐１　ＢｉＶｉ１階,https://www.softbank.jp/shop/search/detail/E021/,35.73501,139.80086,ok
softbank,関東,東京都,ソフトバンク ＭＡＲＫ　ＩＳ　葛飾かなまち,東京都葛飾区東金町１丁目１０‐１‐３Ｆ,https://www.softbank.jp/shop/search/detail/T169/,35.77055,139.86728,ok
softbank,関東,東京都,ソフトバンク ＭＩＮＡＮＯ府中・分倍河原,東京都府中市片町３丁目２２‐２６　ＭＩＮＡＮＯ１Ｆ,https://www.softbank.jp/shop/search/detail/T1T4/,35.667072,139.4678,ok
softbank,関東,東京都,ソフトバンク ＶＩＴＡ　ＭＡＬＬ　ＳＥＩＳＥＫＩ,東京都多摩市関戸４丁目７２番地　ＶＩＴＡ　ＭＡＬＬ　ＳＥＩＳＥＫＩ５Ｆ,https://www.softbank.jp/shop/search/detail/T149/,35.64962,139.44693,ok
softbank,関東,東京都,ソフトバンク ｉｉａｓ高尾,東京都八王子市東浅川町５５０‐１　ｉｉａｓ高尾２Ｆ,https://www.softbank.jp/shop/search/detail/TD50/,35.643066,139.28862,ok
softbank,関東,神奈川県,ソフトバンク 　トレッサ横浜,神奈川県横浜市港北区師岡町７００番地　トレッサ横浜南棟２階【Ｂ２０２‐４番区画番号】,https://www.softbank.jp/shop/search/detail/T2F1/,35.524612,139.64561,ok
softbank,関東,神奈川県,ソフトバンク あざみ野,神奈川県横浜市青葉区あざみ野２丁目９‐７,https://www.softbank.jp/shop/search/detail/T294/,35.568176,139.55153,ok
softbank,関東,神奈川県,ソフトバンク たまプラーザ,神奈川県横浜市青葉区美しが丘１丁目７　東急百貨店　たまプラーザ店１Ｆ,https://www.softbank.jp/shop/search/detail/T212/,35.57861,139.55782,ok
softbank,関東,神奈川県,ソフトバンク ゆめが丘ソラトス,神奈川県横浜市泉区ゆめが丘３１番地　ゆめが丘ソラトス３階　３３６区画,https://www.softbank.jp/shop/search/detail/TJ33/,35.406685,139.48381,ok
softbank,関東,神奈川県,ソフトバンク ららぽーと横浜,神奈川県横浜市都筑区池辺町４０３５‐１,https://www.softbank.jp/shop/search/detail/T2A7/,35.51751,139.56654,ok
softbank,関東,神奈川県,ソフトバンク ららぽーと海老名,神奈川県海老名市扇町１３番１号４階（区画４２９００）,https://www.softbank.jp/shop/search/detail/TG92/,35.455753,139.3894,ok
softbank,関東,神奈川県,ソフトバンク ららぽーと湘南平塚,神奈川県平塚市天沼１０‐１　ららぽーと湘南平塚３階３４０１０,https://www.softbank.jp/shop/search/detail/TH51/,35.33641,139.3551,ok
softbank,関東,神奈川県,ソフトバンク ららテラス武蔵小杉,神奈川県川崎市中原区新丸子東３丁目１３０２番ららテラス武蔵小杉４Ｆ,https://www.softbank.jp/shop/search/detail/T242/,35.575092,139.65979,ok
softbank,関東,神奈川県,ソフトバンク アピタ金沢文庫,神奈川県横浜市金沢区釜利谷東２丁目１‐１　アピタ金沢文庫３Ｆ,https://www.softbank.jp/shop/search/detail/T206/,35.341488,139.62062,ok
softbank,関東,神奈川県,ソフトバンク アリオ橋本,神奈川県相模原市緑区大山町１‐２２　アリオ橋本２階　区画２１０,https://www.softbank.jp/shop/search/detail/T2D6/,35.591343,139.34985,ok
softbank,関東,神奈川県,ソフトバンク イオンモール大和,神奈川県大和市下鶴間１丁目２‐１　イオンモール大和３Ｆ,https://www.softbank.jp/shop/search/detail/T290/,35.488907,139.45819,ok
softbank,関東,神奈川県,ソフトバンク イオンモール座間,神奈川県座間市広野台２丁目１０‐４　イオンモール座間３Ｆ,https://www.softbank.jp/shop/search/detail/TH72/,35.500595,139.42516,ok
softbank,関東,神奈川県,ソフトバンク イオン相模原,神奈川県相模原市南区古淵２丁目１０‐１　１階,https://www.softbank.jp/shop/search/detail/T226/,35.55375,139.41777,ok
softbank,関東,神奈川県,ソフトバンク イオン秦野,神奈川県秦野市入船町１２‐１　イオン秦野２階,https://www.softbank.jp/shop/search/detail/T208/,35.3781,139.22797,ok
softbank,関東,神奈川県,ソフトバンク イオン茅ヶ崎中央,神奈川県茅ヶ崎市茅ヶ崎３丁目５‐１６　イオン茅ヶ崎中央１階,https://www.softbank.jp/shop/search/detail/TH80/,35.336056,139.40265,ok
softbank,関東,神奈川県,ソフトバンク イオン金沢八景,神奈川県横浜市金沢区泥亀１丁目２７‐１　イオン金沢八景店１階,https://www.softbank.jp/shop/search/detail/T2C4/,35.33402,139.6223,ok
softbank,関東,神奈川県,ソフトバンク イトーヨーカドー上永谷,神奈川県横浜市港南区丸山台１丁目１２　２Ｆ,https://www.softbank.jp/shop/search/detail/TJ21/,35.40035,139.57205,ok
softbank,関東,神奈川県,ソフトバンク グランツリー武蔵小杉,神奈川県川崎市中原区新丸子東３丁目１１３５‐１　グランツリー武蔵小杉３Ｆ,https://www.softbank.jp/shop/search/detail/TH68/,35.573772,139.66016,ok
softbank,関東,神奈川県,ソフトバンク ショップサテライト湘南モールフィル,神奈川県藤沢市辻堂新町４丁目１‐１,https://www.softbank.jp/shop/search/detail/TJ50/,35.339035,139.46457,ok
softbank,関東,神奈川県,ソフトバンク ジ　アウトレット湘南平塚,神奈川県平塚市大神８丁目１番１号　ジ　アウトレット湘南平塚　２階　２２０８区画,https://www.softbank.jp/shop/search/detail/TJ27/,35.392372,139.3633,ok
softbank,関東,神奈川県,ソフトバンク センター北改札前,神奈川県横浜市都筑区中川中央１丁目１‐１　あいたいメイト,https://www.softbank.jp/shop/search/detail/T281/,35.553513,139.57808,ok
softbank,関東,神奈川県,ソフトバンク ダイナシティ小田原,神奈川県小田原市中里２０８　ダイナシティウエスト４Ｆ,https://www.softbank.jp/shop/search/detail/T228/,35.283966,139.18553,ok
softbank,関東,神奈川県,ソフトバンク テラスモール湘南,神奈川県藤沢市辻堂神台１丁目３‐１　テラスモール湘南３階,https://www.softbank.jp/shop/search/detail/T2E4/,35.338295,139.44623,ok
softbank,関東,神奈川県,ソフトバンク ノクティ溝の口,神奈川県川崎市高津区溝口１丁目４‐１　ノクティプラザ２ビル１Ｆ,https://www.softbank.jp/shop/search/detail/TG36/,35.59906,139.613,ok
softbank,関東,神奈川県,ソフトバンク ビナウォーク海老名,神奈川県海老名市中央１丁目１８ー１　ビナウォーク６番館２階　（Ｃ２０２Ｃ区画）,https://www.softbank.jp/shop/search/detail/T2D9/,35.45227,139.39574,ok
softbank,関東,神奈川県,ソフトバンク フレスポ小田原シティーモール,神奈川県小田原市前川１２０　フレスポ小田原シティーモール,https://www.softbank.jp/shop/search/detail/TJ44/,35.281303,139.19319,ok
softbank,関東,神奈川県,ソフトバンク ボーノ相模大野,神奈川県相模原市南区相模大野３丁目３　ｂｏｎｏ相模大野サウスモール２階,https://www.softbank.jp/shop/search/detail/T2G7/,35.531204,139.43517,ok
softbank,関東,神奈川県,ソフトバンク ミウィ橋本,神奈川県相模原市緑区橋本３丁目２８‐１　ミウィ橋本内１Ｆ　１０７‐２,https://www.softbank.jp/shop/search/detail/TH70/,35.595066,139.34578,ok
softbank,関東,神奈川県,ソフトバンク ミスターマックス湘南藤沢,神奈川県藤沢市辻堂新町４丁目３‐５　ミスターマックス湘南藤沢２Ｆ,https://www.softbank.jp/shop/search/detail/TJ42/,35.339943,139.46437,ok
softbank,関東,神奈川県,ソフトバンク ヨドバシ横浜,神奈川県横浜市西区北幸１丁目２‐７,https://www.softbank.jp/shop/search/detail/T253/,35.467625,139.62012,ok
softbank,関東,神奈川県,ソフトバンク ラクアル・オダサガ,神奈川県相模原市南区南台３丁目２０‐１　ラクアル・オダサガ２Ｆ,https://www.softbank.jp/shop/search/detail/T2A5/,35.515247,139.42215,ok
softbank,関東,神奈川県,ソフトバンク ラスカ平塚,神奈川県平塚市宝町１‐１　ラスカ平塚１階,https://www.softbank.jp/shop/search/detail/T240/,35.328335,139.35146,ok
softbank,関東,神奈川県,ソフトバンク ラスカ茅ヶ崎,神奈川県茅ヶ崎市元町１‐１　ラスカ茅ヶ崎１階,https://www.softbank.jp/shop/search/detail/T219/,35.329937,139.40631,ok
softbank,関東,神奈川県,ソフトバンク ラゾーナ川崎プラザ,神奈川県川崎市幸区堀川町７２‐１　ラゾーナ川崎プラザ１階１　１２２２,https://www.softbank.jp/shop/search/detail/T260/,35.532806,139.69577,ok
softbank,関東,神奈川県,ソフトバンク 三ッ沢,神奈川県横浜市神奈川区三ツ沢上町６‐３　メゾンドバッカス１Ｆ,https://www.softbank.jp/shop/search/detail/T2B4/,35.476677,139.60724,ok
softbank,関東,神奈川県,ソフトバンク 三浦海岸Ｒ１３４,神奈川県横須賀市長沢１丁目５‐２　マルトビル１階,https://www.softbank.jp/shop/search/detail/T293/,35.201492,139.67569,ok
softbank,関東,神奈川県,ソフトバンク 上大岡,神奈川県横浜市港南区上大岡西１丁目１１‐７,https://www.softbank.jp/shop/search/detail/T232/,35.4109,139.59639,ok
softbank,関東,神奈川県,ソフトバンク 上溝,神奈川県相模原市中央区星が丘３丁目７‐２１,https://www.softbank.jp/shop/search/detail/T2A1/,35.557922,139.37099,ok
softbank,関東,神奈川県,ソフトバンク 中央林間,神奈川県大和市中央林間８丁目２５‐８　ＬＡＰＬＡ中央林間１階,https://www.softbank.jp/shop/search/detail/T211/,35.50931,139.44928,ok
softbank,関東,神奈川県,ソフトバンク 中山,神奈川県横浜市緑区寺山町８６,https://www.softbank.jp/shop/search/detail/T250/,35.514046,139.5394,ok
softbank,関東,神奈川県,ソフトバンク 久里浜,神奈川県横須賀市久里浜４丁目１３‐１１　ディアコート２,https://www.softbank.jp/shop/search/detail/T278/,35.230522,139.70442,ok
softbank,関東,神奈川県,ソフトバンク 二俣川,神奈川県横浜市旭区二俣川１丁目４３‐２８,https://www.softbank.jp/shop/search/detail/T207/,35.46483,139.53181,ok
softbank,関東,神奈川県,ソフトバンク 京急杉田,神奈川県横浜市磯子区杉田１丁目１７番１号　プララ杉田２Ｆ,https://www.softbank.jp/shop/search/detail/T2C7/,35.383625,139.6163,ok
softbank,関東,神奈川県,ソフトバンク 伊勢佐木モール,神奈川県横浜市中区伊勢佐木町１丁目３番地４,https://www.softbank.jp/shop/search/detail/T262/,35.44517,139.63348,ok
softbank,関東,神奈川県,ソフトバンク 伊勢原,神奈川県伊勢原市伊勢原２丁目２‐２２,https://www.softbank.jp/shop/search/detail/T229/,35.395977,139.31181,ok
softbank,関東,神奈川県,ソフトバンク 伊勢原Ｒ２４６,神奈川県伊勢原市串橋３４９‐１６,https://www.softbank.jp/shop/search/detail/T2B2/,35.391895,139.28378,ok
softbank,関東,神奈川県,ソフトバンク 元住吉,神奈川県川崎市中原区木月３丁目１７‐１,https://www.softbank.jp/shop/search/detail/T1U5/,35.565266,139.65097,ok
softbank,関東,神奈川県,ソフトバンク 北久里浜,神奈川県横須賀市根岸町２丁目３１‐１４　カマラードビル１Ｆ,https://www.softbank.jp/shop/search/detail/T210/,35.249256,139.68594,ok
softbank,関東,神奈川県,ソフトバンク 北山田,神奈川県横浜市都筑区北山田１丁目９‐３　ＥＫＩＮＩＷＡ北山田２Ｆ,https://www.softbank.jp/shop/search/detail/T2C5/,35.56178,139.59282,ok
softbank,関東,神奈川県,ソフトバンク 厚木妻田,神奈川県厚木市妻田西１丁目２８‐５,https://www.softbank.jp/shop/search/detail/T225/,35.458252,139.3562,ok
softbank,関東,神奈川県,ソフトバンク 厚木林,神奈川県厚木市林４丁目１２‐４８　杉田ビル１階,https://www.softbank.jp/shop/search/detail/TH07/,35.456654,139.35104,ok
softbank,関東,神奈川県,ソフトバンク 向ヶ丘遊園,神奈川県川崎市多摩区登戸２７０６‐５　白井ビル２Ｆ,https://www.softbank.jp/shop/search/detail/T200/,35.616123,139.56548,ok
softbank,関東,神奈川県,ソフトバンク 四季の森,神奈川県横浜市旭区上白根町８５３‐７,https://www.softbank.jp/shop/search/detail/T297/,35.49588,139.53517,ok
softbank,関東,神奈川県,ソフトバンク 大倉山,神奈川県横浜市港北区大倉山２丁目２‐１０　好善１階,https://www.softbank.jp/shop/search/detail/T2E7/,35.522087,139.62898,ok
softbank,関東,神奈川県,ソフトバンク 大和,神奈川県大和市中央４丁目２‐１,https://www.softbank.jp/shop/search/detail/T215/,35.46923,139.46053,ok
softbank,関東,神奈川県,ソフトバンク 大和桜ヶ丘,神奈川県大和市上和田１７７３‐１,https://www.softbank.jp/shop/search/detail/T283/,35.447857,139.46771,ok
softbank,関東,神奈川県,ソフトバンク 大船,神奈川県鎌倉市大船１丁目９‐５　大船島森ビル１Ｆ,https://www.softbank.jp/shop/search/detail/T235/,35.35313,139.53206,ok
softbank,関東,神奈川県,ソフトバンク 天王町,神奈川県横浜市保土ケ谷区天王町２丁目３６‐８　シレーナ．Ｓ１階,https://www.softbank.jp/shop/search/detail/T205/,35.454754,139.60425,ok
softbank,関東,神奈川県,ソフトバンク 宮前平,神奈川県川崎市宮前区小台２丁目６‐１０　宮前平ＯＦビル１Ｆ,https://www.softbank.jp/shop/search/detail/T2A4/,35.58444,139.58148,ok
softbank,関東,神奈川県,ソフトバンク 富士見が丘,神奈川県横浜市都筑区高山１‐２３,https://www.softbank.jp/shop/search/detail/T2E9/,35.537216,139.55927,ok
softbank,関東,神奈川県,ソフトバンク 寒川駅前,神奈川県高座郡寒川町岡田１丁目１５‐７,https://www.softbank.jp/shop/search/detail/T2C2/,35.369446,139.3873,ok
softbank,関東,神奈川県,ソフトバンク 小田原飯泉橋,神奈川県小田原市中新田２９４‐１,https://www.softbank.jp/shop/search/detail/T285/,35.27576,139.16502,ok
softbank,関東,神奈川県,ソフトバンク 小田原駅前,神奈川県小田原市栄町１丁目１４‐７,https://www.softbank.jp/shop/search/detail/T221/,35.254303,139.15814,ok
softbank,関東,神奈川県,ソフトバンク 川崎,神奈川県川崎市川崎区駅前本町７‐５,https://www.softbank.jp/shop/search/detail/T230/,35.530544,139.69997,ok
softbank,関東,神奈川県,ソフトバンク 川崎大師,神奈川県川崎市川崎区大師駅前１丁目１４‐３　コーポいけがみ,https://www.softbank.jp/shop/search/detail/T2B6/,35.534992,139.72794,ok
softbank,関東,神奈川県,ソフトバンク 川崎小田栄,神奈川県川崎市川崎区小田栄２丁目２‐１　イト‐ヨ‐カドー川崎店１Ｆ,https://www.softbank.jp/shop/search/detail/TH85/,35.514473,139.70874,ok
softbank,関東,神奈川県,ソフトバンク 市ヶ尾,神奈川県横浜市青葉区市ケ尾町１１５０‐１　石原第６ビル,https://www.softbank.jp/shop/search/detail/T2C3/,35.549706,139.53934,ok
softbank,関東,神奈川県,ソフトバンク 座間,神奈川県座間市座間２丁目２１５,https://www.softbank.jp/shop/search/detail/T2A0/,35.48165,139.3928,ok
softbank,関東,神奈川県,ソフトバンク 愛川,神奈川県愛甲郡愛川町角田５８３‐１,https://www.softbank.jp/shop/search/detail/T2D4/,35.531693,139.33188,ok
softbank,関東,神奈川県,ソフトバンク 愛甲石田,神奈川県厚木市愛甲１丁目３‐２４,https://www.softbank.jp/shop/search/detail/T2E5/,35.419018,139.34422,ok
softbank,関東,神奈川県,ソフトバンク 戸塚,神奈川県横浜市戸塚区戸塚町１０　ラピス１号ー２Ｆ,https://www.softbank.jp/shop/search/detail/T214/,35.40147,139.53465,ok
softbank,関東,神奈川県,ソフトバンク 戸塚西口トツカーナ,神奈川県横浜市戸塚区戸塚町１６‐１,https://www.softbank.jp/shop/search/detail/T2F0/,35.400772,139.53246,ok
softbank,関東,神奈川県,ソフトバンク 新川崎鹿島田,神奈川県川崎市幸区下平間１０８,https://www.softbank.jp/shop/search/detail/T2B9/,35.55175,139.67847,ok
softbank,関東,神奈川県,ソフトバンク 新横浜,神奈川県横浜市港北区新横浜２丁目５‐１５　新横浜センタービル１Ｆ,https://www.softbank.jp/shop/search/detail/T223/,35.50924,139.61572,ok
softbank,関東,神奈川県,ソフトバンク 新百合丘オーパ,神奈川県川崎市麻生区上麻生１丁目１‐１　新百合丘ＯＰＡ５Ｆ,https://www.softbank.jp/shop/search/detail/T245/,35.603607,139.50854,ok
softbank,関東,神奈川県,ソフトバンク 日吉,神奈川県横浜市港北区日吉本町１丁目２１‐１　只見ビル１Ｆ・２Ｆ,https://www.softbank.jp/shop/search/detail/T251/,35.553352,139.64627,ok
softbank,関東,神奈川県,ソフトバンク 本厚木,神奈川県厚木市中町２丁目２‐８,https://www.softbank.jp/shop/search/detail/T231/,35.439613,139.36328,ok
softbank,関東,神奈川県,ソフトバンク 本牧,神奈川県横浜市中区本牧宮原２‐２,https://www.softbank.jp/shop/search/detail/T247/,35.428036,139.6656,ok
softbank,関東,神奈川県,ソフトバンク 東神奈川,神奈川県横浜市神奈川区富家町１‐１３　スカイハイツトーカイ２Ｆ,https://www.softbank.jp/shop/search/detail/T236/,35.479546,139.63345,ok
softbank,関東,神奈川県,ソフトバンク 横浜そごう,神奈川県横浜市西区高島２丁目１８‐１　横浜新都市ビル　そごう９階,https://www.softbank.jp/shop/search/detail/TH59/,35.465626,139.62495,ok
softbank,関東,神奈川県,ソフトバンク 横浜モアーズ,神奈川県横浜市西区南幸１丁目３‐１　甘糟西口ビル　横浜モアーズ４Ｆ,https://www.softbank.jp/shop/search/detail/T2D2/,35.467373,139.62204,ok
softbank,関東,神奈川県,ソフトバンク 横浜ランドマーク,神奈川県横浜市西区みなとみらい２丁目２‐１　横浜ランドマークプラザ１階,https://www.softbank.jp/shop/search/detail/T2E1/,35.45502,139.6306,ok
softbank,関東,神奈川県,ソフトバンク 横浜西口,神奈川県横浜市西区南幸１丁目５‐２９,https://www.softbank.jp/shop/search/detail/T2G1/,35.46446,139.61967,ok
softbank,関東,神奈川県,ソフトバンク 横須賀モアーズシティ,神奈川県横須賀市若松町２丁目３０　横須賀モアーズシティ７階,https://www.softbank.jp/shop/search/detail/T2F7/,35.278294,139.67004,ok
softbank,関東,神奈川県,ソフトバンク 武蔵新城,神奈川県川崎市中原区新城３丁目１‐１４　岡田ビル１階２階,https://www.softbank.jp/shop/search/detail/T2D1/,35.586643,139.63034,ok
softbank,関東,神奈川県,ソフトバンク 洋光台,神奈川県横浜市磯子区洋光台３丁目１３‐３‐１０４,https://www.softbank.jp/shop/search/detail/T264/,35.37929,139.59554,ok
softbank,関東,神奈川県,ソフトバンク 渋沢,神奈川県秦野市堀西９４‐１,https://www.softbank.jp/shop/search/detail/TJ43/,35.374588,139.18875,ok
softbank,関東,神奈川県,ソフトバンク 港北東急ＳＣ,神奈川県横浜市都筑区茅ケ崎中央５‐１　港北東急２階,https://www.softbank.jp/shop/search/detail/T2G9/,35.544296,139.57242,ok
softbank,関東,神奈川県,ソフトバンク 港南台バーズ,神奈川県横浜市港南区港南台３丁目１‐３港南台バーズ２Ｆ,https://www.softbank.jp/shop/search/detail/T237/,35.37474,139.57744,ok
softbank,関東,神奈川県,ソフトバンク 湘南ライフタウン,神奈川県藤沢市石川１丁目２‐４,https://www.softbank.jp/shop/search/detail/T227/,35.376663,139.45387,ok
softbank,関東,神奈川県,ソフトバンク 湘南台,神奈川県藤沢市湘南台１丁目９‐６　アイビル１階,https://www.softbank.jp/shop/search/detail/T217/,35.39647,139.4699,ok
softbank,関東,神奈川県,ソフトバンク 溝の口,神奈川県川崎市高津区溝口１丁目９番６号　丸屋ビル１Ｆ,https://www.softbank.jp/shop/search/detail/T202/,35.59984,139.61218,ok
softbank,関東,神奈川県,ソフトバンク 生田府中街道,神奈川県川崎市多摩区生田３丁目１９ー１,https://www.softbank.jp/shop/search/detail/T2D8/,35.62123,139.55087,ok
softbank,関東,神奈川県,ソフトバンク 相模原,神奈川県相模原市中央区横山１丁目１‐１　ノジマ相模原本店内３Ｆ,https://www.softbank.jp/shop/search/detail/T243/,35.570343,139.36331,ok
softbank,関東,神奈川県,ソフトバンク 相模原田名,神奈川県相模原市中央区田名４１５３,https://www.softbank.jp/shop/search/detail/T2F4/,35.55449,139.3427,ok
softbank,関東,神奈川県,ソフトバンク 相模原Ｒ１６,神奈川県相模原市中央区清新５丁目１１‐２２,https://www.softbank.jp/shop/search/detail/T2A9/,35.58013,139.3588,ok
softbank,関東,神奈川県,ソフトバンク 相鉄ライフ三ツ境,神奈川県横浜市瀬谷区三ツ境２‐１９　相鉄ライフ三ツ境４Ｆ,https://www.softbank.jp/shop/search/detail/T2B1/,35.468044,139.50293,ok
softbank,関東,神奈川県,ソフトバンク 立場,神奈川県横浜市泉区中田西１丁目７‐５　ウエストビレッジ１Ｆ,https://www.softbank.jp/shop/search/detail/T256/,35.413647,139.5031,ok
softbank,関東,神奈川県,ソフトバンク 綱島,神奈川県横浜市港北区綱島西２丁目７‐１８,https://www.softbank.jp/shop/search/detail/T203/,35.536137,139.63188,ok
softbank,関東,神奈川県,ソフトバンク 綾瀬市役所通り,神奈川県綾瀬市早川城山１丁目３‐２２,https://www.softbank.jp/shop/search/detail/T265/,35.441265,139.42532,ok
softbank,関東,神奈川県,ソフトバンク 能見台,神奈川県横浜市金沢区能見台東１‐１,https://www.softbank.jp/shop/search/detail/T2E0/,35.359577,139.62784,ok
softbank,関東,神奈川県,ソフトバンク 菊名,神奈川県横浜市港北区菊名６丁目３‐２３,https://www.softbank.jp/shop/search/detail/T2G3/,35.51236,139.63205,ok
softbank,関東,神奈川県,ソフトバンク 西武東戸塚,神奈川県横浜市戸塚区品濃町５３７‐１　オーロラモール西武東戸塚店３Ｆ,https://www.softbank.jp/shop/search/detail/TG67/,35.429955,139.55847,ok
softbank,関東,神奈川県,ソフトバンク 足柄,神奈川県足柄上郡大井町金手４‐５,https://www.softbank.jp/shop/search/detail/T295/,35.33636,139.14024,ok
softbank,関東,神奈川県,ソフトバンク 逗子,神奈川県逗子市逗子５丁目３‐４３,https://www.softbank.jp/shop/search/detail/T296/,35.295425,139.57806,ok
softbank,関東,神奈川県,ソフトバンク 鎌倉,神奈川県鎌倉市由比ガ浜２丁目２‐４０,https://www.softbank.jp/shop/search/detail/T2G0/,35.315598,139.54973,ok
softbank,関東,神奈川県,ソフトバンク 長津田,神奈川県横浜市緑区長津田みなみ台１丁目６‐１６,https://www.softbank.jp/shop/search/detail/T2C6/,35.524643,139.49829,ok
softbank,関東,神奈川県,ソフトバンク 関内,神奈川県横浜市中区不老町１丁目１‐５　横浜東芝ビル１階,https://www.softbank.jp/shop/search/detail/T239/,35.441967,139.63754,ok
softbank,関東,神奈川県,ソフトバンク 青葉台,神奈川県横浜市青葉区青葉台２丁目５‐１４　ＳＭＢＣ青葉台ビル１階,https://www.softbank.jp/shop/search/detail/T213/,35.543167,139.5161,ok
softbank,関東,神奈川県,ソフトバンク 鶴ヶ峰,神奈川県横浜市旭区鶴ケ峰１丁目１２‐６　鶴ヶ峰店舗１階,https://www.softbank.jp/shop/search/detail/T2F8/,35.47491,139.5469,ok
softbank,関東,神奈川県,ソフトバンク 鶴見,神奈川県横浜市鶴見区鶴見中央４丁目１５‐７,https://www.softbank.jp/shop/search/detail/T216/,35.506386,139.67812,ok
softbank,関東,神奈川県,ソフトバンク 鶴見市場,神奈川県横浜市鶴見区菅沢町８‐６,https://www.softbank.jp/shop/search/detail/T2F2/,35.513966,139.68633,ok
softbank,関東,神奈川県,ソフトバンク 鷺沼,神奈川県川崎市宮前区小台１丁目１９‐５東急鷺沼ドエル７号室,https://www.softbank.jp/shop/search/detail/T201/,35.578968,139.57452,ok
softbank,関東,神奈川県,ソフトバンク ＮＥＷ城山,神奈川県相模原市緑区向原４丁目２‐３,https://www.softbank.jp/shop/search/detail/TH58/,35.589756,139.30692,ok
softbank,関東,神奈川県,ソフトバンク ＯＤＡＫＹＵ湘南ＧＡＴＥ,神奈川県藤沢市南藤沢２１‐１　ＯＤＡＫＹＵ湘南ＧＡＴＥ　４Ｆ,https://www.softbank.jp/shop/search/detail/T204/,35.33748,139.48761,ok
softbank,関東,神奈川県,ソフトバンク ＯＳＣ湘南シティ,神奈川県平塚市代官町３３‐１　ＯＳＣ湘南シティ２階,https://www.softbank.jp/shop/search/detail/T2F3/,35.32853,139.3585,ok
softbank,甲信越,新潟県,ソフトバンク アクロスプラザ長岡,新潟県長岡市沖田１丁目６番,https://www.softbank.jp/shop/search/detail/TC32/,37.445255,138.86539,ok
softbank,甲信越,新潟県,ソフトバンク アピタ新潟亀田,新潟県新潟市江南区鵜ノ子４丁目４６６番地　アピタ新潟亀田店内,https://www.softbank.jp/shop/search/detail/TC17/,37.871864,139.08823,ok
softbank,甲信越,新潟県,ソフトバンク アピタ新潟西,新潟県新潟市西区小新５丁目７‐２１　１Ｆ,https://www.softbank.jp/shop/search/detail/T1T1/,37.879692,139.00331,ok
softbank,甲信越,新潟県,ソフトバンク イオンモール新潟亀田インター,新潟県新潟市江南区下早通柳田１丁目１‐１　イオンモール新潟亀田インター１階,https://www.softbank.jp/shop/search/detail/TJ45/,37.87621,139.08243,ok
softbank,甲信越,新潟県,ソフトバンク イオンモール新発田,新潟県新発田市住吉町５丁目１１番地５号　イオンモール新発田内,https://www.softbank.jp/shop/search/detail/TH57/,37.942574,139.30927,ok
softbank,甲信越,新潟県,ソフトバンク イオン六日町,新潟県南魚沼市余川３１００,https://www.softbank.jp/shop/search/detail/TC10/,37.081417,138.87851,ok
softbank,甲信越,新潟県,ソフトバンク イオン新潟東,新潟県新潟市東区大形本町３丁目１‐２　３Ｆ,https://www.softbank.jp/shop/search/detail/TC33/,37.924866,139.11475,ok
softbank,甲信越,新潟県,ソフトバンク イオン白根,新潟県新潟市南区能登４０９‐２,https://www.softbank.jp/shop/search/detail/TJ13/,37.768147,139.01888,ok
softbank,甲信越,新潟県,ソフトバンク ショップサテライトエルマール,新潟県上越市西本町３丁目８番８号,https://www.softbank.jp/shop/search/detail/TJ51/,37.17061,138.23785,ok
softbank,甲信越,新潟県,ソフトバンク デッキー４０１,新潟県新潟市中央区上近江４丁目１２‐２０,https://www.softbank.jp/shop/search/detail/TJ11/,37.89819,139.0296,ok
softbank,甲信越,新潟県,ソフトバンク プラント見附,新潟県見附市上新田町７２５‐１　スーパーセンタープラント５,https://www.softbank.jp/shop/search/detail/TC34/,37.540035,138.88918,ok
softbank,甲信越,新潟県,ソフトバンク リバーサイド千秋,新潟県長岡市千秋２丁目２７８,https://www.softbank.jp/shop/search/detail/TC26/,37.46071,138.82724,ok
softbank,甲信越,新潟県,ソフトバンク 三条中央,新潟県三条市東裏館２丁目１５‐５,https://www.softbank.jp/shop/search/detail/TC20/,37.63939,138.95956,ok
softbank,甲信越,新潟県,ソフトバンク 上越,新潟県上越市下門前１７５２,https://www.softbank.jp/shop/search/detail/TH55/,37.157925,138.2537,ok
softbank,甲信越,新潟県,ソフトバンク 上越モール,新潟県上越市とよば２３９番の１　上越モール内,https://www.softbank.jp/shop/search/detail/TC23/,37.10289,138.27771,ok
softbank,甲信越,新潟県,ソフトバンク 上越謙信公大通,新潟県上越市新光町２丁目１０‐１０,https://www.softbank.jp/shop/search/detail/TC12/,37.149387,138.24086,ok
softbank,甲信越,新潟県,ソフトバンク 亀貝,新潟県新潟市西区亀貝１４０１番地,https://www.softbank.jp/shop/search/detail/TG17/,37.866722,138.9873,ok
softbank,甲信越,新潟県,ソフトバンク 佐渡,新潟県佐渡市泉嶋の前１３１０,https://www.softbank.jp/shop/search/detail/T1N2/,38.010696,138.34315,ok
softbank,甲信越,新潟県,ソフトバンク 十日町,新潟県十日町市高田町６丁目７４０‐５,https://www.softbank.jp/shop/search/detail/TC11/,37.13642,138.74533,ok
softbank,甲信越,新潟県,ソフトバンク 古町,新潟県新潟市中央区東堀前通６番町１０５８‐１,https://www.softbank.jp/shop/search/detail/TC15/,37.920788,139.04596,ok
softbank,甲信越,新潟県,ソフトバンク 新津,新潟県新潟市秋葉区古田１丁目６‐１１,https://www.softbank.jp/shop/search/detail/T1N0/,37.794514,139.11026,ok
softbank,甲信越,新潟県,ソフトバンク 新潟大学前,新潟県新潟市西区坂井字村上７１７‐１,https://www.softbank.jp/shop/search/detail/TC16/,37.86571,138.95233,ok
softbank,甲信越,新潟県,ソフトバンク 新潟弁天インター,新潟県新潟市中央区紫竹山５丁目１番２１号,https://www.softbank.jp/shop/search/detail/T1R3/,37.898277,139.06773,ok
softbank,甲信越,新潟県,ソフトバンク 新潟河渡,新潟県新潟市東区河渡庚２４７‐１,https://www.softbank.jp/shop/search/detail/TH21/,37.932945,139.10338,ok
softbank,甲信越,新潟県,ソフトバンク 新発田,新潟県新発田市新栄町３丁目１番１７号,https://www.softbank.jp/shop/search/detail/T1M9/,37.952835,139.29646,ok
softbank,甲信越,新潟県,ソフトバンク 村上,新潟県村上市新町１１‐２４,https://www.softbank.jp/shop/search/detail/TC25/,38.222744,139.491,ok
softbank,甲信越,新潟県,ソフトバンク 燕吉田,新潟県燕市吉田法花堂１８８３‐１　法花堂Ｙビル１‐Ａ,https://www.softbank.jp/shop/search/detail/TC36/,37.67872,138.89342,ok
softbank,甲信越,新潟県,ソフトバンク 県央,新潟県三条市須頃２丁目３１,https://www.softbank.jp/shop/search/detail/TC30/,37.646267,138.94121,ok
softbank,甲信越,新潟県,ソフトバンク 豊栄,新潟県新潟市北区かぶとやま２丁目１‐６２　ベイシア豊栄内,https://www.softbank.jp/shop/search/detail/TC24/,37.92932,139.21826,ok
softbank,甲信越,新潟県,ソフトバンク 長岡,新潟県長岡市七日町字川原３０２,https://www.softbank.jp/shop/search/detail/T1N6/,37.446102,138.80856,ok
softbank,甲信越,新潟県,ソフトバンク ＭＥＧＡドン・キホーテ柏崎,新潟県柏崎市東長浜町４‐１５,https://www.softbank.jp/shop/search/detail/TC28/,37.368374,138.57907,ok
softbank,甲信越,富山県,ソフトバンク アピタ富山,富山県富山市上袋１００番６８　アピタ富山１Ｆ,https://www.softbank.jp/shop/search/detail/R124/,36.660736,137.21104,ok
softbank,甲信越,富山県,ソフトバンク イオンモールとなみ,富山県砺波市中神１丁目１７４　イオンモールとなみ内２Ｆ,https://www.softbank.jp/shop/search/detail/RA01/,36.64138,136.94771,ok
softbank,甲信越,富山県,ソフトバンク イオンモール高岡,富山県高岡市下伏間江３８３　イオンモール高岡２Ｆ,https://www.softbank.jp/shop/search/detail/RA05/,36.723965,137.01695,ok
softbank,甲信越,富山県,ソフトバンク イータウン射水,富山県射水市本開発字代官免１００,https://www.softbank.jp/shop/search/detail/R137/,36.727394,137.08334,ok
softbank,甲信越,富山県,ソフトバンク ショップサテライトイオンモールとなみ,富山県小矢部市西中野９７２‐１,https://www.softbank.jp/shop/search/detail/RA07/,36.68926,136.88121,ok
softbank,甲信越,富山県,ソフトバンク ファボーレ,富山県富山市婦中町下轡田１６５‐１　ファボーレ２Ｆ,https://www.softbank.jp/shop/search/detail/R113/,36.663113,137.17123,ok
softbank,甲信越,富山県,ソフトバンク プラント‐３滑川,富山県滑川市上島４６０‐１,https://www.softbank.jp/shop/search/detail/R130/,36.751434,137.3524,ok
softbank,甲信越,富山県,ソフトバンク メルシー黒部,富山県黒部市新牧野３１１　メルシー黒部１Ｆ,https://www.softbank.jp/shop/search/detail/R110/,36.870792,137.44547,ok
softbank,甲信越,富山県,ソフトバンク 呉羽,富山県富山市呉羽町７１５３‐１,https://www.softbank.jp/shop/search/detail/R119/,36.70977,137.17131,ok
softbank,甲信越,富山県,ソフトバンク 富山豊田,富山県富山市豊田町２丁目１０‐４０,https://www.softbank.jp/shop/search/detail/R115/,36.722126,137.23514,ok
softbank,甲信越,富山県,ソフトバンク 小杉,富山県射水市三ケ２４６７,https://www.softbank.jp/shop/search/detail/R106/,36.71552,137.09033,ok
softbank,甲信越,富山県,ソフトバンク 山室,富山県富山市太田８０‐８,https://www.softbank.jp/shop/search/detail/R102/,36.668915,137.23509,ok
softbank,甲信越,富山県,ソフトバンク 戸出,富山県高岡市戸出町４丁目１６７８,https://www.softbank.jp/shop/search/detail/R118/,36.681274,136.97557,ok
softbank,甲信越,富山県,ソフトバンク 新庄,富山県富山市荒川３丁目２‐１４,https://www.softbank.jp/shop/search/detail/R101/,36.696114,137.24873,ok
softbank,甲信越,富山県,ソフトバンク 氷見,富山県氷見市窪６９０,https://www.softbank.jp/shop/search/detail/R131/,36.83989,136.98679,ok
softbank,甲信越,富山県,ソフトバンク 窪本町,富山県富山市窪本町２番３５号,https://www.softbank.jp/shop/search/detail/R138/,36.703304,137.22836,ok
softbank,甲信越,富山県,ソフトバンク 高岡横田本町,富山県高岡市横田本町８番８号,https://www.softbank.jp/shop/search/detail/R108/,36.752747,136.99808,ok
softbank,甲信越,富山県,ソフトバンク 高岡野村,富山県高岡市野村８７９‐１　タイヨービル１階,https://www.softbank.jp/shop/search/detail/R109/,36.75116,137.03838,ok
softbank,甲信越,富山県,ソフトバンク 高岡駅南,富山県高岡市駅南３丁目３‐１　ＣＵＢＥ駅南１Ｆ,https://www.softbank.jp/shop/search/detail/R105/,36.73843,137.0188,ok
softbank,甲信越,富山県,ソフトバンク 魚津,富山県魚津市上村木４１３　アップルヒル内,https://www.softbank.jp/shop/search/detail/R116/,36.822903,137.41446,ok
softbank,甲信越,富山県,ソフトバンク 黒瀬北町,富山県富山市黒瀬北町２丁目３番地の２,https://www.softbank.jp/shop/search/detail/R129/,36.666695,137.20189,ok
softbank,甲信越,石川県,ソフトバンク アクロスプラザ野々市,石川県野々市市三納１丁目１４４番地　アクロスプラザ内,https://www.softbank.jp/shop/search/detail/R214/,36.516422,136.6098,ok
softbank,甲信越,石川県,ソフトバンク アピタ松任,石川県白山市幸明町２８０アピタ松任１Ｆ,https://www.softbank.jp/shop/search/detail/RA00/,36.515846,136.57704,ok
softbank,甲信越,石川県,ソフトバンク アピタ金沢,石川県金沢市中村町１０番２０号,https://www.softbank.jp/shop/search/detail/R241/,36.559555,136.64261,ok
softbank,甲信越,石川県,ソフトバンク イオンタウン羽咋,石川県羽咋市石野町イ７　イオンタウンショッピングセンター内,https://www.softbank.jp/shop/search/detail/R225/,36.894855,136.80199,ok
softbank,甲信越,石川県,ソフトバンク イオンタウン金沢示野,石川県金沢市戸板西２丁目７番地,https://www.softbank.jp/shop/search/detail/R232/,36.58052,136.6149,ok
softbank,甲信越,石川県,ソフトバンク イオンモールかほく,石川県かほく市内日角タ‐２５　イオンかほく（２Ｆ）,https://www.softbank.jp/shop/search/detail/R249/,36.709015,136.70126,ok
softbank,甲信越,石川県,ソフトバンク イオンモール新小松,石川県小松市清六町３１５番地　イオンモール新小松３階,https://www.softbank.jp/shop/search/detail/R213/,36.395035,136.46718,ok
softbank,甲信越,石川県,ソフトバンク イオンモール白山,石川県白山市横江町土地区画整理事業施行地区内１街区イオンモール白山３Ｆ,https://www.softbank.jp/shop/search/detail/RA06/,36.54419,136.58145,ok
softbank,甲信越,石川県,ソフトバンク イオン金沢,石川県金沢市福久２丁目５８番地　イオン金沢内１Ｆ,https://www.softbank.jp/shop/search/detail/R226/,36.617268,136.68138,ok
softbank,甲信越,石川県,ソフトバンク プラント‐３川北,石川県能美郡川北町字朝日６３　プラント３川北店内,https://www.softbank.jp/shop/search/detail/R229/,36.46896,136.5,ok
softbank,甲信越,石川県,ソフトバンク ベイモール七尾,石川県七尾市小島町大開地１番７８,https://www.softbank.jp/shop/search/detail/R233/,37.05292,136.95625,ok
softbank,甲信越,石川県,ソフトバンク ラスパ白山,石川県白山市倉光５丁目１４番,https://www.softbank.jp/shop/search/detail/R239/,36.51619,136.5659,ok
softbank,甲信越,石川県,ソフトバンク 入江,石川県金沢市入江２丁目１８０,https://www.softbank.jp/shop/search/detail/RA04/,36.564323,136.62817,ok
softbank,甲信越,石川県,ソフトバンク 加賀,石川県加賀市小菅波町２丁目３６,https://www.softbank.jp/shop/search/detail/R206/,36.317036,136.34743,ok
softbank,甲信越,石川県,ソフトバンク 北安江,石川県金沢市北安江４丁目１０‐３２,https://www.softbank.jp/shop/search/detail/R216/,36.586918,136.64778,ok
softbank,甲信越,石川県,ソフトバンク 小松有明,石川県小松市有明町９５‐２,https://www.softbank.jp/shop/search/detail/R240/,36.398426,136.4569,ok
softbank,甲信越,石川県,ソフトバンク 御経塚,石川県金沢市八日市３丁目５７９,https://www.softbank.jp/shop/search/detail/R204/,36.547424,136.6032,ok
softbank,甲信越,石川県,ソフトバンク 有松,石川県金沢市有松３丁目６‐３０,https://www.softbank.jp/shop/search/detail/R219/,36.539825,136.63974,ok
softbank,甲信越,石川県,ソフトバンク 杜の里,石川県金沢市もりの里２丁目１６５番,https://www.softbank.jp/shop/search/detail/R207/,36.55509,136.68552,ok
softbank,甲信越,石川県,ソフトバンク 笠舞,石川県金沢市笠舞１丁目１１‐３０　シルクハウス１Ｆ,https://www.softbank.jp/shop/search/detail/R211/,36.547436,136.67346,ok
softbank,甲信越,石川県,ソフトバンク 野々市中央,石川県野々市市若松町２２‐７,https://www.softbank.jp/shop/search/detail/R224/,36.533913,136.61452,ok
softbank,甲信越,石川県,ソフトバンク 金沢おこばた,石川県金沢市大河端西２丁目３１‐４７,https://www.softbank.jp/shop/search/detail/R245/,36.616997,136.6402,ok
softbank,甲信越,石川県,ソフトバンク 金沢ベイ,石川県金沢市無量寺４丁目５６番地　アピタタウン金沢ベイＡ棟ー１,https://www.softbank.jp/shop/search/detail/R208/,36.600136,136.61444,ok
softbank,甲信越,石川県,ソフトバンク 金沢工大前,石川県野々市市高橋町３０４,https://www.softbank.jp/shop/search/detail/R228/,36.529877,136.63031,ok
softbank,甲信越,石川県,ソフトバンク 金沢県庁前,石川県金沢市戸水１丁目４３９,https://www.softbank.jp/shop/search/detail/R246/,36.60131,136.62129,ok
softbank,甲信越,石川県,ソフトバンク 鳴和,石川県金沢市鳴和１丁目１３‐１,https://www.softbank.jp/shop/search/detail/R222/,36.585533,136.6738,ok
softbank,甲信越,福井県,ソフトバンク アピタ福井大和田,福井県福井市大和田２丁目１２３０番地　アピタ福井大和田内,https://www.softbank.jp/shop/search/detail/R311/,36.09719,136.25018,ok
softbank,甲信越,福井県,ソフトバンク 丸岡,福井県坂井市丸岡町一本田中２９‐２‐１,https://www.softbank.jp/shop/search/detail/RA03/,36.153675,136.26442,ok
softbank,甲信越,福井県,ソフトバンク 二の宮,福井県福井市二の宮２丁目３‐８,https://www.softbank.jp/shop/search/detail/R323/,36.08397,136.22176,ok
softbank,甲信越,福井県,ソフトバンク 御幸,福井県福井市勝見３丁目１７‐１０,https://www.softbank.jp/shop/search/detail/R313/,36.0548,136.23405,ok
softbank,甲信越,福井県,ソフトバンク 春江,福井県坂井市春江町江留下高道１２５番地,https://www.softbank.jp/shop/search/detail/R304/,36.129017,136.2198,ok
softbank,甲信越,福井県,ソフトバンク 武生,福井県越前市新町３‐３‐８,https://www.softbank.jp/shop/search/detail/R312/,35.90536,136.15388,ok
softbank,甲信越,福井県,ソフトバンク 江守中,福井県福井市江守中２丁目１４０９,https://www.softbank.jp/shop/search/detail/R301/,36.036537,136.19617,ok
softbank,甲信越,福井県,ソフトバンク 福井運動公園,福井県福井市福２丁目１９１１,https://www.softbank.jp/shop/search/detail/R307/,36.049984,136.18723,ok
softbank,甲信越,福井県,ソフトバンク 越前ルート８,福井県越前市横市町５‐１１,https://www.softbank.jp/shop/search/detail/R302/,35.911476,136.19133,ok
softbank,甲信越,福井県,ソフトバンク 鯖江,福井県鯖江市神中町２丁目６０１‐２,https://www.softbank.jp/shop/search/detail/R306/,35.973606,136.19246,ok
softbank,甲信越,福井県,ソフトバンク 鯖江中央,福井県鯖江市糺町３２‐６‐５,https://www.softbank.jp/shop/search/detail/R316/,35.971718,136.17564,ok
softbank,甲信越,福井県,ソフトバンク ＭＥＧＡドン・キホーテＵＮＹ敦賀,福井県敦賀市中央町１丁目５‐５,https://www.softbank.jp/shop/search/detail/RA02/,35.643635,136.05891,ok
softbank,甲信越,福井県,ソフトバンク ＭＥＧＡドン・キホーテＵＮＹ福井,福井県福井市飯塚町１１‐１１１　ＭＥＧＡドン・キホーテＵＮＹ福井１Ｆ,https://www.softbank.jp/shop/search/detail/R315/,36.065918,136.18323,ok
softbank,甲信越,山梨県,ソフトバンク アルプス通り,山梨県甲斐市西八幡３６２９‐１５,https://www.softbank.jp/shop/search/detail/T804/,35.639473,138.51698,ok
softbank,甲信越,山梨県,ソフトバンク イオンモール甲府昭和,山梨県中巨摩郡昭和町飯喰１５０５‐１　１Ｆ,https://www.softbank.jp/shop/search/detail/T813/,35.622337,138.52734,ok
softbank,甲信越,山梨県,ソフトバンク ラザウォーク甲斐双葉,山梨県甲斐市志田字柿木６４５‐１,https://www.softbank.jp/shop/search/detail/T812/,35.68423,138.48372,ok
softbank,甲信越,山梨県,ソフトバンク 富士吉田,山梨県富士吉田市下吉田６丁目２０‐１０,https://www.softbank.jp/shop/search/detail/T803/,35.48372,138.80637,ok
softbank,甲信越,山梨県,ソフトバンク 山梨市駅前,山梨県山梨市上神内川１５１１,https://www.softbank.jp/shop/search/detail/T811/,35.68596,138.6811,ok
softbank,甲信越,山梨県,ソフトバンク 甲府向町,山梨県甲府市向町（字蛭田）１５２番地１,https://www.softbank.jp/shop/search/detail/TH83/,35.64851,138.6108,ok
softbank,甲信越,山梨県,ソフトバンク 甲府昭和,山梨県中巨摩郡昭和町西条１８‐１,https://www.softbank.jp/shop/search/detail/T802/,35.636696,138.54524,ok
softbank,甲信越,山梨県,ソフトバンク 甲府西,山梨県甲府市下飯田３丁目８‐２９,https://www.softbank.jp/shop/search/detail/TH67/,35.660942,138.55122,ok
softbank,甲信越,山梨県,ソフトバンク 石和,山梨県笛吹市石和町窪中島１１８‐１,https://www.softbank.jp/shop/search/detail/T800/,35.64623,138.63399,ok
softbank,甲信越,山梨県,ソフトバンク 都留,山梨県都留市田野倉１１３‐１,https://www.softbank.jp/shop/search/detail/T808/,35.6014,138.93698,ok
softbank,甲信越,山梨県,ソフトバンク 韮崎,山梨県韮崎市藤井町南下條２２９‐１　オギノ韮崎ショッピングセンター内,https://www.softbank.jp/shop/search/detail/T805/,35.719913,138.45139,ok
softbank,甲信越,長野県,ソフトバンク イオンタウン松本村井,長野県松本市村井町南２丁目２１‐６０,https://www.softbank.jp/shop/search/detail/T919/,36.175102,137.96214,ok
softbank,甲信越,長野県,ソフトバンク イオンモール佐久平,長野県佐久市佐久平駅南１１‐１０,https://www.softbank.jp/shop/search/detail/T925/,36.27576,138.46382,ok
softbank,甲信越,長野県,ソフトバンク イオンモール松本,長野県松本市中央４丁目９‐５１　イオンモール松本３階　晴庭,https://www.softbank.jp/shop/search/detail/TH65/,36.234062,137.97821,ok
softbank,甲信越,長野県,ソフトバンク イオンモール須坂,長野県須坂市大字福島３８６番地１　イオンモール須坂２階,https://www.softbank.jp/shop/search/detail/T918/,36.639687,138.2724,ok
softbank,甲信越,長野県,ソフトバンク レイクウォーク岡谷,長野県岡谷市銀座１丁目１‐５　レイクウォーク岡谷２階,https://www.softbank.jp/shop/search/detail/T913/,36.06618,138.05197,ok
softbank,甲信越,長野県,ソフトバンク 上田,長野県上田市材木町２丁目２‐１,https://www.softbank.jp/shop/search/detail/T915/,36.400375,138.26389,ok
softbank,甲信越,長野県,ソフトバンク 中野バイパス,長野県中野市大字新井４１２‐４,https://www.softbank.jp/shop/search/detail/T909/,36.756783,138.3664,ok
softbank,甲信越,長野県,ソフトバンク 伊那,長野県伊那市西町５１３９‐３,https://www.softbank.jp/shop/search/detail/T902/,35.83122,137.95221,ok
softbank,甲信越,長野県,ソフトバンク 佐久平,長野県佐久市岩村田１３０７‐１３,https://www.softbank.jp/shop/search/detail/T903/,36.273457,138.46828,ok
softbank,甲信越,長野県,ソフトバンク 千曲,長野県千曲市大字屋代２０７２‐３,https://www.softbank.jp/shop/search/detail/T908/,36.533405,138.1232,ok
softbank,甲信越,長野県,ソフトバンク 塩尻,長野県塩尻市大字広丘野村１７４８番地４,https://www.softbank.jp/shop/search/detail/T906/,36.152824,137.95,ok
softbank,甲信越,長野県,ソフトバンク 安曇野,長野県安曇野市穂高２５７７‐２,https://www.softbank.jp/shop/search/detail/T916/,36.338024,137.8885,ok
softbank,甲信越,長野県,ソフトバンク 小諸,長野県小諸市丙水押４０４‐１,https://www.softbank.jp/shop/search/detail/T921/,36.337547,138.41092,ok
softbank,甲信越,長野県,ソフトバンク 平林,長野県長野市平林２丁目１５‐２６,https://www.softbank.jp/shop/search/detail/T912/,36.65424,138.21487,ok
softbank,甲信越,長野県,ソフトバンク 松本西,長野県松本市宮田２‐１,https://www.softbank.jp/shop/search/detail/T928/,36.207333,137.9621,ok
softbank,甲信越,長野県,ソフトバンク 茅野,長野県茅野市ちの横内２８１３‐２,https://www.softbank.jp/shop/search/detail/T926/,35.993282,138.14546,ok
softbank,甲信越,長野県,ソフトバンク 諏訪,長野県諏訪市大字四賀１５５７番地,https://www.softbank.jp/shop/search/detail/T911/,36.023586,138.12166,ok
softbank,甲信越,長野県,ソフトバンク 長野中央,長野県長野市大字稲葉上千田沖３２９‐３,https://www.softbank.jp/shop/search/detail/TH23/,36.628895,138.20314,ok
softbank,甲信越,長野県,ソフトバンク 長野北,長野県長野市稲田２丁目５５番１７号,https://www.softbank.jp/shop/search/detail/T922/,36.67515,138.2256,ok
softbank,甲信越,長野県,ソフトバンク 長野南バイパス,長野県長野市稲里町中央１丁目３‐４５,https://www.softbank.jp/shop/search/detail/T900/,36.6032,138.17332,ok
softbank,甲信越,長野県,ソフトバンク 飯田,長野県飯田市鼎一色６５‐１,https://www.softbank.jp/shop/search/detail/T914/,35.50347,137.81134,ok
softbank,甲信越,長野県,ソフトバンク Ａｒｉｏ上田,長野県上田市天神３丁目５‐１,https://www.softbank.jp/shop/search/detail/T907/,36.399433,138.24442,ok
softbank,甲信越,長野県,ソフトバンク ＹＡＭＡＤＡＳＢＣ通り本店,長野県長野市吉田１丁目２１‐３３,https://www.softbank.jp/shop/search/detail/T929/,36.66989,138.20956,ok
softbank,東海,岐阜県,ソフトバンク アクアウォーク大垣,岐阜県大垣市林町６丁目８０‐２１,https://www.softbank.jp/shop/search/detail/CA50/,35.36958,136.61731,ok
softbank,東海,岐阜県,ソフトバンク アクロスプラザ関,岐阜県関市市平賀４５６‐３,https://www.softbank.jp/shop/search/detail/C438/,35.48345,136.94582,ok
softbank,東海,岐阜県,ソフトバンク アピタ各務原,岐阜県各務原市鵜沼各務原町８丁目７番地　アピタ各務原店１階,https://www.softbank.jp/shop/search/detail/C453/,35.397335,136.90471,ok
softbank,東海,岐阜県,ソフトバンク イオンタウン各務原,岐阜県各務原市蘇原花園町１丁目３６,https://www.softbank.jp/shop/search/detail/C403/,35.411926,136.84856,ok
softbank,東海,岐阜県,ソフトバンク イオンタウン各務原鵜沼,岐阜県各務原市鵜沼西町３丁目３０９,https://www.softbank.jp/shop/search/detail/C423/,35.401176,136.93529,ok
softbank,東海,岐阜県,ソフトバンク イオンタウン大垣,岐阜県大垣市三塚町丹瀬４６３‐１　イオンタウン大垣内,https://www.softbank.jp/shop/search/detail/C470/,35.36582,136.63054,ok
softbank,東海,岐阜県,ソフトバンク イオンタウン岐阜北方,岐阜県本巣郡北方町曲路東３丁目１‐１　イオンタウン岐阜北方１Ｆ,https://www.softbank.jp/shop/search/detail/C413/,35.43068,136.69786,ok
softbank,東海,岐阜県,ソフトバンク イオンタウン本巣,岐阜県本巣市政田字下西浦１９８６番　１階　１０１区画,https://www.softbank.jp/shop/search/detail/C434/,35.43236,136.6407,ok
softbank,東海,岐阜県,ソフトバンク イオンモール各務原,岐阜県各務原市那加萱場町３丁目８　イオンモール各務原店　３階　３０４１区画,https://www.softbank.jp/shop/search/detail/C479/,35.39256,136.82306,ok
softbank,東海,岐阜県,ソフトバンク イオンモール土岐,岐阜県土岐市土岐津町土岐口１３７２番の１　イオンモール土岐１階,https://www.softbank.jp/shop/search/detail/C442/,35.34795,137.15483,ok
softbank,東海,岐阜県,ソフトバンク イオンモール大垣,岐阜県大垣市外野２丁目１００　イオンモール大垣１Ｆ,https://www.softbank.jp/shop/search/detail/C478/,35.336903,136.61453,ok
softbank,東海,岐阜県,ソフトバンク エディオン可児今渡,岐阜県可児市今渡８４０‐２　エイデン可児今渡店内,https://www.softbank.jp/shop/search/detail/C469/,35.43122,137.03908,ok
softbank,東海,岐阜県,ソフトバンク エディオン恵那,岐阜県恵那市長島町中野１丁目７番地３,https://www.softbank.jp/shop/search/detail/C460/,35.44999,137.40791,ok
softbank,東海,岐阜県,ソフトバンク オークワ多治見,岐阜県多治見市幸町８丁目９番,https://www.softbank.jp/shop/search/detail/C457/,35.354897,137.08923,ok
softbank,東海,岐阜県,ソフトバンク オークワ美濃インター,岐阜県美濃市中央１０丁目３８番地,https://www.softbank.jp/shop/search/detail/C424/,35.530575,136.90294,ok
softbank,東海,岐阜県,ソフトバンク カラフルタウン岐阜,岐阜県岐阜市柳津町丸野３丁目３‐６　カラフルタウン岐阜２Ｆ（２１５区画）,https://www.softbank.jp/shop/search/detail/C465/,35.362896,136.72754,ok
softbank,東海,岐阜県,ソフトバンク バロー羽島インター,岐阜県羽島市江吉良町２９３９,https://www.softbank.jp/shop/search/detail/C458/,35.305527,136.69171,ok
softbank,東海,岐阜県,ソフトバンク バロー長良,岐阜県岐阜市長良東２丁目４５　バロー長良店内,https://www.softbank.jp/shop/search/detail/C441/,35.448902,136.78622,ok
softbank,東海,岐阜県,ソフトバンク マーサ２１,岐阜県岐阜市正木中１丁目２‐１　マーサ２１　２Ｆ,https://www.softbank.jp/shop/search/detail/C422/,35.447937,136.74467,ok
softbank,東海,岐阜県,ソフトバンク モレラ岐阜,岐阜県本巣市三橋１１００　モレラ岐阜１２０９‐２,https://www.softbank.jp/shop/search/detail/C452/,35.45546,136.67287,ok
softbank,東海,岐阜県,ソフトバンク ラスパ御嵩,岐阜県可児郡御嵩町上恵土字西畑１０５２‐１,https://www.softbank.jp/shop/search/detail/C472/,35.43474,137.07062,ok
softbank,東海,岐阜県,ソフトバンク 下呂,岐阜県下呂市萩原町花池字川原１６４‐１　バロー萩原店内,https://www.softbank.jp/shop/search/detail/C421/,35.863487,137.22026,ok
softbank,東海,岐阜県,ソフトバンク 中津川,岐阜県中津川市中津川２９５１‐１３,https://www.softbank.jp/shop/search/detail/C420/,35.484684,137.5038,ok
softbank,東海,岐阜県,ソフトバンク 久瀬川,岐阜県大垣市久瀬川町２丁目９‐３,https://www.softbank.jp/shop/search/detail/C433/,35.35653,136.60394,ok
softbank,東海,岐阜県,ソフトバンク 可児,岐阜県可児市下恵土５６３５‐１,https://www.softbank.jp/shop/search/detail/C407/,35.41949,137.04938,ok
softbank,東海,岐阜県,ソフトバンク 可児中恵土,岐阜県可児市中恵土字助太郎２３５９番地１０７‐２,https://www.softbank.jp/shop/search/detail/C439/,35.434307,137.06143,ok
softbank,東海,岐阜県,ソフトバンク 各務原インター,岐阜県各務原市小佐野町１丁目３７番地,https://www.softbank.jp/shop/search/detail/C459/,35.39097,136.83076,ok
softbank,東海,岐阜県,ソフトバンク 土岐,岐阜県土岐市泉梅ノ木町１丁目７,https://www.softbank.jp/shop/search/detail/C429/,35.364395,137.184,ok
softbank,東海,岐阜県,ソフトバンク 垂井,岐阜県不破郡垂井町表佐４９１５‐１,https://www.softbank.jp/shop/search/detail/C418/,35.367447,136.55675,ok
softbank,東海,岐阜県,ソフトバンク 多治見,岐阜県多治見市十九田町１丁目５９,https://www.softbank.jp/shop/search/detail/C406/,35.34196,137.12419,ok
softbank,東海,岐阜県,ソフトバンク 多治見南,岐阜県多治見市前畑町３丁目２５‐１,https://www.softbank.jp/shop/search/detail/C425/,35.33092,137.11667,ok
softbank,東海,岐阜県,ソフトバンク 大垣インター南,岐阜県大垣市横曽根３丁目８９,https://www.softbank.jp/shop/search/detail/C426/,35.30198,136.61484,ok
softbank,東海,岐阜県,ソフトバンク 大垣西,岐阜県大垣市熊野町４丁目１２２,https://www.softbank.jp/shop/search/detail/C430/,35.377586,136.58775,ok
softbank,東海,岐阜県,ソフトバンク 岐南,岐阜県羽島郡岐南町八剣１丁目１９,https://www.softbank.jp/shop/search/detail/C432/,35.3934,136.78294,ok
softbank,東海,岐阜県,ソフトバンク 岐阜オーキッドパーク,岐阜県岐阜市香蘭１丁目１２オーキッドパーク東棟２階,https://www.softbank.jp/shop/search/detail/C445/,35.410824,136.74657,ok
softbank,東海,岐阜県,ソフトバンク 岐阜島,岐阜県岐阜市北島７丁目３‐４,https://www.softbank.jp/shop/search/detail/C412/,35.428593,136.73207,ok
softbank,東海,岐阜県,ソフトバンク 岐阜羽島,岐阜県羽島市足近町７丁目６１７,https://www.softbank.jp/shop/search/detail/C462/,35.334164,136.71738,ok
softbank,東海,岐阜県,ソフトバンク 岐阜芥見,岐阜県岐阜市芥見３丁目１７２,https://www.softbank.jp/shop/search/detail/C475/,35.451195,136.84515,ok
softbank,東海,岐阜県,ソフトバンク 岐阜茜部,岐阜県岐阜市六条江東１丁目２番８号,https://www.softbank.jp/shop/search/detail/C447/,35.392426,136.7472,ok
softbank,東海,岐阜県,ソフトバンク 揖斐大野,岐阜県揖斐郡大野町大字黒野２７‐２,https://www.softbank.jp/shop/search/detail/C454/,35.467434,136.62405,ok
softbank,東海,岐阜県,ソフトバンク 海津,岐阜県海津市海津町高須町１１６６‐１,https://www.softbank.jp/shop/search/detail/C435/,35.224857,136.62901,ok
softbank,東海,岐阜県,ソフトバンク 瑞浪,岐阜県瑞浪市穂並１丁目９０,https://www.softbank.jp/shop/search/detail/C408/,35.35653,137.24622,ok
softbank,東海,岐阜県,ソフトバンク 瑞穂,岐阜県瑞穂市馬場小城町１丁目９３,https://www.softbank.jp/shop/search/detail/C461/,35.407986,136.6897,ok
softbank,東海,岐阜県,ソフトバンク 美濃加茂,岐阜県美濃加茂市太田町４３７９番地,https://www.softbank.jp/shop/search/detail/C417/,35.439842,137.019,ok
softbank,東海,岐阜県,ソフトバンク 西鏡島,岐阜県岐阜市鏡島南１丁目７番４６号,https://www.softbank.jp/shop/search/detail/C427/,35.408455,136.7155,ok
softbank,東海,岐阜県,ソフトバンク 郡上八幡,岐阜県郡上市八幡町五町１丁目３番１,https://www.softbank.jp/shop/search/detail/C448/,35.755302,136.94417,ok
softbank,東海,岐阜県,ソフトバンク 関マーゴ,岐阜県関市倉知５１６　マーゴスポーツ館２階,https://www.softbank.jp/shop/search/detail/C476/,35.477917,136.90019,ok
softbank,東海,岐阜県,ソフトバンク 高富,岐阜県山県市高富１１９１,https://www.softbank.jp/shop/search/detail/C428/,35.492336,136.78633,ok
softbank,東海,岐阜県,ソフトバンク 高山,岐阜県高山市天満町１丁目５‐８,https://www.softbank.jp/shop/search/detail/C414/,36.132793,137.25418,ok
softbank,東海,岐阜県,ソフトバンク ＭＥＧＡドン・キホーテＵＮＹ美濃加茂,岐阜県美濃加茂市野笹町２丁目５‐６５　ＭＥＧＡドン・キホーテＵＮＹ美濃加茂１階,https://www.softbank.jp/shop/search/detail/C446/,35.443737,137.03893,ok
softbank,東海,静岡県,ソフトバンク ららぽーと沼津,静岡県沼津市東椎路字東荒３０１番地３,https://www.softbank.jp/shop/search/detail/CA45/,35.118343,138.84016,ok
softbank,東海,静岡県,ソフトバンク ららぽーと磐田,静岡県磐田市高見丘１２００番地　ららぽーと磐田２Ｆ　２６３０‐１,https://www.softbank.jp/shop/search/detail/CA58/,34.75039,137.8422,ok
softbank,東海,静岡県,ソフトバンク アピタ島田,静岡県島田市宝来町８‐２　アピタ島田店２階,https://www.softbank.jp/shop/search/detail/C677/,34.82762,138.18466,ok
softbank,東海,静岡県,ソフトバンク イオンタウン磐田,静岡県磐田市西貝塚横須賀道北３６９０　イオンタウン磐田ショッピングセンター,https://www.softbank.jp/shop/search/detail/C681/,34.727413,137.87708,ok
softbank,東海,静岡県,ソフトバンク イオンモール富士宮,静岡県富士宮市浅間町１‐８　イオンモール富士宮内１Ｆ,https://www.softbank.jp/shop/search/detail/C691/,35.22071,138.61198,ok
softbank,東海,静岡県,ソフトバンク イオンモール浜松市野,静岡県浜松市中央区天王町諏訪１９８１‐３　イオンモール浜松市野２Ｆ,https://www.softbank.jp/shop/search/detail/C689/,34.74037,137.76266,ok
softbank,東海,静岡県,ソフトバンク イオンモール浜松志都呂,静岡県浜松市中央区志都呂２丁目３７‐１　イオンモール浜松志都呂１階,https://www.softbank.jp/shop/search/detail/C647/,34.696663,137.65143,ok
softbank,東海,静岡県,ソフトバンク エディオンクロスガーデン富士中央,静岡県富士市中央町３丁目１３‐７　クロスガーデン富士中央店２Ｆ,https://www.softbank.jp/shop/search/detail/C669/,35.164257,138.67953,ok
softbank,東海,静岡県,ソフトバンク エディオンサントムーン柿田川,静岡県駿東郡清水町伏見字泉頭５８番地の１,https://www.softbank.jp/shop/search/detail/C687/,35.108696,138.90077,ok
softbank,東海,静岡県,ソフトバンク サンストリート浜北,静岡県浜松市浜名区平口２８６１　サンストリート浜北　内,https://www.softbank.jp/shop/search/detail/C676/,34.79492,137.76099,ok
softbank,東海,静岡県,ソフトバンク テレビ静岡前,静岡県静岡市駿河区聖一色２０４‐７,https://www.softbank.jp/shop/search/detail/C610/,34.989727,138.42647,ok
softbank,東海,静岡県,ソフトバンク プレ葉ウォーク浜北,静岡県浜松市浜名区貴布祢１２００　２階,https://www.softbank.jp/shop/search/detail/C692/,34.7976,137.77942,ok
softbank,東海,静岡県,ソフトバンク ベイドリーム清水,静岡県静岡市清水区駒越北町８番１号　ベイドリーム清水　１２５２区画,https://www.softbank.jp/shop/search/detail/C644/,34.984646,138.49976,ok
softbank,東海,静岡県,ソフトバンク 下田,静岡県下田市一丁目１‐５　ホワイトビル１Ｆ,https://www.softbank.jp/shop/search/detail/C636/,34.678616,138.94402,ok
softbank,東海,静岡県,ソフトバンク 伊東川奈,静岡県伊東市川奈１２５７‐１１７,https://www.softbank.jp/shop/search/detail/C659/,34.947586,139.11858,ok
softbank,東海,静岡県,ソフトバンク 函南,静岡県田方郡函南町間宮３５３‐３,https://www.softbank.jp/shop/search/detail/C626/,35.08367,138.9353,ok
softbank,東海,静岡県,ソフトバンク 大井川,静岡県焼津市宗高１５２９‐１,https://www.softbank.jp/shop/search/detail/C667/,34.8156,138.27887,ok
softbank,東海,静岡県,ソフトバンク 大仁,静岡県伊豆の国市田京２７３‐１０,https://www.softbank.jp/shop/search/detail/C674/,35.015007,138.94418,ok
softbank,東海,静岡県,ソフトバンク 富士厚原,静岡県富士市厚原７４ー７,https://www.softbank.jp/shop/search/detail/C683/,35.18675,138.65324,ok
softbank,東海,静岡県,ソフトバンク 富士宮ひばりが丘,静岡県富士宮市ひばりが丘８８７番地,https://www.softbank.jp/shop/search/detail/C662/,35.237217,138.61983,ok
softbank,東海,静岡県,ソフトバンク 富士市役所前,静岡県富士市錦町１丁目１６‐３１,https://www.softbank.jp/shop/search/detail/C652/,35.16016,138.67851,ok
softbank,東海,静岡県,ソフトバンク 富士駅南,静岡県富士市横割本町１１‐２１,https://www.softbank.jp/shop/search/detail/C656/,35.14931,138.65273,ok
softbank,東海,静岡県,ソフトバンク 島田,静岡県島田市中央町１０‐２,https://www.softbank.jp/shop/search/detail/C629/,34.838516,138.17287,ok
softbank,東海,静岡県,ソフトバンク 御殿場,静岡県御殿場市東田中２丁目１‐１１,https://www.softbank.jp/shop/search/detail/C630/,35.300735,138.93925,ok
softbank,東海,静岡県,ソフトバンク 御殿場中央,静岡県御殿場市茱萸沢１３８５,https://www.softbank.jp/shop/search/detail/C673/,35.302456,138.92865,ok
softbank,東海,静岡県,ソフトバンク 掛川,静岡県掛川市中央３丁目２４番,https://www.softbank.jp/shop/search/detail/C607/,34.771072,138.00267,ok
softbank,東海,静岡県,ソフトバンク 掛川大池,静岡県掛川市大池５８８‐３,https://www.softbank.jp/shop/search/detail/C680/,34.776096,137.99168,ok
softbank,東海,静岡県,ソフトバンク 昭府,静岡県静岡市葵区昭府１丁目１８ー１,https://www.softbank.jp/shop/search/detail/C666/,34.998417,138.3707,ok
softbank,東海,静岡県,ソフトバンク 榛原,静岡県榛原郡吉田町住吉１３５９‐２,https://www.softbank.jp/shop/search/detail/C625/,34.76373,138.24706,ok
softbank,東海,静岡県,ソフトバンク 沼津,静岡県沼津市若葉町１４番１６号　美菜里杏弐番館,https://www.softbank.jp/shop/search/detail/C601/,35.120148,138.85492,ok
softbank,東海,静岡県,ソフトバンク 沼津原,静岡県沼津市原１５４３‐１,https://www.softbank.jp/shop/search/detail/C648/,35.129,138.8014,ok
softbank,東海,静岡県,ソフトバンク 沼津香貫,静岡県沼津市三園町２‐７,https://www.softbank.jp/shop/search/detail/C624/,35.09166,138.86533,ok
softbank,東海,静岡県,ソフトバンク 浜岡,静岡県御前崎市池新田５８２６‐２１,https://www.softbank.jp/shop/search/detail/C638/,34.63782,138.13301,ok
softbank,東海,静岡県,ソフトバンク 浜松三方原,静岡県浜松市中央区三方原町１１１４‐１,https://www.softbank.jp/shop/search/detail/C643/,34.78197,137.70934,ok
softbank,東海,静岡県,ソフトバンク 浜松中央,静岡県浜松市中央区曳馬６丁目２０‐１,https://www.softbank.jp/shop/search/detail/C686/,34.738003,137.73694,ok
softbank,東海,静岡県,ソフトバンク 浜松入野,静岡県浜松市中央区入野町字彦尾前７８３番地１,https://www.softbank.jp/shop/search/detail/C613/,34.69935,137.6976,ok
softbank,東海,静岡県,ソフトバンク 浜松南,静岡県浜松市中央区森田町２０５番１号,https://www.softbank.jp/shop/search/detail/C603/,34.692852,137.71739,ok
softbank,東海,静岡県,ソフトバンク 浜松富塚,静岡県浜松市中央区富塚町２０６１‐１,https://www.softbank.jp/shop/search/detail/C660/,34.72362,137.69777,ok
softbank,東海,静岡県,ソフトバンク 浜松東,静岡県浜松市中央区船越町５４番１０号,https://www.softbank.jp/shop/search/detail/C618/,34.71936,137.7508,ok
softbank,東海,静岡県,ソフトバンク 浜松板屋町,静岡県浜松市中央区中央３丁目１番１号,https://www.softbank.jp/shop/search/detail/CA35/,34.70863,137.73767,ok
softbank,東海,静岡県,ソフトバンク 浜松笠井,静岡県浜松市中央区笠井町１２１０,https://www.softbank.jp/shop/search/detail/C684/,34.76869,137.79271,ok
softbank,東海,静岡県,ソフトバンク 浜松都盛,静岡県浜松市中央区都盛町２０９‐１,https://www.softbank.jp/shop/search/detail/C672/,34.684013,137.75444,ok
softbank,東海,静岡県,ソフトバンク 浜松高丘,静岡県浜松市中央区高丘東２丁目８‐１,https://www.softbank.jp/shop/search/detail/TA12/,34.753998,137.71284,ok
softbank,東海,静岡県,ソフトバンク 清水,静岡県静岡市清水区有東坂２丁目２６８‐１,https://www.softbank.jp/shop/search/detail/C609/,35.00981,138.4642,ok
softbank,東海,静岡県,ソフトバンク 清水大曲,静岡県静岡市清水区元城町７‐３１,https://www.softbank.jp/shop/search/detail/C670/,35.01926,138.476,ok
softbank,東海,静岡県,ソフトバンク 清水町,静岡県駿東郡清水町久米田６１‐１,https://www.softbank.jp/shop/search/detail/C655/,35.09984,138.91045,ok
softbank,東海,静岡県,ソフトバンク 清水辻,静岡県静岡市清水区辻２丁目１２‐２０,https://www.softbank.jp/shop/search/detail/C632/,35.028503,138.48802,ok
softbank,東海,静岡県,ソフトバンク 湖西,静岡県湖西市古見９７６‐５　１階,https://www.softbank.jp/shop/search/detail/C623/,34.716946,137.53474,ok
softbank,東海,静岡県,ソフトバンク 焼津,静岡県焼津市焼津１丁目４番２２号,https://www.softbank.jp/shop/search/detail/C620/,34.866966,138.3161,ok
softbank,東海,静岡県,ソフトバンク 焼津石津,静岡県焼津市石津３丁目１８番５,https://www.softbank.jp/shop/search/detail/C646/,34.843544,138.3174,ok
softbank,東海,静岡県,ソフトバンク 磐田上岡田,静岡県磐田市上岡田８５６‐９１,https://www.softbank.jp/shop/search/detail/C665/,34.69775,137.8515,ok
softbank,東海,静岡県,ソフトバンク 磐田豊田,静岡県磐田市森下１２‐６,https://www.softbank.jp/shop/search/detail/C635/,34.722992,137.82152,ok
softbank,東海,静岡県,ソフトバンク 菊川,静岡県菊川市加茂６１０５,https://www.softbank.jp/shop/search/detail/C651/,34.738876,138.08585,ok
softbank,東海,静岡県,ソフトバンク 藤枝,静岡県藤枝市田沼１丁目１９番５号,https://www.softbank.jp/shop/search/detail/C611/,34.84712,138.25403,ok
softbank,東海,静岡県,ソフトバンク 藤枝北,静岡県藤枝市青木２丁目１８‐５,https://www.softbank.jp/shop/search/detail/C640/,34.858128,138.2536,ok
softbank,東海,静岡県,ソフトバンク 藤枝東,静岡県藤枝市水守２丁目３番地の４,https://www.softbank.jp/shop/search/detail/C671/,34.88093,138.27295,ok
softbank,東海,静岡県,ソフトバンク 袋井,静岡県袋井市堀越３丁目１９‐１３　オーレンジ袋井ビル１Ｆ,https://www.softbank.jp/shop/search/detail/C621/,34.754753,137.90764,ok
softbank,東海,静岡県,ソフトバンク 裾野南,静岡県裾野市伊豆島田８２５‐２,https://www.softbank.jp/shop/search/detail/C633/,35.15014,138.90378,ok
softbank,東海,静岡県,ソフトバンク 西焼津,静岡県焼津市西焼津２‐１,https://www.softbank.jp/shop/search/detail/TA23/,34.86157,138.28564,ok
softbank,東海,静岡県,ソフトバンク 静岡,静岡県静岡市葵区伝馬町３‐１　深尾ビル１階,https://www.softbank.jp/shop/search/detail/C600/,34.974342,138.38689,ok
softbank,東海,静岡県,ソフトバンク 静岡下川原,静岡県静岡市駿河区下川原南２１番３０号,https://www.softbank.jp/shop/search/detail/C616/,34.93339,138.38281,ok
softbank,東海,静岡県,ソフトバンク 静岡南,静岡県静岡市駿河区中田４丁目２‐６,https://www.softbank.jp/shop/search/detail/C602/,34.958923,138.40039,ok
softbank,東海,静岡県,ソフトバンク 静岡本通,静岡県静岡市葵区本通１０丁目２９,https://www.softbank.jp/shop/search/detail/C617/,34.965668,138.37227,ok
softbank,東海,静岡県,ソフトバンク 静岡瀬名,静岡県静岡市葵区瀬名川３丁目２１‐６,https://www.softbank.jp/shop/search/detail/C653/,35.00777,138.4288,ok
softbank,東海,静岡県,ソフトバンク 静岡見瀬,静岡県静岡市駿河区見瀬１０２‐１,https://www.softbank.jp/shop/search/detail/TA18/,34.95899,138.38817,ok
softbank,東海,静岡県,ソフトバンク ＡＯＫＩ静岡千代田,静岡県静岡市葵区東千代田２丁目１‐２２ＡＯＫＩ静岡千代田店１階,https://www.softbank.jp/shop/search/detail/C605/,35.002163,138.40701,ok
softbank,東海,愛知県,ソフトバンク なごや大森,愛知県名古屋市守山区大森４丁目１６１０,https://www.softbank.jp/shop/search/detail/C330/,35.20324,137.00041,ok
softbank,東海,愛知県,ソフトバンク ららぽーと名古屋みなとアクルス,愛知県名古屋市港区港明２丁目３‐２　ららぽーと名古屋みなとアクルス３Ｆ,https://www.softbank.jp/shop/search/detail/CA39/,35.110332,136.88477,ok
softbank,東海,愛知県,ソフトバンク ららぽーと安城,愛知県安城市大東町９‐３０　ららぽーと安城３Ｆ　３４９０区画,https://www.softbank.jp/shop/search/detail/C3E8/,34.966118,137.0787,ok
softbank,東海,愛知県,ソフトバンク ららぽーと愛知東郷,愛知県愛知郡東郷町東郷中央土地区画整理事業６２街区１、３,https://www.softbank.jp/shop/search/detail/CA51/,35.09936,137.0469,ok
softbank,東海,愛知県,ソフトバンク アイ・モール三好,愛知県みよし市三好町青木８８　アイ・モール三好２Ｆ,https://www.softbank.jp/shop/search/detail/CA49/,35.09282,137.07878,ok
softbank,東海,愛知県,ソフトバンク アスナル金山,愛知県名古屋市中区金山１丁目１７‐１,https://www.softbank.jp/shop/search/detail/CA30/,35.14369,136.90051,ok
softbank,東海,愛知県,ソフトバンク アズタウン,愛知県名古屋市中川区新家１丁目１９１７番地,https://www.softbank.jp/shop/search/detail/C302/,35.15659,136.8072,ok
softbank,東海,愛知県,ソフトバンク アピタ刈谷,愛知県刈谷市南桜町２丁目５６番地１‐２Ｆ,https://www.softbank.jp/shop/search/detail/C3J9/,34.99107,137.00465,ok
softbank,東海,愛知県,ソフトバンク アピタ木曽川,愛知県一宮市木曽川町黒田八ノ通り５１番地の４　アピタ木曽川店１階,https://www.softbank.jp/shop/search/detail/CA52/,35.344643,136.79016,ok
softbank,東海,愛知県,ソフトバンク アピタ東海荒尾,愛知県東海市荒尾町山王前６０番地　アピタ東海荒尾　内１階,https://www.softbank.jp/shop/search/detail/C3Q4/,35.039585,136.90565,ok
softbank,東海,愛知県,ソフトバンク イオンスタイル豊田,愛知県豊田市広路町１丁目１番,https://www.softbank.jp/shop/search/detail/C3C0/,35.078587,137.15947,ok
softbank,東海,愛知県,ソフトバンク イオンタウン千種,愛知県名古屋市千種区千種２丁目１６番１３号,https://www.softbank.jp/shop/search/detail/CA34/,35.16166,136.92413,ok
softbank,東海,愛知県,ソフトバンク イオンタウン名西,愛知県名古屋市西区香呑町６丁目４９番地１　イオンタウン名西　２階,https://www.softbank.jp/shop/search/detail/C3J7/,35.204105,136.89267,ok
softbank,東海,愛知県,ソフトバンク イオンタウン岡崎美合,愛知県岡崎市美合町字つむぎ南１番１　イオンタウン岡崎美合１階,https://www.softbank.jp/shop/search/detail/C3H7/,34.925816,137.18655,ok
softbank,東海,愛知県,ソフトバンク イオンタウン弥富,愛知県弥富市五明町蒲原１３７１‐４　イオンタウン弥富内,https://www.softbank.jp/shop/search/detail/C3K2/,35.114395,136.71704,ok
softbank,東海,愛知県,ソフトバンク イオンタウン熱田千年,愛知県名古屋市熱田区千年１丁目１６‐３０,https://www.softbank.jp/shop/search/detail/C348/,35.11881,136.89961,ok
softbank,東海,愛知県,ソフトバンク イオンモールナゴヤドーム前,愛知県名古屋市東区矢田南４丁目１０２番３号,https://www.softbank.jp/shop/search/detail/CA37/,35.187176,136.94409,ok
softbank,東海,愛知県,ソフトバンク イオンモール名古屋茶屋,愛知県名古屋市港区西茶屋２丁目１１イオンモール名古屋茶屋１Ｆ,https://www.softbank.jp/shop/search/detail/CA04/,35.10339,136.82492,ok
softbank,東海,愛知県,ソフトバンク イオンモール常滑,愛知県常滑市りんくう町２丁目２０番３　イオンモール常滑,https://www.softbank.jp/shop/search/detail/CA27/,34.882587,136.82607,ok
softbank,東海,愛知県,ソフトバンク イオンモール扶桑,愛知県丹羽郡扶桑町大字南山名字高塚５‐１　イオンモール扶桑２Ｆ,https://www.softbank.jp/shop/search/detail/C3R4/,35.361652,136.89941,ok
softbank,東海,愛知県,ソフトバンク イオンモール新瑞橋,愛知県名古屋市南区菊住１丁目７‐１０　イオンモール新瑞橋３Ｆ,https://www.softbank.jp/shop/search/detail/C3R2/,35.114967,136.9356,ok
softbank,東海,愛知県,ソフトバンク イオンモール木曽川,愛知県一宮市木曽川町黒田字南八ツケ池２５‐１　イオンモール木曽川３階,https://www.softbank.jp/shop/search/detail/C3Q7/,35.34895,136.77376,ok
softbank,東海,愛知県,ソフトバンク イオンモール東浦,愛知県知多郡東浦町大字緒川字旭１３‐２　イオンモール東浦２Ｆ,https://www.softbank.jp/shop/search/detail/C3S3/,34.978916,136.97404,ok
softbank,東海,愛知県,ソフトバンク イオンモール熱田,愛知県名古屋市熱田区六野１丁目２‐１１　イオンモール熱田１Ｆ,https://www.softbank.jp/shop/search/detail/C3S2/,35.136578,136.90945,ok
softbank,東海,愛知県,ソフトバンク イオンモール豊川,愛知県豊川市白鳥町兎足１‐１６　イオンモール豊川３Ｆ,https://www.softbank.jp/shop/search/detail/C3L5/,34.82556,137.35124,ok
softbank,東海,愛知県,ソフトバンク イオンモール長久手,愛知県長久手市勝入塚５０１　イオンモール長久手４階,https://www.softbank.jp/shop/search/detail/CA31/,35.173256,137.0505,ok
softbank,東海,愛知県,ソフトバンク イオンモールＮａｇｏｙａ　Ｎｏｒｉｔａｋｅ　Ｇａｒｄｅｎ,愛知県名古屋市西区則武新町３丁目１‐１７イオンモールＮａｇｏｙａＮｏｒｉｔａｋｅＧａｒｄｅｎ,https://www.softbank.jp/shop/search/detail/CA53/,35.17998,136.88017,ok
softbank,東海,愛知県,ソフトバンク イオン八事,愛知県名古屋市昭和区広路町字石坂２‐１　イオン八事１Ｆ,https://www.softbank.jp/shop/search/detail/C3I3/,35.13691,136.96268,ok
softbank,東海,愛知県,ソフトバンク イオン守山,愛知県名古屋市守山区笹ヶ根３丁目１２２８　イオン守山内,https://www.softbank.jp/shop/search/detail/C3H1/,35.234676,137.00386,ok
softbank,東海,愛知県,ソフトバンク エアポートウォーク名古屋,愛知県西春日井郡豊山町大字豊場字林先１番８号　エアポートウォーク名古屋１Ｆ,https://www.softbank.jp/shop/search/detail/C3P9/,35.246025,136.92497,ok
softbank,東海,愛知県,ソフトバンク エディオン名古屋本店,愛知県名古屋市中村区名駅南２丁目４番２２号,https://www.softbank.jp/shop/search/detail/C3O6/,35.16385,136.8916,ok
softbank,東海,愛知県,ソフトバンク エディオン安城,愛知県安城市三河安城東町１丁目１７番地１,https://www.softbank.jp/shop/search/detail/C3Q6/,34.963017,137.0683,ok
softbank,東海,愛知県,ソフトバンク エディオン岡崎本店,愛知県岡崎市上六名町字宮前１番地　エイデン岡崎本店内,https://www.softbank.jp/shop/search/detail/C3K1/,34.95113,137.15681,ok
softbank,東海,愛知県,ソフトバンク エディオン豊田本店,愛知県豊田市三軒町８丁目５５番地,https://www.softbank.jp/shop/search/detail/C3J4/,35.082207,137.14058,ok
softbank,東海,愛知県,ソフトバンク カインズ名古屋堀田,愛知県名古屋市瑞穂区新開町２４‐５５　カインズホーム名古屋堀田店内,https://www.softbank.jp/shop/search/detail/C3O4/,35.12175,136.92018,ok
softbank,東海,愛知県,ソフトバンク カインズ常滑,愛知県常滑市虹の丘３丁目１５２番地　カインズ常滑内,https://www.softbank.jp/shop/search/detail/C3N2/,34.902206,136.83778,ok
softbank,東海,愛知県,ソフトバンク カメリアガーデン幸田,愛知県額田郡幸田町大字相見字沖原６,https://www.softbank.jp/shop/search/detail/C3L9/,34.889282,137.16428,ok
softbank,東海,愛知県,ソフトバンク ギャラリエアピタ知立,愛知県知立市長篠町１８番地の１ギャラリエアピタ知立店内,https://www.softbank.jp/shop/search/detail/C3R9/,34.997772,137.05363,ok
softbank,東海,愛知県,ソフトバンク ショップサテライト西尾徳次,愛知県西尾市高畠町３丁目２３‐９,https://www.softbank.jp/shop/search/detail/CA61/,34.86347,137.05954,ok
softbank,東海,愛知県,ソフトバンク プライムツリー赤池,愛知県日進市赤池町箕ノ手１番,https://www.softbank.jp/shop/search/detail/CA36/,35.11892,137.02214,ok
softbank,東海,愛知県,ソフトバンク ポートウォークみなと,愛知県名古屋市港区当知２丁目１５０１番地　ポートウォークみなと２階,https://www.softbank.jp/shop/search/detail/C3B2/,35.10937,136.84753,ok
softbank,東海,愛知県,ソフトバンク メグリア本店,愛知県豊田市山之手８丁目９２番地　メグリア本店,https://www.softbank.jp/shop/search/detail/C3B8/,35.05254,137.14526,ok
softbank,東海,愛知県,ソフトバンク ヨシヅヤ清洲,愛知県清須市西市場５丁目５‐３　ヨシヅヤ清洲店１Ｆ,https://www.softbank.jp/shop/search/detail/C361/,35.218872,136.82895,ok
softbank,東海,愛知県,ソフトバンク ヨロッカ春日井,愛知県春日井市六軒屋町字東丘２２　ヨロッカ春日井２Ｆ,https://www.softbank.jp/shop/search/detail/C3M2/,35.25851,136.98218,ok
softbank,東海,愛知県,ソフトバンク リソラ大府,愛知県大府市柊山町１丁目９８　リソラ大府１階,https://www.softbank.jp/shop/search/detail/C3O9/,35.017937,136.95702,ok
softbank,東海,愛知県,ソフトバンク リーフウォーク稲沢,愛知県稲沢市長野７丁目１‐２　リーフウォーク稲沢１６４,https://www.softbank.jp/shop/search/detail/C3R8/,35.260033,136.81955,ok
softbank,東海,愛知県,ソフトバンク 一宮今伊勢,愛知県一宮市今伊勢町新神戸字五輪野４０番地,https://www.softbank.jp/shop/search/detail/C312/,35.32332,136.79062,ok
softbank,東海,愛知県,ソフトバンク 一宮妙興寺,愛知県一宮市大和町妙興寺字下り松８‐１,https://www.softbank.jp/shop/search/detail/C314/,35.287052,136.79466,ok
softbank,東海,愛知県,ソフトバンク 一宮富士,愛知県一宮市富士２丁目２‐１,https://www.softbank.jp/shop/search/detail/C3J0/,35.302628,136.81697,ok
softbank,東海,愛知県,ソフトバンク 一宮開明,愛知県一宮市開明字南井保里２２‐２,https://www.softbank.jp/shop/search/detail/C3F0/,35.31433,136.7714,ok
softbank,東海,愛知県,ソフトバンク 七宝,愛知県あま市七宝町桂城之堀３０‐３,https://www.softbank.jp/shop/search/detail/C378/,35.169674,136.79951,ok
softbank,東海,愛知県,ソフトバンク 三ヶ根,愛知県額田郡幸田町大字深溝字山脇２３‐１,https://www.softbank.jp/shop/search/detail/C374/,34.836937,137.17712,ok
softbank,東海,愛知県,ソフトバンク 三好ヶ丘,愛知県みよし市福谷町竹ヶ花１０‐６,https://www.softbank.jp/shop/search/detail/C3G5/,35.11793,137.10606,ok
softbank,東海,愛知県,ソフトバンク 三郷西,愛知県尾張旭市北山町北新田１９番３　ＭＪビル１Ｆ,https://www.softbank.jp/shop/search/detail/C375/,35.214535,137.0436,ok
softbank,東海,愛知県,ソフトバンク 上飯田,愛知県名古屋市北区平安２丁目３番３２号　第２諏訪ビル,https://www.softbank.jp/shop/search/detail/C353/,35.198105,136.93004,ok
softbank,東海,愛知県,ソフトバンク 中川八熊通,愛知県名古屋市中川区八熊通５丁目５２,https://www.softbank.jp/shop/search/detail/C3D0/,35.14063,136.88264,ok
softbank,東海,愛知県,ソフトバンク 中川昭和橋通,愛知県名古屋市中川区中島新町４丁目１０７,https://www.softbank.jp/shop/search/detail/C3C9/,35.12383,136.85437,ok
softbank,東海,愛知県,ソフトバンク 中村公園,愛知県名古屋市中村区鳥居西通１丁目３３,https://www.softbank.jp/shop/search/detail/C3D2/,35.16824,136.85133,ok
softbank,東海,愛知県,ソフトバンク 共和,愛知県大府市東新町２丁目１９４,https://www.softbank.jp/shop/search/detail/C360/,35.034225,136.95639,ok
softbank,東海,愛知県,ソフトバンク 刈谷,愛知県刈谷市高倉町２丁目７０８番地,https://www.softbank.jp/shop/search/detail/CA42/,35.001537,136.99762,ok
softbank,東海,愛知県,ソフトバンク 刈谷国１,愛知県刈谷市今川町井田８１‐１,https://www.softbank.jp/shop/search/detail/C356/,35.032394,137.0187,ok
softbank,東海,愛知県,ソフトバンク 半田,愛知県半田市星崎町３丁目３９‐５２,https://www.softbank.jp/shop/search/detail/C3E3/,34.897766,136.92564,ok
softbank,東海,愛知県,ソフトバンク 半田亀崎,愛知県半田市新居町５丁目１１１番地,https://www.softbank.jp/shop/search/detail/C3E4/,34.908413,136.95908,ok
softbank,東海,愛知県,ソフトバンク 南陽,愛知県名古屋市港区七反野１丁目６０５番地,https://www.softbank.jp/shop/search/detail/C3D5/,35.11331,136.82051,ok
softbank,東海,愛知県,ソフトバンク 原,愛知県名古屋市天白区原２丁目５０８番地　リバーサイドヒルズ１Ｆ,https://www.softbank.jp/shop/search/detail/C3E2/,35.125076,136.99405,ok
softbank,東海,愛知県,ソフトバンク 古出来,愛知県名古屋市千種区北千種１丁目１‐６,https://www.softbank.jp/shop/search/detail/C369/,35.181477,136.94295,ok
softbank,東海,愛知県,ソフトバンク 名古屋,愛知県名古屋市中区錦３丁目２５‐１１　日生村瀬ビル１Ｆ,https://www.softbank.jp/shop/search/detail/C300/,35.169758,136.90799,ok
softbank,東海,愛知県,ソフトバンク 名古屋サンロード,愛知県名古屋市中村区名駅４丁目７番２５号,https://www.softbank.jp/shop/search/detail/CA55/,35.169296,136.88489,ok
softbank,東海,愛知県,ソフトバンク 名東文教台,愛知県名古屋市名東区文教台２丁目１０１　エンペランス文教台１階,https://www.softbank.jp/shop/search/detail/C3G8/,35.181038,136.99777,ok
softbank,東海,愛知県,ソフトバンク 吹上,愛知県名古屋市千種区千種通６丁目２５　センチュリースクエア千種１階,https://www.softbank.jp/shop/search/detail/C3F4/,35.159916,136.93575,ok
softbank,東海,愛知県,ソフトバンク 四軒家,愛知県名古屋市守山区白山４丁目２０１番地,https://www.softbank.jp/shop/search/detail/C377/,35.19359,137.02379,ok
softbank,東海,愛知県,ソフトバンク 大曽根赤塚,愛知県名古屋市東区赤塚町３‐１５　たつみビル１階,https://www.softbank.jp/shop/search/detail/C328/,35.18448,136.92407,ok
softbank,東海,愛知県,ソフトバンク 大須商店街,愛知県名古屋市中区大須３丁目３０‐６０　大須３０１ビル１階,https://www.softbank.jp/shop/search/detail/C3I4/,35.158737,136.90567,ok
softbank,東海,愛知県,ソフトバンク 大高インター,愛知県名古屋市緑区大高町字定納山１‐２０１３‐１,https://www.softbank.jp/shop/search/detail/CA28/,35.05309,136.93588,ok
softbank,東海,愛知県,ソフトバンク 天白,愛知県名古屋市天白区植田南２丁目９０１　グランパフィオ,https://www.softbank.jp/shop/search/detail/C3A5/,35.129105,136.98132,ok
softbank,東海,愛知県,ソフトバンク 太平通,愛知県名古屋市中川区太平通５丁目５,https://www.softbank.jp/shop/search/detail/C390/,35.132595,136.8692,ok
softbank,東海,愛知県,ソフトバンク 守山,愛知県名古屋市守山区川村町３６２,https://www.softbank.jp/shop/search/detail/C3H0/,35.21312,136.96863,ok
softbank,東海,愛知県,ソフトバンク 守山城下,愛知県名古屋市守山区新城２５‐２０,https://www.softbank.jp/shop/search/detail/C3H3/,35.194717,136.97034,ok
softbank,東海,愛知県,ソフトバンク 守山幸心,愛知県名古屋市守山区幸心２丁目４２０番地,https://www.softbank.jp/shop/search/detail/C3H2/,35.211414,136.94623,ok
softbank,東海,愛知県,ソフトバンク 安城,愛知県安城市南町１５丁目２４,https://www.softbank.jp/shop/search/detail/C307/,34.94964,137.08966,ok
softbank,東海,愛知県,ソフトバンク 安城住吉,愛知県安城市住吉町３丁目９２６‐１５,https://www.softbank.jp/shop/search/detail/C309/,34.981533,137.08278,ok
softbank,東海,愛知県,ソフトバンク 安城桜井,愛知県安城市桜井町桜西二丁目２番地２,https://www.softbank.jp/shop/search/detail/C308/,34.918457,137.08559,ok
softbank,東海,愛知県,ソフトバンク 安城高棚,愛知県安城市高棚町中島１６０‐２,https://www.softbank.jp/shop/search/detail/C3K4/,34.941418,137.03062,ok
softbank,東海,愛知県,ソフトバンク 富木島,愛知県東海市富木島町伏見３丁目９番３,https://www.softbank.jp/shop/search/detail/C3A6/,35.015923,136.91081,ok
softbank,東海,愛知県,ソフトバンク 小牧,愛知県小牧市間々本町１２３　ＢＢ　ｋｏｍａｋｉ１Ｆ,https://www.softbank.jp/shop/search/detail/C370/,35.29475,136.90704,ok
softbank,東海,愛知県,ソフトバンク 小牧田県,愛知県小牧市田県町９９,https://www.softbank.jp/shop/search/detail/C3K7/,35.31467,136.94121,ok
softbank,東海,愛知県,ソフトバンク 小牧郷中,愛知県小牧市郷中１丁目２０,https://www.softbank.jp/shop/search/detail/C371/,35.27945,136.91678,ok
softbank,東海,愛知県,ソフトバンク 小田井,愛知県名古屋市西区中小田井２丁目１９５　フローラタウン１Ｆ,https://www.softbank.jp/shop/search/detail/C338/,35.21326,136.87059,ok
softbank,東海,愛知県,ソフトバンク 尾張旭印場,愛知県尾張旭市東印場町４丁目５‐６,https://www.softbank.jp/shop/search/detail/C3K9/,35.210648,137.02325,ok
softbank,東海,愛知県,ソフトバンク 尾西中島,愛知県一宮市小信中島字郷東１６‐１,https://www.softbank.jp/shop/search/detail/C3F1/,35.3104,136.74814,ok
softbank,東海,愛知県,ソフトバンク 岡崎ウィングタウン,愛知県岡崎市羽根町字小豆坂３番地　ウィングタウン内,https://www.softbank.jp/shop/search/detail/C3O7/,34.922806,137.1743,ok
softbank,東海,愛知県,ソフトバンク 岡崎上和田,愛知県岡崎市法性寺町字猿待１６‐３．　オーレンジ岡崎ビル１Ｆ,https://www.softbank.jp/shop/search/detail/C3M1/,34.93296,137.1443,ok
softbank,東海,愛知県,ソフトバンク 岡崎六ッ美,愛知県岡崎市牧御堂町字郷中１６‐７,https://www.softbank.jp/shop/search/detail/C336/,34.925434,137.1399,ok
softbank,東海,愛知県,ソフトバンク 岡崎北,愛知県岡崎市石神町５‐２,https://www.softbank.jp/shop/search/detail/C333/,34.97072,137.17296,ok
softbank,東海,愛知県,ソフトバンク 岡崎南,愛知県岡崎市若松東１丁目９番地２０,https://www.softbank.jp/shop/search/detail/C335/,34.914944,137.1678,ok
softbank,東海,愛知県,ソフトバンク 岡崎東,愛知県岡崎市洞町字西浦２４‐１,https://www.softbank.jp/shop/search/detail/C334/,34.948975,137.19225,ok
softbank,東海,愛知県,ソフトバンク 岡崎矢作,愛知県岡崎市東大友町字松花６２‐１,https://www.softbank.jp/shop/search/detail/C337/,34.97537,137.1352,ok
softbank,東海,愛知県,ソフトバンク 岩倉,愛知県岩倉市大地町小森２８‐１,https://www.softbank.jp/shop/search/detail/C323/,35.272892,136.86588,ok
softbank,東海,愛知県,ソフトバンク 岩塚本通,愛知県名古屋市中村区岩塚本通４丁目１,https://www.softbank.jp/shop/search/detail/C3P5/,35.158157,136.84695,ok
softbank,東海,愛知県,ソフトバンク 島田橋,愛知県名古屋市天白区元八事１丁目１２６番地,https://www.softbank.jp/shop/search/detail/C380/,35.121387,136.96329,ok
softbank,東海,愛知県,ソフトバンク 師勝,愛知県北名古屋市鹿田合田７８‐１　センタースクエア師勝,https://www.softbank.jp/shop/search/detail/C376/,35.25097,136.8833,ok
softbank,東海,愛知県,ソフトバンク 常滑中央,愛知県常滑市字社辺７‐１,https://www.softbank.jp/shop/search/detail/C3L7/,34.886772,136.8538,ok
softbank,東海,愛知県,ソフトバンク 平針,愛知県名古屋市天白区向が丘３丁目１１０７,https://www.softbank.jp/shop/search/detail/C3F3/,35.114433,137.00375,ok
softbank,東海,愛知県,ソフトバンク 康生通,愛知県名古屋市西区児玉２丁目２６‐２３　アーバンハイツ児玉,https://www.softbank.jp/shop/search/detail/C365/,35.19681,136.88484,ok
softbank,東海,愛知県,ソフトバンク 弥富十四山,愛知県弥富市鍋平２丁目６０‐１,https://www.softbank.jp/shop/search/detail/C3L6/,35.11631,136.74646,ok
softbank,東海,愛知県,ソフトバンク 愛教大前,愛知県刈谷市井ケ谷町桜島６０‐１,https://www.softbank.jp/shop/search/detail/C3M7/,35.056957,137.04514,ok
softbank,東海,愛知県,ソフトバンク 愛西佐屋,愛知県愛西市西保町同所新田１４‐１,https://www.softbank.jp/shop/search/detail/C3K5/,35.143524,136.71182,ok
softbank,東海,愛知県,ソフトバンク 扶桑,愛知県丹羽郡扶桑町大字柏森字長畑５４０,https://www.softbank.jp/shop/search/detail/C3F7/,35.352184,136.9021,ok
softbank,東海,愛知県,ソフトバンク 新城けいさつ前,愛知県新城市城北３丁目１‐２１,https://www.softbank.jp/shop/search/detail/CA23/,34.906994,137.49579,ok
softbank,東海,愛知県,ソフトバンク 新安城,愛知県安城市東栄町３丁目５‐３,https://www.softbank.jp/shop/search/detail/C3O8/,34.985813,137.08893,ok
softbank,東海,愛知県,ソフトバンク 日進,愛知県日進市栄２丁目１４０４,https://www.softbank.jp/shop/search/detail/C3E0/,35.119633,137.04825,ok
softbank,東海,愛知県,ソフトバンク 日進竹の山,愛知県日進市竹の山２丁目４１３番地,https://www.softbank.jp/shop/search/detail/C3H9/,35.157063,137.03902,ok
softbank,東海,愛知県,ソフトバンク 春日井,愛知県春日井市若草通３丁目５７　メインビル１Ｆ,https://www.softbank.jp/shop/search/detail/C342/,35.238327,136.95999,ok
softbank,東海,愛知県,ソフトバンク 春日井市民病院前,愛知県春日井市南下原町４丁目６番３,https://www.softbank.jp/shop/search/detail/C346/,35.268776,136.97212,ok
softbank,東海,愛知県,ソフトバンク 春日井神領,愛知県春日井市大留町７丁目１１‐６,https://www.softbank.jp/shop/search/detail/C345/,35.260193,137.02455,ok
softbank,東海,愛知県,ソフトバンク 春日井篠木,愛知県春日井市篠木町７丁目５‐１,https://www.softbank.jp/shop/search/detail/CA09/,35.25828,136.9953,ok
softbank,東海,愛知県,ソフトバンク 春日井高山,愛知県春日井市高山町３丁目１０‐１２,https://www.softbank.jp/shop/search/detail/C3P2/,35.258614,136.95358,ok
softbank,東海,愛知県,ソフトバンク 本山,愛知県名古屋市千種区四谷通１丁目１８‐１,https://www.softbank.jp/shop/search/detail/C3G9/,35.162666,136.96408,ok
softbank,東海,愛知県,ソフトバンク 本陣,愛知県名古屋市中村区十王町６‐１７　第１三鈴ビル１Ｆ,https://www.softbank.jp/shop/search/detail/C3G0/,35.177765,136.86638,ok
softbank,東海,愛知県,ソフトバンク 東浦,愛知県知多郡東浦町大字緒川字八郎兵衛１８‐２,https://www.softbank.jp/shop/search/detail/C3E6/,34.978012,136.9695,ok
softbank,東海,愛知県,ソフトバンク 東海南加木屋,愛知県東海市加木屋町中平地７０‐２,https://www.softbank.jp/shop/search/detail/C3A8/,34.981255,136.90848,ok
softbank,東海,愛知県,ソフトバンク 東郷,愛知県愛知郡東郷町清水１丁目２番地４,https://www.softbank.jp/shop/search/detail/C3B0/,35.09288,137.02924,ok
softbank,東海,愛知県,ソフトバンク 柴田,愛知県名古屋市南区柴田本通２丁目１３,https://www.softbank.jp/shop/search/detail/C379/,35.074177,136.91109,ok
softbank,東海,愛知県,ソフトバンク 桜山,愛知県名古屋市瑞穂区瑞穂通１丁目３４　サンマリーノ１Ｆ,https://www.softbank.jp/shop/search/detail/C3I1/,35.13778,136.93396,ok
softbank,東海,愛知県,ソフトバンク 桶狭間,愛知県名古屋市緑区緑花台７０７,https://www.softbank.jp/shop/search/detail/C306/,35.05744,136.96385,ok
softbank,東海,愛知県,ソフトバンク 植田北,愛知県名古屋市天白区一本松１丁目１２０２,https://www.softbank.jp/shop/search/detail/C324/,35.138813,136.98691,ok
softbank,東海,愛知県,ソフトバンク 武豊,愛知県知多郡武豊町字祠峯２丁目５３,https://www.softbank.jp/shop/search/detail/C396/,34.86623,136.91142,ok
softbank,東海,愛知県,ソフトバンク 江南団地前,愛知県江南市前飛保町寺町９４‐２,https://www.softbank.jp/shop/search/detail/C3M8/,35.351486,136.85738,ok
softbank,東海,愛知県,ソフトバンク 池下,愛知県名古屋市千種区春岡１丁目２番１９号　　伊藤ビル１Ｆ,https://www.softbank.jp/shop/search/detail/C310/,35.16753,136.94284,ok
softbank,東海,愛知県,ソフトバンク 津島,愛知県津島市今市場町４丁目９　サンガーデン１Ｆ,https://www.softbank.jp/shop/search/detail/C3A2/,35.176373,136.73203,ok
softbank,東海,愛知県,ソフトバンク 滝ノ水,愛知県名古屋市緑区大形山３０９番１,https://www.softbank.jp/shop/search/detail/C395/,35.0847,136.97006,ok
softbank,東海,愛知県,ソフトバンク 瀬戸中央,愛知県瀬戸市共栄通２丁目２,https://www.softbank.jp/shop/search/detail/C386/,35.22191,137.08263,ok
softbank,東海,愛知県,ソフトバンク 瀬戸西,愛知県瀬戸市西原町１丁目６８,https://www.softbank.jp/shop/search/detail/C389/,35.2122,137.06845,ok
softbank,東海,愛知県,ソフトバンク 犬山キャスタ,愛知県犬山市天神町１丁目１,https://www.softbank.jp/shop/search/detail/C3S1/,35.381313,136.94681,ok
softbank,東海,愛知県,ソフトバンク 犬山羽黒,愛知県犬山市大字羽黒新田字上島４０番１,https://www.softbank.jp/shop/search/detail/C320/,35.339893,136.94922,ok
softbank,東海,愛知県,ソフトバンク 猪子石,愛知県名古屋市千種区宮根台１丁目５‐２,https://www.softbank.jp/shop/search/detail/C321/,35.187054,136.9805,ok
softbank,東海,愛知県,ソフトバンク 甚目寺,愛知県あま市坂牧坂塩５５‐１,https://www.softbank.jp/shop/search/detail/C381/,35.184353,136.82524,ok
softbank,東海,愛知県,ソフトバンク 田原,愛知県田原市東赤石４丁目１１,https://www.softbank.jp/shop/search/detail/C397/,34.66297,137.2708,ok
softbank,東海,愛知県,ソフトバンク 知多,愛知県知多市清水が丘１丁目１０４‐１,https://www.softbank.jp/shop/search/detail/C399/,34.99294,136.87714,ok
softbank,東海,愛知県,ソフトバンク 知多中部,愛知県知多市新知東町２丁目２６‐３２,https://www.softbank.jp/shop/search/detail/CA24/,34.98059,136.86353,ok
softbank,東海,愛知県,ソフトバンク 知立,愛知県知立市鳥居１丁目１６番地１,https://www.softbank.jp/shop/search/detail/C3A0/,35.002857,137.03198,ok
softbank,東海,愛知県,ソフトバンク 碧南,愛知県碧南市荒子町５丁目５２,https://www.softbank.jp/shop/search/detail/C3F8/,34.894302,137.00809,ok
softbank,東海,愛知県,ソフトバンク 稲沢平和,愛知県稲沢市平和町下起南２５６,https://www.softbank.jp/shop/search/detail/C3K6/,35.20541,136.73361,ok
softbank,東海,愛知県,ソフトバンク 稲沢警察署前,愛知県稲沢市西町３丁目１６３‐８,https://www.softbank.jp/shop/search/detail/C318/,35.249996,136.77954,ok
softbank,東海,愛知県,ソフトバンク 稲沢駅南,愛知県稲沢市駅前４丁目１番地１,https://www.softbank.jp/shop/search/detail/C316/,35.249256,136.82054,ok
softbank,東海,愛知県,ソフトバンク 笠寺,愛知県名古屋市南区前浜通３丁目２７,https://www.softbank.jp/shop/search/detail/C341/,35.094364,136.9309,ok
softbank,東海,愛知県,ソフトバンク 緑徳重,愛知県名古屋市緑区鶴が沢１丁目２２０２,https://www.softbank.jp/shop/search/detail/C3G3/,35.09342,136.99982,ok
softbank,東海,愛知県,ソフトバンク 美和,愛知県あま市丹波南屋敷２４‐１,https://www.softbank.jp/shop/search/detail/C3J2/,35.199593,136.77473,ok
softbank,東海,愛知県,ソフトバンク 蒲郡,愛知県蒲郡市神明町６番６号　キャッスルハイツ蒲郡神明１Ｆ,https://www.softbank.jp/shop/search/detail/C351/,34.823536,137.22992,ok
softbank,東海,愛知県,ソフトバンク 蟹江,愛知県海部郡蟹江町本町５丁目６３番３,https://www.softbank.jp/shop/search/detail/C350/,35.138206,136.79764,ok
softbank,東海,愛知県,ソフトバンク 西尾国森,愛知県西尾市国森町１丁目１５番,https://www.softbank.jp/shop/search/detail/C3L8/,34.85649,137.03429,ok
softbank,東海,愛知県,ソフトバンク 西尾徳次,愛知県西尾市徳次町下十五夜４８番地２,https://www.softbank.jp/shop/search/detail/C3J3/,34.8619,137.06575,ok
softbank,東海,愛知県,ソフトバンク 西尾米津,愛知県西尾市米津町宮浦１５‐１,https://www.softbank.jp/shop/search/detail/C3D7/,34.897106,137.06004,ok
softbank,東海,愛知県,ソフトバンク 西春徳重,愛知県北名古屋市徳重吉原９１‐１,https://www.softbank.jp/shop/search/detail/C3D8/,35.258736,136.8662,ok
softbank,東海,愛知県,ソフトバンク 西枇杷島,愛知県清須市西枇杷島町二見１１‐１,https://www.softbank.jp/shop/search/detail/C3D9/,35.199463,136.86317,ok
softbank,東海,愛知県,ソフトバンク 豊山,愛知県西春日井郡豊山町大字豊場字神戸１１５,https://www.softbank.jp/shop/search/detail/C3L1/,35.24072,136.91913,ok
softbank,東海,愛知県,ソフトバンク 豊川,愛知県豊川市中央通５丁目８,https://www.softbank.jp/shop/search/detail/C3B6/,34.824635,137.37901,ok
softbank,東海,愛知県,ソフトバンク 豊川八幡,愛知県豊川市野口町新屋敷７９‐１,https://www.softbank.jp/shop/search/detail/C3P8/,34.83156,137.35329,ok
softbank,東海,愛知県,ソフトバンク 豊川南,愛知県豊川市正岡町西深田３４５‐１,https://www.softbank.jp/shop/search/detail/C3I0/,34.80312,137.38588,ok
softbank,東海,愛知県,ソフトバンク 豊明,愛知県豊明市三崎町中ノ坪２６‐１４,https://www.softbank.jp/shop/search/detail/C3B4/,35.052547,137.00987,ok
softbank,東海,愛知県,ソフトバンク 豊明前後,愛知県豊明市前後町三ツ谷１３５３‐６,https://www.softbank.jp/shop/search/detail/C3B5/,35.060432,136.98682,ok
softbank,東海,愛知県,ソフトバンク 豊橋佐藤,愛知県豊橋市佐藤４丁目１‐７,https://www.softbank.jp/shop/search/detail/C3C7/,34.743042,137.40735,ok
softbank,東海,愛知県,ソフトバンク 豊橋南,愛知県豊橋市向草間町字北新切１０９‐１,https://www.softbank.jp/shop/search/detail/C3L0/,34.726234,137.37932,ok
softbank,東海,愛知県,ソフトバンク 豊橋大清水,愛知県豊橋市大清水町字大清水３‐８９６,https://www.softbank.jp/shop/search/detail/C3K3/,34.695858,137.36,ok
softbank,東海,愛知県,ソフトバンク 豊橋岩田,愛知県豊橋市中岩田３丁目３‐１５,https://www.softbank.jp/shop/search/detail/C3M6/,34.748703,137.42294,ok
softbank,東海,愛知県,ソフトバンク 豊橋新栄,愛知県豊橋市新栄町字南小向８１‐４,https://www.softbank.jp/shop/search/detail/C3Q0/,34.767212,137.3662,ok
softbank,東海,愛知県,ソフトバンク 豊橋曙,愛知県豊橋市曙町字南松原１２０番地１,https://www.softbank.jp/shop/search/detail/C3C6/,34.727665,137.40189,ok
softbank,東海,愛知県,ソフトバンク 豊橋東田,愛知県豊橋市東田町字東前山１０‐１,https://www.softbank.jp/shop/search/detail/C3I7/,34.765903,137.4085,ok
softbank,東海,愛知県,ソフトバンク 豊橋藤沢,愛知県豊橋市柱六番町１３１‐１,https://www.softbank.jp/shop/search/detail/C3L2/,34.746704,137.37369,ok
softbank,東海,愛知県,ソフトバンク 豊橋西,愛知県豊橋市東脇１丁目７‐１,https://www.softbank.jp/shop/search/detail/C3C8/,34.754322,137.3672,ok
softbank,東海,愛知県,ソフトバンク 豊田梅坪,愛知県豊田市東梅坪町２丁目６‐５,https://www.softbank.jp/shop/search/detail/C3J6/,35.10411,137.16388,ok
softbank,東海,愛知県,ソフトバンク 豊田浄水駅前,愛知県豊田市浄水町伊保原４２７,https://www.softbank.jp/shop/search/detail/CA07/,35.12121,137.13571,ok
softbank,東海,愛知県,ソフトバンク 豊田若林,愛知県豊田市若林東町新屋敷２０‐１５,https://www.softbank.jp/shop/search/detail/C3S0/,35.025936,137.10355,ok
softbank,東海,愛知県,ソフトバンク 豊田高橋,愛知県豊田市上野町５丁目８‐７,https://www.softbank.jp/shop/search/detail/C3B9/,35.087997,137.18285,ok
softbank,東海,愛知県,ソフトバンク 車道,愛知県名古屋市東区筒井３丁目３０‐１２,https://www.softbank.jp/shop/search/detail/C3M5/,35.17362,136.93098,ok
softbank,東海,愛知県,ソフトバンク 野並,愛知県名古屋市緑区古鳴海１丁目２３番,https://www.softbank.jp/shop/search/detail/C3E1/,35.100723,136.95488,ok
softbank,東海,愛知県,ソフトバンク 長久手,愛知県長久手市蟹原１０２　アーバングリーン１階,https://www.softbank.jp/shop/search/detail/C3D1/,35.17307,137.03056,ok
softbank,東海,愛知県,ソフトバンク 阿久比駅前,愛知県知多郡阿久比町大字阿久比字駅前１丁目１４,https://www.softbank.jp/shop/search/detail/C301/,34.931087,136.91745,ok
softbank,東海,愛知県,ソフトバンク 香久山,愛知県日進市香久山３丁目１６０４,https://www.softbank.jp/shop/search/detail/C340/,35.145462,137.02496,ok
softbank,東海,愛知県,ソフトバンク 高浜,愛知県高浜市神明町２丁目２‐１７,https://www.softbank.jp/shop/search/detail/C393/,34.94262,137.00128,ok
softbank,東海,愛知県,ソフトバンク 高畑,愛知県名古屋市中川区荒子１丁目２０１,https://www.softbank.jp/shop/search/detail/C392/,35.14065,136.85944,ok
softbank,東海,愛知県,ソフトバンク 高蔵寺,愛知県春日井市気噴町北１丁目１７８,https://www.softbank.jp/shop/search/detail/C366/,35.266724,137.02988,ok
softbank,東海,愛知県,ソフトバンク 高蔵寺ニュータウン,愛知県春日井市中央台２丁目４番８,https://www.softbank.jp/shop/search/detail/C3I9/,35.283615,137.04918,ok
softbank,東海,愛知県,ソフトバンク 黒川,愛知県名古屋市北区萩野通１丁目２‐２,https://www.softbank.jp/shop/search/detail/C364/,35.203983,136.91124,ok
softbank,東海,愛知県,ソフトバンク ＭＥＧＡドン・キホーテＵＮＹ吉良,愛知県西尾市吉良町吉田天笠桂１６ー３　ピアゴ吉良店１階,https://www.softbank.jp/shop/search/detail/C362/,34.801056,137.06326,ok
softbank,東海,愛知県,ソフトバンク ＭＥＧＡドン・キホーテＵＮＹ桃花台,愛知県小牧市古雅１丁目１　ＭＥＧＡドン・キホーテＵＮＹ桃花台２Ｆ,https://www.softbank.jp/shop/search/detail/C3A9/,35.300846,136.98294,ok
softbank,東海,愛知県,ソフトバンク ＭＥＧＡドン・キホーテＵＮＹ江南,愛知県江南市村久野町瀬頭１６３番地,https://www.softbank.jp/shop/search/detail/CA57/,35.354824,136.87383,ok
softbank,東海,愛知県,ソフトバンク ｍｏｚｏワンダーシティ上小田井,愛知県名古屋市西区二方町４０‐４５３　ｍｏｚｏワンダーシティ４Ｆ,https://www.softbank.jp/shop/search/detail/C3Q3/,35.224976,136.88454,ok
softbank,東海,三重県,ソフトバンク いなべ,三重県いなべ市員弁町笠田新田４８‐１,https://www.softbank.jp/shop/search/detail/C527/,35.115128,136.56056,ok
softbank,東海,三重県,ソフトバンク そよら鈴鹿白子,三重県鈴鹿市白子駅前３番１号,https://www.softbank.jp/shop/search/detail/C522/,34.83632,136.5913,ok
softbank,東海,三重県,ソフトバンク アドバンスモール松阪,三重県松阪市田村町字蔵持２３５‐１,https://www.softbank.jp/shop/search/detail/C517/,34.55357,136.51385,ok
softbank,東海,三重県,ソフトバンク イオンタウン伊勢ララパーク,三重県伊勢市小木町曽祢５３８　イオンタウン伊勢ララパーク２Ｆ,https://www.softbank.jp/shop/search/detail/C503/,34.506645,136.7225,ok
softbank,東海,三重県,ソフトバンク イオンタウン四日市泊,三重県四日市市泊小柳町４番５‐１号　イオンタウン四日市泊１階,https://www.softbank.jp/shop/search/detail/CA47/,34.93759,136.60133,ok
softbank,東海,三重県,ソフトバンク イオンタウン桑名新西方,三重県桑名市新西方７丁目２２,https://www.softbank.jp/shop/search/detail/C536/,35.06713,136.6575,ok
softbank,東海,三重県,ソフトバンク イオンタウン津城山,三重県津市久居小野辺町１１３０‐７イオンタウン津城山内,https://www.softbank.jp/shop/search/detail/C558/,34.679314,136.50142,ok
softbank,東海,三重県,ソフトバンク イオンタウン芸濃,三重県津市芸濃町椋本一ツ谷３０８３,https://www.softbank.jp/shop/search/detail/CA48/,34.805172,136.44604,ok
softbank,東海,三重県,ソフトバンク イオンタウン菰野,三重県三重郡菰野町大字宿野字神明田３５７　イオンタウン菰野,https://www.softbank.jp/shop/search/detail/C518/,35.005486,136.52888,ok
softbank,東海,三重県,ソフトバンク イオンタウン鈴鹿玉垣,三重県鈴鹿市南玉垣町字玉垣５５２０番１０６,https://www.softbank.jp/shop/search/detail/C553/,34.85748,136.58244,ok
softbank,東海,三重県,ソフトバンク イオンモール明和,三重県多気郡明和町大字中村１２２３　イオンモール明和店２階,https://www.softbank.jp/shop/search/detail/CA44/,34.581116,136.61403,ok
softbank,東海,三重県,ソフトバンク イオンモール東員,三重県員弁郡東員町大字長深字築田５１０ー１イオンモール東員１Ｆ,https://www.softbank.jp/shop/search/detail/CA02/,35.061604,136.57932,ok
softbank,東海,三重県,ソフトバンク イオンモール桑名,三重県桑名市新西方１丁目２２　イオンモール桑名３階,https://www.softbank.jp/shop/search/detail/C511/,35.07227,136.66263,ok
softbank,東海,三重県,ソフトバンク イオンモール津南,三重県津市高茶屋小森町１４５番地　イオンモール津南３階,https://www.softbank.jp/shop/search/detail/CA40/,34.67088,136.51772,ok
softbank,東海,三重県,ソフトバンク イオンモール鈴鹿,三重県鈴鹿市庄野羽山４丁目１‐２　イオンモール鈴鹿１Ｆ,https://www.softbank.jp/shop/search/detail/C535/,34.87199,136.53154,ok
softbank,東海,三重県,ソフトバンク エディオンイオンモール鈴鹿,三重県鈴鹿市庄野羽山４丁目1-2　ｲｵﾝﾓｰﾙ鈴鹿ﾍﾞﾙｼﾃｨｳｴｽﾄ2Fｴｲﾃﾞﾝｲｵﾝ鈴鹿店内,https://www.softbank.jp/shop/search/detail/C539/,34.872204,136.53178,ok
softbank,東海,三重県,ソフトバンク ショップサテライトイオンタウン四日市泊,三重県四日市市泊小柳町４‐５,https://www.softbank.jp/shop/search/detail/CA59/,34.938873,136.60149,ok
softbank,東海,三重県,ソフトバンク ショップサテライトイオンモール四日市北,三重県四日市市富州原町２番４０号,https://www.softbank.jp/shop/search/detail/CA60/,35.00791,136.65697,ok
softbank,東海,三重県,ソフトバンク トナリエ四日市,三重県四日市市安島１丁目３‐３１　トナリエ四日市２Ｆ,https://www.softbank.jp/shop/search/detail/C504/,34.968407,136.6165,ok
softbank,東海,三重県,ソフトバンク マックスバリュ鈴鹿中央,三重県鈴鹿市西條町３６４‐１,https://www.softbank.jp/shop/search/detail/C528/,34.876118,136.56561,ok
softbank,東海,三重県,ソフトバンク 久居,三重県津市久居北口町４９７‐３,https://www.softbank.jp/shop/search/detail/C513/,34.683125,136.4739,ok
softbank,東海,三重県,ソフトバンク 亀山,三重県亀山市東御幸町２２２　亀山エコータウン内,https://www.softbank.jp/shop/search/detail/C523/,34.852333,136.45775,ok
softbank,東海,三重県,ソフトバンク 伊勢度会橋,三重県伊勢市中須町丸池６２２‐１,https://www.softbank.jp/shop/search/detail/C533/,34.49256,136.67885,ok
softbank,東海,三重県,ソフトバンク 伊勢御薗,三重県伊勢市御薗町長屋２１７５,https://www.softbank.jp/shop/search/detail/C524/,34.50843,136.71321,ok
softbank,東海,三重県,ソフトバンク 伊賀上野,三重県伊賀市小田町２５１,https://www.softbank.jp/shop/search/detail/C510/,34.775513,136.12573,ok
softbank,東海,三重県,ソフトバンク 名張中央,三重県名張市鴻之台１番町１８１,https://www.softbank.jp/shop/search/detail/C548/,34.627888,136.11028,ok
softbank,東海,三重県,ソフトバンク 四日市北,三重県四日市市富州原町２６‐３,https://www.softbank.jp/shop/search/detail/C532/,35.01107,136.6586,ok
softbank,東海,三重県,ソフトバンク 四日市川島,三重県四日市市川島新町４３番地３,https://www.softbank.jp/shop/search/detail/C552/,34.976994,136.5593,ok
softbank,東海,三重県,ソフトバンク 四日市生桑,三重県四日市市生桑町２３８‐７,https://www.softbank.jp/shop/search/detail/C519/,34.9845,136.60034,ok
softbank,東海,三重県,ソフトバンク 四日市羽津,三重県四日市市別名４丁目８０６,https://www.softbank.jp/shop/search/detail/C546/,34.995358,136.63033,ok
softbank,東海,三重県,ソフトバンク 多気クリスタルタウン,三重県多気郡多気町仁田７５０　マックスバリュ多気クリスタルタウン内,https://www.softbank.jp/shop/search/detail/C554/,34.494205,136.55006,ok
softbank,東海,三重県,ソフトバンク 尾鷲,三重県尾鷲市野地町１２‐４３,https://www.softbank.jp/shop/search/detail/C515/,34.075794,136.19164,ok
softbank,東海,三重県,ソフトバンク 日永,三重県四日市市日永西２丁目２１‐７,https://www.softbank.jp/shop/search/detail/C507/,34.951317,136.60027,ok
softbank,東海,三重県,ソフトバンク 松阪中央,三重県松阪市大塚町１１‐４,https://www.softbank.jp/shop/search/detail/CA25/,34.5873,136.52914,ok
softbank,東海,三重県,ソフトバンク 松阪嬉野,三重県松阪市嬉野中川新町４丁目２５３,https://www.softbank.jp/shop/search/detail/CA56/,34.63081,136.48123,ok
softbank,東海,三重県,ソフトバンク 桑名,三重県桑名市大字江場７１６‐１,https://www.softbank.jp/shop/search/detail/C505/,35.046055,136.68703,ok
softbank,東海,三重県,ソフトバンク 桑名サンシパーク,三重県桑名市大字大仲新田新井水下９８‐１　桑名サンシパーク内,https://www.softbank.jp/shop/search/detail/C540/,35.080135,136.60783,ok
softbank,東海,三重県,ソフトバンク 桑名中央,三重県桑名市中央町５丁目１３,https://www.softbank.jp/shop/search/detail/C529/,35.06126,136.68542,ok
softbank,東海,三重県,ソフトバンク 河芸,三重県津市河芸町上野６９７‐５,https://www.softbank.jp/shop/search/detail/C509/,34.79536,136.55093,ok
softbank,東海,三重県,ソフトバンク 津北,三重県津市島崎町３６番地,https://www.softbank.jp/shop/search/detail/C537/,34.731674,136.51927,ok
softbank,東海,三重県,ソフトバンク 津駅西,三重県津市一身田上津部田１２１‐１,https://www.softbank.jp/shop/search/detail/C521/,34.74686,136.5023,ok
softbank,東海,三重県,ソフトバンク 鈴鹿,三重県鈴鹿市算所町１２７３‐２,https://www.softbank.jp/shop/search/detail/C502/,34.872643,136.54869,ok
softbank,東海,三重県,ソフトバンク 鈴鹿サーキット通り,三重県鈴鹿市野村町２７７,https://www.softbank.jp/shop/search/detail/C538/,34.838234,136.56581,ok
softbank,東海,三重県,ソフトバンク 鵜方,三重県志摩市阿児町鵜方３０１６,https://www.softbank.jp/shop/search/detail/C514/,34.32801,136.83769,ok
softbank,近畿,滋賀県,ソフトバンク アル・プラザ野洲,滋賀県野洲市小篠原１０００　アル・プラザ野洲１Ｆ,https://www.softbank.jp/shop/search/detail/K524/,35.06475,136.02649,ok
softbank,近畿,滋賀県,ソフトバンク イオンタウン彦根,滋賀県彦根市古沢町２５５‐１　イオンタウン彦根１Ｆ,https://www.softbank.jp/shop/search/detail/K521/,35.27124,136.26955,ok
softbank,近畿,滋賀県,ソフトバンク イオンモール草津,滋賀県草津市新浜町３００　イオンモール草津３Ｆ,https://www.softbank.jp/shop/search/detail/K528/,34.99798,135.9126,ok
softbank,近畿,滋賀県,ソフトバンク ピエリ守山,滋賀県守山市今浜町２６２０‐５,https://www.softbank.jp/shop/search/detail/KB20/,35.12288,135.94543,ok
softbank,近畿,滋賀県,ソフトバンク フォレオ大津一里山,滋賀県大津市一里山７丁目１‐１　フォレオ大津一里山２Ｆ,https://www.softbank.jp/shop/search/detail/K501/,34.974606,135.93417,ok
softbank,近畿,滋賀県,ソフトバンク 八日市,滋賀県東近江市外町１３８０‐１　プラシード緑町２　１階,https://www.softbank.jp/shop/search/detail/K515/,35.109215,136.20876,ok
softbank,近畿,滋賀県,ソフトバンク 南草津駅前,滋賀県草津市野路１丁目１４‐３８　サンマール南草津１０４号,https://www.softbank.jp/shop/search/detail/K506/,35.00318,135.94836,ok
softbank,近畿,滋賀県,ソフトバンク 堅田,滋賀県大津市本堅田４丁目１６‐１５,https://www.softbank.jp/shop/search/detail/K517/,35.1209,135.91786,ok
softbank,近畿,滋賀県,ソフトバンク 守山,滋賀県守山市播磨田町字平成の里３１０３番地,https://www.softbank.jp/shop/search/detail/K510/,35.069183,135.9934,ok
softbank,近畿,滋賀県,ソフトバンク 安曇川,滋賀県高島市安曇川町西万木５５,https://www.softbank.jp/shop/search/detail/K529/,35.32728,136.02783,ok
softbank,近畿,滋賀県,ソフトバンク 彦根,滋賀県彦根市戸賀町９２,https://www.softbank.jp/shop/search/detail/K516/,35.255924,136.23643,ok
softbank,近畿,滋賀県,ソフトバンク 栗東,滋賀県栗東市苅原１０８‐１０,https://www.softbank.jp/shop/search/detail/K518/,35.033207,135.97878,ok
softbank,近畿,滋賀県,ソフトバンク 水口,滋賀県甲賀市水口町東名坂２９０番地,https://www.softbank.jp/shop/search/detail/K500/,34.978027,136.16585,ok
softbank,近畿,滋賀県,ソフトバンク 甲西,滋賀県湖南市針２２７,https://www.softbank.jp/shop/search/detail/K514/,35.0015,136.0862,ok
softbank,近畿,滋賀県,ソフトバンク 石山,滋賀県大津市別保３丁目１１‐３２,https://www.softbank.jp/shop/search/detail/KB33/,34.984825,135.88918,ok
softbank,近畿,滋賀県,ソフトバンク 能登川,滋賀県東近江市林町６２４,https://www.softbank.jp/shop/search/detail/K531/,35.18214,136.16278,ok
softbank,近畿,滋賀県,ソフトバンク 草津エイスクエア,滋賀県草津市西渋川１丁目２３番地１１０号　ＳＡＲＡ東館＆パーキング,https://www.softbank.jp/shop/search/detail/K507/,35.02464,135.9613,ok
softbank,近畿,滋賀県,ソフトバンク 近江八幡,滋賀県近江八幡市白鳥町１１９‐１,https://www.softbank.jp/shop/search/detail/K511/,35.120987,136.09607,ok
softbank,近畿,滋賀県,ソフトバンク 長浜,滋賀県長浜市八幡東町６９‐１０,https://www.softbank.jp/shop/search/detail/K512/,35.38235,136.28494,ok
softbank,近畿,滋賀県,ソフトバンク ＢＲＡＮＣＨ大津京,滋賀県大津市二本松１番１号ＢＲＡＮＣＨ大津京内１Ｆ,https://www.softbank.jp/shop/search/detail/KB57/,35.029457,135.86539,ok
softbank,近畿,京都府,ソフトバンク アル・プラザ京田辺,京都府京田辺市田辺中央５丁目２番１　アルプラザ京田辺１Ｆ,https://www.softbank.jp/shop/search/detail/K303/,34.821922,135.7689,ok
softbank,近畿,京都府,ソフトバンク イオンタウン山科椥辻,京都府京都市山科区椥辻草海道町１５イオンタウン山科椥辻２Ｆ,https://www.softbank.jp/shop/search/detail/K330/,34.973404,135.81613,ok
softbank,近畿,京都府,ソフトバンク イオンモール久御山,京都府久世郡久御山町森南大内１５６‐１　イオンモール久御山２Ｆ,https://www.softbank.jp/shop/search/detail/K361/,34.893497,135.7467,ok
softbank,近畿,京都府,ソフトバンク イオンモール京都五条,京都府京都市右京区西院追分町２５‐１　イオンモール京都五条３Ｆ,https://www.softbank.jp/shop/search/detail/K332/,34.9974,135.72699,ok
softbank,近畿,京都府,ソフトバンク イオンモール京都桂川,京都府京都市南区久世高田町３７６番１　イオンモール京都桂川２階,https://www.softbank.jp/shop/search/detail/KB08/,34.963337,135.70784,ok
softbank,近畿,京都府,ソフトバンク イオンモール高の原,京都府木津川市相楽台１丁目１番１　イオンモール高の原　３階,https://www.softbank.jp/shop/search/detail/KB71/,34.72592,135.79031,ok
softbank,近畿,京都府,ソフトバンク イオンモールＫＹＯＴＯ,京都府京都市南区西九条鳥居口町１　イオンモールＫＹＯＴＯ　Ｋａｅｄｅ館１階,https://www.softbank.jp/shop/search/detail/KB70/,34.982178,135.75565,ok
softbank,近畿,京都府,ソフトバンク ガーデンモール木津川,京都府木津川市州見台１丁目１番地１‐１ガーデンモール木津川１階,https://www.softbank.jp/shop/search/detail/K350/,34.719933,135.81714,ok
softbank,近畿,京都府,ソフトバンク ショップサテライト常盤,京都府京都市右京区山ノ内池尻町１‐１,https://www.softbank.jp/shop/search/detail/KB80/,35.00483,135.72064,ok
softbank,近畿,京都府,ソフトバンク ヨドバシ京都,京都府京都市下京区烏丸通七条下る東塩小路町５９０‐２外,https://www.softbank.jp/shop/search/detail/K356/,34.988186,135.7588,ok
softbank,近畿,京都府,ソフトバンク 三山木,京都府京田辺市三山木中央６丁目４番地６,https://www.softbank.jp/shop/search/detail/KB26/,34.79964,135.78282,ok
softbank,近畿,京都府,ソフトバンク 久御山,京都府久世郡久御山町佐山西ノ口１１‐１,https://www.softbank.jp/shop/search/detail/K362/,34.874874,135.74924,ok
softbank,近畿,京都府,ソフトバンク 亀岡,京都府亀岡市篠町野条馬場３５‐１,https://www.softbank.jp/shop/search/detail/K306/,35.002235,135.60011,ok
softbank,近畿,京都府,ソフトバンク 二条,京都府京都市中京区西ノ京東栂尾町３番地　ＪＲ二条駅ＮＫビル１Ｆ,https://www.softbank.jp/shop/search/detail/K312/,35.01135,135.74222,ok
softbank,近畿,京都府,ソフトバンク 五条桂,京都府京都市西京区上桂北村町２１６,https://www.softbank.jp/shop/search/detail/K307/,34.99193,135.70288,ok
softbank,近畿,京都府,ソフトバンク 京丹後マイン,京都府京丹後市峰山町新町１６０６ー１　ショッピングセンターマイン１Ｆ,https://www.softbank.jp/shop/search/detail/K341/,35.608315,135.08269,ok
softbank,近畿,京都府,ソフトバンク 京都四条通,京都府京都市下京区四条通麩屋町西入立売東町２８‐２　大和証券京都ビル１階,https://www.softbank.jp/shop/search/detail/K320/,35.004025,135.7655,ok
softbank,近畿,京都府,ソフトバンク 伏見久我,京都府京都市伏見区久我東町８‐３６,https://www.softbank.jp/shop/search/detail/K364/,34.933487,135.72606,ok
softbank,近畿,京都府,ソフトバンク 伏見桃山,京都府京都市伏見区両替町４丁目２９１‐１　辻熊ビル,https://www.softbank.jp/shop/search/detail/K317/,34.93278,135.76416,ok
softbank,近畿,京都府,ソフトバンク 修学院,京都府京都市左京区一乗寺清水町１３‐１,https://www.softbank.jp/shop/search/detail/KB11/,35.046345,135.79175,ok
softbank,近畿,京都府,ソフトバンク 八幡市役所前,京都府八幡市八幡三本橋１８‐４８,https://www.softbank.jp/shop/search/detail/K347/,34.875977,135.70627,ok
softbank,近畿,京都府,ソフトバンク 北大路烏丸,京都府京都市北区小山上総町１２,https://www.softbank.jp/shop/search/detail/K327/,35.04327,135.75912,ok
softbank,近畿,京都府,ソフトバンク 北野,京都府京都市北区衣笠天神森町１５　プレオーレ衣笠１Ｆ,https://www.softbank.jp/shop/search/detail/K300/,35.03622,135.73221,ok
softbank,近畿,京都府,ソフトバンク 千代川,京都府亀岡市千代川町高野林西ノ畑１５番２,https://www.softbank.jp/shop/search/detail/K339/,35.044006,135.54626,ok
softbank,近畿,京都府,ソフトバンク 吉祥院,京都府京都市南区吉祥院中河原里南町７,https://www.softbank.jp/shop/search/detail/K348/,34.979053,135.724,ok
softbank,近畿,京都府,ソフトバンク 向日町,京都府向日市寺戸町西ノ段１１‐１,https://www.softbank.jp/shop/search/detail/K319/,34.947826,135.70026,ok
softbank,近畿,京都府,ソフトバンク 四条外大前,京都府京都市右京区西院笠目町２１,https://www.softbank.jp/shop/search/detail/K301/,35.003998,135.7171,ok
softbank,近畿,京都府,ソフトバンク 城陽,京都府城陽市長池北清水１１２‐６,https://www.softbank.jp/shop/search/detail/K328/,34.84076,135.78836,ok
softbank,近畿,京都府,ソフトバンク 城陽久津川,京都府城陽市平川古宮８,https://www.softbank.jp/shop/search/detail/K349/,34.86232,135.7771,ok
softbank,近畿,京都府,ソフトバンク 宇治小倉,京都府宇治市小倉町久保１１９‐４,https://www.softbank.jp/shop/search/detail/K335/,34.898476,135.78319,ok
softbank,近畿,京都府,ソフトバンク 宇治槇島,京都府宇治市槇島町本屋敷１０２‐６,https://www.softbank.jp/shop/search/detail/K304/,34.915905,135.78226,ok
softbank,近畿,京都府,ソフトバンク 山科東野,京都府京都市山科区東野片下リ町２２‐１　ときわぎビル１Ｆ,https://www.softbank.jp/shop/search/detail/K336/,34.982006,135.8164,ok
softbank,近畿,京都府,ソフトバンク 常盤,京都府京都市右京区常盤西町１８　グランドールトキ１Ｆ,https://www.softbank.jp/shop/search/detail/K313/,35.019924,135.70776,ok
softbank,近畿,京都府,ソフトバンク 桂,京都府京都市西京区桂南巽町１２７　Ｋｏｔａｎｉｈｏｍｅビル１Ｆ,https://www.softbank.jp/shop/search/detail/K322/,34.980076,135.70218,ok
softbank,近畿,京都府,ソフトバンク 洛北阪急スクエア,京都府京都市左京区高野西開町３６　洛北阪急スクエアＢ１,https://www.softbank.jp/shop/search/detail/KB56/,35.04104,135.7789,ok
softbank,近畿,京都府,ソフトバンク 洛西口,京都府向日市物集女町クヅ子２‐４　柴田ビル１Ｆ,https://www.softbank.jp/shop/search/detail/K345/,34.96444,135.69576,ok
softbank,近畿,京都府,ソフトバンク 深草,京都府京都市伏見区深草野田町１４,https://www.softbank.jp/shop/search/detail/K310/,34.95941,135.7689,ok
softbank,近畿,京都府,ソフトバンク 百万遍,京都府京都市左京区田中関田町２‐７鴨東ロイヤルハイツ１Ｆ,https://www.softbank.jp/shop/search/detail/K343/,35.028473,135.77715,ok
softbank,近畿,京都府,ソフトバンク 福知山,京都府福知山市字堀２５９３　サンライズビル１Ｆ,https://www.softbank.jp/shop/search/detail/K315/,35.29306,135.1352,ok
softbank,近畿,京都府,ソフトバンク 舞鶴,京都府舞鶴市字円満寺１３８,https://www.softbank.jp/shop/search/detail/K314/,35.44348,135.3288,ok
softbank,近畿,京都府,ソフトバンク 西院,京都府京都市右京区西院三蔵町１４番地　プラムビル１Ｆ,https://www.softbank.jp/shop/search/detail/K311/,35.002384,135.73172,ok
softbank,近畿,京都府,ソフトバンク 長岡天神,京都府長岡京市長岡２丁目１‐４,https://www.softbank.jp/shop/search/detail/KB73/,34.926388,135.69197,ok
softbank,近畿,京都府,ソフトバンク ＭＯＭＯテラス六地蔵,京都府京都市伏見区桃山町山ノ下３２　ＭＯＭＯテラス２Ｆ,https://www.softbank.jp/shop/search/detail/K333/,34.93764,135.79457,ok
softbank,近畿,大阪府,ソフトバンク あびこ,大阪府大阪市住吉区我孫子東２丁目１番２号　あびこ家具１階,https://www.softbank.jp/shop/search/detail/K1P5/,34.601322,135.51283,ok
softbank,近畿,大阪府,ソフトバンク あべのキューズモール,大阪府大阪市阿倍野区阿倍野筋１丁目６番１号　あべのﾏｰｹｯﾄﾊﾟｰｸｷｭｰｽﾞﾓｰﾙＢ１ＦＱ‐００６,https://www.softbank.jp/shop/search/detail/K1Q0/,34.64509,135.51166,ok
softbank,近畿,大阪府,ソフトバンク いこらもーる泉佐野,大阪府泉佐野市下瓦屋２丁目２‐７７　いこらもーる泉佐野２Ｆ,https://www.softbank.jp/shop/search/detail/K1N8/,34.42223,135.32727,ok
softbank,近畿,大阪府,ソフトバンク くずはモール,大阪府枚方市楠葉花園町１５‐１　くずはモール３Ｆ,https://www.softbank.jp/shop/search/detail/K1G7/,34.86132,135.67673,ok
softbank,近畿,大阪府,ソフトバンク なんばウォーク,大阪府大阪市中央区千日前１丁目なんばウォ‐ク５‐６,https://www.softbank.jp/shop/search/detail/K128/,34.667137,135.5022,ok
softbank,近畿,大阪府,ソフトバンク なんばスカイオ,大阪府大阪市中央区難波５丁目１‐６０　なんばスカイオ２Ｆ,https://www.softbank.jp/shop/search/detail/KB47/,34.66373,135.50093,ok
softbank,近畿,大阪府,ソフトバンク みなと通り,大阪府大阪市港区三先１丁目１‐１６,https://www.softbank.jp/shop/search/detail/K1A2/,34.661877,135.45532,ok
softbank,近畿,大阪府,ソフトバンク みのおキューズモール,大阪府箕面市西宿１丁目１３‐１０　ＥＡＳＴ２　２階,https://www.softbank.jp/shop/search/detail/KB59/,34.832287,135.49054,ok
softbank,近畿,大阪府,ソフトバンク もりのみやキューズモールＢＡＳＥ,大阪府大阪市中央区森ノ宮中央２丁目１番７０号　１階,https://www.softbank.jp/shop/search/detail/KB43/,34.68065,135.5299,ok
softbank,近畿,大阪府,ソフトバンク ららぽーと和泉,大阪府和泉市あゆみ野４丁目４‐７　ららぽーと和泉４Ｆ,https://www.softbank.jp/shop/search/detail/KB10/,34.43568,135.4479,ok
softbank,近畿,大阪府,ソフトバンク ららぽーと堺,大阪府堺市美原区黒山２２‐１　３Ｆ　３３０８,https://www.softbank.jp/shop/search/detail/KB67/,34.54037,135.56041,ok
softbank,近畿,大阪府,ソフトバンク ららぽーと門真,大阪府門真市松生町１番１１号　ららぽーと門真３Ｆ,https://www.softbank.jp/shop/search/detail/KB69/,34.73264,135.58357,ok
softbank,近畿,大阪府,ソフトバンク ららぽーとＥＸＰＯＣＩＴＹ,大阪府吹田市千里万博公園２‐１　ららぽーとＥＸＰＯＣＩＴＹ１Ｆ（１０５５１区画）,https://www.softbank.jp/shop/search/detail/KB29/,34.805405,135.53546,ok
softbank,近畿,大阪府,ソフトバンク アクロスプラザ住之江,大阪府大阪市住之江区南加賀屋２丁目３‐２３　アクロスプラザ住之江１階,https://www.softbank.jp/shop/search/detail/K1N0/,34.608166,135.47379,ok
softbank,近畿,大阪府,ソフトバンク アリオ八尾,大阪府八尾市光町２丁目３番,https://www.softbank.jp/shop/search/detail/K1U4/,34.632843,135.60582,ok
softbank,近畿,大阪府,ソフトバンク イオンタウン東大阪,大阪府東大阪市東鴻池町１丁目６ー３０　イオンタウン東大阪１Ｆ,https://www.softbank.jp/shop/search/detail/K1Q9/,34.693863,135.61763,ok
softbank,近畿,大阪府,ソフトバンク イオンタウン豊中緑丘,大阪府豊中市緑丘４丁目１　イオンタウン豊中緑丘,https://www.softbank.jp/shop/search/detail/K1J5/,34.812683,135.47832,ok
softbank,近畿,大阪府,ソフトバンク イオンモールりんくう泉南,大阪府泉南市りんくう南浜３‐１２　２階　２４３‐１区画,https://www.softbank.jp/shop/search/detail/KB38/,34.381405,135.26828,ok
softbank,近畿,大阪府,ソフトバンク イオンモール四條畷,大阪府四條畷市砂４丁目３番２号　イオンモール四條畷１階,https://www.softbank.jp/shop/search/detail/KB28/,34.74613,135.62949,ok
softbank,近畿,大阪府,ソフトバンク イオンモール堺鉄砲町,大阪府堺市堺区鉄砲町１番地　イオンモール堺鉄砲町３階,https://www.softbank.jp/shop/search/detail/KB32/,34.592766,135.4802,ok
softbank,近畿,大阪府,ソフトバンク イオンモール大日,大阪府守口市大日東町１‐１８　４Ｆ,https://www.softbank.jp/shop/search/detail/K104/,34.749435,135.57953,ok
softbank,近畿,大阪府,ソフトバンク イオンモール大阪ドームシティ,大阪府大阪市西区千代崎３丁目１３‐１　イオンモール大阪ドームシティ４Ｆ,https://www.softbank.jp/shop/search/detail/KB63/,34.67034,135.47757,ok
softbank,近畿,大阪府,ソフトバンク イオンモール日根野,大阪府泉佐野市日根野２４９６‐１　イオン日根野ショッピングセンター２Ｆ,https://www.softbank.jp/shop/search/detail/K1S1/,34.39355,135.33377,ok
softbank,近畿,大阪府,ソフトバンク イオンモール茨木,大阪府茨木市松ケ本町８‐３０　イオンモール茨木３Ｆ,https://www.softbank.jp/shop/search/detail/K1E6/,34.81067,135.55876,ok
softbank,近畿,大阪府,ソフトバンク イオンモール鶴見緑地,大阪府大阪市鶴見区鶴見４丁目１７‐１　イオン鶴見緑地４Ｆ,https://www.softbank.jp/shop/search/detail/K1H4/,34.70433,135.56668,ok
softbank,近畿,大阪府,ソフトバンク イオン藤井寺,大阪府藤井寺市岡２丁目１０‐１１,https://www.softbank.jp/shop/search/detail/KB75/,34.573986,135.59341,ok
softbank,近畿,大阪府,ソフトバンク イズミヤショッピングセンター八尾,大阪府八尾市沼１丁目１番地,https://www.softbank.jp/shop/search/detail/K1J2/,34.58882,135.60446,ok
softbank,近畿,大阪府,ソフトバンク クリスタ長堀,大阪府大阪市中央区南船場４丁目長堀地下街７号,https://www.softbank.jp/shop/search/detail/K1L3/,34.675137,135.49919,ok
softbank,近畿,大阪府,ソフトバンク グランフロント大阪,大阪府大阪市北区大深町３番１号　グランフロント大阪ナレッジキャピタル２階,https://www.softbank.jp/shop/search/detail/K1U6/,34.70572,135.49442,ok
softbank,近畿,大阪府,ソフトバンク コーナン中もず,大阪府堺市北区中百舌鳥町３丁４２５番地２　コーナン中百舌鳥店内,https://www.softbank.jp/shop/search/detail/K1M5/,34.553738,135.51028,ok
softbank,近畿,大阪府,ソフトバンク ショップサテライト江坂,大阪府吹田市豊津町１０‐１１,https://www.softbank.jp/shop/search/detail/KB81/,34.758926,135.49597,ok
softbank,近畿,大阪府,ソフトバンク ジョイパーク泉ヶ丘,大阪府堺市南区三原台１丁１‐３　ＪＯＹＰＡＲＫ泉ヶ丘　２Ｆ,https://www.softbank.jp/shop/search/detail/K113/,34.49805,135.51436,ok
softbank,近畿,大阪府,ソフトバンク セブンパーク天美,大阪府松原市天美東３丁目５００　セブンパーク天美３階,https://www.softbank.jp/shop/search/detail/KB64/,34.59245,135.5427,ok
softbank,近畿,大阪府,ソフトバンク トナリエ栂・美木多,大阪府堺市南区原山台２丁２‐１　トナリエ栂・美木多１Ｆ,https://www.softbank.jp/shop/search/detail/K1P4/,34.48483,135.49083,ok
softbank,近畿,大阪府,ソフトバンク ニトリモール枚方,大阪府枚方市北山１丁目２‐１　１階２１４区画,https://www.softbank.jp/shop/search/detail/K1B8/,34.838085,135.69637,ok
softbank,近畿,大阪府,ソフトバンク ビバモール寝屋川,大阪府寝屋川市寝屋南２丁目２２‐２　ビバモール寝屋川モール棟　１１３区画,https://www.softbank.jp/shop/search/detail/K1T2/,34.765907,135.65108,ok
softbank,近畿,大阪府,ソフトバンク フレスポ長田,大阪府東大阪市長田中２丁目５‐２３　フレスポ長田１Ｆ,https://www.softbank.jp/shop/search/detail/K1N3/,34.679176,135.59143,ok
softbank,近畿,大阪府,ソフトバンク ヨドバシ梅田,大阪府大阪市北区大深町１‐１,https://www.softbank.jp/shop/search/detail/K1F9/,34.70438,135.49626,ok
softbank,近畿,大阪府,ソフトバンク 三国ヶ丘,大阪府堺市堺区向陵中町４丁３‐３１,https://www.softbank.jp/shop/search/detail/K1Q7/,34.565807,135.49438,ok
softbank,近畿,大阪府,ソフトバンク 上新庄,大阪府大阪市東淀川区豊新４丁目３‐２１,https://www.softbank.jp/shop/search/detail/K1D2/,34.743748,135.5344,ok
softbank,近畿,大阪府,ソフトバンク 上本町,大阪府大阪市天王寺区上本町６丁目１‐５５　大阪上本町駅構内　地下２階改札外コンコース,https://www.softbank.jp/shop/search/detail/K107/,34.666195,135.51923,ok
softbank,近畿,大阪府,ソフトバンク 上野芝泉北１号線,大阪府堺市堺区緑ヶ丘南町３丁２‐２３,https://www.softbank.jp/shop/search/detail/K1K8/,34.553562,135.4718,ok
softbank,近畿,大阪府,ソフトバンク 九条,大阪府大阪市西区九条１丁目１５‐２６,https://www.softbank.jp/shop/search/detail/K1C0/,34.674644,135.4762,ok
softbank,近畿,大阪府,ソフトバンク 交野,大阪府交野市私部西１丁目６‐５‐１０２　リベルテ交野１Ｆ,https://www.softbank.jp/shop/search/detail/K1B0/,34.78653,135.67505,ok
softbank,近畿,大阪府,ソフトバンク 亥の子谷,大阪府吹田市岸部北５丁目２１‐５３,https://www.softbank.jp/shop/search/detail/K127/,34.7855,135.5356,ok
softbank,近畿,大阪府,ソフトバンク 京阪京橋,大阪府大阪市都島区東野田町１丁目２‐１,https://www.softbank.jp/shop/search/detail/K1U7/,34.694904,135.52838,ok
softbank,近畿,大阪府,ソフトバンク 京阪大和田,大阪府門真市宮野町１‐２　エル大和田,https://www.softbank.jp/shop/search/detail/K1N2/,34.74314,135.60349,ok
softbank,近畿,大阪府,ソフトバンク 今福西,大阪府大阪市城東区今福西２丁目１３‐１０,https://www.softbank.jp/shop/search/detail/K1R1/,34.70086,135.55278,ok
softbank,近畿,大阪府,ソフトバンク 住道,大阪府大東市氷野１丁目８‐３２,https://www.softbank.jp/shop/search/detail/K191/,34.710514,135.62007,ok
softbank,近畿,大阪府,ソフトバンク 光明池,大阪府堺市南区鴨谷台２丁２‐１サンピア２Ｆ,https://www.softbank.jp/shop/search/detail/K193/,34.473778,135.47615,ok
softbank,近畿,大阪府,ソフトバンク 八尾,大阪府八尾市荘内町２丁目１‐４３　ピアパーク荘内１Ｆ,https://www.softbank.jp/shop/search/detail/K101/,34.625843,135.60918,ok
softbank,近畿,大阪府,ソフトバンク 初芝,大阪府堺市東区日置荘西町１丁２１‐２,https://www.softbank.jp/shop/search/detail/K133/,34.54352,135.52692,ok
softbank,近畿,大阪府,ソフトバンク 北加賀屋,大阪府大阪市住之江区北加賀屋２丁目３‐２３,https://www.softbank.jp/shop/search/detail/KB18/,34.62268,135.47794,ok
softbank,近畿,大阪府,ソフトバンク 北花田,大阪府堺市北区北花田町１丁５‐１　森田ビル１Ｆ,https://www.softbank.jp/shop/search/detail/K122/,34.582535,135.51607,ok
softbank,近畿,大阪府,ソフトバンク 十三駅前,大阪府大阪市淀川区十三本町１丁目９‐２１,https://www.softbank.jp/shop/search/detail/K144/,34.71954,135.48077,ok
softbank,近畿,大阪府,ソフトバンク 千代田駅前,大阪府河内長野市楠町東１５７３‐２　ディオ河内長野店内,https://www.softbank.jp/shop/search/detail/K1K6/,34.46947,135.56569,ok
softbank,近畿,大阪府,ソフトバンク 千島ガーデンモール,大阪府大阪市大正区千島１丁目２３‐１１５,https://www.softbank.jp/shop/search/detail/KB48/,34.651997,135.4752,ok
softbank,近畿,大阪府,ソフトバンク 千林駅前,大阪府大阪市旭区千林２丁目１５‐２５,https://www.softbank.jp/shop/search/detail/K1K0/,34.72429,135.55424,ok
softbank,近畿,大阪府,ソフトバンク 千里丘,大阪府摂津市千里丘２丁目１２‐４３,https://www.softbank.jp/shop/search/detail/K139/,34.790527,135.54762,ok
softbank,近畿,大阪府,ソフトバンク 千里中央,大阪府豊中市新千里東町１丁目３せんちゅうパル３Ｆ,https://www.softbank.jp/shop/search/detail/K1C3/,34.80975,135.4949,ok
softbank,近畿,大阪府,ソフトバンク 千鳥橋,大阪府大阪市此花区四貫島１丁目１番３　１階１０１号,https://www.softbank.jp/shop/search/detail/K1H8/,34.68525,135.45822,ok
softbank,近畿,大阪府,ソフトバンク 南千里,大阪府吹田市津雲台１丁目１番地４　リーザス南千里１１２号,https://www.softbank.jp/shop/search/detail/K1M1/,34.793427,135.5105,ok
softbank,近畿,大阪府,ソフトバンク 南森町,大阪府大阪市北区天神橋２丁目北２‐６　大和南森町ビル１階,https://www.softbank.jp/shop/search/detail/K158/,34.69787,135.5114,ok
softbank,近畿,大阪府,ソフトバンク 南江口,大阪府大阪市東淀川区南江口２丁目７‐３３　シャルム江口１Ｆ,https://www.softbank.jp/shop/search/detail/K1P2/,34.7543,135.55008,ok
softbank,近畿,大阪府,ソフトバンク 南花田,大阪府堺市北区南花田町８０‐１,https://www.softbank.jp/shop/search/detail/K195/,34.574898,135.52774,ok
softbank,近畿,大阪府,ソフトバンク 南茨木,大阪府茨木市沢良宜西１丁目４‐７　ルミエ‐ル南茨木１Ｆ,https://www.softbank.jp/shop/search/detail/K170/,34.80078,135.56534,ok
softbank,近畿,大阪府,ソフトバンク 古川橋,大阪府門真市末広町８番１号　末広ビル１階,https://www.softbank.jp/shop/search/detail/K1B3/,34.73926,135.59229,ok
softbank,近畿,大阪府,ソフトバンク 和泉中央,大阪府和泉市いぶき野５丁目１エコール　いずみアムゼモール内,https://www.softbank.jp/shop/search/detail/K138/,34.46009,135.45628,ok
softbank,近畿,大阪府,ソフトバンク 和泉市役所前,大阪府和泉市府中町２丁目３‐２８　グランディール和泉１階,https://www.softbank.jp/shop/search/detail/K167/,34.48379,135.42407,ok
softbank,近畿,大阪府,ソフトバンク 喜連瓜破,大阪府大阪市平野区瓜破２丁目１‐４,https://www.softbank.jp/shop/search/detail/K117/,34.609035,135.55074,ok
softbank,近畿,大阪府,ソフトバンク 堺プラットプラット,大阪府堺市堺区戎島町３丁２２番地１,https://www.softbank.jp/shop/search/detail/K185/,34.582844,135.47017,ok
softbank,近畿,大阪府,ソフトバンク 堺東一条通,大阪府堺市堺区一条通１０番５号,https://www.softbank.jp/shop/search/detail/K159/,34.567467,135.47932,ok
softbank,近畿,大阪府,ソフトバンク 堺福田,大阪府堺市中区福田１３０８,https://www.softbank.jp/shop/search/detail/K1C6/,34.529953,135.52246,ok
softbank,近畿,大阪府,ソフトバンク 天下茶屋,大阪府大阪市西成区潮路１丁目６‐８,https://www.softbank.jp/shop/search/detail/K187/,34.636597,135.49426,ok
softbank,近畿,大阪府,ソフトバンク 天神橋,大阪府大阪市北区天神橋５丁目８‐２８,https://www.softbank.jp/shop/search/detail/K100/,34.707928,135.51117,ok
softbank,近畿,大阪府,ソフトバンク 守口駅前,大阪府守口市寺内町２丁目７‐２９,https://www.softbank.jp/shop/search/detail/K1D3/,34.73463,135.56496,ok
softbank,近畿,大阪府,ソフトバンク 富田林エコール・ロゼ,大阪府富田林市向陽台３丁目１番１号　エコール・ロゼ３階,https://www.softbank.jp/shop/search/detail/K1S2/,34.5013,135.57986,ok
softbank,近畿,大阪府,ソフトバンク 寝屋川市駅前,大阪府寝屋川市八坂町１５‐１５,https://www.softbank.jp/shop/search/detail/K156/,34.764446,135.62138,ok
softbank,近畿,大阪府,ソフトバンク 小野原,大阪府箕面市小野原東３丁目９‐３４,https://www.softbank.jp/shop/search/detail/K1B1/,34.830383,135.51822,ok
softbank,近畿,大阪府,ソフトバンク 小阪,大阪府東大阪市小阪１丁目８‐４,https://www.softbank.jp/shop/search/detail/K103/,34.664413,135.58046,ok
softbank,近畿,大阪府,ソフトバンク 尾崎駅前,大阪府阪南市下出３４‐２,https://www.softbank.jp/shop/search/detail/K134/,34.36207,135.24165,ok
softbank,近畿,大阪府,ソフトバンク 岸和田カンカンベイサイドモール,大阪府岸和田市港緑町２‐１　岸和田カンカンベイサイドモールＥａｓｔ１階,https://www.softbank.jp/shop/search/detail/KB77/,34.466682,135.37146,ok
softbank,近畿,大阪府,ソフトバンク 岸和田春木,大阪府岸和田市磯上町１丁目１６‐２７,https://www.softbank.jp/shop/search/detail/K1N7/,34.485146,135.39389,ok
softbank,近畿,大阪府,ソフトバンク 岸和田Ｒ２６,大阪府岸和田市小松里町２５３３番地,https://www.softbank.jp/shop/search/detail/K1R7/,34.465595,135.3962,ok
softbank,近畿,大阪府,ソフトバンク 布施,大阪府東大阪市長堂３丁目１　ポッポアベニュー１‐２８,https://www.softbank.jp/shop/search/detail/K152/,34.664288,135.56793,ok
softbank,近畿,大阪府,ソフトバンク 庄内駅前,大阪府豊中市庄内西町３丁目１‐５　サンパティオ１Ｆ,https://www.softbank.jp/shop/search/detail/KB14/,34.749073,135.47444,ok
softbank,近畿,大阪府,ソフトバンク 忠岡南,大阪府泉北郡忠岡町忠岡南１丁目１７‐１,https://www.softbank.jp/shop/search/detail/K1L6/,34.489513,135.3959,ok
softbank,近畿,大阪府,ソフトバンク 扇町,大阪府大阪市北区天神橋４丁目７‐１３　イトーピア扇町ビル,https://www.softbank.jp/shop/search/detail/K1N9/,34.703724,135.51112,ok
softbank,近畿,大阪府,ソフトバンク 新石切,大阪府東大阪市西石切町３丁目６‐１８,https://www.softbank.jp/shop/search/detail/K119/,34.680508,135.63966,ok
softbank,近畿,大阪府,ソフトバンク 日本橋,大阪府大阪市浪速区日本橋４丁目１２番５,https://www.softbank.jp/shop/search/detail/K143/,34.659237,135.50558,ok
softbank,近畿,大阪府,ソフトバンク 旭清水,大阪府大阪市旭区清水３丁目２８‐１８,https://www.softbank.jp/shop/search/detail/K1L7/,34.72184,135.56055,ok
softbank,近畿,大阪府,ソフトバンク 昭和町,大阪府大阪市阿倍野区昭和町１丁目８‐２６　パレロイヤルビル１階,https://www.softbank.jp/shop/search/detail/K124/,34.63429,135.51735,ok
softbank,近畿,大阪府,ソフトバンク 服部,大阪府豊中市服部元町２丁目１３番１号,https://www.softbank.jp/shop/search/detail/K1A8/,34.76747,135.47481,ok
softbank,近畿,大阪府,ソフトバンク 本町,大阪府大阪市中央区本町３丁目１‐２,https://www.softbank.jp/shop/search/detail/K184/,34.683697,135.50346,ok
softbank,近畿,大阪府,ソフトバンク 杭全,大阪府大阪市東住吉区杭全６丁目１２‐１０　シャーメゾン白鷺,https://www.softbank.jp/shop/search/detail/K1M2/,34.63387,135.5386,ok
softbank,近畿,大阪府,ソフトバンク 東三国,大阪府大阪市淀川区東三国２丁目３４番４,https://www.softbank.jp/shop/search/detail/K1A1/,34.743145,135.49873,ok
softbank,近畿,大阪府,ソフトバンク 東大阪花園,大阪府東大阪市吉田下島２‐１９,https://www.softbank.jp/shop/search/detail/K1L9/,34.671524,135.61876,ok
softbank,近畿,大阪府,ソフトバンク 東岸和田,大阪府岸和田市土生町５丁目３‐２６,https://www.softbank.jp/shop/search/detail/K172/,34.446342,135.38458,ok
softbank,近畿,大阪府,ソフトバンク 松原,大阪府松原市上田４丁目３‐２５,https://www.softbank.jp/shop/search/detail/K106/,34.575127,135.55367,ok
softbank,近畿,大阪府,ソフトバンク 枚方モール,大阪府枚方市岡東町１９‐１　４Ｆ,https://www.softbank.jp/shop/search/detail/K1D7/,34.81717,135.64987,ok
softbank,近畿,大阪府,ソフトバンク 枚方宮之阪,大阪府枚方市禁野本町１丁目１６‐１０　京都中央信用金庫１Ｆ,https://www.softbank.jp/shop/search/detail/K125/,34.817642,135.65443,ok
softbank,近畿,大阪府,ソフトバンク 枚方招提,大阪府枚方市養父東町６１‐１０,https://www.softbank.jp/shop/search/detail/K137/,34.84509,135.67917,ok
softbank,近畿,大阪府,ソフトバンク 枚方東香里,大阪府枚方市東香里南町５２‐２３,https://www.softbank.jp/shop/search/detail/KB12/,34.77593,135.65593,ok
softbank,近畿,大阪府,ソフトバンク 枚方藤阪東,大阪府枚方市藤阪東町３丁目５‐２１,https://www.softbank.jp/shop/search/detail/K1M7/,34.819855,135.71461,ok
softbank,近畿,大阪府,ソフトバンク 梅田中央,大阪府大阪市北区梅田１丁目８‐１７　大阪第一生命ビルＢ１,https://www.softbank.jp/shop/search/detail/K149/,34.700584,135.49672,ok
softbank,近畿,大阪府,ソフトバンク 江坂,大阪府吹田市豊津町１０‐６　エクセル江坂ビル１階,https://www.softbank.jp/shop/search/detail/K1A9/,34.759407,135.49596,ok
softbank,近畿,大阪府,ソフトバンク 池田ＩＫＥＤＩＡ,大阪府池田市呉服町１‐１　サンシティ池田西館１Ｆ,https://www.softbank.jp/shop/search/detail/KB52/,34.82148,135.42497,ok
softbank,近畿,大阪府,ソフトバンク 河内国分,大阪府柏原市国分西１丁目１‐３　ウィンズヒル谷口１階,https://www.softbank.jp/shop/search/detail/K1B7/,34.56633,135.63554,ok
softbank,近畿,大阪府,ソフトバンク 河内長野,大阪府河内長野市本多町１‐４５,https://www.softbank.jp/shop/search/detail/K1E0/,34.45473,135.56909,ok
softbank,近畿,大阪府,ソフトバンク 泉南,大阪府泉南市樽井２丁目３４‐１５,https://www.softbank.jp/shop/search/detail/K135/,34.368755,135.2652,ok
softbank,近畿,大阪府,ソフトバンク 泉大津,大阪府泉大津市昭和町９‐７,https://www.softbank.jp/shop/search/detail/K173/,34.49965,135.40431,ok
softbank,近畿,大阪府,ソフトバンク 淡路駅前,大阪府大阪市東淀川区淡路４丁目１９番１８号ＡＸＩＳアルテハイム淡路１０２号室,https://www.softbank.jp/shop/search/detail/KB24/,34.74051,135.51399,ok
softbank,近畿,大阪府,ソフトバンク 深井駅前,大阪府堺市中区深井沢町３２７１番地,https://www.softbank.jp/shop/search/detail/K148/,34.530773,135.49669,ok
softbank,近畿,大阪府,ソフトバンク 深江橋,大阪府大阪市城東区諏訪３丁目１‐２０,https://www.softbank.jp/shop/search/detail/K146/,34.68336,135.55876,ok
softbank,近畿,大阪府,ソフトバンク 熊取,大阪府泉南郡熊取町紺屋２丁目２３‐１１,https://www.softbank.jp/shop/search/detail/K190/,34.404533,135.34842,ok
softbank,近畿,大阪府,ソフトバンク 玉造,大阪府大阪市天王寺区玉造元町２‐２９　幸田マンション１Ｆ,https://www.softbank.jp/shop/search/detail/K182/,34.674255,135.53206,ok
softbank,近畿,大阪府,ソフトバンク 生野,大阪府大阪市生野区巽北４丁目３‐３２,https://www.softbank.jp/shop/search/detail/K1D0/,34.654087,135.55545,ok
softbank,近畿,大阪府,ソフトバンク 生野本通り,大阪府大阪市生野区生野西４丁目２２‐１３,https://www.softbank.jp/shop/search/detail/K1H6/,34.64622,135.52948,ok
softbank,近畿,大阪府,ソフトバンク 石津川,大阪府堺市西区浜寺石津町西３丁２‐９　ロイヤルイシズ,https://www.softbank.jp/shop/search/detail/K1J6/,34.56017,135.45247,ok
softbank,近畿,大阪府,ソフトバンク 福島,大阪府大阪市福島区福島４丁目５‐５４,https://www.softbank.jp/shop/search/detail/K1U1/,34.694084,135.48395,ok
softbank,近畿,大阪府,ソフトバンク 箕面,大阪府箕面市西小路２丁目６‐１３　シャトレー西小路１Ｆ,https://www.softbank.jp/shop/search/detail/K1B4/,34.82869,135.47043,ok
softbank,近畿,大阪府,ソフトバンク 箕面東,大阪府箕面市外院３丁目２‐５　パティオ外院２‐１階,https://www.softbank.jp/shop/search/detail/K1L5/,34.841957,135.49896,ok
softbank,近畿,大阪府,ソフトバンク 緑橋,大阪府大阪市東成区中本３丁目１７‐６　Ｓ‐ＲＥＳＩＤＥＮＣＥ緑橋Ｓｅｒｉｏ１０１,https://www.softbank.jp/shop/search/detail/K1J7/,34.678566,135.54405,ok
softbank,近畿,大阪府,ソフトバンク 羽倉崎,大阪府泉佐野市羽倉崎２丁目１‐１６,https://www.softbank.jp/shop/search/detail/K1P7/,34.398804,135.2967,ok
softbank,近畿,大阪府,ソフトバンク 羽曳野,大阪府羽曳野市伊賀４丁目５‐９,https://www.softbank.jp/shop/search/detail/K1N4/,34.55807,135.584,ok
softbank,近畿,大阪府,ソフトバンク 若江,大阪府東大阪市若江東町４丁目２‐１,https://www.softbank.jp/shop/search/detail/KB35/,34.65459,135.61012,ok
softbank,近畿,大阪府,ソフトバンク 茨木東太田,大阪府茨木市東太田１丁目６‐６４　サクセス東太田,https://www.softbank.jp/shop/search/detail/K1C7/,34.836063,135.58073,ok
softbank,近畿,大阪府,ソフトバンク 茨木鮎川,大阪府茨木市鮎川４丁目１‐２６,https://www.softbank.jp/shop/search/detail/K1K5/,34.81586,135.59424,ok
softbank,近畿,大阪府,ソフトバンク 藤井寺,大阪府藤井寺市春日丘１丁目８‐１７,https://www.softbank.jp/shop/search/detail/K116/,34.571346,135.59302,ok
softbank,近畿,大阪府,ソフトバンク 蛍池,大阪府豊中市螢池東町２丁目２‐１８　朝日生命蛍池ビル１Ｆ,https://www.softbank.jp/shop/search/detail/K1J4/,34.795902,135.44913,ok
softbank,近畿,大阪府,ソフトバンク 西中島南方,大阪府大阪市淀川区西中島３丁目１１番２６号　Ａｕｒｏｒａビル新大阪１Ｆ,https://www.softbank.jp/shop/search/detail/K164/,34.72721,135.50085,ok
softbank,近畿,大阪府,ソフトバンク 西淀,大阪府大阪市西淀川区大和田２丁目１‐１　レスポワール１Ｆ,https://www.softbank.jp/shop/search/detail/K181/,34.705914,135.44763,ok
softbank,近畿,大阪府,ソフトバンク 西長堀,大阪府大阪市西区南堀江４丁目３‐３,https://www.softbank.jp/shop/search/detail/K1P8/,34.671997,135.48637,ok
softbank,近畿,大阪府,ソフトバンク 豊中中央,大阪府豊中市北桜塚１丁目１‐１,https://www.softbank.jp/shop/search/detail/K126/,34.78268,135.46841,ok
softbank,近畿,大阪府,ソフトバンク 豊中駅前,大阪府豊中市本町１丁目９‐１０‐１０４号　マストメゾン,https://www.softbank.jp/shop/search/detail/K1A5/,34.787964,135.46298,ok
softbank,近畿,大阪府,ソフトバンク 貝塚Ｒ２６,大阪府貝塚市王子９２１,https://www.softbank.jp/shop/search/detail/K189/,34.427834,135.34692,ok
softbank,近畿,大阪府,ソフトバンク 近大前,大阪府東大阪市西上小阪１３‐１０,https://www.softbank.jp/shop/search/detail/K102/,34.651188,135.58049,ok
softbank,近畿,大阪府,ソフトバンク 都島,大阪府大阪市都島区善源寺町１丁目５番４７号,https://www.softbank.jp/shop/search/detail/K1D1/,34.709824,135.52644,ok
softbank,近畿,大阪府,ソフトバンク 野田阪神,大阪府大阪市福島区海老江５丁目１‐１０,https://www.softbank.jp/shop/search/detail/K157/,34.695236,135.47388,ok
softbank,近畿,大阪府,ソフトバンク 金剛Ｒ３１０,大阪府大阪狭山市茱萸木２丁目３６９‐１,https://www.softbank.jp/shop/search/detail/KB39/,34.492096,135.54971,ok
softbank,近畿,大阪府,ソフトバンク 針中野,大阪府大阪市東住吉区鷹合２丁目１‐１１,https://www.softbank.jp/shop/search/detail/K188/,34.616302,135.53152,ok
softbank,近畿,大阪府,ソフトバンク 長吉出戸,大阪府大阪市平野区長吉出戸１丁目１１‐６６　木村ビル,https://www.softbank.jp/shop/search/detail/K1N1/,34.613735,135.56439,ok
softbank,近畿,大阪府,ソフトバンク 長吉長原,大阪府大阪市平野区長吉長原東３丁目１‐４　レシオ１階,https://www.softbank.jp/shop/search/detail/K111/,34.601727,135.57458,ok
softbank,近畿,大阪府,ソフトバンク 長居公園東,大阪府大阪市東住吉区照ケ丘矢田２丁目２３‐１,https://www.softbank.jp/shop/search/detail/K1Q5/,34.608967,135.53828,ok
softbank,近畿,大阪府,ソフトバンク 長居駅前,大阪府大阪市住吉区長居４丁目１‐１,https://www.softbank.jp/shop/search/detail/KB16/,34.609035,135.51137,ok
softbank,近畿,大阪府,ソフトバンク 門真,大阪府門真市大池町１４‐３０,https://www.softbank.jp/shop/search/detail/K1R2/,34.735382,135.60028,ok
softbank,近畿,大阪府,ソフトバンク 関目,大阪府大阪市城東区成育５丁目１９番９号　粋交苑マンション１０８号,https://www.softbank.jp/shop/search/detail/K1B5/,34.713673,135.54622,ok
softbank,近畿,大阪府,ソフトバンク 阪急三国,大阪府大阪市淀川区三国本町３丁目３６‐１３,https://www.softbank.jp/shop/search/detail/K1J3/,34.73694,135.48357,ok
softbank,近畿,大阪府,ソフトバンク 阪急茨木,大阪府茨木市双葉町７番１‐１０１号,https://www.softbank.jp/shop/search/detail/K162/,34.81676,135.57774,ok
softbank,近畿,大阪府,ソフトバンク 阪急高槻,大阪府高槻市高槻町１６‐５　高槻天神温泉ビル１Ｆ,https://www.softbank.jp/shop/search/detail/K151/,34.84968,135.62,ok
softbank,近畿,大阪府,ソフトバンク 香里園,大阪府寝屋川市香里南之町３６番３４　ブランズタワー香里園ロジュマン１０４,https://www.softbank.jp/shop/search/detail/K183/,34.78423,135.62772,ok
softbank,近畿,大阪府,ソフトバンク 高井田,大阪府東大阪市高井田本通７丁目１‐３１,https://www.softbank.jp/shop/search/detail/K1Q3/,34.678627,135.5681,ok
softbank,近畿,大阪府,ソフトバンク 高槻市役所前,大阪府高槻市城西町４‐５４,https://www.softbank.jp/shop/search/detail/K1K7/,34.844677,135.61674,ok
softbank,近畿,大阪府,ソフトバンク 高槻東,大阪府高槻市緑町１９‐１　１Ｆ,https://www.softbank.jp/shop/search/detail/K1G1/,34.8542,135.63583,ok
softbank,近畿,大阪府,ソフトバンク 高槻西口,大阪府高槻市芥川町２丁目１４‐２１,https://www.softbank.jp/shop/search/detail/K155/,34.853027,135.61546,ok
softbank,近畿,大阪府,ソフトバンク 高石２６号線,大阪府和泉市葛の葉町１丁目１４番２０号,https://www.softbank.jp/shop/search/detail/K1P0/,34.510727,135.43597,ok
softbank,近畿,大阪府,ソフトバンク 鳳上,大阪府堺市西区上６７０‐１９,https://www.softbank.jp/shop/search/detail/K1R5/,34.523533,135.45804,ok
softbank,近畿,大阪府,ソフトバンク 鴻池新田,大阪府東大阪市鴻池本町１‐２７　鴻池第２ビル１Ｆ,https://www.softbank.jp/shop/search/detail/K131/,34.699024,135.59883,ok
softbank,近畿,大阪府,ソフトバンク 鶴見安田,大阪府大阪市鶴見区安田４丁目１番５３号,https://www.softbank.jp/shop/search/detail/K1U2/,34.70586,135.58957,ok
softbank,近畿,大阪府,ソフトバンク ＪＲ久宝寺,大阪府八尾市龍華町２丁目１‐２０‐１０４,https://www.softbank.jp/shop/search/detail/K1C2/,34.621574,135.58276,ok
softbank,近畿,大阪府,ソフトバンク ＪＲ吹田,大阪府吹田市朝日町１番　サンクス１番館,https://www.softbank.jp/shop/search/detail/K174/,34.763332,135.52425,ok
softbank,近畿,大阪府,ソフトバンク ＪＲ塚本,大阪府大阪市西淀川区柏里３丁目１‐３８,https://www.softbank.jp/shop/search/detail/K1A6/,34.712032,135.46805,ok
softbank,近畿,大阪府,ソフトバンク ＪＲ平野,大阪府大阪市平野区平野元町８‐１１,https://www.softbank.jp/shop/search/detail/K1C8/,34.62945,135.55145,ok
softbank,近畿,大阪府,ソフトバンク ＬＡＢＩ１ＮＡＭＢＡ,大阪府大阪市浪速区難波中２丁目１１ー３５　ヤマダ電機ＬＡＢＩ１　ＮＡＭＢＡ店内２Ｆ,https://www.softbank.jp/shop/search/detail/K1G3/,34.659443,135.50215,ok
softbank,近畿,兵庫県,ソフトバンク あまがさきキューズモール,兵庫県尼崎市潮江１丁目３‐１　あまがさきキューズモール３Ｆ,https://www.softbank.jp/shop/search/detail/K2E5/,34.73324,135.43031,ok
softbank,近畿,兵庫県,ソフトバンク つかしん,兵庫県尼崎市塚口本町４丁目８‐１,https://www.softbank.jp/shop/search/detail/K2B6/,34.76214,135.41948,ok
softbank,近畿,兵庫県,ソフトバンク ひめじ別所,兵庫県姫路市別所町別所２丁目６６,https://www.softbank.jp/shop/search/detail/K2E2/,34.809444,134.75012,ok
softbank,近畿,兵庫県,ソフトバンク ららぽーと甲子園,兵庫県西宮市甲子園八番町１‐１００　ららぽーと甲子園２階,https://www.softbank.jp/shop/search/detail/K2F2/,34.717266,135.36462,ok
softbank,近畿,兵庫県,ソフトバンク アクタ西宮,兵庫県西宮市北口町１‐１　アクタ西宮西館２階,https://www.softbank.jp/shop/search/detail/K259/,34.747498,135.35738,ok
softbank,近畿,兵庫県,ソフトバンク アステ川西,兵庫県川西市栄町２５‐１　アステ川西３階,https://www.softbank.jp/shop/search/detail/K241/,34.82661,135.4129,ok
softbank,近畿,兵庫県,ソフトバンク イオンタウン川西,兵庫県川西市多田桜木１丁目４番１号,https://www.softbank.jp/shop/search/detail/K255/,34.855602,135.41728,ok
softbank,近畿,兵庫県,ソフトバンク イオンモール伊丹昆陽,兵庫県伊丹市池尻４丁目１番地１　イオンモール伊丹昆陽４階,https://www.softbank.jp/shop/search/detail/K2F3/,34.78447,135.38184,ok
softbank,近畿,兵庫県,ソフトバンク イオンモール姫路リバーシティ,兵庫県姫路市飾磨区細江２５６０番地,https://www.softbank.jp/shop/search/detail/K249/,34.798374,134.66847,ok
softbank,近畿,兵庫県,ソフトバンク イオンモール猪名川,兵庫県川辺郡猪名川町白金２丁目１‐１　イオンモール猪名川２階,https://www.softbank.jp/shop/search/detail/KB05/,34.90203,135.36449,ok
softbank,近畿,兵庫県,ソフトバンク イオンモール神戸北,兵庫県神戸市北区上津台８丁目１‐１　イオンモール神戸北内２階,https://www.softbank.jp/shop/search/detail/K2F5/,34.861065,135.19473,ok
softbank,近畿,兵庫県,ソフトバンク イオンモール神戸南,兵庫県神戸市兵庫区中之島２丁目１番１,https://www.softbank.jp/shop/search/detail/TH62/,34.666164,135.17505,ok
softbank,近畿,兵庫県,ソフトバンク イオン三田ウッディタウン,兵庫県三田市けやき台１丁目６番地２　イオン三田ウッディタウン２番館１Ｆ,https://www.softbank.jp/shop/search/detail/K2D4/,34.908257,135.1861,ok
softbank,近畿,兵庫県,ソフトバンク イオン洲本,兵庫県洲本市塩屋１丁目１‐８,https://www.softbank.jp/shop/search/detail/KB55/,34.344574,134.89246,ok
softbank,近畿,兵庫県,ソフトバンク イオン長田南,兵庫県神戸市長田区東尻池新町１‐２０,https://www.softbank.jp/shop/search/detail/K2D3/,34.655434,135.15915,ok
softbank,近畿,兵庫県,ソフトバンク エディオン伊丹,兵庫県伊丹市北伊丹５丁目７０‐１,https://www.softbank.jp/shop/search/detail/K2E8/,34.798058,135.4215,ok
softbank,近畿,兵庫県,ソフトバンク ショップサテライトイオンモール姫路大津,兵庫県姫路市大津区大津町２丁目５,https://www.softbank.jp/shop/search/detail/KB82/,34.806717,134.6067,ok
softbank,近畿,兵庫県,ソフトバンク ジェームス山,兵庫県神戸市垂水区青山台８丁目７６２‐１０４１,https://www.softbank.jp/shop/search/detail/K2F4/,34.647045,135.07741,ok
softbank,近畿,兵庫県,ソフトバンク デュオこうべ,兵庫県神戸市中央区相生町３丁目２‐１　デュオこうべ山の手,https://www.softbank.jp/shop/search/detail/K256/,34.67944,135.1774,ok
softbank,近畿,兵庫県,ソフトバンク ブルメール舞多聞,兵庫県神戸市垂水区舞多聞東２丁目１‐４５　ブルメール舞多聞１階,https://www.softbank.jp/shop/search/detail/K286/,34.66362,135.05415,ok
softbank,近畿,兵庫県,ソフトバンク ブルメールＨＡＴ神戸,兵庫県神戸市中央区脇浜海岸通２丁目２‐２　ブルメールＨＡＴ神戸,https://www.softbank.jp/shop/search/detail/KB44/,34.69939,135.21408,ok
softbank,近畿,兵庫県,ソフトバンク 三宮センタープラザ,兵庫県神戸市中央区三宮町２丁目１１‐１　センタープラザ西館１Ｆ,https://www.softbank.jp/shop/search/detail/K248/,34.69132,135.19167,ok
softbank,近畿,兵庫県,ソフトバンク 三宮センター街,兵庫県神戸市中央区三宮町１丁目６‐２９,https://www.softbank.jp/shop/search/detail/K232/,34.69132,135.19312,ok
softbank,近畿,兵庫県,ソフトバンク 三宮東口,兵庫県神戸市中央区雲井通６丁目１‐１５　サンシティビル１０９,https://www.softbank.jp/shop/search/detail/K206/,34.695156,135.1964,ok
softbank,近畿,兵庫県,ソフトバンク 三木,兵庫県三木市大村１丁目３‐１,https://www.softbank.jp/shop/search/detail/K209/,34.802643,134.96886,ok
softbank,近畿,兵庫県,ソフトバンク 中山寺,兵庫県宝塚市中筋８丁目１９３,https://www.softbank.jp/shop/search/detail/K283/,34.814117,135.37485,ok
softbank,近畿,兵庫県,ソフトバンク 丹波中央,兵庫県丹波市氷上町横田７７７‐９,https://www.softbank.jp/shop/search/detail/K237/,35.150772,135.04819,ok
softbank,近畿,兵庫県,ソフトバンク 丹波篠山,兵庫県丹波篠山市吹新６‐１,https://www.softbank.jp/shop/search/detail/K284/,35.064583,135.1838,ok
softbank,近畿,兵庫県,ソフトバンク 伊川谷,兵庫県神戸市西区白水２丁目５‐２０,https://www.softbank.jp/shop/search/detail/K2A4/,34.670486,135.00542,ok
softbank,近畿,兵庫県,ソフトバンク 兵庫駅前,兵庫県神戸市兵庫区駅南通１丁目２‐２９,https://www.softbank.jp/shop/search/detail/K263/,34.666893,135.16464,ok
softbank,近畿,兵庫県,ソフトバンク 加古川ニッケパークタウン,兵庫県加古川市加古川町寺家町１７３‐１　ニッケパークタウン専門店街２階,https://www.softbank.jp/shop/search/detail/K294/,34.768948,134.8361,ok
softbank,近畿,兵庫県,ソフトバンク 加古川別府,兵庫県加古川市別府町石町４７,https://www.softbank.jp/shop/search/detail/K210/,34.728695,134.84868,ok
softbank,近畿,兵庫県,ソフトバンク 加古川駅前,兵庫県加古川市加古川町寺家町６２８,https://www.softbank.jp/shop/search/detail/K2E4/,34.76466,134.83847,ok
softbank,近畿,兵庫県,ソフトバンク 加西,兵庫県加西市北条町北条９０‐１,https://www.softbank.jp/shop/search/detail/K200/,34.92812,134.83357,ok
softbank,近畿,兵庫県,ソフトバンク 南あわじ,兵庫県南あわじ市市円行寺５３１‐２２,https://www.softbank.jp/shop/search/detail/K2C1/,34.289722,134.78056,ok
softbank,近畿,兵庫県,ソフトバンク 名谷,兵庫県神戸市須磨区中落合２丁目３番３号,https://www.softbank.jp/shop/search/detail/K244/,34.679886,135.09428,ok
softbank,近畿,兵庫県,ソフトバンク 和田山,兵庫県朝来市和田山町枚田岡１３４,https://www.softbank.jp/shop/search/detail/K2F1/,35.330845,134.86449,ok
softbank,近畿,兵庫県,ソフトバンク 垂水,兵庫県神戸市垂水区日向１丁目５ー１ー１１５　レバンテ垂水２番館,https://www.softbank.jp/shop/search/detail/K224/,34.629944,135.05667,ok
softbank,近畿,兵庫県,ソフトバンク 夙川,兵庫県西宮市羽衣町７‐３０‐１０６,https://www.softbank.jp/shop/search/detail/K229/,34.74127,135.32732,ok
softbank,近畿,兵庫県,ソフトバンク 大久保インター,兵庫県神戸市西区竜が岡１丁目１‐１,https://www.softbank.jp/shop/search/detail/K2B5/,34.708855,134.93932,ok
softbank,近畿,兵庫県,ソフトバンク 姫路みゆき通り,兵庫県姫路市駅前町２７５番地,https://www.softbank.jp/shop/search/detail/K236/,34.82885,134.69173,ok
softbank,近畿,兵庫県,ソフトバンク 姫路中地,兵庫県姫路市飾磨区構２丁目８番地,https://www.softbank.jp/shop/search/detail/K211/,34.806618,134.66255,ok
softbank,近畿,兵庫県,ソフトバンク 姫路今宿,兵庫県姫路市東今宿６丁目１‐３０,https://www.softbank.jp/shop/search/detail/K242/,34.841217,134.66858,ok
softbank,近畿,兵庫県,ソフトバンク 姫路市役所通り,兵庫県姫路市飾磨区三宅１丁目１４６,https://www.softbank.jp/shop/search/detail/K2C3/,34.8132,134.6827,ok
softbank,近畿,兵庫県,ソフトバンク 姫路広畑,兵庫県姫路市広畑区東新町１丁目３６,https://www.softbank.jp/shop/search/detail/K2C5/,34.799137,134.63025,ok
softbank,近畿,兵庫県,ソフトバンク 姫路東,兵庫県姫路市花田町上原田２３９‐３,https://www.softbank.jp/shop/search/detail/K262/,34.8385,134.7356,ok
softbank,近畿,兵庫県,ソフトバンク 姫路野里,兵庫県姫路市野里５８１‐１,https://www.softbank.jp/shop/search/detail/K218/,34.84703,134.70683,ok
softbank,近畿,兵庫県,ソフトバンク 宍粟,兵庫県宍粟市山崎町山田１８４‐１３　ホテルサフラン山崎１Ｆ,https://www.softbank.jp/shop/search/detail/K2E6/,35.004467,134.5474,ok
softbank,近畿,兵庫県,ソフトバンク 宝塚,兵庫県宝塚市栄町１丁目９‐６,https://www.softbank.jp/shop/search/detail/K239/,34.808983,135.34729,ok
softbank,近畿,兵庫県,ソフトバンク 宝殿,兵庫県高砂市米田町島７８‐２,https://www.softbank.jp/shop/search/detail/K214/,34.78523,134.80678,ok
softbank,近畿,兵庫県,ソフトバンク 小野,兵庫県小野市黒川町１７９７,https://www.softbank.jp/shop/search/detail/K213/,34.852005,134.94049,ok
softbank,近畿,兵庫県,ソフトバンク 尼崎中央商店街,兵庫県尼崎市神田中通４丁目１１５,https://www.softbank.jp/shop/search/detail/K268/,34.72033,135.41228,ok
softbank,近畿,兵庫県,ソフトバンク 岡場,兵庫県神戸市北区有野中町２丁目１‐４,https://www.softbank.jp/shop/search/detail/K274/,34.82367,135.22485,ok
softbank,近畿,兵庫県,ソフトバンク 岡本,兵庫県神戸市東灘区岡本１丁目４‐２　岡本香梅館１０１,https://www.softbank.jp/shop/search/detail/KB68/,34.727314,135.27585,ok
softbank,近畿,兵庫県,ソフトバンク 御影クラッセ,兵庫県神戸市東灘区御影中町３丁目２‐１　御影クラッセ３Ｆ,https://www.softbank.jp/shop/search/detail/K201/,34.715576,135.25522,ok
softbank,近畿,兵庫県,ソフトバンク 志染駅前,兵庫県三木市志染町広野１丁目７６,https://www.softbank.jp/shop/search/detail/K296/,34.78178,135.00818,ok
softbank,近畿,兵庫県,ソフトバンク 播磨太子,兵庫県揖保郡太子町東出字平岩９５番地,https://www.softbank.jp/shop/search/detail/K215/,34.833504,134.59383,ok
softbank,近畿,兵庫県,ソフトバンク 明石,兵庫県明石市大明石町１丁目７‐１,https://www.softbank.jp/shop/search/detail/K202/,34.648502,134.9904,ok
softbank,近畿,兵庫県,ソフトバンク 明石二見,兵庫県明石市魚住町清水２０５６‐１,https://www.softbank.jp/shop/search/detail/K217/,34.715908,134.89796,ok
softbank,近畿,兵庫県,ソフトバンク 明石魚住,兵庫県明石市魚住町住吉２丁目１‐３０,https://www.softbank.jp/shop/search/detail/K2A5/,34.689766,134.90572,ok
softbank,近畿,兵庫県,ソフトバンク 東加古川,兵庫県加古川市平岡町新在家２３３‐１,https://www.softbank.jp/shop/search/detail/K212/,34.74473,134.86526,ok
softbank,近畿,兵庫県,ソフトバンク 東急プラザ新長田,兵庫県神戸市長田区若松町５丁目５‐１　東急プラザ新長田２０２,https://www.softbank.jp/shop/search/detail/K222/,34.65646,135.14459,ok
softbank,近畿,兵庫県,ソフトバンク 板宿,兵庫県神戸市須磨区飛松町３丁目１‐１５　渡邊ビル１階,https://www.softbank.jp/shop/search/detail/K258/,34.6607,135.13359,ok
softbank,近畿,兵庫県,ソフトバンク 武庫之荘,兵庫県尼崎市南武庫之荘１丁目２‐１８　森善ビル１Ｆ,https://www.softbank.jp/shop/search/detail/K260/,34.751274,135.39397,ok
softbank,近畿,兵庫県,ソフトバンク 浜甲子園,兵庫県西宮市今津久寿川町１２‐２,https://www.softbank.jp/shop/search/detail/K288/,34.72219,135.35316,ok
softbank,近畿,兵庫県,ソフトバンク 湊川パークタウン,兵庫県神戸市兵庫区荒田町１丁目２０‐１　神戸湊川パークタウン１階,https://www.softbank.jp/shop/search/detail/KB60/,34.680508,135.1661,ok
softbank,近畿,兵庫県,ソフトバンク 甲南山手,兵庫県神戸市東灘区森南町１丁目７‐１,https://www.softbank.jp/shop/search/detail/K290/,34.728718,135.29301,ok
softbank,近畿,兵庫県,ソフトバンク 相生,兵庫県相生市向陽台２‐８,https://www.softbank.jp/shop/search/detail/K243/,34.81349,134.48535,ok
softbank,近畿,兵庫県,ソフトバンク 神戸ハーバーランドｕｍｉｅ,兵庫県神戸市中央区東川崎町１丁目７‐２　神戸ハーバーランドｕｍｉｅＢ１階Ａ００６区画,https://www.softbank.jp/shop/search/detail/K2G2/,34.679268,135.18263,ok
softbank,近畿,兵庫県,ソフトバンク 神戸住吉,兵庫県神戸市東灘区住吉宮町７丁目１‐６,https://www.softbank.jp/shop/search/detail/K275/,34.71815,135.25981,ok
softbank,近畿,兵庫県,ソフトバンク 神戸鯉川筋,兵庫県神戸市中央区下山手通４丁目７‐１５,https://www.softbank.jp/shop/search/detail/K203/,34.692184,135.1869,ok
softbank,近畿,兵庫県,ソフトバンク 福崎,兵庫県神崎郡福崎町西田原１３５０‐１,https://www.softbank.jp/shop/search/detail/K261/,34.952953,134.75905,ok
softbank,近畿,兵庫県,ソフトバンク 立花駅前,兵庫県尼崎市七松町１丁目２‐１‐２０６　フェスタ立花２Ｆ,https://www.softbank.jp/shop/search/detail/K266/,34.73744,135.3997,ok
softbank,近畿,兵庫県,ソフトバンク 舞子,兵庫県神戸市垂水区舞子台８丁目５番３３号,https://www.softbank.jp/shop/search/detail/K235/,34.64103,135.03111,ok
softbank,近畿,兵庫県,ソフトバンク 芦屋南,兵庫県芦屋市上宮川町９ー１２　アルビ芦屋１階,https://www.softbank.jp/shop/search/detail/K2B3/,34.733356,135.31041,ok
softbank,近畿,兵庫県,ソフトバンク 西宮門戸,兵庫県西宮市下大市東町３５‐２５,https://www.softbank.jp/shop/search/detail/K251/,34.761154,135.36493,ok
softbank,近畿,兵庫県,ソフトバンク 西明石,兵庫県明石市野々上３丁目１５‐２２,https://www.softbank.jp/shop/search/detail/K226/,34.668896,134.96638,ok
softbank,近畿,兵庫県,ソフトバンク 西神中央,兵庫県神戸市西区糀台５丁目６‐１　プレンティ専門店二番館２Ｆ,https://www.softbank.jp/shop/search/detail/K207/,34.718464,135.019,ok
softbank,近畿,兵庫県,ソフトバンク 西神戸,兵庫県神戸市西区持子３丁目２１‐１,https://www.softbank.jp/shop/search/detail/K230/,34.672,134.98172,ok
softbank,近畿,兵庫県,ソフトバンク 西脇,兵庫県西脇市高田井町２８８‐１,https://www.softbank.jp/shop/search/detail/K295/,34.992897,134.96175,ok
softbank,近畿,兵庫県,ソフトバンク 西鈴蘭台,兵庫県神戸市北区北五葉６丁目１３‐１,https://www.softbank.jp/shop/search/detail/K205/,34.732285,135.14198,ok
softbank,近畿,兵庫県,ソフトバンク 豊岡,兵庫県豊岡市九日市下町１２０‐４,https://www.softbank.jp/shop/search/detail/K247/,35.52846,134.82066,ok
softbank,近畿,兵庫県,ソフトバンク 赤穂,兵庫県赤穂市加里屋上町７５‐８,https://www.softbank.jp/shop/search/detail/K270/,34.755955,134.38992,ok
softbank,近畿,兵庫県,ソフトバンク 逆瀬川,兵庫県宝塚市逆瀬川１丁目１１‐１　アピア２,https://www.softbank.jp/shop/search/detail/K231/,34.797905,135.35204,ok
softbank,近畿,兵庫県,ソフトバンク 阪急伊丹,兵庫県伊丹市船原２丁目３‐６,https://www.softbank.jp/shop/search/detail/K238/,34.78144,135.41006,ok
softbank,近畿,兵庫県,ソフトバンク 阪急西宮ガーデンズ,兵庫県西宮市高松町１４番２号　本館５Ｆ,https://www.softbank.jp/shop/search/detail/KB51/,34.74386,135.35986,ok
softbank,近畿,兵庫県,ソフトバンク 阪神西宮,兵庫県西宮市今在家町３‐６　西宮ｉｎｇ．ＢＬ　１０１,https://www.softbank.jp/shop/search/detail/K221/,34.736145,135.33928,ok
softbank,近畿,兵庫県,ソフトバンク 須磨離宮テラスマ,兵庫県神戸市須磨区高倉台１丁目１番８号Ｄ‐４,https://www.softbank.jp/shop/search/detail/K2D1/,34.655624,135.10995,ok
softbank,近畿,兵庫県,ソフトバンク 高砂,兵庫県高砂市中島１丁目１７８番地,https://www.softbank.jp/shop/search/detail/K2D7/,34.770336,134.80144,ok
softbank,近畿,兵庫県,ソフトバンク 龍野,兵庫県たつの市龍野町堂本４３１番１,https://www.softbank.jp/shop/search/detail/K271/,34.85306,134.55582,ok
softbank,近畿,兵庫県,ソフトバンク ＪＲ六甲道,兵庫県神戸市灘区備後町４丁目１‐１‐１０５　ウエルブ六甲３番街１番館,https://www.softbank.jp/shop/search/detail/K267/,34.71351,135.23964,ok
softbank,近畿,兵庫県,ソフトバンク ＪＲ六甲道南,兵庫県神戸市灘区烏帽子町１丁目３‐１６,https://www.softbank.jp/shop/search/detail/K2G1/,34.711216,135.23785,ok
softbank,近畿,兵庫県,ソフトバンク ＪＲ大久保駅前,兵庫県明石市大久保町大窪６０５‐１,https://www.softbank.jp/shop/search/detail/K216/,34.681824,134.94313,ok
softbank,近畿,兵庫県,ソフトバンク ＪＲ尼崎,兵庫県尼崎市潮江１丁目４‐３‐１０２,https://www.softbank.jp/shop/search/detail/K264/,34.73412,135.43231,ok
softbank,近畿,兵庫県,ソフトバンク ＪＲ西宮,兵庫県西宮市松原町４‐５　エヌヴィ西宮駅前１０２,https://www.softbank.jp/shop/search/detail/K219/,34.73739,135.34785,ok
softbank,近畿,兵庫県,ソフトバンク ＳＯＣＯＬＡ塚口クロス,兵庫県尼崎市南塚口町２丁目１番３号　ＳＯＣＯＬＡ阪急塚口クロス２Ｆ,https://www.softbank.jp/shop/search/detail/K254/,34.752037,135.41528,ok
softbank,近畿,奈良県,ソフトバンク ならファミリー,奈良県奈良市西大寺東町２丁目４‐１　イオン奈良店２Ｆ,https://www.softbank.jp/shop/search/detail/KB41/,34.695107,135.78522,ok
softbank,近畿,奈良県,ソフトバンク イオンモール大和郡山,奈良県大和郡山市下三橋町７４１　イオンモール大和郡山３Ｆ,https://www.softbank.jp/shop/search/detail/K427/,34.651077,135.80229,ok
softbank,近畿,奈良県,ソフトバンク イオンモール奈良登美ヶ丘,奈良県生駒市鹿畑町３０２７　イオンモール奈良登美ヶ丘１Ｆ,https://www.softbank.jp/shop/search/detail/K419/,34.72585,135.75049,ok
softbank,近畿,奈良県,ソフトバンク イオンモール橿原,奈良県橿原市曲川町７丁目２０‐１　イオンモール橿原アルル３Ｆ,https://www.softbank.jp/shop/search/detail/K425/,34.505356,135.76212,ok
softbank,近畿,奈良県,ソフトバンク ラスパ西大和,奈良県北葛城郡上牧町ささゆり台１丁目１番１号　ラスパ西大和２階,https://www.softbank.jp/shop/search/detail/KB02/,34.56675,135.72153,ok
softbank,近畿,奈良県,ソフトバンク 大和郡山,奈良県大和郡山市小林町２７９‐１,https://www.softbank.jp/shop/search/detail/K401/,34.619396,135.76776,ok
softbank,近畿,奈良県,ソフトバンク 大和高田,奈良県大和高田市大字高田１４５３‐１,https://www.softbank.jp/shop/search/detail/K411/,34.52447,135.74698,ok
softbank,近畿,奈良県,ソフトバンク 天理,奈良県天理市富堂町１７８‐１,https://www.softbank.jp/shop/search/detail/K404/,34.59504,135.8223,ok
softbank,近畿,奈良県,ソフトバンク 奈良北之庄,奈良県奈良市北之庄町８‐２,https://www.softbank.jp/shop/search/detail/K413/,34.65388,135.81964,ok
softbank,近畿,奈良県,ソフトバンク 学園前,奈良県奈良市学園南３丁目１‐２　ル・シエル学園前１階Ｓ‐０２,https://www.softbank.jp/shop/search/detail/K405/,34.69699,135.75084,ok
softbank,近畿,奈良県,ソフトバンク 御所,奈良県御所市大字東松本７‐４　千代ビル１Ｆ,https://www.softbank.jp/shop/search/detail/K415/,34.465412,135.73311,ok
softbank,近畿,奈良県,ソフトバンク 押熊,奈良県奈良市押熊町５４５‐１,https://www.softbank.jp/shop/search/detail/K416/,34.71806,135.7716,ok
softbank,近畿,奈良県,ソフトバンク 新大宮,奈良県奈良市大宮町４丁目３３４‐１,https://www.softbank.jp/shop/search/detail/K412/,34.68212,135.80649,ok
softbank,近畿,奈良県,ソフトバンク 桜井,奈良県桜井市大字東新堂５１５‐１　フレスポ桜井,https://www.softbank.jp/shop/search/detail/K400/,34.522667,135.8328,ok
softbank,近畿,奈良県,ソフトバンク 橿原,奈良県橿原市醍醐町２６２‐１,https://www.softbank.jp/shop/search/detail/K402/,34.50865,135.80618,ok
softbank,近畿,奈良県,ソフトバンク 橿原神宮前,奈良県橿原市御坊町１３８‐１,https://www.softbank.jp/shop/search/detail/K409/,34.4884,135.79588,ok
softbank,近畿,奈良県,ソフトバンク 王寺,奈良県北葛城郡王寺町本町１丁目２‐１５,https://www.softbank.jp/shop/search/detail/K410/,34.592445,135.7068,ok
softbank,近畿,奈良県,ソフトバンク 生駒,奈良県生駒市東松ケ丘１５‐３１,https://www.softbank.jp/shop/search/detail/K408/,34.69707,135.69989,ok
softbank,近畿,奈良県,ソフトバンク 生駒菜畑,奈良県生駒市中菜畑２丁目１０６５‐１,https://www.softbank.jp/shop/search/detail/K426/,34.67984,135.70587,ok
softbank,近畿,奈良県,ソフトバンク 田原本,奈良県磯城郡田原本町大字阪手６３９番地の３,https://www.softbank.jp/shop/search/detail/K403/,34.55032,135.79713,ok
softbank,近畿,奈良県,ソフトバンク 真美ヶ丘,奈良県香芝市真美ヶ丘６丁目２‐１,https://www.softbank.jp/shop/search/detail/K423/,34.543392,135.72028,ok
softbank,近畿,奈良県,ソフトバンク 阪奈二条,奈良県奈良市二条大路南５丁目３８４‐１,https://www.softbank.jp/shop/search/detail/K417/,34.684753,135.78816,ok
softbank,近畿,奈良県,ソフトバンク 香芝インター,奈良県香芝市上中７８２‐１,https://www.softbank.jp/shop/search/detail/KB07/,34.556614,135.7003,ok
softbank,近畿,奈良県,ソフトバンク 高田バイパス,奈良県大和高田市東中２丁目１‐２０,https://www.softbank.jp/shop/search/detail/KB15/,34.501476,135.73697,ok
softbank,近畿,和歌山県,ソフトバンク ありだ,和歌山県有田市古江見１６４‐１,https://www.softbank.jp/shop/search/detail/K605/,34.08017,135.12265,ok
softbank,近畿,和歌山県,ソフトバンク イオンモール和歌山,和歌山県和歌山市ふじと台２３番地　イオンモール和歌山１階,https://www.softbank.jp/shop/search/detail/KB40/,34.27649,135.14874,ok
softbank,近畿,和歌山県,ソフトバンク オーストリート和歌山北,和歌山県和歌山市平井１５４　オーストリート和歌山北バイパス店１階,https://www.softbank.jp/shop/search/detail/K606/,34.260166,135.16977,ok
softbank,近畿,和歌山県,ソフトバンク パビリオンシティ田辺,和歌山県田辺市稲成町新江原３１６５,https://www.softbank.jp/shop/search/detail/K615/,33.74409,135.3759,ok
softbank,近畿,和歌山県,ソフトバンク ロマンシティ御坊,和歌山県御坊市湯川町財部１８１　ロマンシティ御坊,https://www.softbank.jp/shop/search/detail/KB54/,33.89772,135.14877,ok
softbank,近畿,和歌山県,ソフトバンク 南海市駅前,和歌山県和歌山市板屋町２２番　和歌山中央通りビルディング１階,https://www.softbank.jp/shop/search/detail/K601/,34.23361,135.16988,ok
softbank,近畿,和歌山県,ソフトバンク 和歌山,和歌山県和歌山市秋月４６９‐２,https://www.softbank.jp/shop/search/detail/KB65/,34.22731,135.20682,ok
softbank,近畿,和歌山県,ソフトバンク 和歌山北,和歌山県和歌山市榎原８１‐３,https://www.softbank.jp/shop/search/detail/K600/,34.254307,135.13464,ok
softbank,近畿,和歌山県,ソフトバンク 和歌山屋形通り,和歌山県和歌山市島崎町３丁目１,https://www.softbank.jp/shop/search/detail/K614/,34.22176,135.17862,ok
softbank,近畿,和歌山県,ソフトバンク 国体道路,和歌山県和歌山市小雑賀５９８番２,https://www.softbank.jp/shop/search/detail/K602/,34.20205,135.1852,ok
softbank,近畿,和歌山県,ソフトバンク 岩出,和歌山県岩出市大町９番１,https://www.softbank.jp/shop/search/detail/K604/,34.26168,135.3213,ok
softbank,近畿,和歌山県,ソフトバンク 岩出バイパス中島,和歌山県岩出市中島６０１‐１,https://www.softbank.jp/shop/search/detail/K619/,34.263355,135.28688,ok
softbank,近畿,和歌山県,ソフトバンク 新宮,和歌山県新宮市鴻田１丁目２番３‐１０１号,https://www.softbank.jp/shop/search/detail/K611/,33.711914,135.98792,ok
softbank,近畿,和歌山県,ソフトバンク 橋本,和歌山県橋本市市脇４丁目１‐２２,https://www.softbank.jp/shop/search/detail/K609/,34.313618,135.6013,ok
softbank,近畿,和歌山県,ソフトバンク 海南,和歌山県海南市築地１‐１スーパーセンターオークワ１階,https://www.softbank.jp/shop/search/detail/KB58/,34.152225,135.20778,ok
softbank,近畿,和歌山県,ソフトバンク 紀伊田辺,和歌山県田辺市湊２０番１０号,https://www.softbank.jp/shop/search/detail/K607/,33.731567,135.38144,ok
softbank,中国,鳥取県,ソフトバンク イオンモール日吉津,鳥取県西伯郡日吉津村大字日吉津１１６０‐１　イオンモール日吉津２Ｆ,https://www.softbank.jp/shop/search/detail/NA14/,35.44583,133.38573,ok
softbank,中国,鳥取県,ソフトバンク イオンモール鳥取北,鳥取県鳥取市晩稲３４８番地イオンモール鳥取北２階,https://www.softbank.jp/shop/search/detail/NA15/,35.523834,134.20119,ok
softbank,中国,鳥取県,ソフトバンク 倉吉,鳥取県倉吉市福庭町２丁目４８番地,https://www.softbank.jp/shop/search/detail/NA06/,35.465714,133.84566,ok
softbank,中国,鳥取県,ソフトバンク 倉吉中央,鳥取県倉吉市昭和町２丁目１３５‐１,https://www.softbank.jp/shop/search/detail/N410/,35.436214,133.8385,ok
softbank,中国,鳥取県,ソフトバンク 境港,鳥取県境港市竹内町３５６５‐３１,https://www.softbank.jp/shop/search/detail/NA20/,35.524075,133.24516,ok
softbank,中国,鳥取県,ソフトバンク 米子中央,鳥取県米子市米原４丁目５‐５０,https://www.softbank.jp/shop/search/detail/N419/,35.442966,133.33359,ok
softbank,中国,鳥取県,ソフトバンク 米子皆生,鳥取県米子市皆生新田１丁目５‐２２,https://www.softbank.jp/shop/search/detail/NA05/,35.450424,133.36284,ok
softbank,中国,鳥取県,ソフトバンク 米子米原,鳥取県米子市両三柳２１３番地１,https://www.softbank.jp/shop/search/detail/N402/,35.447685,133.32584,ok
softbank,中国,鳥取県,ソフトバンク 鳥取中央,鳥取県鳥取市田島５７４,https://www.softbank.jp/shop/search/detail/N408/,35.5126,134.21706,ok
softbank,中国,鳥取県,ソフトバンク 鳥取宮長,鳥取県鳥取市宮長３‐１,https://www.softbank.jp/shop/search/detail/N421/,35.477337,134.22629,ok
softbank,中国,鳥取県,ソフトバンク 鳥取湖山,鳥取県鳥取市湖山町東５丁目１０４,https://www.softbank.jp/shop/search/detail/N409/,35.5148,134.18752,ok
softbank,中国,島根県,ソフトバンク ゆめタウン出雲,島根県出雲市大塚町６５０‐１,https://www.softbank.jp/shop/search/detail/N522/,35.376877,132.75539,ok
softbank,中国,島根県,ソフトバンク ゆめタウン浜田,島根県浜田市港町２２７番地‐１,https://www.softbank.jp/shop/search/detail/N520/,34.9,132.07161,ok
softbank,中国,島根県,ソフトバンク ゆめタウン益田,島根県益田市高津７丁目２１‐１２ゆめタウン益田１階,https://www.softbank.jp/shop/search/detail/NA19/,34.69101,131.81584,ok
softbank,中国,島根県,ソフトバンク イオンタウン大田,島根県大田市長久町土江９７,https://www.softbank.jp/shop/search/detail/NA23/,35.198612,132.48212,ok
softbank,中国,島根県,ソフトバンク イオンモール出雲,島根県出雲市渡橋町１０６６　イオンモール出雲１階,https://www.softbank.jp/shop/search/detail/NA10/,35.36722,132.73941,ok
softbank,中国,島根県,ソフトバンク イオン松江,島根県松江市東朝日町１５１イオン松江３Ｆ,https://www.softbank.jp/shop/search/detail/NA13/,35.463978,133.06949,ok
softbank,中国,島根県,ソフトバンク 出雲,島根県出雲市姫原２丁目７‐２,https://www.softbank.jp/shop/search/detail/N502/,35.373672,132.75797,ok
softbank,中国,島根県,ソフトバンク 松江中央,島根県松江市西津田５丁目１‐５,https://www.softbank.jp/shop/search/detail/N507/,35.45903,133.0704,ok
softbank,中国,島根県,ソフトバンク 松江学園通南,島根県松江市学園南１丁目２０ー１８,https://www.softbank.jp/shop/search/detail/N506/,35.473,133.06955,ok
softbank,中国,島根県,ソフトバンク 松江田和山,島根県松江市田和山町２５,https://www.softbank.jp/shop/search/detail/N517/,35.43809,133.0492,ok
softbank,中国,岡山県,ソフトバンク ゆめタウン久世,岡山県真庭市惣１７０,https://www.softbank.jp/shop/search/detail/NA22/,35.071545,133.74753,ok
softbank,中国,岡山県,ソフトバンク ゆめタウン邑久,岡山県瀬戸内市邑久町尾張２６８　ゆめタウン邑久内１Ｆ,https://www.softbank.jp/shop/search/detail/N270/,34.666286,134.09299,ok
softbank,中国,岡山県,ソフトバンク ゆめタウン高梁,岡山県高梁市落合町阿部１７００　ゆめタウン高梁１Ｆ,https://www.softbank.jp/shop/search/detail/N253/,34.777065,133.58818,ok
softbank,中国,岡山県,ソフトバンク ゆめモール山陽,岡山県赤磐市下市４７６‐１,https://www.softbank.jp/shop/search/detail/N249/,34.754604,134.01657,ok
softbank,中国,岡山県,ソフトバンク アクロスプラザ岡南,岡山県岡山市南区築港栄町５‐１２　アクロスプラザ岡南,https://www.softbank.jp/shop/search/detail/N241/,34.60159,133.94193,ok
softbank,中国,岡山県,ソフトバンク アリオ倉敷,岡山県倉敷市寿町１２番２号　アリオ倉敷１階,https://www.softbank.jp/shop/search/detail/N282/,34.60342,133.76424,ok
softbank,中国,岡山県,ソフトバンク イオンモール倉敷,岡山県倉敷市水江１　イオンモール倉敷　２Ｆ,https://www.softbank.jp/shop/search/detail/N220/,34.602646,133.7452,ok
softbank,中国,岡山県,ソフトバンク イオンモール岡山,岡山県岡山市北区下石井１丁目２‐１　イオンモール岡山３階,https://www.softbank.jp/shop/search/detail/NA00/,34.662262,133.917,ok
softbank,中国,岡山県,ソフトバンク エディオン倉敷本店,岡山県倉敷市笹沖１２０９‐１,https://www.softbank.jp/shop/search/detail/N279/,34.57898,133.76857,ok
softbank,中国,岡山県,ソフトバンク フレスタモールカジル津島,岡山県岡山市北区津島南１丁目２‐７　フレスタモールカジル津島,https://www.softbank.jp/shop/search/detail/NA21/,34.682514,133.9119,ok
softbank,中国,岡山県,ソフトバンク マルナカ平島,岡山県岡山市東区東平島１６０９　マルナカ平島店,https://www.softbank.jp/shop/search/detail/N246/,34.707825,134.04979,ok
softbank,中国,岡山県,ソフトバンク マルナカ庭瀬,岡山県岡山市北区平野８６０‐２,https://www.softbank.jp/shop/search/detail/N244/,34.64607,133.85712,ok
softbank,中国,岡山県,ソフトバンク マルナカ新倉敷,岡山県倉敷市玉島爪崎９８１‐１,https://www.softbank.jp/shop/search/detail/N217/,34.561954,133.68546,ok
softbank,中国,岡山県,ソフトバンク 下中野,岡山県岡山市北区下中野３４１‐１０１,https://www.softbank.jp/shop/search/detail/N258/,34.64049,133.90454,ok
softbank,中国,岡山県,ソフトバンク 井原,岡山県井原市下出部町２丁目２１‐９,https://www.softbank.jp/shop/search/detail/N261/,34.582672,133.44148,ok
softbank,中国,岡山県,ソフトバンク 倉敷インター,岡山県倉敷市平田２７８‐１,https://www.softbank.jp/shop/search/detail/NA29/,34.616756,133.7777,ok
softbank,中国,岡山県,ソフトバンク 倉敷中島,岡山県倉敷市中島１３６９‐６,https://www.softbank.jp/shop/search/detail/N256/,34.577663,133.72711,ok
softbank,中国,岡山県,ソフトバンク 倉敷中庄,岡山県倉敷市松島１１４８‐３,https://www.softbank.jp/shop/search/detail/N259/,34.628162,133.80421,ok
softbank,中国,岡山県,ソフトバンク 倉敷田ノ上,岡山県倉敷市田ノ上９４２‐４,https://www.softbank.jp/shop/search/detail/N216/,34.587475,133.75691,ok
softbank,中国,岡山県,ソフトバンク 備前,岡山県備前市伊部１３９１‐１,https://www.softbank.jp/shop/search/detail/NA07/,34.740253,134.16478,ok
softbank,中国,岡山県,ソフトバンク 児島,岡山県倉敷市児島下の町２丁目１‐４８,https://www.softbank.jp/shop/search/detail/N222/,34.470993,133.82127,ok
softbank,中国,岡山県,ソフトバンク 天満屋ハピーズ西大寺モール,岡山県岡山市東区西大寺南１丁目２番５号　天満屋ハピーズ西大寺モール２階,https://www.softbank.jp/shop/search/detail/N215/,34.6526,134.02997,ok
softbank,中国,岡山県,ソフトバンク 妹尾,岡山県岡山市南区妹尾２６８５‐１,https://www.softbank.jp/shop/search/detail/N237/,34.615643,133.86148,ok
softbank,中国,岡山県,ソフトバンク 岡山平井,岡山県岡山市中区平井７丁目１の５,https://www.softbank.jp/shop/search/detail/N203/,34.636158,133.94595,ok
softbank,中国,岡山県,ソフトバンク 岡山新保,岡山県岡山市南区新保１１２５‐１,https://www.softbank.jp/shop/search/detail/NA16/,34.6373,133.91464,ok
softbank,中国,岡山県,ソフトバンク 新倉敷駅前,岡山県倉敷市新倉敷駅前４丁目５２‐１　新倉敷駅前再開発ビル１Ｆ,https://www.softbank.jp/shop/search/detail/N269/,34.56227,133.68091,ok
softbank,中国,岡山県,ソフトバンク 新見,岡山県新見市高尾７６４‐１,https://www.softbank.jp/shop/search/detail/N209/,34.99282,133.4521,ok
softbank,中国,岡山県,ソフトバンク 東岡山,岡山県岡山市中区高屋２９５‐３,https://www.softbank.jp/shop/search/detail/N273/,34.673145,133.9653,ok
softbank,中国,岡山県,ソフトバンク 東川原,岡山県岡山市中区東川原１４０‐１,https://www.softbank.jp/shop/search/detail/N245/,34.67764,133.94386,ok
softbank,中国,岡山県,ソフトバンク 水島,岡山県倉敷市北畝２丁目１番７,https://www.softbank.jp/shop/search/detail/N219/,34.540295,133.74628,ok
softbank,中国,岡山県,ソフトバンク 水島神田,岡山県倉敷市連島中央１丁目９ー１,https://www.softbank.jp/shop/search/detail/N206/,34.545322,133.73114,ok
softbank,中国,岡山県,ソフトバンク 津山小田中,岡山県津山市小田中１３０１‐８,https://www.softbank.jp/shop/search/detail/N235/,35.06361,133.99402,ok
softbank,中国,岡山県,ソフトバンク 津山河辺,岡山県津山市河辺１０００‐１　イオン敷地内,https://www.softbank.jp/shop/search/detail/N230/,35.06448,134.04802,ok
softbank,中国,岡山県,ソフトバンク 玉野メルカ,岡山県玉野市宇野１丁目３８‐１　玉野ショッピングモールメルカ２Ｆ,https://www.softbank.jp/shop/search/detail/N223/,34.491882,133.94469,ok
softbank,中国,岡山県,ソフトバンク 玉野紅陽台,岡山県玉野市東紅陽台１丁目１９‐２５５,https://www.softbank.jp/shop/search/detail/N239/,34.54046,133.89314,ok
softbank,中国,岡山県,ソフトバンク 益野,岡山県岡山市東区松新町１７０‐７,https://www.softbank.jp/shop/search/detail/N240/,34.65856,134.006,ok
softbank,中国,岡山県,ソフトバンク 笠岡,岡山県笠岡市富岡砂場１２３,https://www.softbank.jp/shop/search/detail/N251/,34.49958,133.52728,ok
softbank,中国,岡山県,ソフトバンク 笹沖,岡山県倉敷市笹沖４７８‐１,https://www.softbank.jp/shop/search/detail/N260/,34.574825,133.76956,ok
softbank,中国,岡山県,ソフトバンク 総社,岡山県総社市中央５丁目９‐１０３,https://www.softbank.jp/shop/search/detail/N210/,34.669186,133.75287,ok
softbank,中国,岡山県,ソフトバンク 西長瀬,岡山県岡山市北区西長瀬１１８‐１　フォーエル西長瀬店内,https://www.softbank.jp/shop/search/detail/N266/,34.64869,133.88089,ok
softbank,中国,岡山県,ソフトバンク 野田,岡山県岡山市北区西古松西町９‐３１,https://www.softbank.jp/shop/search/detail/N275/,34.65023,133.9026,ok
softbank,中国,岡山県,ソフトバンク 鴨方,岡山県浅口市鴨方町六条院中３９６９‐１,https://www.softbank.jp/shop/search/detail/N225/,34.52845,133.59198,ok
softbank,中国,広島県,ソフトバンク あけぼの,広島県福山市曙町５丁目１３‐６,https://www.softbank.jp/shop/search/detail/N1B3/,34.470398,133.39444,ok
softbank,中国,広島県,ソフトバンク さんすて福山,広島県福山市三之丸町３０‐１,https://www.softbank.jp/shop/search/detail/N186/,34.490185,133.36438,ok
softbank,中国,広島県,ソフトバンク ゆめタウンみゆき,広島県広島市南区宇品西６丁目７‐１４　ゆめタウンみゆき,https://www.softbank.jp/shop/search/detail/N1C3/,34.35871,132.45656,ok
softbank,中国,広島県,ソフトバンク ゆめタウン呉,広島県呉市宝町５‐１０　ゆめタウン呉内,https://www.softbank.jp/shop/search/detail/N1B8/,34.242302,132.55634,ok
softbank,中国,広島県,ソフトバンク ゆめタウン大竹,広島県大竹市晴海１丁目６‐１　ゆめタウン大竹１Ｆ,https://www.softbank.jp/shop/search/detail/N156/,34.24118,132.22354,ok
softbank,中国,広島県,ソフトバンク ゆめタウン広島,広島県広島市南区皆実町２丁目８‐１７,https://www.softbank.jp/shop/search/detail/N1C7/,34.376118,132.4637,ok
softbank,中国,広島県,ソフトバンク ゆめタウン廿日市,広島県廿日市市下平良２丁目２‐１　ゆめタウン廿日市３Ｆ,https://www.softbank.jp/shop/search/detail/NA03/,34.34582,132.33516,ok
softbank,中国,広島県,ソフトバンク ゆめタウン江田島,広島県江田島市大柿町飛渡瀬１８０　ゆめタウン江田島内１Ｆ,https://www.softbank.jp/shop/search/detail/N169/,34.205296,132.47333,ok
softbank,中国,広島県,ソフトバンク ゆめタウン福山,広島県福山市入船町３丁目１‐６０　ゆめタウン福山２Ｆ,https://www.softbank.jp/shop/search/detail/N141/,34.486732,133.37862,ok
softbank,中国,広島県,ソフトバンク アルパーク,広島県広島市西区草津新町２丁目２６‐１　アルパーク東棟ブルーサイド３Ｆ,https://www.softbank.jp/shop/search/detail/N111/,34.373783,132.39436,ok
softbank,中国,広島県,ソフトバンク イオンタウン楽々園,広島県広島市佐伯区楽々園４丁目１４‐２５　２Ｆ,https://www.softbank.jp/shop/search/detail/N163/,34.362656,132.35338,ok
softbank,中国,広島県,ソフトバンク イオンモール広島府中,広島県安芸郡府中町大須２丁目１‐１　イオンモール広島府中３Ｆ,https://www.softbank.jp/shop/search/detail/N137/,34.394627,132.49979,ok
softbank,中国,広島県,ソフトバンク イオンモール広島祇園,広島県広島市安佐南区祇園３丁目２‐１　イオンモール広島祇園２Ｆ,https://www.softbank.jp/shop/search/detail/N1D3/,34.443787,132.46138,ok
softbank,中国,広島県,ソフトバンク イオン三原,広島県三原市城町２丁目１３‐１　イオン三原２Ｆ,https://www.softbank.jp/shop/search/detail/N127/,34.39896,133.0871,ok
softbank,中国,広島県,ソフトバンク エールエール広島駅前,広島県広島市南区松原町９‐１‐Ｂ２,https://www.softbank.jp/shop/search/detail/N1D6/,34.396442,132.4737,ok
softbank,中国,広島県,ソフトバンク サンリブ五日市,広島県広島市佐伯区八幡１丁目２４‐１７　サンリブ五日市１Ｆ,https://www.softbank.jp/shop/search/detail/N182/,34.38685,132.35904,ok
softbank,中国,広島県,ソフトバンク ジアウトレット広島,広島県広島市佐伯区石内東４丁目１番１号　ジアウトレット広島,https://www.softbank.jp/shop/search/detail/NA24/,34.408478,132.39644,ok
softbank,中国,広島県,ソフトバンク フォレオ広島東,広島県広島市東区温品１丁目３‐２　フォレオ広島東２Ｆ,https://www.softbank.jp/shop/search/detail/N1D4/,34.408535,132.50372,ok
softbank,中国,広島県,ソフトバンク フジグラン安芸,広島県安芸郡坂町北新地２丁目３‐３０　フジグラン安芸２階,https://www.softbank.jp/shop/search/detail/N135/,34.349598,132.5188,ok
softbank,中国,広島県,ソフトバンク フジグラン広島,広島県広島市中区宝町２番１号フジグラン広島２階,https://www.softbank.jp/shop/search/detail/N1D8/,34.386097,132.46446,ok
softbank,中国,広島県,ソフトバンク フジグラン神辺,広島県福山市神辺町大字新道上２‐１０‐２６　フジグラン神辺２階,https://www.softbank.jp/shop/search/detail/NA28/,34.544624,133.35747,ok
softbank,中国,広島県,ソフトバンク フジグラン緑井,広島県広島市安佐南区緑井１丁目５番２号,https://www.softbank.jp/shop/search/detail/N1D7/,34.466988,132.47621,ok
softbank,中国,広島県,ソフトバンク マルナカ可部,広島県広島市安佐北区可部７丁目４‐１３,https://www.softbank.jp/shop/search/detail/N1B9/,34.523323,132.51196,ok
softbank,中国,広島県,ソフトバンク 三原宮浦,広島県三原市宮浦６丁目７‐２,https://www.softbank.jp/shop/search/detail/NA17/,34.394203,133.0605,ok
softbank,中国,広島県,ソフトバンク 三次サングリーン,広島県三次市十日市東４丁目１‐３０ショッピングセンターサングリーン１Ｆ,https://www.softbank.jp/shop/search/detail/N157/,34.804043,132.85976,ok
softbank,中国,広島県,ソフトバンク 世羅,広島県世羅郡世羅町大字寺町字隅田１５５０番地１１,https://www.softbank.jp/shop/search/detail/N1C8/,34.584763,133.03807,ok
softbank,中国,広島県,ソフトバンク 五日市城山,広島県広島市佐伯区五日市中央７丁目１２‐６,https://www.softbank.jp/shop/search/detail/N114/,34.38318,132.3561,ok
softbank,中国,広島県,ソフトバンク 伴東,広島県広島市安佐南区伴東５丁目１５‐３０,https://www.softbank.jp/shop/search/detail/N1C5/,34.467487,132.42241,ok
softbank,中国,広島県,ソフトバンク 八本松,広島県東広島市八本松東３丁目１２‐６,https://www.softbank.jp/shop/search/detail/N177/,34.446777,132.70653,ok
softbank,中国,広島県,ソフトバンク 南松永,広島県福山市松永町６丁目１０‐４７,https://www.softbank.jp/shop/search/detail/N147/,34.443367,133.25453,ok
softbank,中国,広島県,ソフトバンク 可部バイパス,広島県広島市安佐北区可部５丁目８‐６,https://www.softbank.jp/shop/search/detail/N130/,34.521507,132.50685,ok
softbank,中国,広島県,ソフトバンク 吉田,広島県安芸高田市吉田町常友１１７６‐４,https://www.softbank.jp/shop/search/detail/N172/,34.659042,132.69835,ok
softbank,中国,広島県,ソフトバンク 因島,広島県尾道市因島田熊町１１４１‐１,https://www.softbank.jp/shop/search/detail/N1A8/,34.296185,133.16626,ok
softbank,中国,広島県,ソフトバンク 尾道,広島県尾道市栗原西２丁目６‐１２,https://www.softbank.jp/shop/search/detail/N1A4/,34.412643,133.18759,ok
softbank,中国,広島県,ソフトバンク 広国際通り,広島県呉市広古新開７丁目３４番２号,https://www.softbank.jp/shop/search/detail/N164/,34.240494,132.61919,ok
softbank,中国,広島県,ソフトバンク 広大前,広島県東広島市西条下見６丁目１０‐１１,https://www.softbank.jp/shop/search/detail/N198/,34.407967,132.7151,ok
softbank,中国,広島県,ソフトバンク 広島本通商店街,広島県広島市中区本通９‐３１　寿屋ビル,https://www.softbank.jp/shop/search/detail/N1A7/,34.392403,132.46095,ok
softbank,中国,広島県,ソフトバンク 広島段原ショッピングセンター,広島県広島市南区段原南１丁目３‐５２　広島段原ショッピングセンター２階,https://www.softbank.jp/shop/search/detail/N115/,34.385124,132.47588,ok
softbank,中国,広島県,ソフトバンク 広駅前,広島県呉市広中町１‐２５,https://www.softbank.jp/shop/search/detail/N150/,34.228027,132.63103,ok
softbank,中国,広島県,ソフトバンク 庚午,広島県広島市西区庚午北３丁目１‐６,https://www.softbank.jp/shop/search/detail/N1A5/,34.387684,132.41838,ok
softbank,中国,広島県,ソフトバンク 府中天満屋,広島県府中市府川町１８６‐１　１Ｆ,https://www.softbank.jp/shop/search/detail/NA25/,34.56967,133.23718,ok
softbank,中国,広島県,ソフトバンク 廿日市,広島県廿日市市串戸１丁目９‐４６,https://www.softbank.jp/shop/search/detail/N160/,34.346695,132.32755,ok
softbank,中国,広島県,ソフトバンク 本通駅前,広島県広島市中区本通６‐５　ホンドーリクラウン１Ｆ,https://www.softbank.jp/shop/search/detail/N1D1/,34.393562,132.45778,ok
softbank,中国,広島県,ソフトバンク 東尾道,広島県尾道市高須町宇西新涯５７６６番‐１,https://www.softbank.jp/shop/search/detail/N148/,34.429028,133.23453,ok
softbank,中国,広島県,ソフトバンク 横川駅,広島県広島市西区横川町３丁目２‐２９　ＪＲ横川駅ビル１Ｆ,https://www.softbank.jp/shop/search/detail/N185/,34.40963,132.4492,ok
softbank,中国,広島県,ソフトバンク 海田中央,広島県安芸郡海田町南大正町４‐２０,https://www.softbank.jp/shop/search/detail/N175/,34.366257,132.53377,ok
softbank,中国,広島県,ソフトバンク 焼山,広島県呉市焼山西３丁目４‐１１‐１０２,https://www.softbank.jp/shop/search/detail/N176/,34.294464,132.55247,ok
softbank,中国,広島県,ソフトバンク 相田,広島県広島市安佐南区相田２丁目３‐３３,https://www.softbank.jp/shop/search/detail/N173/,34.472614,132.45288,ok
softbank,中国,広島県,ソフトバンク 神辺,広島県福山市神辺町字道上５１‐１,https://www.softbank.jp/shop/search/detail/NA08/,34.54663,133.35637,ok
softbank,中国,広島県,ソフトバンク 福山東郵便局前,広島県福山市引野町５丁目３１番１９号,https://www.softbank.jp/shop/search/detail/N187/,34.491432,133.40834,ok
softbank,中国,広島県,ソフトバンク 福山駅家,広島県福山市駅家町大字江良５４７‐１,https://www.softbank.jp/shop/search/detail/N144/,34.542183,133.32047,ok
softbank,中国,広島県,ソフトバンク 竹原,広島県竹原市竹原町３５６７‐８,https://www.softbank.jp/shop/search/detail/N168/,34.346867,132.90453,ok
softbank,中国,広島県,ソフトバンク 蔵王,広島県福山市南蔵王町６丁目２‐１０,https://www.softbank.jp/shop/search/detail/N190/,34.500164,133.40063,ok
softbank,中国,広島県,ソフトバンク 西条中央,広島県東広島市西条町御薗宇勝谷５１７１‐１,https://www.softbank.jp/shop/search/detail/N152/,34.411385,132.75044,ok
softbank,中国,広島県,ソフトバンク 西条土与丸,広島県東広島市西条町土与丸１２３４,https://www.softbank.jp/shop/search/detail/N162/,34.42758,132.7572,ok
softbank,中国,広島県,ソフトバンク 観音,広島県広島市西区南観音２丁目８‐２８　第二小田ビル１Ｆ,https://www.softbank.jp/shop/search/detail/N1A0/,34.383476,132.42953,ok
softbank,中国,広島県,ソフトバンク 野上,広島県福山市御門町３丁目１‐１０,https://www.softbank.jp/shop/search/detail/N193/,34.47829,133.36966,ok
softbank,中国,広島県,ソフトバンク 高屋,広島県東広島市高屋町杵原１３４４番１号,https://www.softbank.jp/shop/search/detail/N154/,34.44925,132.7877,ok
softbank,中国,広島県,ソフトバンク 高陽中央,広島県広島市安佐北区口田３丁目２８‐５,https://www.softbank.jp/shop/search/detail/N165/,34.465317,132.50392,ok
softbank,中国,広島県,ソフトバンク 黒瀬,広島県東広島市黒瀬町楢原１５９‐１,https://www.softbank.jp/shop/search/detail/N170/,34.324326,132.6666,ok
softbank,中国,広島県,ソフトバンク ＬＡＢＩ広島,広島県広島市中区胡町５‐２２,https://www.softbank.jp/shop/search/detail/N1A2/,34.39322,132.46375,ok
softbank,中国,広島県,ソフトバンク ＬＥＣＴ広島Ｔ‐ＳＩＴＥ,広島県広島市西区扇２丁目１‐４５　ＬＥＣＴ広島Ｔ‐ＳＩＴＥ１階,https://www.softbank.jp/shop/search/detail/NA27/,34.373028,132.40686,ok
softbank,中国,山口県,ソフトバンク おのだサンパーク,山口県山陽小野田市中川６丁目４‐１　おのだサンパーク本館２Ｆ,https://www.softbank.jp/shop/search/detail/N303/,33.98492,131.17126,ok
softbank,中国,山口県,ソフトバンク ゆめシティ,山口県下関市伊倉新町３丁目１‐１　ゆめシティ３Ｆ,https://www.softbank.jp/shop/search/detail/N365/,34.006634,130.93352,ok
softbank,中国,山口県,ソフトバンク ゆめタウン南岩国,山口県岩国市南岩国町１丁目２０‐３０　ゆめタウン南岩国２Ｆ,https://www.softbank.jp/shop/search/detail/N327/,34.134872,132.20268,ok
softbank,中国,山口県,ソフトバンク ゆめタウン宇部,山口県宇部市黒石北３丁目４‐１,https://www.softbank.jp/shop/search/detail/N323/,33.984783,131.20619,ok
softbank,中国,山口県,ソフトバンク ゆめタウン山口,山口県山口市大内千坊６丁目９番１号　ゆめタウン山口２Ｆ,https://www.softbank.jp/shop/search/detail/N358/,34.1602,131.4916,ok
softbank,中国,山口県,ソフトバンク ゆめタウン徳山,山口県周南市青山町１番１８号,https://www.softbank.jp/shop/search/detail/N342/,34.04266,131.81628,ok
softbank,中国,山口県,ソフトバンク ゆめタウン長府,山口県下関市ゆめタウン１‐１　ゆめタウン長府店１Ｆ,https://www.softbank.jp/shop/search/detail/N356/,34.02998,131.01286,ok
softbank,中国,山口県,ソフトバンク イオンタウン小郡,山口県山口市小郡前田町２‐１１,https://www.softbank.jp/shop/search/detail/N362/,34.08639,131.39803,ok
softbank,中国,山口県,ソフトバンク イオンタウン防府,山口県防府市鐘紡町７番１号,https://www.softbank.jp/shop/search/detail/N334/,34.048367,131.59044,ok
softbank,中国,山口県,ソフトバンク イオン光,山口県光市大字浅江木園１７５６‐１,https://www.softbank.jp/shop/search/detail/N343/,33.979218,131.9278,ok
softbank,中国,山口県,ソフトバンク イオン防府,山口県防府市中央町１‐３　イオン防府店３Ｆ,https://www.softbank.jp/shop/search/detail/N355/,34.052227,131.56923,ok
softbank,中国,山口県,ソフトバンク サンパークあじす,山口県山口市阿知須４８２５‐１,https://www.softbank.jp/shop/search/detail/N354/,34.009594,131.35191,ok
softbank,中国,山口県,ソフトバンク シーモール下関,山口県下関市竹崎町４丁目４‐８,https://www.softbank.jp/shop/search/detail/N315/,33.948414,130.92319,ok
softbank,中国,山口県,ソフトバンク フジグラン宇部,山口県宇部市明神町３丁目１‐１フジグラン宇部１階,https://www.softbank.jp/shop/search/detail/N305/,33.930584,131.25616,ok
softbank,中国,山口県,ソフトバンク 下関山の田,山口県下関市山の田本町６‐２,https://www.softbank.jp/shop/search/detail/N324/,33.989548,130.92892,ok
softbank,中国,山口県,ソフトバンク 山口大学前,山口県山口市平井７８７番１号,https://www.softbank.jp/shop/search/detail/NA02/,34.150608,131.46559,ok
softbank,中国,山口県,ソフトバンク 岩国室の木,山口県岩国市室の木町１丁目８‐４４,https://www.softbank.jp/shop/search/detail/N331/,34.170593,132.20769,ok
softbank,中国,山口県,ソフトバンク 徳山東,山口県周南市大字久米３２０２‐１,https://www.softbank.jp/shop/search/detail/N340/,34.03293,131.83626,ok
softbank,中国,山口県,ソフトバンク 新南陽,山口県周南市政所３丁目５‐２７,https://www.softbank.jp/shop/search/detail/N352/,34.071526,131.77306,ok
softbank,中国,山口県,ソフトバンク 星プラザ下松,山口県下松市中央町２１‐３　星プラザ２階,https://www.softbank.jp/shop/search/detail/N341/,34.01845,131.86314,ok
softbank,中国,山口県,ソフトバンク 柳井中央,山口県柳井市古開作６８５‐５,https://www.softbank.jp/shop/search/detail/N348/,33.966316,132.10074,ok
softbank,中国,山口県,ソフトバンク 萩,山口県萩市大字土原１９,https://www.softbank.jp/shop/search/detail/NA11/,34.405884,131.40703,ok
softbank,中国,山口県,ソフトバンク 防府中央,山口県防府市鋳物師町８‐３０,https://www.softbank.jp/shop/search/detail/N328/,34.05147,131.57503,ok
softbank,四国,徳島県,ソフトバンク ゆめタウン徳島,徳島県板野郡藍住町奥野字東中須８８‐１　ゆめタウン徳島１階,https://www.softbank.jp/shop/search/detail/S135/,34.11862,134.50154,ok
softbank,四国,徳島県,ソフトバンク イオンモール徳島,徳島県徳島市南末広町４番１号　イオンモール徳島４Ｆ,https://www.softbank.jp/shop/search/detail/S101/,34.062817,134.57405,ok
softbank,四国,徳島県,ソフトバンク フジグラン北島,徳島県板野郡北島町鯛浜字西ノ須１７４　フジグラン北島２Ｆ,https://www.softbank.jp/shop/search/detail/S119/,34.112053,134.54688,ok
softbank,四国,徳島県,ソフトバンク フジグラン石井,徳島県名西郡石井町高川原字天神５４４‐１,https://www.softbank.jp/shop/search/detail/S130/,34.0834,134.44131,ok
softbank,四国,徳島県,ソフトバンク 三加茂,徳島県三好郡東みよし町加茂１７３６番１‐２,https://www.softbank.jp/shop/search/detail/SA10/,34.039024,133.9318,ok
softbank,四国,徳島県,ソフトバンク 吉野川,徳島県吉野川市鴨島町上下島１２５‐３,https://www.softbank.jp/shop/search/detail/S134/,34.068413,134.35364,ok
softbank,四国,徳島県,ソフトバンク 小松島ルピア,徳島県小松島市小松島町字領田２０番地,https://www.softbank.jp/shop/search/detail/SA03/,34.00545,134.57253,ok
softbank,四国,徳島県,ソフトバンク 島田タクト,徳島県徳島市南島田町３丁目５５　ショッピングプラザタクトＢ館,https://www.softbank.jp/shop/search/detail/SA16/,34.080116,134.50793,ok
softbank,四国,徳島県,ソフトバンク 徳島中央,徳島県徳島市北田宮１丁目２３６‐２,https://www.softbank.jp/shop/search/detail/SA13/,34.086918,134.54695,ok
softbank,四国,徳島県,ソフトバンク 新浜,徳島県徳島市八万町大野１５８番地１,https://www.softbank.jp/shop/search/detail/S123/,34.042397,134.55254,ok
softbank,四国,徳島県,ソフトバンク 沖浜,徳島県徳島市南昭和町１丁目２４,https://www.softbank.jp/shop/search/detail/S120/,34.058743,134.55467,ok
softbank,四国,徳島県,ソフトバンク 脇町,徳島県美馬市脇町字拝原１５８３‐１,https://www.softbank.jp/shop/search/detail/S105/,34.06377,134.16434,ok
softbank,四国,徳島県,ソフトバンク 藍住,徳島県板野郡藍住町笠木字中野１６７‐１,https://www.softbank.jp/shop/search/detail/S108/,34.13422,134.50632,ok
softbank,四国,徳島県,ソフトバンク 阿南中央,徳島県阿南市富岡町滝の下２４‐１,https://www.softbank.jp/shop/search/detail/S110/,33.91698,134.66261,ok
softbank,四国,徳島県,ソフトバンク 鳴門,徳島県鳴門市撫養町斎田字東発１９‐４,https://www.softbank.jp/shop/search/detail/S117/,34.170483,134.60464,ok
softbank,四国,香川県,ソフトバンク さぬき三木,香川県木田郡三木町大字氷上９５５‐６,https://www.softbank.jp/shop/search/detail/S217/,34.263535,134.13435,ok
softbank,四国,香川県,ソフトバンク ゆめタウン三豊,香川県三豊市豊中町本山甲２２,https://www.softbank.jp/shop/search/detail/S248/,34.14511,133.7002,ok
softbank,四国,香川県,ソフトバンク ゆめタウン丸亀,香川県丸亀市新田町１５０　ゆめタウン丸亀１Ｆ,https://www.softbank.jp/shop/search/detail/S249/,34.27366,133.7854,ok
softbank,四国,香川県,ソフトバンク ゆめタウン高松,香川県高松市三条町字中所６０８ー１　ゆめタウン高松本館１階,https://www.softbank.jp/shop/search/detail/S224/,34.316605,134.04156,ok
softbank,四国,香川県,ソフトバンク イオンモール高松,香川県高松市香西本町１‐１,https://www.softbank.jp/shop/search/detail/SA00/,34.352592,134.00537,ok
softbank,四国,香川県,ソフトバンク 丸亀,香川県丸亀市中府町１丁目５‐１　ハローズ丸亀中府１階,https://www.softbank.jp/shop/search/detail/S221/,34.27683,133.79665,ok
softbank,四国,香川県,ソフトバンク 丸亀中央,香川県丸亀市郡家町字八幡下２５４０,https://www.softbank.jp/shop/search/detail/S205/,34.25769,133.81317,ok
softbank,四国,香川県,ソフトバンク 丸亀土器,香川県丸亀市土器町東７丁目４２４,https://www.softbank.jp/shop/search/detail/S239/,34.295074,133.8124,ok
softbank,四国,香川県,ソフトバンク 丸亀町商店街,香川県高松市丸亀町１２‐１１,https://www.softbank.jp/shop/search/detail/S228/,34.344025,134.05028,ok
softbank,四国,香川県,ソフトバンク 十川,香川県高松市十川西町３９５‐５,https://www.softbank.jp/shop/search/detail/S215/,34.278233,134.10243,ok
softbank,四国,香川県,ソフトバンク 善通寺,香川県善通寺市上吉田町３６６番地３,https://www.softbank.jp/shop/search/detail/SA09/,34.236336,133.78679,ok
softbank,四国,香川県,ソフトバンク 坂出,香川県坂出市中央町３丁目４号,https://www.softbank.jp/shop/search/detail/SA15/,34.318287,133.85019,ok
softbank,四国,香川県,ソフトバンク 宇多津,香川県綾歌郡宇多津町浜四番丁４６番２５,https://www.softbank.jp/shop/search/detail/S204/,34.30957,133.81503,ok
softbank,四国,香川県,ソフトバンク 小豆島,香川県小豆郡土庄町淵崎甲２１２８‐５,https://www.softbank.jp/shop/search/detail/S225/,34.486942,134.19244,ok
softbank,四国,香川県,ソフトバンク 屋島,香川県高松市屋島西町１８９９‐１,https://www.softbank.jp/shop/search/detail/S200/,34.339016,134.10023,ok
softbank,四国,香川県,ソフトバンク 観音寺,香川県観音寺市植田町１０５１‐３,https://www.softbank.jp/shop/search/detail/S201/,34.120758,133.67957,ok
softbank,四国,香川県,ソフトバンク 香川国分寺,香川県高松市国分寺町国分字野間９５番８,https://www.softbank.jp/shop/search/detail/SA08/,34.2973,133.95746,ok
softbank,四国,香川県,ソフトバンク 高松レインボーロード,香川県高松市多肥下町１５４１‐１８,https://www.softbank.jp/shop/search/detail/S226/,34.302486,134.05902,ok
softbank,四国,香川県,ソフトバンク 高松一宮,香川県高松市一宮町７６６‐２,https://www.softbank.jp/shop/search/detail/S233/,34.288097,134.02718,ok
softbank,四国,香川県,ソフトバンク 高松中央,香川県高松市今里町１丁目３０‐１８,https://www.softbank.jp/shop/search/detail/S245/,34.324154,134.0566,ok
softbank,四国,香川県,ソフトバンク ＹＡＭＡＤＡ綾川,香川県綾歌郡綾川町萱原８２２‐１,https://www.softbank.jp/shop/search/detail/S247/,34.250744,133.93109,ok
softbank,四国,愛媛県,ソフトバンク イオンスタイル松山,愛媛県松山市天山１丁目１３‐５イオン松山１Ｆ,https://www.softbank.jp/shop/search/detail/S303/,33.823555,132.77625,ok
softbank,四国,愛媛県,ソフトバンク イオンモール今治新都市,愛媛県今治市にぎわい広場１番地１　イオンモール今治新都市２Ｆ,https://www.softbank.jp/shop/search/detail/SA11/,34.044342,132.96219,ok
softbank,四国,愛媛県,ソフトバンク イオンモール新居浜,愛媛県新居浜市前田町８‐８　イオンモール新居浜２Ｆ,https://www.softbank.jp/shop/search/detail/S311/,33.954514,133.26814,ok
softbank,四国,愛媛県,ソフトバンク エミフルＭＡＳＡＫＩ,愛媛県伊予郡松前町大字筒井８５０,https://www.softbank.jp/shop/search/detail/S3A3/,33.789917,132.71606,ok
softbank,四国,愛媛県,ソフトバンク パルティフジ衣山,愛媛県松山市衣山１丁目１８８番地　パルティ・フジ衣山１階,https://www.softbank.jp/shop/search/detail/S329/,33.852585,132.74648,ok
softbank,四国,愛媛県,ソフトバンク パルティ・フジ西条玉津,愛媛県西条市玉津５６４‐１,https://www.softbank.jp/shop/search/detail/SA24/,33.930653,133.20119,ok
softbank,四国,愛媛県,ソフトバンク フジグラン北宇和島,愛媛県宇和島市伊吹町甲９１２‐２　フジグラン北宇和島店内１Ｆ,https://www.softbank.jp/shop/search/detail/S3A5/,33.235844,132.5699,ok
softbank,四国,愛媛県,ソフトバンク フジグラン重信,愛媛県東温市野田３丁目１‐１３　フジグラン重信店,https://www.softbank.jp/shop/search/detail/S322/,33.79572,132.83263,ok
softbank,四国,愛媛県,ソフトバンク フジ夏目,愛媛県松山市夏目甲７９　フジ夏目１階,https://www.softbank.jp/shop/search/detail/S327/,33.945576,132.774,ok
softbank,四国,愛媛県,ソフトバンク 三津浜,愛媛県松山市古三津２丁目８‐５,https://www.softbank.jp/shop/search/detail/S3A4/,33.857887,132.72704,ok
softbank,四国,愛媛県,ソフトバンク 今治東,愛媛県今治市拝志甲７４０‐１,https://www.softbank.jp/shop/search/detail/S3A2/,34.041035,133.02756,ok
softbank,四国,愛媛県,ソフトバンク 今治西,愛媛県今治市中寺９６２‐１,https://www.softbank.jp/shop/search/detail/S324/,34.042862,132.98917,ok
softbank,四国,愛媛県,ソフトバンク 八幡浜,愛媛県八幡浜市東矢野町８２５番地１,https://www.softbank.jp/shop/search/detail/SA18/,33.45889,132.43324,ok
softbank,四国,愛媛県,ソフトバンク 四国中央,愛媛県四国中央市下柏町１８‐２,https://www.softbank.jp/shop/search/detail/S312/,33.983486,133.5578,ok
softbank,四国,愛媛県,ソフトバンク 大街道中央,愛媛県松山市大街道１丁目６番地５,https://www.softbank.jp/shop/search/detail/S331/,33.83794,132.77017,ok
softbank,四国,愛媛県,ソフトバンク 新居浜東,愛媛県新居浜市桜木町２‐５３,https://www.softbank.jp/shop/search/detail/S3A1/,33.96595,133.30002,ok
softbank,四国,愛媛県,ソフトバンク 新居浜西,愛媛県新居浜市久保田町２丁目３‐９　ニイハ新居浜,https://www.softbank.jp/shop/search/detail/S317/,33.955315,133.27751,ok
softbank,四国,愛媛県,ソフトバンク 束本,愛媛県松山市束本１丁目６‐３０,https://www.softbank.jp/shop/search/detail/S300/,33.833595,132.7876,ok
softbank,四国,愛媛県,ソフトバンク 東予,愛媛県西条市三津屋南６‐５２,https://www.softbank.jp/shop/search/detail/S316/,33.932022,133.09218,ok
softbank,四国,愛媛県,ソフトバンク 東大洲,愛媛県大洲市東大洲１５７８‐１,https://www.softbank.jp/shop/search/detail/S319/,33.531296,132.57236,ok
softbank,四国,愛媛県,ソフトバンク 松山インター,愛媛県松山市北井門１丁目９‐１,https://www.softbank.jp/shop/search/detail/S309/,33.80597,132.78114,ok
softbank,四国,愛媛県,ソフトバンク 松山平田,愛媛県松山市平田町３０番地４,https://www.softbank.jp/shop/search/detail/S315/,33.882774,132.75159,ok
softbank,四国,愛媛県,ソフトバンク 松山空港通,愛媛県松山市高岡町８７‐１,https://www.softbank.jp/shop/search/detail/S325/,33.82866,132.72527,ok
softbank,四国,愛媛県,ソフトバンク 西予,愛媛県西予市宇和町卯之町４丁目５９７番,https://www.softbank.jp/shop/search/detail/SA21/,33.360973,132.5151,ok
softbank,四国,高知県,ソフトバンク やえもん公園,高知県高知市高そね１３番２０号,https://www.softbank.jp/shop/search/detail/S418/,33.572746,133.55759,ok
softbank,四国,高知県,ソフトバンク イオンモール高知,高知県高知市秦南町１丁目４‐８　イオンモール東館専門店街２Ｆ,https://www.softbank.jp/shop/search/detail/S404/,33.57652,133.5422,ok
softbank,四国,高知県,ソフトバンク パワーセンター高知,高知県高知市介良乙３１７‐１,https://www.softbank.jp/shop/search/detail/S416/,33.565144,133.6108,ok
softbank,四国,高知県,ソフトバンク フジグラン四万十,高知県四万十市具同２２２２番地フジグラン四万十２Ｆ,https://www.softbank.jp/shop/search/detail/S401/,32.981033,132.92055,ok
softbank,四国,高知県,ソフトバンク フジ宿毛,高知県宿毛市宿毛５３８０番地１,https://www.softbank.jp/shop/search/detail/SA14/,32.929245,132.70938,ok
softbank,四国,高知県,ソフトバンク 土佐道路,高知県高知市朝倉南町９‐１８,https://www.softbank.jp/shop/search/detail/S406/,33.542248,133.49553,ok
softbank,四国,高知県,ソフトバンク 帯屋町,高知県高知市帯屋町２丁目２番９号　帯屋町ＣＥＮＴＲＯ１階,https://www.softbank.jp/shop/search/detail/S413/,33.560337,133.53702,ok
softbank,四国,高知県,ソフトバンク 香南５５号,高知県香南市野市町下井６１６‐５,https://www.softbank.jp/shop/search/detail/S424/,33.55864,133.68636,ok
softbank,四国,高知県,ソフトバンク 高知潮江,高知県高知市潮新町２丁目３‐１７,https://www.softbank.jp/shop/search/detail/SA20/,33.54936,133.55092,ok
softbank,四国,高知県,ソフトバンク 高須,高知県高知市高須新町１丁目１‐１,https://www.softbank.jp/shop/search/detail/S422/,33.556797,133.57559,ok
softbank,九州,福岡県,ソフトバンク くりえいと宗像,福岡県宗像市くりえいと１丁目３‐１,https://www.softbank.jp/shop/search/detail/Q141/,33.81022,130.56445,ok
softbank,九州,福岡県,ソフトバンク みやま,福岡県みやま市瀬高町下庄７４９‐１,https://www.softbank.jp/shop/search/detail/QA14/,33.15042,130.47142,ok
softbank,九州,福岡県,ソフトバンク ゆめタウン久留米,福岡県久留米市新合川１丁目２‐１　ゆめタウン久留米本棟１階,https://www.softbank.jp/shop/search/detail/Q1N0/,33.32178,130.53848,ok
softbank,九州,福岡県,ソフトバンク ゆめタウン博多,福岡県福岡市東区東浜１丁目１‐１,https://www.softbank.jp/shop/search/detail/Q1E3/,33.61218,130.412,ok
softbank,九州,福岡県,ソフトバンク ゆめタウン大牟田,福岡県大牟田市旭町２丁目２８,https://www.softbank.jp/shop/search/detail/Q109/,33.036476,130.45366,ok
softbank,九州,福岡県,ソフトバンク ゆめタウン筑紫野,福岡県筑紫野市針摺東３丁目３‐１,https://www.softbank.jp/shop/search/detail/Q190/,33.48436,130.53836,ok
softbank,九州,福岡県,ソフトバンク ゆめタウン飯塚,福岡県飯塚市菰田３丁目６番１号　ゆめタウン飯塚２階,https://www.softbank.jp/shop/search/detail/Q185/,33.632027,130.68521,ok
softbank,九州,福岡県,ソフトバンク ゆめモール那珂川,福岡県那珂川市道善５丁目６８番７号　ゆめモール那珂川,https://www.softbank.jp/shop/search/detail/Q1I2/,33.51297,130.42139,ok
softbank,九州,福岡県,ソフトバンク ららぽーと福岡,福岡県福岡市博多区那珂６丁目２３‐１　ららぽーと福岡３階,https://www.softbank.jp/shop/search/detail/QA58/,33.564735,130.43997,ok
softbank,九州,福岡県,ソフトバンク アクロスモール春日,福岡県春日市春日５丁目１７　アクロスモール春日１Ｆ,https://www.softbank.jp/shop/search/detail/Q191/,33.51824,130.4713,ok
softbank,九州,福岡県,ソフトバンク イオンタウン黒崎,福岡県北九州市八幡西区西曲里町３‐１,https://www.softbank.jp/shop/search/detail/Q1D4/,33.85948,130.7606,ok
softbank,九州,福岡県,ソフトバンク イオンマリナタウン,福岡県福岡市西区豊浜３丁目１‐１０‐２階,https://www.softbank.jp/shop/search/detail/Q1L7/,33.588276,130.33554,ok
softbank,九州,福岡県,ソフトバンク イオンモール八幡東,福岡県北九州市八幡東区東田３丁目２‐１０２イオンモール八幡東３Ｆ,https://www.softbank.jp/shop/search/detail/Q1L4/,33.870453,130.81125,ok
softbank,九州,福岡県,ソフトバンク イオンモール大牟田,福岡県大牟田市岬町３‐４,https://www.softbank.jp/shop/search/detail/Q866/,33.03054,130.42719,ok
softbank,九州,福岡県,ソフトバンク イオンモール直方,福岡県直方市湯野原２丁目１番１号　イオンモール直方１階,https://www.softbank.jp/shop/search/detail/Q1H2/,33.769062,130.74942,ok
softbank,九州,福岡県,ソフトバンク イオンモール福岡,福岡県糟屋郡粕屋町大字酒殿字老ノ木１９２‐１　イオンモール福岡１階０５９‐Ａ,https://www.softbank.jp/shop/search/detail/Q1K6/,33.596462,130.48015,ok
softbank,九州,福岡県,ソフトバンク イオンモール福津,福岡県福津市日蒔野６丁目１６‐１　イオンモール福津３Ｆ,https://www.softbank.jp/shop/search/detail/Q871/,33.75379,130.4944,ok
softbank,九州,福岡県,ソフトバンク イオンモール筑紫野,福岡県筑紫野市大字立明寺４３４‐１,https://www.softbank.jp/shop/search/detail/Q1M8/,33.48166,130.52733,ok
softbank,九州,福岡県,ソフトバンク イオンモール香椎浜,福岡県福岡市東区香椎浜３丁目１２‐１　イオンモール香椎浜２階,https://www.softbank.jp/shop/search/detail/QA24/,33.657158,130.43013,ok
softbank,九州,福岡県,ソフトバンク イオン若松,福岡県北九州市若松区二島１丁目３‐１,https://www.softbank.jp/shop/search/detail/QA23/,33.891994,130.74313,ok
softbank,九州,福岡県,ソフトバンク ウエストコート姪浜,福岡県福岡市西区内浜１丁目７番３号ウエストコート姪浜レジャービル１Ｆ‐Ｍ,https://www.softbank.jp/shop/search/detail/QA37/,33.58108,130.32243,ok
softbank,九州,福岡県,ソフトバンク コマーシャルモール博多,福岡県福岡市博多区東光寺町２丁目６‐４０　コマーシャルモール博多１Ｆ,https://www.softbank.jp/shop/search/detail/Q1C8/,33.576923,130.43587,ok
softbank,九州,福岡県,ソフトバンク サニーサイドモール小倉,福岡県北九州市小倉南区下曽根新町１０‐１,https://www.softbank.jp/shop/search/detail/QA53/,33.832012,130.93349,ok
softbank,九州,福岡県,ソフトバンク サンリブシティ小倉,福岡県北九州市小倉南区上葛原２丁目１４‐１　サンリブシティ小倉内,https://www.softbank.jp/shop/search/detail/Q1L9/,33.83885,130.90854,ok
softbank,九州,福岡県,ソフトバンク ショップサテライトイオン穂波ショッピングセンター,福岡県飯塚市枝国長浦６６６‐４８,https://www.softbank.jp/shop/search/detail/QA66/,33.63724,130.67432,ok
softbank,九州,福岡県,ソフトバンク チャチャタウン小倉,福岡県北九州市小倉北区砂津３丁目１‐１　チャチャタウン小倉内１２６‐Ｂ,https://www.softbank.jp/shop/search/detail/Q180/,33.882973,130.88853,ok
softbank,九州,福岡県,ソフトバンク トリアスモール,福岡県糟屋郡久山町大字山田１１６９‐１　トリアスＨ棟,https://www.softbank.jp/shop/search/detail/QA21/,33.65276,130.49005,ok
softbank,九州,福岡県,ソフトバンク フォレオ博多,福岡県福岡市博多区東那珂１丁目１４‐４６,https://www.softbank.jp/shop/search/detail/Q1K5/,33.574123,130.43939,ok
softbank,九州,福岡県,ソフトバンク ホークスモバイルステーション,福岡県福岡市中央区地行浜２丁目２‐２,https://www.softbank.jp/shop/search/detail/Q1G1/,33.595356,130.3621,ok
softbank,九州,福岡県,ソフトバンク マルショク新守恒,福岡県北九州市小倉南区守恒２丁目８‐６,https://www.softbank.jp/shop/search/detail/Q103/,33.834953,130.87526,ok
softbank,九州,福岡県,ソフトバンク マークイズ福岡ももち,福岡県福岡市中央区地行浜２丁目２‐１　マークイズ福岡ももち３階,https://www.softbank.jp/shop/search/detail/QA31/,33.593166,130.36407,ok
softbank,九州,福岡県,ソフトバンク ミスターマックス糸島,福岡県糸島市高田４丁目１３８‐１,https://www.softbank.jp/shop/search/detail/Q1G3/,33.571598,130.23769,ok
softbank,九州,福岡県,ソフトバンク メルクス田川,福岡県田川市大字川宮１６９９‐２８,https://www.softbank.jp/shop/search/detail/Q1C9/,33.650543,130.80003,ok
softbank,九州,福岡県,ソフトバンク ヨドバシカメラ博多,福岡県福岡市博多区博多駅中央街６‐１２,https://www.softbank.jp/shop/search/detail/Q174/,33.58818,130.42169,ok
softbank,九州,福岡県,ソフトバンク リバーウォーク北九州,福岡県北九州市小倉北区室町１丁目１‐１,https://www.softbank.jp/shop/search/detail/Q1J8/,33.885143,130.87633,ok
softbank,九州,福岡県,ソフトバンク 七隈,福岡県福岡市城南区神松寺２丁目２１‐１２,https://www.softbank.jp/shop/search/detail/Q1F1/,33.55245,130.37352,ok
softbank,九州,福岡県,ソフトバンク 上津バイパス,福岡県久留米市本山１丁目１０‐１０　フェスティバルガーデン上津１Ｆ,https://www.softbank.jp/shop/search/detail/Q1A1/,33.28608,130.51833,ok
softbank,九州,福岡県,ソフトバンク 中井,福岡県北九州市小倉北区中井５丁目１５‐１０,https://www.softbank.jp/shop/search/detail/Q1E2/,33.886578,130.84485,ok
softbank,九州,福岡県,ソフトバンク 中間,福岡県中間市中央５丁目１‐１０,https://www.softbank.jp/shop/search/detail/Q114/,33.822567,130.71939,ok
softbank,九州,福岡県,ソフトバンク 久留米山川,福岡県久留米市山川追分２丁目４‐２３,https://www.softbank.jp/shop/search/detail/Q1I7/,33.314625,130.57068,ok
softbank,九州,福岡県,ソフトバンク 久留米新合川,福岡県久留米市東合川２丁目３‐１２,https://www.softbank.jp/shop/search/detail/Q1J4/,33.32082,130.5493,ok
softbank,九州,福岡県,ソフトバンク 久留米本町,福岡県久留米市本町４‐１,https://www.softbank.jp/shop/search/detail/Q1C5/,33.31495,130.50882,ok
softbank,九州,福岡県,ソフトバンク 久留米花畑,福岡県久留米市花畑２丁目１６‐１８,https://www.softbank.jp/shop/search/detail/Q1K2/,33.30649,130.5173,ok
softbank,九州,福岡県,ソフトバンク 九大学研都市,福岡県福岡市西区西都１丁目１５‐９,https://www.softbank.jp/shop/search/detail/Q1A4/,33.581333,130.26074,ok
softbank,九州,福岡県,ソフトバンク 二日市,福岡県筑紫野市二日市南２丁目１１７２番８号,https://www.softbank.jp/shop/search/detail/Q1D9/,33.491936,130.52293,ok
softbank,九州,福岡県,ソフトバンク 八女,福岡県八女市大島５２‐１,https://www.softbank.jp/shop/search/detail/Q1H5/,33.217735,130.55789,ok
softbank,九州,福岡県,ソフトバンク 八幡三ヶ森,福岡県北九州市八幡西区里中１丁目７‐８,https://www.softbank.jp/shop/search/detail/Q1J2/,33.837288,130.73582,ok
softbank,九州,福岡県,ソフトバンク 六本松,福岡県福岡市中央区六本松４丁目８番６号,https://www.softbank.jp/shop/search/detail/Q149/,33.575825,130.37677,ok
softbank,九州,福岡県,ソフトバンク 前原,福岡県糸島市前原東２丁目１２ー７,https://www.softbank.jp/shop/search/detail/Q173/,33.560604,130.20563,ok
softbank,九州,福岡県,ソフトバンク 博多マルイ,福岡県福岡市博多区博多駅中央街９ー１　６Ｆ,https://www.softbank.jp/shop/search/detail/Q1A5/,33.588978,130.4196,ok
softbank,九州,福岡県,ソフトバンク 原中学校前,福岡県福岡市早良区原６丁目９番１３号,https://www.softbank.jp/shop/search/detail/Q101/,33.563282,130.34616,ok
softbank,九州,福岡県,ソフトバンク 原弥生,福岡県福岡市早良区原１丁目２９‐３１,https://www.softbank.jp/shop/search/detail/Q1G6/,33.574173,130.34676,ok
softbank,九州,福岡県,ソフトバンク 原田駅前,福岡県筑紫野市原田６丁目１０‐８,https://www.softbank.jp/shop/search/detail/Q1G5/,33.45096,130.54027,ok
softbank,九州,福岡県,ソフトバンク 古賀花見,福岡県古賀市花見東７丁目１‐１,https://www.softbank.jp/shop/search/detail/Q1G2/,33.750065,130.47241,ok
softbank,九州,福岡県,ソフトバンク 和白,福岡県福岡市東区和白丘１丁目２‐８,https://www.softbank.jp/shop/search/detail/Q113/,33.6924,130.43417,ok
softbank,九州,福岡県,ソフトバンク 唐原,福岡県福岡市東区唐原３丁目２‐３１,https://www.softbank.jp/shop/search/detail/Q1I3/,33.677696,130.43787,ok
softbank,九州,福岡県,ソフトバンク 嘉麻,福岡県嘉麻市鴨生８６０‐１０,https://www.softbank.jp/shop/search/detail/Q1M1/,33.61329,130.72424,ok
softbank,九州,福岡県,ソフトバンク 大川,福岡県大川市大字郷原５１５‐１,https://www.softbank.jp/shop/search/detail/Q108/,33.204395,130.38646,ok
softbank,九州,福岡県,ソフトバンク 大橋,福岡県福岡市南区大橋１丁目１５‐６　１Ｆ,https://www.softbank.jp/shop/search/detail/QA35/,33.55837,130.42581,ok
softbank,九州,福岡県,ソフトバンク 大牟田,福岡県大牟田市日出町３丁目５‐３,https://www.softbank.jp/shop/search/detail/Q107/,33.041542,130.45552,ok
softbank,九州,福岡県,ソフトバンク 大野城,福岡県大野城市瓦田４丁目３‐３５,https://www.softbank.jp/shop/search/detail/Q1A6/,33.53463,130.48195,ok
softbank,九州,福岡県,ソフトバンク 大野城南ヶ丘,福岡県大野城市旭ケ丘２丁目１番１号,https://www.softbank.jp/shop/search/detail/Q128/,33.509964,130.48143,ok
softbank,九州,福岡県,ソフトバンク 太宰府向佐野,福岡県太宰府市向佐野１丁目１０‐１４,https://www.softbank.jp/shop/search/detail/Q1K1/,33.508694,130.49524,ok
softbank,九州,福岡県,ソフトバンク 宗像光岡,福岡県宗像市光岡１‐１,https://www.softbank.jp/shop/search/detail/Q1H8/,33.78895,130.56383,ok
softbank,九州,福岡県,ソフトバンク 宮若,福岡県宮若市本城７３４　（いきいき本城内）,https://www.softbank.jp/shop/search/detail/Q152/,33.727806,130.67169,ok
softbank,九州,福岡県,ソフトバンク 小倉沼,福岡県北九州市小倉南区沼本町１丁目１４‐６,https://www.softbank.jp/shop/search/detail/Q1K9/,33.847855,130.94218,ok
softbank,九州,福岡県,ソフトバンク 小倉片野,福岡県北九州市小倉北区黄金２丁目９番３号,https://www.softbank.jp/shop/search/detail/QA05/,33.868954,130.87971,ok
softbank,九州,福岡県,ソフトバンク 小嶺台,福岡県北九州市八幡西区小嶺台１丁目１‐４１,https://www.softbank.jp/shop/search/detail/QA51/,33.81402,130.75041,ok
softbank,九州,福岡県,ソフトバンク 小郡,福岡県小郡市小郡６２９‐２８,https://www.softbank.jp/shop/search/detail/Q177/,33.40454,130.55356,ok
softbank,九州,福岡県,ソフトバンク 岡垣,福岡県遠賀郡岡垣町海老津駅前８‐６,https://www.softbank.jp/shop/search/detail/Q860/,33.84195,130.62163,ok
softbank,九州,福岡県,ソフトバンク 平尾駅前,福岡県福岡市南区高宮１丁目１‐１０　スカイマンション平尾１Ｆ,https://www.softbank.jp/shop/search/detail/Q1C7/,33.572773,130.40678,ok
softbank,九州,福岡県,ソフトバンク 志免,福岡県糟屋郡志免町田富１丁目５番１号,https://www.softbank.jp/shop/search/detail/Q123/,33.57938,130.49423,ok
softbank,九州,福岡県,ソフトバンク 新宮中央,福岡県糟屋郡新宮町中央駅前１丁目５番２号　ライフガーデン新宮内,https://www.softbank.jp/shop/search/detail/Q1D7/,33.71178,130.45164,ok
softbank,九州,福岡県,ソフトバンク 春日いけいけ通り,福岡県春日市惣利２丁目３１,https://www.softbank.jp/shop/search/detail/QA44/,33.510036,130.46826,ok
softbank,九州,福岡県,ソフトバンク 春日フォレストシティ,福岡県春日市星見ヶ丘３丁目２番１,https://www.softbank.jp/shop/search/detail/Q880/,33.504803,130.45522,ok
softbank,九州,福岡県,ソフトバンク 木の葉モール橋本,福岡県福岡市西区橋本２丁目２７‐２　木の葉モール橋本,https://www.softbank.jp/shop/search/detail/Q1H4/,33.55606,130.3217,ok
softbank,九州,福岡県,ソフトバンク 本城中央,福岡県北九州市八幡西区力丸町１５‐７,https://www.softbank.jp/shop/search/detail/QA08/,33.87876,130.72456,ok
softbank,九州,福岡県,ソフトバンク 松島,福岡県福岡市東区松島３丁目１‐３０,https://www.softbank.jp/shop/search/detail/QA30/,33.62488,130.43939,ok
softbank,九州,福岡県,ソフトバンク 柳川,福岡県柳川市三橋町江曲２６３‐１,https://www.softbank.jp/shop/search/detail/Q106/,33.158405,130.41116,ok
softbank,九州,福岡県,ソフトバンク 次郎丸,福岡県福岡市早良区次郎丸３丁目２‐３９,https://www.softbank.jp/shop/search/detail/Q125/,33.552734,130.3278,ok
softbank,九州,福岡県,ソフトバンク 津田,福岡県北九州市小倉南区津田１丁目９‐５,https://www.softbank.jp/shop/search/detail/Q1D8/,33.829052,130.92188,ok
softbank,九州,福岡県,ソフトバンク 湯川,福岡県北九州市小倉南区湯川１丁目１‐１３,https://www.softbank.jp/shop/search/detail/Q139/,33.848816,130.89746,ok
softbank,九州,福岡県,ソフトバンク 甘木,福岡県朝倉市甘木３３５‐１,https://www.softbank.jp/shop/search/detail/Q1E4/,33.411266,130.65643,ok
softbank,九州,福岡県,ソフトバンク 田主丸,福岡県久留米市田主丸町鷹取４５８‐３,https://www.softbank.jp/shop/search/detail/Q1G7/,33.345528,130.7263,ok
softbank,九州,福岡県,ソフトバンク 田川夏吉,福岡県田川市大字夏吉１９４‐４３,https://www.softbank.jp/shop/search/detail/Q1H3/,33.660572,130.82422,ok
softbank,九州,福岡県,ソフトバンク 田川川崎,福岡県田川郡川崎町大字池尻３５８‐１,https://www.softbank.jp/shop/search/detail/Q1F7/,33.61474,130.80347,ok
softbank,九州,福岡県,ソフトバンク 直方,福岡県直方市大字下新入５４８‐６,https://www.softbank.jp/shop/search/detail/Q117/,33.76263,130.71603,ok
softbank,九州,福岡県,ソフトバンク 福岡天神,福岡県福岡市中央区天神２丁目９‐２０３,https://www.softbank.jp/shop/search/detail/Q182/,33.590366,130.39836,ok
softbank,九州,福岡県,ソフトバンク 福岡天神西通り,福岡県福岡市中央区大名１丁目１‐４３,https://www.softbank.jp/shop/search/detail/Q1L5/,33.586803,130.39722,ok
softbank,九州,福岡県,ソフトバンク 筑前,福岡県朝倉郡筑前町依井３９１番地１,https://www.softbank.jp/shop/search/detail/Q1K0/,33.42907,130.64738,ok
softbank,九州,福岡県,ソフトバンク 筑後,福岡県筑後市大字長浜２３００‐２,https://www.softbank.jp/shop/search/detail/Q105/,33.208965,130.50896,ok
softbank,九州,福岡県,ソフトバンク 筑後北,福岡県筑後市大字熊野１４３９‐１,https://www.softbank.jp/shop/search/detail/Q1F8/,33.22601,130.50418,ok
softbank,九州,福岡県,ソフトバンク 粕屋仲原,福岡県糟屋郡粕屋町大字仲原２５４６,https://www.softbank.jp/shop/search/detail/Q1G8/,33.6105,130.4536,ok
softbank,九州,福岡県,ソフトバンク 舞松原,福岡県福岡市東区舞松原１丁目１０‐１０,https://www.softbank.jp/shop/search/detail/Q167/,33.639465,130.44972,ok
softbank,九州,福岡県,ソフトバンク 苅田バイパス,福岡県京都郡苅田町松原町９‐１６,https://www.softbank.jp/shop/search/detail/Q1K7/,33.800064,130.98114,ok
softbank,九州,福岡県,ソフトバンク 若松高須,福岡県北九州市若松区高須北３丁目１‐１０４,https://www.softbank.jp/shop/search/detail/Q163/,33.891003,130.68985,ok
softbank,九州,福岡県,ソフトバンク 茶山,福岡県福岡市城南区茶山１丁目１‐２,https://www.softbank.jp/shop/search/detail/Q1K3/,33.56647,130.36607,ok
softbank,九州,福岡県,ソフトバンク 葛原,福岡県北九州市小倉南区葛原本町１丁目８‐２５,https://www.softbank.jp/shop/search/detail/Q1L2/,33.84137,130.92139,ok
softbank,九州,福岡県,ソフトバンク 薬院,福岡県福岡市中央区薬院４丁目１‐３７　マルキンビル,https://www.softbank.jp/shop/search/detail/QA10/,33.580673,130.39728,ok
softbank,九州,福岡県,ソフトバンク 行橋,福岡県行橋市西宮市２丁目２０‐１８,https://www.softbank.jp/shop/search/detail/Q133/,33.727917,130.9677,ok
softbank,九州,福岡県,ソフトバンク 行橋中央,福岡県行橋市南大橋３丁目５‐５,https://www.softbank.jp/shop/search/detail/Q1E8/,33.723026,130.97934,ok
softbank,九州,福岡県,ソフトバンク 西新,福岡県福岡市早良区西新４丁目９‐３９,https://www.softbank.jp/shop/search/detail/Q175/,33.583244,130.359,ok
softbank,九州,福岡県,ソフトバンク 豊前,福岡県豊前市大字恒富２１０‐４,https://www.softbank.jp/shop/search/detail/Q1M3/,33.616436,131.14554,ok
softbank,九州,福岡県,ソフトバンク 遠賀,福岡県遠賀郡遠賀町松の本１丁目４番１４号,https://www.softbank.jp/shop/search/detail/Q151/,33.855328,130.66948,ok
softbank,九州,福岡県,ソフトバンク 那珂川,福岡県那珂川市片縄北４丁目１‐１５,https://www.softbank.jp/shop/search/detail/Q1C6/,33.526897,130.42465,ok
softbank,九州,福岡県,ソフトバンク 野芥,福岡県福岡市早良区重留２丁目１５‐２３,https://www.softbank.jp/shop/search/detail/Q1M0/,33.532875,130.34163,ok
softbank,九州,福岡県,ソフトバンク 野間,福岡県福岡市南区野間３丁目７‐９　レーベン野間１Ｆ,https://www.softbank.jp/shop/search/detail/Q129/,33.559822,130.41249,ok
softbank,九州,福岡県,ソフトバンク 門司,福岡県北九州市門司区中町３‐１３,https://www.softbank.jp/shop/search/detail/Q1D6/,33.901997,130.93163,ok
softbank,九州,福岡県,ソフトバンク 門司港,福岡県北九州市門司区東本町１丁目３‐９,https://www.softbank.jp/shop/search/detail/QA52/,33.94926,130.96736,ok
softbank,九州,福岡県,ソフトバンク 門松,福岡県糟屋郡粕屋町大字大隈字畑田１２４番３,https://www.softbank.jp/shop/search/detail/Q1K8/,33.619514,130.49759,ok
softbank,九州,福岡県,ソフトバンク 鞘ヶ谷,福岡県北九州市戸畑区東鞘ケ谷町２‐１　ショッピングセンター鞘ヶ谷内,https://www.softbank.jp/shop/search/detail/Q181/,33.87801,130.83453,ok
softbank,九州,福岡県,ソフトバンク 飯塚柏の森,福岡県飯塚市柏の森１５０‐４,https://www.softbank.jp/shop/search/detail/Q1I4/,33.6431,130.70348,ok
softbank,九州,福岡県,ソフトバンク ＡＯＫＩ福岡清水,福岡県福岡市南区玉川町１‐２７　ＡＯＫＩ福岡清水店１Ｆ,https://www.softbank.jp/shop/search/detail/Q140/,33.56859,130.41785,ok
softbank,九州,福岡県,ソフトバンク ＢＲＡＮＣＨ博多パピヨンガーデン,福岡県福岡市博多区千代１丁目２‐１　ＢＲＡＮＣＨ博多パピヨンガーデン,https://www.softbank.jp/shop/search/detail/Q189/,33.601936,130.42084,ok
softbank,九州,福岡県,ソフトバンク ＭＥＧＡドン・キホーテ福重,福岡県福岡市西区拾六町１丁目７‐１　ＭＥＧＡドン・キホーテ福重１Ｆ,https://www.softbank.jp/shop/search/detail/Q1J6/,33.56728,130.31482,ok
softbank,九州,福岡県,ソフトバンク ＹＡＭＡＤＡ福岡香椎店,福岡県福岡市東区千早５丁目４‐８,https://www.softbank.jp/shop/search/detail/Q865/,33.65343,130.4394,ok
softbank,九州,佐賀県,ソフトバンク ゆめタウン佐賀,佐賀県佐賀市兵庫北５丁目１４番１号　ゆめタウン佐賀２Ｆ,https://www.softbank.jp/shop/search/detail/QA43/,33.27556,130.3079,ok
softbank,九州,佐賀県,ソフトバンク イオンモール佐賀大和,佐賀県佐賀市大和町大字尼寺３５３５　イオンモール佐賀大和１Ｆ,https://www.softbank.jp/shop/search/detail/Q202/,33.304874,130.28017,ok
softbank,九州,佐賀県,ソフトバンク イオン唐津,佐賀県唐津市鏡字立神４６７１イオン唐津ショッピングセンター１階,https://www.softbank.jp/shop/search/detail/Q217/,33.43693,130.01244,ok
softbank,九州,佐賀県,ソフトバンク フレスポ鳥栖,佐賀県鳥栖市本鳥栖町５３７‐１　フレスポ鳥栖１Ｆ,https://www.softbank.jp/shop/search/detail/Q221/,33.375965,130.51726,ok
softbank,九州,佐賀県,ソフトバンク モラージュ佐賀,佐賀県佐賀市巨勢町大字牛島７３０　モラージュ佐賀北館２Ｆ,https://www.softbank.jp/shop/search/detail/Q877/,33.251293,130.31969,ok
softbank,九州,佐賀県,ソフトバンク 伊万里,佐賀県伊万里市二里町八谷搦１３０６,https://www.softbank.jp/shop/search/detail/Q209/,33.274693,129.86852,ok
softbank,九州,佐賀県,ソフトバンク 佐賀中央,佐賀県佐賀市多布施１丁目５‐４５,https://www.softbank.jp/shop/search/detail/Q208/,33.25558,130.29247,ok
softbank,九州,佐賀県,ソフトバンク 佐賀北部バイパス,佐賀県佐賀市卸本町５番２８号　ＵＴＺＬＥＲＴ１階,https://www.softbank.jp/shop/search/detail/Q211/,33.27325,130.27611,ok
softbank,九州,佐賀県,ソフトバンク 佐賀南,佐賀県佐賀市本庄町大字袋２９８‐７,https://www.softbank.jp/shop/search/detail/Q200/,33.23924,130.30031,ok
softbank,九州,佐賀県,ソフトバンク 吉野ヶ里,佐賀県神埼郡吉野ヶ里町吉田１９‐６,https://www.softbank.jp/shop/search/detail/Q205/,33.321682,130.39343,ok
softbank,九州,佐賀県,ソフトバンク 唐津,佐賀県唐津市和多田先石４番２‐６号,https://www.softbank.jp/shop/search/detail/Q213/,33.43675,129.98145,ok
softbank,九州,佐賀県,ソフトバンク 小城,佐賀県小城市芦刈町芦溝三本松１３０‐１,https://www.softbank.jp/shop/search/detail/Q223/,33.247158,130.21426,ok
softbank,九州,佐賀県,ソフトバンク 武雄,佐賀県武雄市武雄町大字昭和２９５,https://www.softbank.jp/shop/search/detail/Q206/,33.19429,130.02864,ok
softbank,九州,佐賀県,ソフトバンク 鳥栖,佐賀県鳥栖市轟木町字二本松１５９７‐４,https://www.softbank.jp/shop/search/detail/Q203/,33.366745,130.50447,ok
softbank,九州,佐賀県,ソフトバンク 鹿島,佐賀県鹿島市大字井手８１１,https://www.softbank.jp/shop/search/detail/Q207/,33.125164,130.10052,ok
softbank,九州,長崎県,ソフトバンク させぼ五番街,長崎県佐世保市新港町２番１号させぼ五番街,https://www.softbank.jp/shop/search/detail/Q330/,33.165657,129.72293,ok
softbank,九州,長崎県,ソフトバンク みらい長崎ココウォーク,長崎県長崎市茂里町１‐５５　みらい長崎ココウォーク３Ｆ,https://www.softbank.jp/shop/search/detail/Q305/,32.76252,129.86467,ok
softbank,九州,長崎県,ソフトバンク アクロスプラザ諫早,長崎県諫早市久山町１２７１‐２,https://www.softbank.jp/shop/search/detail/QA61/,32.828056,129.99739,ok
softbank,九州,長崎県,ソフトバンク イオンタウン長与,長崎県西彼杵郡長与町北陽台１丁目１‐１　イオンタウン長与　１階　２０９区画,https://www.softbank.jp/shop/search/detail/QA45/,32.82274,129.87257,ok
softbank,九州,長崎県,ソフトバンク フレスポ深堀,長崎県長崎市深堀町１丁目１４５‐２２,https://www.softbank.jp/shop/search/detail/QA48/,32.684284,129.83463,ok
softbank,九州,長崎県,ソフトバンク 北佐世保,長崎県佐世保市梅田町５‐２４　フレスコブリーザー１Ｆ,https://www.softbank.jp/shop/search/detail/Q303/,33.192665,129.71938,ok
softbank,九州,長崎県,ソフトバンク 壱岐,長崎県壱岐市郷ノ浦町東触６８９‐２,https://www.softbank.jp/shop/search/detail/Q331/,33.758274,129.7005,ok
softbank,九州,長崎県,ソフトバンク 大塔,長崎県佐世保市大塔町１６７９番地２,https://www.softbank.jp/shop/search/detail/QA15/,33.152206,129.7773,ok
softbank,九州,長崎県,ソフトバンク 大村,長崎県大村市水主町２丁目７４６‐１,https://www.softbank.jp/shop/search/detail/Q308/,32.907158,129.95668,ok
softbank,九州,長崎県,ソフトバンク 島原,長崎県島原市新馬場町８０４‐２,https://www.softbank.jp/shop/search/detail/Q318/,32.795765,130.368,ok
softbank,九州,長崎県,ソフトバンク 新上五島,長崎県南松浦郡新上五島町浦桑郷１３９６‐１,https://www.softbank.jp/shop/search/detail/QA40/,32.984795,129.08635,ok
softbank,九州,長崎県,ソフトバンク 早岐,長崎県佐世保市広田３丁目２３１,https://www.softbank.jp/shop/search/detail/Q304/,33.12194,129.80003,ok
softbank,九州,長崎県,ソフトバンク 時津,長崎県西彼杵郡時津町元村郷８１４番１,https://www.softbank.jp/shop/search/detail/Q315/,32.82269,129.84856,ok
softbank,九州,長崎県,ソフトバンク 東長崎,長崎県長崎市田中町１０２７‐４５,https://www.softbank.jp/shop/search/detail/Q313/,32.767536,129.95247,ok
softbank,九州,長崎県,ソフトバンク 諫早バイパス,長崎県諫早市小川町４４番１号,https://www.softbank.jp/shop/search/detail/Q306/,32.832634,130.05865,ok
softbank,九州,長崎県,ソフトバンク 長崎スタジアムシティ,長崎県長崎市幸町７番１号　長崎スタジアムシティサウス１階,https://www.softbank.jp/shop/search/detail/Q321/,32.75881,129.86505,ok
softbank,九州,長崎県,ソフトバンク 長崎住吉,長崎県長崎市若葉町１０‐４,https://www.softbank.jp/shop/search/detail/Q307/,32.789413,129.86086,ok
softbank,九州,長崎県,ソフトバンク 長崎浜町,長崎県長崎市浜町７番７号,https://www.softbank.jp/shop/search/detail/Q332/,32.743942,129.87833,ok
softbank,九州,長崎県,ソフトバンク 長崎葉山,長崎県長崎市葉山１丁目２８‐１５　Ｓ＆Ｂ葉山ショッピングセンター　１階,https://www.softbank.jp/shop/search/detail/QA41/,32.80531,129.84941,ok
softbank,九州,熊本県,ソフトバンク ゆめタウンはません,熊本県熊本市南区田井島１丁目２‐１　ゆめタウンはません１階,https://www.softbank.jp/shop/search/detail/Q541/,32.771564,130.72653,ok
softbank,九州,熊本県,ソフトバンク ゆめタウンシティモールあらお,熊本県荒尾市緑ケ丘１丁目１　ショッピングセンターゆめタウンシティモール内２Ｆ,https://www.softbank.jp/shop/search/detail/Q542/,32.982296,130.4699,ok
softbank,九州,熊本県,ソフトバンク ゆめタウン光の森,熊本県菊池郡菊陽町光の森７丁目３９‐１　ゆめタウン光の森　南館１階,https://www.softbank.jp/shop/search/detail/Q518/,32.85897,130.78513,ok
softbank,九州,熊本県,ソフトバンク ゆめタウン八代,熊本県八代市建馬町３‐１,https://www.softbank.jp/shop/search/detail/Q511/,32.505894,130.58565,ok
softbank,九州,熊本県,ソフトバンク イオンタウン西熊本,熊本県熊本市南区上ノ郷２丁目１６‐１,https://www.softbank.jp/shop/search/detail/Q859/,32.763283,130.6842,ok
softbank,九州,熊本県,ソフトバンク イオンモール熊本,熊本県上益城郡嘉島町大字上島字長池２２３２　イオンモール熊本１Ｆ,https://www.softbank.jp/shop/search/detail/Q531/,32.73802,130.74368,ok
softbank,九州,熊本県,ソフトバンク 上熊本,熊本県熊本市西区上熊本２丁目１７‐１１,https://www.softbank.jp/shop/search/detail/Q533/,32.815086,130.69926,ok
softbank,九州,熊本県,ソフトバンク 下通,熊本県熊本市中央区手取本町４‐１２　ファインビル１Ｆ,https://www.softbank.jp/shop/search/detail/Q501/,32.802628,130.7094,ok
softbank,九州,熊本県,ソフトバンク 人吉,熊本県人吉市下林町佐ブ川２２‐２,https://www.softbank.jp/shop/search/detail/Q509/,32.21677,130.73717,ok
softbank,九州,熊本県,ソフトバンク 健軍,熊本県熊本市東区錦ケ丘１９‐１,https://www.softbank.jp/shop/search/detail/Q502/,32.78854,130.75668,ok
softbank,九州,熊本県,ソフトバンク 健軍東,熊本県熊本市東区花立１丁目５番１７号,https://www.softbank.jp/shop/search/detail/Q548/,32.778004,130.774,ok
softbank,九州,熊本県,ソフトバンク 光の森北郵便局前,熊本県菊池郡菊陽町光の森２丁目３‐１,https://www.softbank.jp/shop/search/detail/Q554/,32.857685,130.77959,ok
softbank,九州,熊本県,ソフトバンク 八代中央,熊本県八代市松江町１２８‐１,https://www.softbank.jp/shop/search/detail/Q549/,32.511086,130.5977,ok
softbank,九州,熊本県,ソフトバンク 坪井,熊本県熊本市中央区坪井６丁目３６‐１,https://www.softbank.jp/shop/search/detail/Q512/,32.819572,130.71906,ok
softbank,九州,熊本県,ソフトバンク 大津中央,熊本県菊池郡大津町大字室６０９‐３,https://www.softbank.jp/shop/search/detail/Q547/,32.875717,130.86078,ok
softbank,九州,熊本県,ソフトバンク 天草,熊本県天草市東浜町１１番５,https://www.softbank.jp/shop/search/detail/Q544/,32.457264,130.19302,ok
softbank,九州,熊本県,ソフトバンク 宇土シティ,熊本県宇土市善道寺町綾織９５　宇土シティプラザ,https://www.softbank.jp/shop/search/detail/Q520/,32.68335,130.66818,ok
softbank,九州,熊本県,ソフトバンク 山鹿,熊本県山鹿市方保田３６４６‐１,https://www.softbank.jp/shop/search/detail/Q516/,33.005653,130.7155,ok
softbank,九州,熊本県,ソフトバンク 平成大通り,熊本県熊本市南区江越２丁目２‐５,https://www.softbank.jp/shop/search/detail/Q507/,32.77299,130.70387,ok
softbank,九州,熊本県,ソフトバンク 東バイパス,熊本県熊本市東区下南部３丁目１２‐３４,https://www.softbank.jp/shop/search/detail/Q500/,32.822598,130.7602,ok
softbank,九州,熊本県,ソフトバンク 松橋,熊本県宇城市松橋町松橋９４７‐１,https://www.softbank.jp/shop/search/detail/Q503/,32.652374,130.67577,ok
softbank,九州,熊本県,ソフトバンク 植木,熊本県熊本市北区植木町滴水字松原５１番地１,https://www.softbank.jp/shop/search/detail/Q526/,32.890087,130.69044,ok
softbank,九州,熊本県,ソフトバンク 熊本日赤前,熊本県熊本市中央区帯山９丁目４‐８,https://www.softbank.jp/shop/search/detail/Q515/,32.805992,130.7623,ok
softbank,九州,熊本県,ソフトバンク 熊本西,熊本県熊本市西区野中３丁目１‐３４,https://www.softbank.jp/shop/search/detail/Q550/,32.777813,130.67328,ok
softbank,九州,熊本県,ソフトバンク 玉名中央,熊本県玉名市中１８０２‐１,https://www.softbank.jp/shop/search/detail/Q545/,32.928505,130.5486,ok
softbank,九州,熊本県,ソフトバンク 菊池中央,熊本県菊池市大琳寺２３６‐５,https://www.softbank.jp/shop/search/detail/Q553/,32.9743,130.80821,ok
softbank,九州,熊本県,ソフトバンク 阿蘇一の宮,熊本県阿蘇市一の宮町宮地２３９７‐１,https://www.softbank.jp/shop/search/detail/Q868/,32.938007,131.11516,ok
softbank,九州,熊本県,ソフトバンク 飛田バイパス,熊本県熊本市北区鶴羽田１丁目１５‐１,https://www.softbank.jp/shop/search/detail/Q556/,32.855976,130.72716,ok
softbank,九州,熊本県,ソフトバンク 麻生田,熊本県熊本市北区麻生田４丁目２‐３８,https://www.softbank.jp/shop/search/detail/Q504/,32.84939,130.7504,ok
softbank,九州,熊本県,ソフトバンク ＳＡＫＵＲＡＭＡＣＨＩ,熊本県熊本市中央区桜町３‐１０　ＳＡＫＵＲＡＭＡＣＨＩ　ｋｕｍａｍｏｔｏ　３Ｆ,https://www.softbank.jp/shop/search/detail/QA39/,32.80044,130.70337,ok
softbank,九州,大分県,ソフトバンク ゆめタウン別府,大分県別府市楠町３８２‐７　ゆめタウン別府２Ｆ,https://www.softbank.jp/shop/search/detail/Q422/,33.27631,131.5077,ok
softbank,九州,大分県,ソフトバンク コムボックス大分,大分県大分市大字宮崎６９６‐１　コムボックス大分１Ｆ,https://www.softbank.jp/shop/search/detail/Q401/,33.200726,131.60823,ok
softbank,九州,大分県,ソフトバンク トキハわさだタウン,大分県大分市大字玉沢７５５番地の１　トキハわさだタウン,https://www.softbank.jp/shop/search/detail/Q435/,33.18873,131.58179,ok
softbank,九州,大分県,ソフトバンク パークプレイス大分,大分県大分市公園通り西２丁目１番　２Ｆ,https://www.softbank.jp/shop/search/detail/Q875/,33.194942,131.65874,ok
softbank,九州,大分県,ソフトバンク 三重町,大分県豊後大野市三重町市場１３‐５,https://www.softbank.jp/shop/search/detail/QA46/,32.981358,131.58543,ok
softbank,九州,大分県,ソフトバンク 下郡,大分県大分市下郡北２丁目２‐３９,https://www.softbank.jp/shop/search/detail/Q427/,33.228874,131.62926,ok
softbank,九州,大分県,ソフトバンク 中津,大分県中津市沖代町１丁目２‐１６,https://www.softbank.jp/shop/search/detail/Q405/,33.591675,131.20245,ok
softbank,九州,大分県,ソフトバンク 中津東,大分県中津市大字上如水１３２０‐２‐３,https://www.softbank.jp/shop/search/detail/Q423/,33.580433,131.23357,ok
softbank,九州,大分県,ソフトバンク 佐伯,大分県佐伯市鶴岡西町２丁目１５８番,https://www.softbank.jp/shop/search/detail/Q410/,32.960457,131.86742,ok
softbank,九州,大分県,ソフトバンク 別府みなと,大分県別府市船小路町６番８号,https://www.softbank.jp/shop/search/detail/Q431/,33.3014,131.5025,ok
softbank,九州,大分県,ソフトバンク 別府青山,大分県別府市南立石中津留町１６番４５号,https://www.softbank.jp/shop/search/detail/Q400/,33.283684,131.48032,ok
softbank,九州,大分県,ソフトバンク 大分県庁前,大分県大分市城崎町１丁目３‐３５,https://www.softbank.jp/shop/search/detail/Q412/,33.23954,131.61424,ok
softbank,九州,大分県,ソフトバンク 大在,大分県大分市大在中央１丁目４‐１６,https://www.softbank.jp/shop/search/detail/Q419/,33.24684,131.71825,ok
softbank,九州,大分県,ソフトバンク 大道,大分県大分市西大道１丁目１番３号,https://www.softbank.jp/shop/search/detail/Q408/,33.231865,131.59842,ok
softbank,九州,大分県,ソフトバンク 宇佐,大分県宇佐市大字四日市２７７‐８,https://www.softbank.jp/shop/search/detail/Q406/,33.53718,131.32294,ok
softbank,九州,大分県,ソフトバンク 日出,大分県速見郡日出町３８８８‐９　恵夢プラサ１Ｆ,https://www.softbank.jp/shop/search/detail/Q418/,33.375065,131.5338,ok
softbank,九州,大分県,ソフトバンク 日田,大分県日田市大字十二町字浄明寺１番１５,https://www.softbank.jp/shop/search/detail/Q404/,33.320103,130.93031,ok
softbank,九州,大分県,ソフトバンク 明野,大分県大分市大字小池原字三楽１１１６‐６,https://www.softbank.jp/shop/search/detail/Q407/,33.235264,131.66116,ok
softbank,九州,大分県,ソフトバンク 森町,大分県大分市大字森字西町５３７‐１,https://www.softbank.jp/shop/search/detail/Q421/,33.22347,131.68076,ok
softbank,九州,大分県,ソフトバンク 臼杵,大分県臼杵市大字野田字竹ノ下３３４番,https://www.softbank.jp/shop/search/detail/Q429/,33.111656,131.78343,ok
softbank,九州,大分県,ソフトバンク 高城,大分県大分市高松２丁目１‐１８,https://www.softbank.jp/shop/search/detail/Q409/,33.244743,131.657,ok
softbank,九州,宮崎県,ソフトバンク イオンモール宮崎,宮崎県宮崎市新別府町江口８６２番地１　２Ｆ,https://www.softbank.jp/shop/search/detail/Q625/,31.922602,131.45572,ok
softbank,九州,宮崎県,ソフトバンク イオンモール都城駅前,宮崎県都城市栄町４６７２‐５　イオンモールＭＩＥＬＬ都城駅前,https://www.softbank.jp/shop/search/detail/Q607/,31.73515,131.08008,ok
softbank,九州,宮崎県,ソフトバンク フェニックスガーデンうきのじょう,宮崎県宮崎市柳丸町１５２,https://www.softbank.jp/shop/search/detail/Q604/,31.926273,131.4364,ok
softbank,九州,宮崎県,ソフトバンク 大淀大橋,宮崎県宮崎市東大淀１丁目４‐２３,https://www.softbank.jp/shop/search/detail/Q624/,31.8993,131.42511,ok
softbank,九州,宮崎県,ソフトバンク 宮崎大塚,宮崎県宮崎市大塚町原１６４８番地１,https://www.softbank.jp/shop/search/detail/Q609/,31.921463,131.39867,ok
softbank,九州,宮崎県,ソフトバンク 宮崎神宮前,宮崎県宮崎市南花ケ島町３１８,https://www.softbank.jp/shop/search/detail/Q630/,31.942617,131.42845,ok
softbank,九州,宮崎県,ソフトバンク 宮崎空港前,宮崎県宮崎市大字本郷北方２１‐１,https://www.softbank.jp/shop/search/detail/Q610/,31.872072,131.43182,ok
softbank,九州,宮崎県,ソフトバンク 小林,宮崎県小林市堤３０９０‐７,https://www.softbank.jp/shop/search/detail/Q617/,31.976439,130.99928,ok
softbank,九州,宮崎県,ソフトバンク 延岡出北,宮崎県延岡市出北５丁目１８番４号,https://www.softbank.jp/shop/search/detail/Q621/,32.57242,131.68387,ok
softbank,九州,宮崎県,ソフトバンク 延岡多々良,宮崎県延岡市古川町１０５９番地,https://www.softbank.jp/shop/search/detail/QA13/,32.58558,131.6555,ok
softbank,九州,宮崎県,ソフトバンク 日南,宮崎県日南市吾田西３丁目１‐４２,https://www.softbank.jp/shop/search/detail/QA20/,31.60712,131.37462,ok
softbank,九州,宮崎県,ソフトバンク 日向,宮崎県日向市鶴町２丁目１０番２２号,https://www.softbank.jp/shop/search/detail/Q620/,32.42565,131.631,ok
softbank,九州,宮崎県,ソフトバンク 清武加納,宮崎県宮崎市清武町加納甲２７０１‐１,https://www.softbank.jp/shop/search/detail/Q606/,31.87095,131.39255,ok
softbank,九州,宮崎県,ソフトバンク 花山手,宮崎県宮崎市花山手東１丁目１３‐１,https://www.softbank.jp/shop/search/detail/QA38/,31.902096,131.40613,ok
softbank,九州,宮崎県,ソフトバンク 都城中央,宮崎県都城市平江町３‐１１,https://www.softbank.jp/shop/search/detail/Q628/,31.732183,131.06885,ok
softbank,九州,宮崎県,ソフトバンク 都城早鈴,宮崎県都城市早鈴町１４８８番８,https://www.softbank.jp/shop/search/detail/Q612/,31.713335,131.07472,ok
softbank,九州,宮崎県,ソフトバンク 高鍋,宮崎県児湯郡高鍋町大字北高鍋１０９８番地,https://www.softbank.jp/shop/search/detail/Q605/,32.129852,131.50967,ok
softbank,九州,鹿児島県,ソフトバンク てんまち,鹿児島県鹿児島市千日町１５‐１５　リバティハウス１階,https://www.softbank.jp/shop/search/detail/Q703/,31.590328,130.55556,ok
softbank,九州,鹿児島県,ソフトバンク アクロスプラザ与次郎,鹿児島県鹿児島市与次郎１丁目７番２０号　アクロスプラザ与次郎,https://www.softbank.jp/shop/search/detail/QA22/,31.5697,130.56331,ok
softbank,九州,鹿児島県,ソフトバンク イオンタウン姶良,鹿児島県姶良市西餅田２６４‐１　イオンタウン姶良３階,https://www.softbank.jp/shop/search/detail/QA12/,31.733183,130.62833,ok
softbank,九州,鹿児島県,ソフトバンク イオンモール鹿児島,鹿児島県鹿児島市東開町７,https://www.softbank.jp/shop/search/detail/QA63/,31.527382,130.53668,ok
softbank,九州,鹿児島県,ソフトバンク 下伊敷,鹿児島県鹿児島市下伊敷１丁目５３番１６号,https://www.softbank.jp/shop/search/detail/QA19/,31.615479,130.52983,ok
softbank,九州,鹿児島県,ソフトバンク 中山バイパス,鹿児島県鹿児島市東谷山６丁目３２‐１０,https://www.softbank.jp/shop/search/detail/Q704/,31.538961,130.51863,ok
softbank,九州,鹿児島県,ソフトバンク 伊集院,鹿児島県日置市伊集院町徳重２丁目６番地６,https://www.softbank.jp/shop/search/detail/Q858/,31.629587,130.40073,ok
softbank,九州,鹿児島県,ソフトバンク 出水中央,鹿児島県出水市六月田町３６３番,https://www.softbank.jp/shop/search/detail/QA11/,32.107227,130.34387,ok
softbank,九州,鹿児島県,ソフトバンク 吉野,鹿児島県鹿児島市吉野４丁目４１番１号,https://www.softbank.jp/shop/search/detail/Q730/,31.651854,130.5693,ok
softbank,九州,鹿児島県,ソフトバンク 国分中央,鹿児島県霧島市国分中央５丁目１‐５,https://www.softbank.jp/shop/search/detail/Q862/,31.737938,130.76016,ok
softbank,九州,鹿児島県,ソフトバンク 奄美,鹿児島県奄美市名瀬小浜町４‐２８　ＡＩＳビルＢ棟１Ｆ,https://www.softbank.jp/shop/search/detail/Q713/,28.380793,129.4987,ok
softbank,九州,鹿児島県,ソフトバンク 宇宿,鹿児島県鹿児島市宇宿２丁目２４‐１６,https://www.softbank.jp/shop/search/detail/Q737/,31.540123,130.53925,ok
softbank,九州,鹿児島県,ソフトバンク 川内駅前,鹿児島県薩摩川内市西向田町７番３２号,https://www.softbank.jp/shop/search/detail/Q702/,31.81419,130.30585,ok
softbank,九州,鹿児島県,ソフトバンク 志布志,鹿児島県志布志市志布志町志布志３丁目２３１９‐３,https://www.softbank.jp/shop/search/detail/Q752/,31.473139,131.09384,ok
softbank,九州,鹿児島県,ソフトバンク 指宿,鹿児島県指宿市十町２３７０‐１,https://www.softbank.jp/shop/search/detail/Q715/,31.25201,130.63422,ok
softbank,九州,鹿児島県,ソフトバンク 枕崎,鹿児島県枕崎市住吉町１番地,https://www.softbank.jp/shop/search/detail/Q757/,31.272572,130.29832,ok
softbank,九州,鹿児島県,ソフトバンク 沖永良部,鹿児島県大島郡和泊町大字和泊１２３‐１,https://www.softbank.jp/shop/search/detail/Q742/,27.386858,128.65161,ok
softbank,九州,鹿児島県,ソフトバンク 笠之原,鹿児島県鹿屋市笠之原町２６番３４号,https://www.softbank.jp/shop/search/detail/Q705/,31.39096,130.88924,ok
softbank,九州,鹿児島県,ソフトバンク 谷山,鹿児島県鹿児島市和田１丁目２‐１,https://www.softbank.jp/shop/search/detail/Q754/,31.51498,130.51501,ok
softbank,九州,鹿児島県,ソフトバンク 隼人国分,鹿児島県霧島市隼人町見次３００番１,https://www.softbank.jp/shop/search/detail/Q741/,31.739656,130.7422,ok
softbank,九州,鹿児島県,ソフトバンク 騎射場,鹿児島県鹿児島市下荒田３丁目２８‐１２　野村学園ビル１階,https://www.softbank.jp/shop/search/detail/Q714/,31.569859,130.55266,ok
softbank,九州,鹿児島県,ソフトバンク 鹿児島中央駅西口,鹿児島県鹿児島市武１丁目５‐２　ガーデンパレス藤１Ｆ,https://www.softbank.jp/shop/search/detail/Q745/,31.584585,130.53896,ok
softbank,九州,鹿児島県,ソフトバンク 鹿屋寿,鹿児島県鹿屋市寿３丁目１２‐１９,https://www.softbank.jp/shop/search/detail/Q735/,31.387703,130.87276,ok
softbank,沖縄,沖縄県,ソフトバンク うるま石川,沖縄県うるま市石川１丁目１４‐１,https://www.softbank.jp/shop/search/detail/Q825/,26.430569,127.823326,ok
softbank,沖縄,沖縄県,ソフトバンク とみしろ,沖縄県豊見城市字宜保２５９,https://www.softbank.jp/shop/search/detail/Q832/,26.176481,127.67778,ok
softbank,沖縄,沖縄県,ソフトバンク はえばる宮平,沖縄県島尻郡南風原町字宮平６４３‐３,https://www.softbank.jp/shop/search/detail/Q848/,26.198212,127.73381,ok
softbank,沖縄,沖縄県,ソフトバンク みどり町,沖縄県うるま市みどり町５丁目２‐６,https://www.softbank.jp/shop/search/detail/Q829/,26.376945,127.85445,ok
softbank,沖縄,沖縄県,ソフトバンク イオンタウン泡瀬,沖縄県沖縄市泡瀬４丁目５‐７　イオンタウン泡瀬１階,https://www.softbank.jp/shop/search/detail/Q821/,26.321268,127.82948,ok
softbank,沖縄,沖縄県,ソフトバンク イオンタウン読谷,沖縄県中頭郡読谷村字古堅７４０,https://www.softbank.jp/shop/search/detail/Q878/,26.3685,127.745964,ok
softbank,沖縄,沖縄県,ソフトバンク イオンモール沖縄ライカム,沖縄県中頭郡北中城村字ライカム１番地　イオンモール沖縄ライカム２階,https://www.softbank.jp/shop/search/detail/QA06/,26.314375,127.79527,ok
softbank,沖縄,沖縄県,ソフトバンク イーアス沖縄豊崎,沖縄県豊見城市字豊崎３‐３５　イーアス沖縄豊崎３Ｆ,https://www.softbank.jp/shop/search/detail/QA42/,26.157612,127.65128,ok
softbank,沖縄,沖縄県,ソフトバンク エディオン那覇メインプレイス,沖縄県那覇市おもろまち４丁目４‐９　サンエー那覇メインプレス１Ｆ,https://www.softbank.jp/shop/search/detail/Q857/,26.225714,127.695175,ok
softbank,沖縄,沖縄県,ソフトバンク モーテ南風原つかざん,沖縄県島尻郡南風原町字津嘉山５７５番地,https://www.softbank.jp/shop/search/detail/Q846/,26.18822,127.71014,ok
softbank,沖縄,沖縄県,ソフトバンク 与那原中央,沖縄県島尻郡与那原町字上与那原２８９　ステーション３２９　１Ｆ,https://www.softbank.jp/shop/search/detail/QA32/,26.199917,127.75111,ok
softbank,沖縄,沖縄県,ソフトバンク 八重瀬,沖縄県島尻郡八重瀬町字伊覇２２１,https://www.softbank.jp/shop/search/detail/Q842/,26.162775,127.72326,ok
softbank,沖縄,沖縄県,ソフトバンク 北谷,沖縄県中頭郡北谷町美浜１丁目５‐９,https://www.softbank.jp/shop/search/detail/QA18/,26.313656,127.76065,ok
softbank,沖縄,沖縄県,ソフトバンク 名護,沖縄県名護市宮里７丁目２３‐２５,https://www.softbank.jp/shop/search/detail/Q809/,26.603907,127.97529,ok
softbank,沖縄,沖縄県,ソフトバンク 城間,沖縄県浦添市城間３丁目４‐１　エムズファミール１Ｆ,https://www.softbank.jp/shop/search/detail/Q814/,26.258383,127.71168,ok
softbank,沖縄,沖縄県,ソフトバンク 天久,沖縄県那覇市上之屋１丁目２０番９号,https://www.softbank.jp/shop/search/detail/Q852/,26.229809,127.68655,ok
softbank,沖縄,沖縄県,ソフトバンク 宜野湾長田,沖縄県宜野湾市長田１丁目２０番２３号,https://www.softbank.jp/shop/search/detail/QA07/,26.263487,127.76293,ok
softbank,沖縄,沖縄県,ソフトバンク 宜野湾Ｒ５８号,沖縄県宜野湾市真志喜１丁目１１番２号,https://www.softbank.jp/shop/search/detail/QA54/,26.26937,127.7365,ok
softbank,沖縄,沖縄県,ソフトバンク 宮古,沖縄県宮古島市平良字西里９２８‐３,https://www.softbank.jp/shop/search/detail/Q806/,24.793987,125.29932,ok
softbank,沖縄,沖縄県,ソフトバンク 小禄,沖縄県那覇市田原１丁目３‐１　ＴＳＵＴＡＹＡ小禄店内,https://www.softbank.jp/shop/search/detail/Q836/,26.199274,127.67046,ok
softbank,沖縄,沖縄県,ソフトバンク 新都心,沖縄県那覇市銘苅１丁目３‐８　エースプレイス新都心１Ｆ,https://www.softbank.jp/shop/search/detail/Q807/,26.228588,127.6986,ok
softbank,沖縄,沖縄県,ソフトバンク 浦添パルコシティ,沖縄県浦添市西洲３丁目１‐１　サンエー浦添西海岸パルコシティ３階,https://www.softbank.jp/shop/search/detail/QA36/,26.261772,127.697845,ok
softbank,沖縄,沖縄県,ソフトバンク 浦添経塚,沖縄県浦添市字経塚３７８‐３,https://www.softbank.jp/shop/search/detail/QA57/,26.23484,127.72571,ok
softbank,沖縄,沖縄県,ソフトバンク 真嘉比,沖縄県那覇市真嘉比３丁目２０‐８　シャトレ睦１階,https://www.softbank.jp/shop/search/detail/QA34/,26.223858,127.70326,ok
softbank,沖縄,沖縄県,ソフトバンク 石垣,沖縄県石垣市新栄町１６‐１０,https://www.softbank.jp/shop/search/detail/Q824/,24.34414,124.15233,ok
softbank,沖縄,沖縄県,ソフトバンク 糸満,沖縄県糸満市字兼城４７１,https://www.softbank.jp/shop/search/detail/Q810/,26.139357,127.67102,ok
softbank,沖縄,沖縄県,ソフトバンク 美里,沖縄県沖縄市美原１丁目２２‐１,https://www.softbank.jp/shop/search/detail/QA25/,26.349705,127.82533,ok
softbank,沖縄,沖縄県,ソフトバンク ＡＢＬＯうるま,沖縄県うるま市字前原６０‐１,https://www.softbank.jp/shop/search/detail/QA55/,26.34181,127.85179,ok
