キャリア,地域,都道府県,店名,住所,URL,店舗コード,開店日,緯度,経度,取得元,取得日
rakuten,東海,愛知県,MIKAWA MOBILE西尾,445-0073 愛知県西尾市寄住町洲田35 第一神谷ビル 1F A,https://network.mobile.rakuten.co.jp/shop-detail/1314/,1314,2025-12-26,34.86447896056137,137.06316491114077,https://network.mobile.rakuten.co.jp/shopmaster-public/v1/shops,2026-08-17
rakuten,東海,愛知県,NAGOYA MOBILE伏見,460-0008 愛知県名古屋市中区栄1丁目5-8 藤田ビル3F,https://network.mobile.rakuten.co.jp/shop-detail/8502/,8502,2024-03-01,35.16799604234574,136.89726931534392,https://network.mobile.rakuten.co.jp/shopmaster-public/v1/shops,2026-08-17
rakuten,東海,愛知県,YAMADA web.com 千種センター店,464-0075 愛知県名古屋市千種区内山1丁目20-37,https://network.mobile.rakuten.co.jp/shop-detail/8949/,8949,2025-11-01,35.17239865,136.935648,https://network.mobile.rakuten.co.jp/shopmaster-public/v1/shops,2026-08-17
rakuten,東海,愛知県,エディオン イオンタウン岡崎美合店,444-0802 愛知県岡崎市美合町字つむぎ南1-1 イオンタウン岡崎美合,https://network.mobile.rakuten.co.jp/shop-detail/7722/,7722,2020-11-24,34.92584,137.186806,https://network.mobile.rakuten.co.jp/shopmaster-public/v1/shops,2026-08-17
rakuten,東海,愛知県,エディオン イオンタウン刈谷店,448-0007 愛知県刈谷市東境町京和1 イオンタウン刈谷内,https://network.mobile.rakuten.co.jp/shop-detail/4061/,4061,2018-08-01,35.037437,137.026791,https://network.mobile.rakuten.co.jp/shopmaster-public/v1/shops,2026-08-17
rakuten,東海,愛知県,エディオン イオンタウン弥富店,498-0014 愛知県弥富市五明町蒲原1371-4 イオンタウン弥富内,https://network.mobile.rakuten.co.jp/shop-detail/7091/,7091,2019-08-30,35.114999,136.714999,https://network.mobile.rakuten.co.jp/shopmaster-public/v1/shops,2026-08-17
rakuten,東海,愛知県,エディオン イオンモール東浦店,470-2102 愛知県知多郡東浦町大字緒川字旭13-2 イオンモール東浦 2F,https://network.mobile.rakuten.co.jp/shop-detail/8737/,8737,2025-10-01,34.97995696,136.973838,https://network.mobile.rakuten.co.jp/shopmaster-public/v1/shops,2026-08-17
rakuten,東海,愛知県,エディオン イオンモール扶桑店,480-0105 愛知県丹羽郡扶桑町大字南山名高塚5-1 イオンモール扶桑1F,https://network.mobile.rakuten.co.jp/shop-detail/4401/,4401,2018-08-31,35.362037,136.898686,https://network.mobile.rakuten.co.jp/shopmaster-public/v1/shops,2026-08-17
rakuten,東海,愛知県,エディオン メッツ大曽根店,461-0040 愛知県名古屋市東区矢田2丁目1-95 メッツ大曽根内,https://network.mobile.rakuten.co.jp/shop-detail/3141/,3141,2018-03-21,35.1923381,136.940575,https://network.mobile.rakuten.co.jp/shopmaster-public/v1/shops,2026-08-17
rakuten,東海,愛知県,エディオン 安城店,446-0057 愛知県安城市三河安城東町1丁目17-1,https://network.mobile.rakuten.co.jp/shop-detail/0721/,0721,2015-11-26,34.9630149,137.068275,https://network.mobile.rakuten.co.jp/shopmaster-public/v1/shops,2026-08-17
rakuten,東海,愛知県,エディオン 一宮西店,491-0903 愛知県一宮市八幡5丁目1-16,https://network.mobile.rakuten.co.jp/shop-detail/8734/,8734,2025-10-20,35.30583413659374,136.78488504632892,https://network.mobile.rakuten.co.jp/shopmaster-public/v1/shops,2026-08-17
rakuten,東海,愛知県,エディオン 一宮本店,491-0862 愛知県一宮市緑5丁目6-10,https://network.mobile.rakuten.co.jp/shop-detail/0741/,0741,2018-04-20,35.2974248,136.823341,https://network.mobile.rakuten.co.jp/shopmaster-public/v1/shops,2026-08-17
rakuten,東海,愛知県,エディオン 岡崎本店,444-0859 愛知県岡崎市上六名町宮前1,https://network.mobile.rakuten.co.jp/shop-detail/0731/,0731,2018-04-05,34.9509277,137.156579,https://network.mobile.rakuten.co.jp/shopmaster-public/v1/shops,2026-08-17
rakuten,東海,愛知県,エディオン 高針原店,465-0073 愛知県名古屋市名東区高針原2丁目1604,https://network.mobile.rakuten.co.jp/shop-detail/1008/,1008,2025-11-21,35.146433,136.995193,https://network.mobile.rakuten.co.jp/shopmaster-public/v1/shops,2026-08-17
rakuten,東海,愛知県,エディオン 高辻シャンピアポート店,466-0058 愛知県名古屋市昭和区白金3丁目6-24 シャンピアポ-ト内,https://network.mobile.rakuten.co.jp/shop-detail/4741/,4741,2018-09-27,35.142573,136.916576,https://network.mobile.rakuten.co.jp/shopmaster-public/v1/shops,2026-08-17
rakuten,東海,愛知県,エディオン 柴田店,457-0806 愛知県名古屋市南区鳴浜町5丁目1-1,https://network.mobile.rakuten.co.jp/shop-detail/8290/,8290,2022-04-25,35.0751246,136.9175785,https://network.mobile.rakuten.co.jp/shopmaster-public/v1/shops,2026-08-17
rakuten,東海,愛知県,エディオン 小牧店,485-0046 愛知県小牧市堀の内4丁目140-1,https://network.mobile.rakuten.co.jp/shop-detail/7840/,7840,2021-10-01,35.28664935,136.9098162,https://network.mobile.rakuten.co.jp/shopmaster-public/v1/shops,2026-08-17
rakuten,東海,愛知県,エディオン 西尾店,445-0872 愛知県西尾市矢曽根町長配8,https://network.mobile.rakuten.co.jp/shop-detail/3361/,3361,2018-05-25,34.8589680,137.057072,https://network.mobile.rakuten.co.jp/shopmaster-public/v1/shops,2026-08-17
rakuten,東海,愛知県,エディオン 千音寺アズパーク店,454-0972 愛知県名古屋市中川区新家1丁目2421 アズパークショッピングセンター内,https://network.mobile.rakuten.co.jp/shop-detail/4731/,4731,2018-09-28,35.157123,136.806173,https://network.mobile.rakuten.co.jp/shopmaster-public/v1/shops,2026-08-17
rakuten,東海,愛知県,エディオン 知立店,472-0053 愛知県知立市南新地1丁目13-13,https://network.mobile.rakuten.co.jp/shop-detail/5461/,5461,2018-12-15,35.000942,137.035980,https://network.mobile.rakuten.co.jp/shopmaster-public/v1/shops,2026-08-17
rakuten,東海,愛知県,エディオン 津島店,496-0801 愛知県津島市藤浪町2丁目8,https://network.mobile.rakuten.co.jp/shop-detail/1007/,1007,2025-11-21,35.1797678,136.7291149,https://network.mobile.rakuten.co.jp/shopmaster-public/v1/shops,2026-08-17
rakuten,東海,愛知県,エディオン 天白店,468-0043 愛知県名古屋市天白区菅田2丁目901,https://network.mobile.rakuten.co.jp/shop-detail/4881/,4881,2018-10-18,35.118155,136.971399,https://network.mobile.rakuten.co.jp/shopmaster-public/v1/shops,2026-08-17
rakuten,東海,愛知県,エディオン 東海店,476-0003 愛知県東海市荒尾町見幕88,https://network.mobile.rakuten.co.jp/shop-detail/8733/,8733,2025-10-01,35.03968044,136.9174663,https://network.mobile.rakuten.co.jp/shopmaster-public/v1/shops,2026-08-17
rakuten,東海,愛知県,エディオン 日進竹の山店,470-0136 愛知県日進市竹の山3丁目2003番地,https://network.mobile.rakuten.co.jp/shop-detail/8279/,8279,2022-04-25,35.15539766,137.0356503,https://network.mobile.rakuten.co.jp/shopmaster-public/v1/shops,2026-08-17
rakuten,東海,愛知県,エディオン 半田店,475-0058 愛知県半田市乙川吉野町9番地 パワードーム半田内,https://network.mobile.rakuten.co.jp/shop-detail/8739/,8739,2025-10-20,34.90591617,136.9368244,https://network.mobile.rakuten.co.jp/shopmaster-public/v1/shops,2026-08-17
rakuten,東海,愛知県,エディオン 尾張旭店,488-0044 愛知県尾張旭市南本地ケ原町3丁目143,https://network.mobile.rakuten.co.jp/shop-detail/3981/,3981,2018-07-21,35.1979450,137.038404,https://network.mobile.rakuten.co.jp/shopmaster-public/v1/shops,2026-08-17
rakuten,東海,愛知県,エディオン 豊橋店,440-0851 愛知県豊橋市前田南町1丁目6-1,https://network.mobile.rakuten.co.jp/shop-detail/3341/,3341,2018-04-26,34.7570815,137.394077,https://network.mobile.rakuten.co.jp/shopmaster-public/v1/shops,2026-08-17
rakuten,東海,愛知県,エディオン 豊川店,442-0823 愛知県豊川市正岡町西深田345-1,https://network.mobile.rakuten.co.jp/shop-detail/2611/,2611,2017-07-28,34.803085,137.385888,https://network.mobile.rakuten.co.jp/shopmaster-public/v1/shops,2026-08-17
rakuten,東海,愛知県,エディオン 豊田大林店,473-0902 愛知県豊田市大林町8丁目54-2,https://network.mobile.rakuten.co.jp/shop-detail/8271/,8271,2022-03-15,35.04236523,137.1357438,https://network.mobile.rakuten.co.jp/shopmaster-public/v1/shops,2026-08-17
rakuten,東海,愛知県,エディオン 豊田本店,471-0037 愛知県豊田市三軒町8丁目55,https://network.mobile.rakuten.co.jp/shop-detail/0701/,0701,2015-10-30,35.0823117,137.141161,https://network.mobile.rakuten.co.jp/shopmaster-public/v1/shops,2026-08-17
rakuten,東海,愛知県,エディオン 名古屋本店,450-0003 愛知県名古屋市中村区駅南2丁目4-22,https://network.mobile.rakuten.co.jp/shop-detail/5171/,5171,2018-11-16,35.163666,136.891141,https://network.mobile.rakuten.co.jp/shopmaster-public/v1/shops,2026-08-17
rakuten,東海,愛知県,コジマ×ビックカメラ ヨロッカ春日井店,486-0842 愛知県春日井市六軒屋町東丘22 ヨロッカ春日井,https://network.mobile.rakuten.co.jp/shop-detail/7848/,7848,2021-10-19,35.258812,136.982461,https://network.mobile.rakuten.co.jp/shopmaster-public/v1/shops,2026-08-17
rakuten,東海,愛知県,ジョーシン アピタ長久手店,480-1124 愛知県長久手市戸田谷901-1 アピタ長久手店2F,https://network.mobile.rakuten.co.jp/shop-detail/4131/,4131,2018-08-23,35.172569,137.038254,https://network.mobile.rakuten.co.jp/shopmaster-public/v1/shops,2026-08-17
rakuten,東海,愛知県,ジョーシン クロスモール豊川店,442-0823 愛知県豊川市正岡町池田694-1 クロスモール豊川モール棟2F,https://network.mobile.rakuten.co.jp/shop-detail/3821/,3821,2018-07-06,34.801524,137.387995,https://network.mobile.rakuten.co.jp/shopmaster-public/v1/shops,2026-08-17
rakuten,東海,愛知県,ジョーシン シーナシーナ尾張旭店,488-0067 愛知県尾張旭市南原山町石原116-4 CiiNA CiiNA 尾張旭 2F,https://network.mobile.rakuten.co.jp/shop-detail/8673/,8673,2025-09-19,35.21364786,137.0517411,https://network.mobile.rakuten.co.jp/shopmaster-public/v1/shops,2026-08-17
rakuten,東海,愛知県,ジョーシン ららぽーと名古屋みなとアクルス店,455-8501 愛知県名古屋市港区港明2丁目3-2 ららぽーと名古屋みなとアクルス 1F,https://network.mobile.rakuten.co.jp/shop-detail/8672/,8672,2025-09-12,35.10944209,136.8828339,https://network.mobile.rakuten.co.jp/shopmaster-public/v1/shops,2026-08-17
rakuten,東海,愛知県,ジョーシン 一ツ木店,448-0003 愛知県刈谷市一ツ木町3丁目10-4,https://network.mobile.rakuten.co.jp/shop-detail/4751/,4751,2018-10-03,35.009441,137.027603,https://network.mobile.rakuten.co.jp/shopmaster-public/v1/shops,2026-08-17
rakuten,東海,愛知県,ジョーシン 一宮尾西店,494-0002 愛知県一宮市篭屋2丁目1-25,https://network.mobile.rakuten.co.jp/shop-detail/8304/,8304,2022-04-22,35.31072645,136.768997,https://network.mobile.rakuten.co.jp/shopmaster-public/v1/shops,2026-08-17
rakuten,東海,愛知県,ジョーシン 稲沢店,492-8601 愛知県稲沢市長野7丁目1-2 リーフウォーク稲沢モール棟1F,https://network.mobile.rakuten.co.jp/shop-detail/3911/,3911,2018-07-11,35.261776,136.819482,https://network.mobile.rakuten.co.jp/shopmaster-public/v1/shops,2026-08-17
rakuten,東海,愛知県,ジョーシン 岡崎イオンモール店,444-0840 愛知県岡崎市戸崎町字外山38-5 イオンモール岡崎 4F,https://network.mobile.rakuten.co.jp/shop-detail/8305/,8305,2022-04-22,34.9366323,137.1646294,https://network.mobile.rakuten.co.jp/shopmaster-public/v1/shops,2026-08-17
rakuten,東海,愛知県,ジョーシン 高蔵寺店,487-0011 愛知県春日井市中央台1丁目2-2 サンマルシェ南館 1F,https://network.mobile.rakuten.co.jp/shop-detail/8313/,8313,2022-04-26,35.28164781,137.0490641,https://network.mobile.rakuten.co.jp/shopmaster-public/v1/shops,2026-08-17
rakuten,東海,愛知県,ジョーシン 小牧店,485-0033 愛知県小牧市郷中1丁目50,https://network.mobile.rakuten.co.jp/shop-detail/8317/,8317,2022-04-27,35.2797021,136.9201393,https://network.mobile.rakuten.co.jp/shopmaster-public/v1/shops,2026-08-17
rakuten,東海,愛知県,ジョーシン 大高イオンモール店,459-8001 愛知県名古屋市緑区南大高2丁目450 イオンモール大高 1F,https://network.mobile.rakuten.co.jp/shop-detail/0621/,0621,2015-11-26,35.053845,136.947052,https://network.mobile.rakuten.co.jp/shopmaster-public/v1/shops,2026-08-17
rakuten,東海,愛知県,ジョーシン 白土店,458-0836 愛知県名古屋市緑区白土803,https://network.mobile.rakuten.co.jp/shop-detail/8556/,8556,2025-06-26,35.10173616,137.0203454,https://network.mobile.rakuten.co.jp/shopmaster-public/v1/shops,2026-08-17
rakuten,東海,愛知県,ジョーシン 木曽川イオンモール店,493-0001 愛知県一宮市木曽川町黒田字南八ツケ池25-1 イオンモール木曽川2F,https://network.mobile.rakuten.co.jp/shop-detail/3811/,3811,2018-07-06,35.348836,136.773927,https://network.mobile.rakuten.co.jp/shopmaster-public/v1/shops,2026-08-17
rakuten,東海,愛知県,テックランド ららぽーと安城店,446-8530 愛知県安城市大東町9-30 ららぽーと安城 3F,https://network.mobile.rakuten.co.jp/shop-detail/8546/,8546,2025-04-18,34.96535254,137.0803567,https://network.mobile.rakuten.co.jp/shopmaster-public/v1/shops,2026-08-17
rakuten,東海,愛知県,テックランド 星ヶ丘店,464-0801 愛知県名古屋市千種区星が丘1丁目1-7,https://network.mobile.rakuten.co.jp/shop-detail/8399/,8399,2022-06-17,35.16279857,136.9872624,https://network.mobile.rakuten.co.jp/shopmaster-public/v1/shops,2026-08-17
rakuten,東海,愛知県,テックランドヨシヅヤ名西店,451-0064 愛知県名古屋市西区名西2丁目33-8 ヨシヅヤ名古屋名西店3F,https://network.mobile.rakuten.co.jp/shop-detail/8166/,8166,2022-02-11,35.19041274,136.8783115,https://network.mobile.rakuten.co.jp/shopmaster-public/v1/shops,2026-08-17
rakuten,東海,愛知県,テックランド岡崎本店,444-0007 愛知県岡崎市大平町堤下55番地,https://network.mobile.rakuten.co.jp/shop-detail/8837/,8837,2025-10-11,34.94446106466614,137.1876083891459,https://network.mobile.rakuten.co.jp/shopmaster-public/v1/shops,2026-08-17
rakuten,東海,愛知県,テックランド半田店,475-0871 愛知県半田市本町1丁目1,https://network.mobile.rakuten.co.jp/shop-detail/8946/,8946,2025-11-01,34.9014791,136.9345294,https://network.mobile.rakuten.co.jp/shopmaster-public/v1/shops,2026-08-17
rakuten,東海,愛知県,ビックカメラ 名古屋JRゲートタワー店,450-6610 愛知県名古屋市中村区名駅1丁目1-3 地上9F～10F,https://network.mobile.rakuten.co.jp/shop-detail/6391/,6391,2019-05-22,35.172115,136.882853,https://network.mobile.rakuten.co.jp/shopmaster-public/v1/shops,2026-08-17
rakuten,東海,愛知県,ビックカメラ 名古屋駅西店,453-0015 愛知県名古屋市中村区椿町6-9,https://network.mobile.rakuten.co.jp/shop-detail/4681/,4681,2018-09-26,35.170326,136.879398,https://network.mobile.rakuten.co.jp/shopmaster-public/v1/shops,2026-08-17
rakuten,東海,愛知県,ヨドバシカメラ サンシャイン サカエ店,460-0003 愛知県名古屋市中区錦3丁目24-4,https://network.mobile.rakuten.co.jp/shop-detail/7711/,7711,2020-10-28,35.16952182946514,136.9062524232958,https://network.mobile.rakuten.co.jp/shopmaster-public/v1/shops,2026-08-17
rakuten,東海,愛知県,楽天モバイル mozoワンダーシティ店,452-0817 愛知県名古屋市西区二方町40-2 Mozoワンダーシティ4F　区画4047,https://network.mobile.rakuten.co.jp/shop-detail/7431/,7431,2019-12-06,35.225246,136.884272,https://network.mobile.rakuten.co.jp/shopmaster-public/v1/shops,2026-08-17
rakuten,東海,愛知県,楽天モバイル T-FACE 豊田市駅前店,471-0026 愛知県豊田市若宮町1丁目57-1 T-FACE B館1F,https://network.mobile.rakuten.co.jp/shop-detail/8662/,8662,2025-08-08,35.0875328,137.1550158,https://network.mobile.rakuten.co.jp/shopmaster-public/v1/shops,2026-08-17
rakuten,東海,愛知県,楽天モバイル アズパーク店,454-0972 愛知県名古屋市中川区新家1丁目2421 ショッピングセンターアズパーク 1F,https://network.mobile.rakuten.co.jp/shop-detail/8985/,8985,2025-11-28,35.15699047,136.8058178,https://network.mobile.rakuten.co.jp/shopmaster-public/v1/shops,2026-08-17
rakuten,東海,愛知県,楽天モバイル アピタ岡崎北店,444-0911 愛知県岡崎市日名北町4-46 アピタ岡崎北店,https://network.mobile.rakuten.co.jp/shop-detail/1068/,1068,2025-11-25,34.9750691,137.152689,https://network.mobile.rakuten.co.jp/shopmaster-public/v1/shops,2026-08-17
rakuten,東海,愛知県,楽天モバイル アピタ刈谷店,448-0841 愛知県刈谷市南桜町2丁目56-1 アピタ刈谷店 2F,https://network.mobile.rakuten.co.jp/shop-detail/1186/,1186,2025-12-01,34.99121527,137.0052134,https://network.mobile.rakuten.co.jp/shopmaster-public/v1/shops,2026-08-17
rakuten,東海,愛知県,楽天モバイル アピタ向山店,440-0864 愛知県豊橋市向山町中畑1-1 アピタ向山店 2F,https://network.mobile.rakuten.co.jp/shop-detail/1006/,1006,2025-11-15,34.7550436,137.4014175,https://network.mobile.rakuten.co.jp/shopmaster-public/v1/shops,2026-08-17
rakuten,東海,愛知県,楽天モバイル アピタ高蔵寺店,487-0011 愛知県春日井市中央台2丁目5 アピタ高蔵寺,https://network.mobile.rakuten.co.jp/shop-detail/8986/,8986,2025-11-12,35.28302306978963,137.04887492769916,https://network.mobile.rakuten.co.jp/shopmaster-public/v1/shops,2026-08-17
rakuten,東海,愛知県,楽天モバイル アピタ知立店,472-0045 愛知県知立市長篠町大山18-1 アピタ知立 1F,https://network.mobile.rakuten.co.jp/shop-detail/1463/,1463,2026-02-27,34.99803202,137.0533581,https://network.mobile.rakuten.co.jp/shopmaster-public/v1/shops,2026-08-17
rakuten,東海,愛知県,楽天モバイル アピタ名古屋南店,457-0841 愛知県名古屋市南区豊田4丁目9-47 アピタ名古屋南店 1F,https://network.mobile.rakuten.co.jp/shop-detail/1373/,1373,2026-01-15,35.10301833,136.9128486,https://network.mobile.rakuten.co.jp/shopmaster-public/v1/shops,2026-08-17
rakuten,東海,愛知県,楽天モバイル アピタ名古屋北店,462-0032 愛知県名古屋市北区辻町9丁目1 アピタ名古屋北 2F,https://network.mobile.rakuten.co.jp/shop-detail/1428/,1428,2026-02-27,35.209451,136.9228005,https://network.mobile.rakuten.co.jp/shopmaster-public/v1/shops,2026-08-17
rakuten,東海,愛知県,楽天モバイル イオンスタイル岡崎店,444-0840 愛知県岡崎市戸崎町字ばら山1-1 イオンスタイル岡崎3F,https://network.mobile.rakuten.co.jp/shop-detail/3681/,3681,2018-06-28,34.938698,137.164364,https://network.mobile.rakuten.co.jp/shopmaster-public/v1/shops,2026-08-17
rakuten,東海,愛知県,楽天モバイル イオンスタイル豊田店,471-0864 愛知県豊田市広路町1丁目1 イオンスタイル豊田　3F,https://network.mobile.rakuten.co.jp/shop-detail/7905/,7905,2021-11-26,35.07866452,137.1597977,https://network.mobile.rakuten.co.jp/shopmaster-public/v1/shops,2026-08-17
rakuten,東海,愛知県,楽天モバイル イオンタウン刈谷店,448-0007 愛知県刈谷市東境町京和１ イオンタウン刈谷,https://network.mobile.rakuten.co.jp/shop-detail/8898/,8898,2025-10-24,35.0386483,137.0272296,https://network.mobile.rakuten.co.jp/shopmaster-public/v1/shops,2026-08-17
rakuten,東海,愛知県,楽天モバイル イオンタウン名西店,451-0015 愛知県名古屋市西区香呑町6丁目49-1 イオンタウン名西 2F,https://network.mobile.rakuten.co.jp/shop-detail/1265/,1265,2025-12-15,35.204034239070104,136.8928000677745,https://network.mobile.rakuten.co.jp/shopmaster-public/v1/shops,2026-08-17
rakuten,東海,愛知県,楽天モバイル イオンモールナゴヤドーム前店,461-0048 愛知県名古屋市東区矢田南4丁目102-3 イオンモールナゴヤドーム前店1F,https://network.mobile.rakuten.co.jp/shop-detail/5981/,5981,2019-03-20,35.187302,136.944390,https://network.mobile.rakuten.co.jp/shopmaster-public/v1/shops,2026-08-17
rakuten,東海,愛知県,楽天モバイル イオンモール常滑店,479-0882 愛知県常滑市りんくう町2丁目20-3 イオンモール常滑2F,https://network.mobile.rakuten.co.jp/shop-detail/2731/,2731,2017-10-06,34.880726,136.826526,https://network.mobile.rakuten.co.jp/shopmaster-public/v1/shops,2026-08-17
rakuten,東海,愛知県,楽天モバイル イオンモール新瑞橋店,457-0012 愛知県名古屋市南区菊住1丁目7-10 2F,https://network.mobile.rakuten.co.jp/shop-detail/7001/,7001,2019-08-30,35.114699,136.935192,https://network.mobile.rakuten.co.jp/shopmaster-public/v1/shops,2026-08-17
rakuten,東海,愛知県,楽天モバイル イオンモール大高店,459-8016 愛知県名古屋市緑区南大高2丁目450 イオンモール大高 3F,https://network.mobile.rakuten.co.jp/shop-detail/7939/,7939,2021-12-28,35.05311372,136.9475701,https://network.mobile.rakuten.co.jp/shopmaster-public/v1/shops,2026-08-17
rakuten,東海,愛知県,楽天モバイル イオンモール長久手店,480-1128 愛知県長久手市勝入塚501番地 イオンモール長久手3F,https://network.mobile.rakuten.co.jp/shop-detail/4951/,4951,2018-11-09,35.173649,137.050752,https://network.mobile.rakuten.co.jp/shopmaster-public/v1/shops,2026-08-17
rakuten,東海,愛知県,楽天モバイル イオンモール東浦店,470-2102 愛知県知多郡東浦町大字緒川字旭13-2 イオンモール東浦2F,https://network.mobile.rakuten.co.jp/shop-detail/6221/,6221,2019-04-16,34.978610,136.974068,https://network.mobile.rakuten.co.jp/shopmaster-public/v1/shops,2026-08-17
rakuten,東海,愛知県,楽天モバイル イオンモール熱田店,456-8763 愛知県名古屋市熱田区六野1丁目2-11 イオンモール熱田 3F,https://network.mobile.rakuten.co.jp/shop-detail/8513/,8513,2024-11-01,35.1375288786182,136.908767344189,https://network.mobile.rakuten.co.jp/shopmaster-public/v1/shops,2026-08-17
rakuten,東海,愛知県,楽天モバイル イオンモール扶桑店,480-0105 愛知県丹羽郡扶桑町南山名高塚5-1 イオンモール扶桑 2F,https://network.mobile.rakuten.co.jp/shop-detail/8536/,8536,2025-03-21,35.3613190350871,136.900034270734,https://network.mobile.rakuten.co.jp/shopmaster-public/v1/shops,2026-08-17
rakuten,東海,愛知県,楽天モバイル イオンモール豊川店,442-0848 愛知県豊川市白鳥町兎足1-16 イオンモール豊川 3F,https://network.mobile.rakuten.co.jp/shop-detail/8476/,8476,2023-03-30,34.824715,137.351486,https://network.mobile.rakuten.co.jp/shopmaster-public/v1/shops,2026-08-17
rakuten,東海,愛知県,楽天モバイル イオンモール名古屋茶屋店,455-0858 愛知県名古屋市港区西茶2丁目11 イオンモール名古屋茶屋1F 1036区画,https://network.mobile.rakuten.co.jp/shop-detail/7928/,7928,2021-12-24,35.10349,136.82507,https://network.mobile.rakuten.co.jp/shopmaster-public/v1/shops,2026-08-17
rakuten,東海,愛知県,楽天モバイル イオンモール木曽川店,493-0001 愛知県一宮市木曽川町黒田字南ハツケ池25-1 イオンモール木曽川1F,https://network.mobile.rakuten.co.jp/shop-detail/7181/,7181,2019-09-20,35.349243,136.773888,https://network.mobile.rakuten.co.jp/shopmaster-public/v1/shops,2026-08-17
rakuten,東海,愛知県,楽天モバイル イオン三好SC店,470-0224 愛知県みよし市三好町青木91 イオン三好ショッピングセンター 2F,https://network.mobile.rakuten.co.jp/shop-detail/1500/,1500,2026-06-01,35.0931056781505,137.078455898147,https://network.mobile.rakuten.co.jp/shopmaster-public/v1/shops,2026-08-17
rakuten,東海,愛知県,楽天モバイル イオン守山ショッピングセンター店,463-0812 愛知県名古屋市守山区笹ヶ根3丁目1228 イオン守山ショッピングセンター 2F,https://network.mobile.rakuten.co.jp/shop-detail/8639/,8639,2025-08-20,35.23489406,137.0040909,https://network.mobile.rakuten.co.jp/shopmaster-public/v1/shops,2026-08-17
rakuten,東海,愛知県,楽天モバイル イオン豊橋南店,441-8124 愛知県豊橋市野依町字落合1-12 イオン豊橋南ショッピングセンター 2F,https://network.mobile.rakuten.co.jp/shop-detail/1493/,1493,2026-04-17,34.7098672528891,137.388808899473,https://network.mobile.rakuten.co.jp/shopmaster-public/v1/shops,2026-08-17
rakuten,東海,愛知県,楽天モバイル イオン名古屋東店,465-0008 愛知県名古屋市名東区猪子石原2丁目1701 イオン名古屋東店,https://network.mobile.rakuten.co.jp/shop-detail/8776/,8776,2025-10-08,35.1954188,136.9937204,https://network.mobile.rakuten.co.jp/shopmaster-public/v1/shops,2026-08-17
rakuten,東海,愛知県,楽天モバイル ヴェルサウォーク西尾店,445-0064 愛知県西尾市高畠町3丁目23-9 ヴェルサウォーク西尾 2F,https://network.mobile.rakuten.co.jp/shop-detail/8289/,8289,2022-03-25,34.86445853,137.0596255,https://network.mobile.rakuten.co.jp/shopmaster-public/v1/shops,2026-08-17
rakuten,東海,愛知県,楽天モバイル エアポートウォーク名古屋店,480-0202 愛知県西春日井郡豊山町場林先1-8 エアポートウォーク名古屋　3F,https://network.mobile.rakuten.co.jp/shop-detail/7917/,7917,2021-12-10,35.24612001,136.9248587,https://network.mobile.rakuten.co.jp/shopmaster-public/v1/shops,2026-08-17
rakuten,東海,愛知県,楽天モバイル テラスウォーク一宮店,491-0022 愛知県一宮市両郷町1丁目2 テラスウォーク一宮2F,https://network.mobile.rakuten.co.jp/shop-detail/7911/,7911,2021-11-25,35.31072501,136.8168617,https://network.mobile.rakuten.co.jp/shopmaster-public/v1/shops,2026-08-17
rakuten,東海,愛知県,楽天モバイル バロー城山店,488-0072 愛知県尾張旭市新居町諏訪南1305,https://network.mobile.rakuten.co.jp/shop-detail/8772/,8772,2025-09-26,35.219692310540864,137.04137768013632,https://network.mobile.rakuten.co.jp/shopmaster-public/v1/shops,2026-08-17
rakuten,東海,愛知県,楽天モバイル ピアゴ新城店,441-1378 愛知県新城市宮ノ後68‐3 ピアゴ新城店,https://network.mobile.rakuten.co.jp/shop-detail/8920/,8920,2025-10-29,34.90359116,137.4953678,https://network.mobile.rakuten.co.jp/shopmaster-public/v1/shops,2026-08-17
rakuten,東海,愛知県,楽天モバイル プライムツリー赤池店,470-0126 愛知県日進市赤池町箕ノ手1番 プライムツリー赤池 2F,https://network.mobile.rakuten.co.jp/shop-detail/8805/,8805,2025-10-21,35.1183810221832,137.02252326952,https://network.mobile.rakuten.co.jp/shopmaster-public/v1/shops,2026-08-17
rakuten,東海,愛知県,楽天モバイル フレンドタウン長久手店,480-1158 愛知県長久手市東原山46-93 フレンドタウン長久手,https://network.mobile.rakuten.co.jp/shop-detail/1078/,1078,2025-11-28,35.1877426,137.0276891,https://network.mobile.rakuten.co.jp/shopmaster-public/v1/shops,2026-08-17
rakuten,東海,愛知県,楽天モバイル ヨシヅヤ 師勝店,481-0004 愛知県北名古屋市鹿田1929 ヨシヅヤ 師勝店,https://network.mobile.rakuten.co.jp/shop-detail/1075/,1075,2025-11-27,35.2531617,136.8776258,https://network.mobile.rakuten.co.jp/shopmaster-public/v1/shops,2026-08-17
rakuten,東海,愛知県,楽天モバイル ヨシヅヤ津島北テラス店,496-0813 愛知県津島市片岡町60 ヨシヅヤ津島北テラス 1F,https://network.mobile.rakuten.co.jp/shop-detail/1114/,1114,2025-11-28,35.18363770385961,136.72684759792972,https://network.mobile.rakuten.co.jp/shopmaster-public/v1/shops,2026-08-17
rakuten,東海,愛知県,楽天モバイル ラピオ小牧店,485-0041 愛知県小牧市小牧3丁目555 ラピオ 2F,https://network.mobile.rakuten.co.jp/shop-detail/8923/,8923,2025-10-30,35.2898039,136.9251259,https://network.mobile.rakuten.co.jp/shopmaster-public/v1/shops,2026-08-17
rakuten,東海,愛知県,楽天モバイル ららぽーと愛知東郷店,470-0186 愛知県愛知郡東郷町東郷中央土地区画整理事業62街区1、3 3F3460号室,https://network.mobile.rakuten.co.jp/shop-detail/7701/,7701,2020-09-14,35.096446,137.051439,https://network.mobile.rakuten.co.jp/shopmaster-public/v1/shops,2026-08-17
rakuten,東海,愛知県,楽天モバイル ららぽーと名古屋みなとアクルス店,455-0018 愛知県名古屋市港区港明2丁目3-2 ららぽーと名古屋みなとアクルス 2F,https://network.mobile.rakuten.co.jp/shop-detail/7837/,7837,2021-10-15,35.10941032,136.8826787,https://network.mobile.rakuten.co.jp/shopmaster-public/v1/shops,2026-08-17
rakuten,東海,愛知県,楽天モバイル リーフウォーク稲沢店,492-8601 愛知県稲沢市長野7丁目1-2 リーフウォーク稲沢 1F,https://network.mobile.rakuten.co.jp/shop-detail/7906/,7906,2021-12-03,35.25927421,136.8198604,https://network.mobile.rakuten.co.jp/shopmaster-public/v1/shops,2026-08-17
rakuten,東海,愛知県,楽天モバイル リソラ大府 ショッピングテラス店,474-0053 愛知県大府市柊山町1丁目98 リソラ大府 ショッピングテラス 1F,https://network.mobile.rakuten.co.jp/shop-detail/1337/,1337,2026-01-23,35.01759862147624,136.95738817857801,https://network.mobile.rakuten.co.jp/shopmaster-public/v1/shops,2026-08-17
rakuten,東海,愛知県,楽天モバイル 高浜Tぽーと店,444-1305 愛知県高浜市神明町8丁目20-1,https://network.mobile.rakuten.co.jp/shop-detail/8717/,8717,2025-09-13,34.936937,137.001488,https://network.mobile.rakuten.co.jp/shopmaster-public/v1/shops,2026-08-17
rakuten,東海,愛知県,楽天モバイル 鶴舞イオンタウン千種店,464-0858 愛知県名古屋市千種区2丁目16-13 イオンタウン千種2F　44区画,https://network.mobile.rakuten.co.jp/shop-detail/1871/,1871,2016-12-23,35.161888,136.923800,https://network.mobile.rakuten.co.jp/shopmaster-public/v1/shops,2026-08-17
rakuten,東海,愛知県,楽天モバイル 名古屋ユニモール店,450-0002 愛知県名古屋市中村区名駅4丁目5-26先 352区画 Dエリア,https://network.mobile.rakuten.co.jp/shop-detail/7756/,7756,2021-05-21,35.171645,136.886323,https://network.mobile.rakuten.co.jp/shopmaster-public/v1/shops,2026-08-17
rakuten,東海,愛知県,楽天モバイル 名古屋栄森の地下街店,460-0008 愛知県名古屋市中区栄3-5-12 地下鉄栄森の地下街中央一番街26・27番,https://network.mobile.rakuten.co.jp/shop-detail/0171/,0171,2015-10-22,35.169932,136.90828,https://network.mobile.rakuten.co.jp/shopmaster-public/v1/shops,2026-08-17
rakuten,東海,愛知県,楽天モバイル 名古屋栄大津通店,460-0008 愛知県名古屋市中区栄3丁目4-5 サカエノバ 1F,https://network.mobile.rakuten.co.jp/shop-detail/8402/,8402,2022-06-17,35.16844757,136.9069373,https://network.mobile.rakuten.co.jp/shopmaster-public/v1/shops,2026-08-17
rakuten,東海,愛知県,楽天モバイル 名古屋則武店,451-0051 愛知県名古屋市西区則武新町3丁目1-17 イオンモール Nagoya Noritake Garden 2F,https://network.mobile.rakuten.co.jp/shop-detail/8602/,8602,2025-08-01,35.179925789666,136.880191269695,https://network.mobile.rakuten.co.jp/shopmaster-public/v1/shops,2026-08-17
rakuten,四国,愛媛県,YAMADA web.com 松山問屋町店,791-8018 愛媛県松山市問屋町9-30,https://network.mobile.rakuten.co.jp/shop-detail/7836/,7836,2021-10-15,33.86460975,132.7498574,https://network.mobile.rakuten.co.jp/shopmaster-public/v1/shops,2026-08-17
rakuten,四国,愛媛県,エディオン イオンモール新居浜店,792-0007 愛媛県新居浜市前田町8-8,https://network.mobile.rakuten.co.jp/shop-detail/4911/,4911,2018-10-23,33.953198,133.269641,https://network.mobile.rakuten.co.jp/shopmaster-public/v1/shops,2026-08-17
rakuten,四国,愛媛県,エディオン 松山本店,790-0065 愛媛県松山市宮西1丁目3-1,https://network.mobile.rakuten.co.jp/shop-detail/1211/,1211,2016-02-24,33.844451,132.751997,https://network.mobile.rakuten.co.jp/shopmaster-public/v1/shops,2026-08-17
rakuten,四国,愛媛県,エディオン 南松山店,790-0952 愛媛県松山市朝生田町5丁目1-25 ジョー・プラ 3F,https://network.mobile.rakuten.co.jp/shop-detail/8747/,8747,2025-09-16,33.82099519019577,132.77264149892827,https://network.mobile.rakuten.co.jp/shopmaster-public/v1/shops,2026-08-17
rakuten,四国,愛媛県,ケーズデンキ 四国中央店,799-0101 愛媛県四国中央市川之江町349-1,https://network.mobile.rakuten.co.jp/shop-detail/8952/,8952,2025-10-31,34.00183812842379,133.5642721680904,https://network.mobile.rakuten.co.jp/shopmaster-public/v1/shops,2026-08-17
rakuten,四国,愛媛県,ケーズデンキ 松山藤原店,790-0035 愛媛県松山市藤原2丁目4-44,https://network.mobile.rakuten.co.jp/shop-detail/4141/,4141,2018-08-02,33.830376,132.757711,https://network.mobile.rakuten.co.jp/shopmaster-public/v1/shops,2026-08-17
rakuten,四国,愛媛県,ケーズデンキ 松山問屋町店,791-8018 愛媛県松山市問屋町5-22,https://network.mobile.rakuten.co.jp/shop-detail/8822/,8822,2025-10-01,33.86485804703529,132.7514794118817,https://network.mobile.rakuten.co.jp/shopmaster-public/v1/shops,2026-08-17
rakuten,四国,愛媛県,愛媛CATVエミフルMASAKI店,791-3120 愛媛県伊予郡松前町筒井850 エミフルMASAKI フローラルコート 2F,https://network.mobile.rakuten.co.jp/shop-detail/1515/,1515,2026-08-24,33.78990315,132.7161283,https://network.mobile.rakuten.co.jp/shopmaster-public/v1/shops,2026-08-17
rakuten,四国,愛媛県,愛媛CATV大手町オープンスタジオ,790-0067 愛媛県松山市大手町1丁目11-4,https://network.mobile.rakuten.co.jp/shop-detail/1514/,1514,2026-08-24,33.84064796,132.7580823,https://network.mobile.rakuten.co.jp/shopmaster-public/v1/shops,2026-08-17
rakuten,四国,愛媛県,楽天モバイル イオンモール今治新都市店,794-0068 愛媛県今治市にぎわい広場1-1 イオンモール今治新都市 2F,https://network.mobile.rakuten.co.jp/shop-detail/8274/,8274,2022-03-25,34.0444023,132.9624641,https://network.mobile.rakuten.co.jp/shopmaster-public/v1/shops,2026-08-17
rakuten,四国,愛媛県,楽天モバイル イオンモール新居浜店,792-0007 愛媛県新居浜市前田町8-8 イオンモール新居浜 2F,https://network.mobile.rakuten.co.jp/shop-detail/1244/,1244,2025-12-19,33.9556989678819,133.268438671918,https://network.mobile.rakuten.co.jp/shopmaster-public/v1/shops,2026-08-17
rakuten,四国,愛媛県,楽天モバイル フジグラン重信店,791-0216 愛媛県東温市野田3丁目1-13 フジグラン重信 2F,https://network.mobile.rakuten.co.jp/shop-detail/8671/,8671,2025-08-18,33.79559926,132.833744,https://network.mobile.rakuten.co.jp/shopmaster-public/v1/shops,2026-08-17
rakuten,四国,愛媛県,楽天モバイル フジグラン西条店,793-0028 愛媛県西条市新田字北新田235 フジグラン西条 1F 15.19T区画,https://network.mobile.rakuten.co.jp/shop-detail/1086/,1086,2025-11-28,33.9250518,133.1827374,https://network.mobile.rakuten.co.jp/shopmaster-public/v1/shops,2026-08-17
rakuten,四国,愛媛県,楽天モバイル フジグラン北宇和島店,798-0022 愛媛県宇和島市伊吹町甲912-2 フジグラン北宇和島 1F,https://network.mobile.rakuten.co.jp/shop-detail/1438/,1438,2026-03-13,33.23534744815012,132.56978790008014,https://network.mobile.rakuten.co.jp/shopmaster-public/v1/shops,2026-08-17
rakuten,四国,愛媛県,楽天モバイル 銀天街店,790-0012 愛媛県松山市湊町4-8-7 銀天街センタービル 1F,https://network.mobile.rakuten.co.jp/shop-detail/8809/,8809,2025-10-08,33.83613866516225,132.7673071888473,https://network.mobile.rakuten.co.jp/shopmaster-public/v1/shops,2026-08-17
rakuten,四国,愛媛県,楽天モバイル 今治ワールドプラザ店,799-1506 愛媛県今治市東村1丁目14-2 今治ワールドプラザ 1F 14-102区画,https://network.mobile.rakuten.co.jp/shop-detail/1175/,1175,2025-11-28,34.042648184259285,133.02778143457695,https://network.mobile.rakuten.co.jp/shopmaster-public/v1/shops,2026-08-17
rakuten,四国,愛媛県,楽天モバイル 松山大街道店,790-0004 愛媛県松山市大街道1丁目6-4,https://network.mobile.rakuten.co.jp/shop-detail/3031/,3031,2018-03-20,33.837657,132.770216,https://network.mobile.rakuten.co.jp/shopmaster-public/v1/shops,2026-08-17
rakuten,四国,愛媛県,楽天モバイル 大洲店,795-0064 愛媛県大洲市東大洲1342 1F,https://network.mobile.rakuten.co.jp/shop-detail/8988/,8988,2025-11-07,33.5303934,132.5702140,https://network.mobile.rakuten.co.jp/shopmaster-public/v1/shops,2026-08-17
rakuten,四国,愛媛県,楽天モバイル 明屋書店 松前店,791-3110 愛媛県伊予郡松前町大字浜萱田1091-1 明屋書店松前店 1F,https://network.mobile.rakuten.co.jp/shop-detail/1063/,1063,2025-11-15,33.78273011933613,132.7132183895696,https://network.mobile.rakuten.co.jp/shopmaster-public/v1/shops,2026-08-17
rakuten,関東,茨城県,ケーズデンキ シーサイドひたちなか店,312-0005 茨城県ひたちなか市新光町30-1,https://network.mobile.rakuten.co.jp/shop-detail/2961/,2961,2018-02-19,36.404949,140.582016,https://network.mobile.rakuten.co.jp/shopmaster-public/v1/shops,2026-08-17
rakuten,関東,茨城県,ケーズデンキ たつのこまち龍ケ崎モール店,301-0854 茨城県龍ケ崎市中里2丁目1-2,https://network.mobile.rakuten.co.jp/shop-detail/8874/,8874,2025-10-17,35.931459404931,140.2024898868193,https://network.mobile.rakuten.co.jp/shopmaster-public/v1/shops,2026-08-17
rakuten,関東,茨城県,ケーズデンキ つくばみらい店,300-2445 茨城県つくばみらい市小絹字東中宿708-1,https://network.mobile.rakuten.co.jp/shop-detail/8854/,8854,2025-10-17,35.98287161632041,139.98242197084735,https://network.mobile.rakuten.co.jp/shopmaster-public/v1/shops,2026-08-17
rakuten,関東,茨城県,ケーズデンキ つくば研究学園店,305-0817 茨城県つくば市研究学園4丁目4-1,https://network.mobile.rakuten.co.jp/shop-detail/1251/,1251,2016-03-10,36.086647,140.076063,https://network.mobile.rakuten.co.jp/shopmaster-public/v1/shops,2026-08-17
rakuten,関東,茨城県,ケーズデンキ ひたち野うしく店,300-1206 茨城県牛久市ひたち野西4丁目1-2,https://network.mobile.rakuten.co.jp/shop-detail/8876/,8876,2025-10-24,36.011433450172724,140.1457587135481,https://network.mobile.rakuten.co.jp/shopmaster-public/v1/shops,2026-08-17
rakuten,関東,茨城県,ケーズデンキ 神栖店,314-0146 茨城県神栖市平泉2-120,https://network.mobile.rakuten.co.jp/shop-detail/2971/,2971,2018-02-19,35.913327,140.639723,https://network.mobile.rakuten.co.jp/shopmaster-public/v1/shops,2026-08-17
rakuten,関東,茨城県,ケーズデンキ 水戸本店,310-0836 茨城県水戸市元吉田町上千束1944-12,https://network.mobile.rakuten.co.jp/shop-detail/1241/,1241,2016-03-10,36.339100,140.481694,https://network.mobile.rakuten.co.jp/shopmaster-public/v1/shops,2026-08-17
rakuten,関東,茨城県,ケーズデンキ 石岡店,315-0031 茨城県石岡市東大橋字中峯1937-1,https://network.mobile.rakuten.co.jp/shop-detail/8961/,8961,2025-11-08,36.19939849773808,140.30481391837117,https://network.mobile.rakuten.co.jp/shopmaster-public/v1/shops,2026-08-17
rakuten,関東,茨城県,ケーズデンキ 土浦真鍋店,300-0051 茨城県土浦市真鍋1丁目1083-1,https://network.mobile.rakuten.co.jp/shop-detail/8877/,8877,2025-10-24,36.087594626317724,140.20568104711992,https://network.mobile.rakuten.co.jp/shopmaster-public/v1/shops,2026-08-17
rakuten,関東,茨城県,ケーズデンキ 那珂店,311-0105 茨城県那珂市菅谷1620-1,https://network.mobile.rakuten.co.jp/shop-detail/8445/,8445,2022-10-05,36.43080578,140.5133671,https://network.mobile.rakuten.co.jp/shopmaster-public/v1/shops,2026-08-17
rakuten,関東,茨城県,ケーズデンキ 日立北店,317-0053 茨城県日立市滑川町1丁目12-10,https://network.mobile.rakuten.co.jp/shop-detail/8954/,8954,2025-10-31,36.61141268007429,140.66845315614808,https://network.mobile.rakuten.co.jp/shopmaster-public/v1/shops,2026-08-17
rakuten,関東,茨城県,テックランドNew日立店,317-0052 茨城県日立市東滑川町5丁目1-4 SEAMARKSQUARE内,https://network.mobile.rakuten.co.jp/shop-detail/8944/,8944,2025-11-08,36.61611359735876,140.67750278332468,https://network.mobile.rakuten.co.jp/shopmaster-public/v1/shops,2026-08-17
rakuten,関東,茨城県,テックランドNew龍ヶ崎店,301-0044 茨城県龍ケ崎市小柴5-1-2 サプラモール 2F,https://network.mobile.rakuten.co.jp/shop-detail/8719/,8719,2025-09-26,35.93304096,140.1603725,https://network.mobile.rakuten.co.jp/shopmaster-public/v1/shops,2026-08-17
rakuten,関東,茨城県,テックランド古河店,306-0233 茨城県古河市西牛谷1002-1,https://network.mobile.rakuten.co.jp/shop-detail/8861/,8861,2025-10-25,36.20228768,139.7364923,https://network.mobile.rakuten.co.jp/shopmaster-public/v1/shops,2026-08-17
rakuten,関東,茨城県,テックランド水戸本店,310-0852 茨城県水戸市笠原町209,https://network.mobile.rakuten.co.jp/shop-detail/8847/,8847,2025-10-18,36.34779625158342,140.45857730540808,https://network.mobile.rakuten.co.jp/shopmaster-public/v1/shops,2026-08-17
rakuten,関東,茨城県,ビックカメラ 水戸駅店,310-0015 茨城県水戸市宮町1丁目7-31 エクセルみなみ4F・5F,https://network.mobile.rakuten.co.jp/shop-detail/6621/,6621,2019-06-11,36.370136,140.476993,https://network.mobile.rakuten.co.jp/shopmaster-public/v1/shops,2026-08-17
rakuten,関東,茨城県,楽天モバイル MEGAドン・キホーテ上水戸店,310-0041 茨城県水戸市上水戸2丁目9-10 MEGAドン・キホーテ上水戸店,https://network.mobile.rakuten.co.jp/shop-detail/8750/,8750,2025-09-22,36.38969511,140.4458022,https://network.mobile.rakuten.co.jp/shopmaster-public/v1/shops,2026-08-17
rakuten,関東,茨城県,楽天モバイル SEA MARK SQUARE日立店,317-0052 茨城県日立市東滑川町5丁目地内 SEA MARK SQUARE 2F 212区画,https://network.mobile.rakuten.co.jp/shop-detail/1117/,1117,2025-11-28,36.617064,140.6773379,https://network.mobile.rakuten.co.jp/shopmaster-public/v1/shops,2026-08-17
rakuten,関東,茨城県,楽天モバイル あかやまJOY古河店,306-0004 茨城県古河市雷電町1-18 ショッピングセンターあかやまJOY 1F 107区画,https://network.mobile.rakuten.co.jp/shop-detail/1023/,1023,2025-11-20,36.198875,139.712889,https://network.mobile.rakuten.co.jp/shopmaster-public/v1/shops,2026-08-17
rakuten,関東,茨城県,楽天モバイル イーアスつくば店,305-0817 茨城県つくば市研究学園5丁目19 イーアスつくば 1F,https://network.mobile.rakuten.co.jp/shop-detail/8578/,8578,2025-08-12,36.086418,140.083546,https://network.mobile.rakuten.co.jp/shopmaster-public/v1/shops,2026-08-17
rakuten,関東,茨城県,楽天モバイル イオンタウン守谷店,302-0110 茨城県守谷市百合ヶ丘3丁目249-1 イオンタウン守谷 1F 131区画,https://network.mobile.rakuten.co.jp/shop-detail/7933/,7933,2022-01-07,35.9449965,139.990764,https://network.mobile.rakuten.co.jp/shopmaster-public/v1/shops,2026-08-17
rakuten,関東,茨城県,楽天モバイル イオンモールつくば店,305-0071 茨城県つくば市稲岡66-1 イオンモールつくば3F,https://network.mobile.rakuten.co.jp/shop-detail/6031/,6031,2019-04-30,36.035225,140.133021,https://network.mobile.rakuten.co.jp/shopmaster-public/v1/shops,2026-08-17
rakuten,関東,茨城県,楽天モバイル イオンモール下妻店,304-0033 茨城県下妻市堀篭972-1 イオンモール下妻 1F,https://network.mobile.rakuten.co.jp/shop-detail/1414/,1414,2026-02-20,36.18987511,139.9896877,https://network.mobile.rakuten.co.jp/shopmaster-public/v1/shops,2026-08-17
rakuten,関東,茨城県,楽天モバイル イオンモール水戸内原店,319-0317 茨城県水戸市内原2丁目1 イオンモール水戸内原 3F,https://network.mobile.rakuten.co.jp/shop-detail/8335/,8335,2022-04-22,36.37514493,140.3592738,https://network.mobile.rakuten.co.jp/shopmaster-public/v1/shops,2026-08-17
rakuten,関東,茨城県,楽天モバイル イオンモール土浦店,300-0811 茨城県土浦市上高津367 イオンモール土浦3F,https://network.mobile.rakuten.co.jp/shop-detail/6841/,6841,2019-07-19,36.080211,140.180740,https://network.mobile.rakuten.co.jp/shopmaster-public/v1/shops,2026-08-17
rakuten,関東,茨城県,楽天モバイル イオン笠間店,309-1616 茨城県笠間市赤坂8 イオン笠間店 2F,https://network.mobile.rakuten.co.jp/shop-detail/1177/,1177,2025-12-01,36.3916847,140.2517683,https://network.mobile.rakuten.co.jp/shopmaster-public/v1/shops,2026-08-17
rakuten,関東,茨城県,楽天モバイル エスカード牛久店,300-1221 茨城県牛久市牛久町280 エスカード牛久 1F,https://network.mobile.rakuten.co.jp/shop-detail/8893/,8893,2025-10-23,35.9754862,140.1401022,https://network.mobile.rakuten.co.jp/shopmaster-public/v1/shops,2026-08-17
rakuten,関東,茨城県,楽天モバイル ショッピングガーデン アクロス鉾田店,311-1522 茨城県鉾田市塔ケ崎1017-1 ショッピングガーデンアクロス 1F,https://network.mobile.rakuten.co.jp/shop-detail/1160/,1160,2025-12-01,36.1530208,140.4953398,https://network.mobile.rakuten.co.jp/shopmaster-public/v1/shops,2026-08-17
rakuten,関東,茨城県,楽天モバイル チェリオ鹿嶋店,314-0031 茨城県鹿嶋市宮中290-1 ショッピングセンター チェリオ 1F,https://network.mobile.rakuten.co.jp/shop-detail/1335/,1335,2025-12-24,35.9601363,140.6439741,https://network.mobile.rakuten.co.jp/shopmaster-public/v1/shops,2026-08-17
rakuten,関東,茨城県,楽天モバイル トナリエつくば店,305-0031 茨城県つくば市吾妻1丁目6-1 トナリエつくばスクエア　Q't 2F,https://network.mobile.rakuten.co.jp/shop-detail/8921/,8921,2025-10-29,36.08175781,140.11162307,https://network.mobile.rakuten.co.jp/shopmaster-public/v1/shops,2026-08-17
rakuten,関東,茨城県,楽天モバイル トレーラーショップ道の駅まくらがの里こが店,306-0111 茨城県古河市大和田2623,https://network.mobile.rakuten.co.jp/shop-detail/8818/,8818,2025-10-30,36.192125949940944,139.78952277037305,https://network.mobile.rakuten.co.jp/shopmaster-public/v1/shops,2026-08-17
rakuten,関東,茨城県,楽天モバイル ベイシア高萩モール店,318-0003 茨城県高萩市下手綱ヤワコ田1058 ベイシア高萩モール 1F,https://network.mobile.rakuten.co.jp/shop-detail/1126/,1126,2025-11-29,36.728328,140.715613,https://network.mobile.rakuten.co.jp/shopmaster-public/v1/shops,2026-08-17
rakuten,関東,茨城県,楽天モバイル ヨークベニマル水戸笠原店,310-0914 茨城県水戸市小吹町字新山2582-2 ヨークベニマル水戸笠原 1F,https://network.mobile.rakuten.co.jp/shop-detail/1004/,1004,2025-11-17,36.34065361114678,140.43677923839047,https://network.mobile.rakuten.co.jp/shopmaster-public/v1/shops,2026-08-17
rakuten,関東,茨城県,楽天モバイル 蔦屋書店ひたちなか店,312-0005 茨城県ひたちなか市新光町30-4,https://network.mobile.rakuten.co.jp/shop-detail/8721/,8721,2025-09-18,36.4073742633244,140.584364284025,https://network.mobile.rakuten.co.jp/shopmaster-public/v1/shops,2026-08-17
rakuten,関東,茨城県,楽天モバイル 蔦屋書店龍ケ崎店,301-0854 茨城県龍ケ崎市中里2丁目1-2,https://network.mobile.rakuten.co.jp/shop-detail/8723/,8723,2025-09-18,35.9299429479374,140.203062209137,https://network.mobile.rakuten.co.jp/shopmaster-public/v1/shops,2026-08-17
rakuten,中国,岡山県,YAMADA web.com 東岡山店,703-8225 岡山県岡山市中区神下187番地,https://network.mobile.rakuten.co.jp/shop-detail/8623/,8623,2025-08-09,34.67708185656046,133.98227046444873,https://network.mobile.rakuten.co.jp/shopmaster-public/v1/shops,2026-08-17
rakuten,中国,岡山県,エディオン 岡山本店,700-0973 岡山県岡山市北区下中野441,https://network.mobile.rakuten.co.jp/shop-detail/1476/,1476,2026-04-03,34.63727631033995,133.90378705423703,https://network.mobile.rakuten.co.jp/shopmaster-public/v1/shops,2026-08-17
rakuten,中国,岡山県,エディオン 児島店,711-0921 岡山県倉敷市児島駅前1丁目1,https://network.mobile.rakuten.co.jp/shop-detail/1045/,1045,2026-02-27,34.4638956,133.8068331,https://network.mobile.rakuten.co.jp/shopmaster-public/v1/shops,2026-08-17
rakuten,中国,岡山県,エディオン 倉敷南店,712-8011 岡山県倉敷市連島町連島479-1,https://network.mobile.rakuten.co.jp/shop-detail/8919/,8919,2025-10-30,34.55564768,133.7458189,https://network.mobile.rakuten.co.jp/shopmaster-public/v1/shops,2026-08-17
rakuten,中国,岡山県,エディオン 倉敷本店,710-0834 岡山県倉敷市笹沖1209-1,https://network.mobile.rakuten.co.jp/shop-detail/0781/,0781,2015-11-19,34.578958,133.768507,https://network.mobile.rakuten.co.jp/shopmaster-public/v1/shops,2026-08-17
rakuten,中国,岡山県,エディオン 津山本店,708-0841 岡山県津山市川崎147,https://network.mobile.rakuten.co.jp/shop-detail/3581/,3581,2018-06-22,35.0605319,134.028792,https://network.mobile.rakuten.co.jp/shopmaster-public/v1/shops,2026-08-17
rakuten,中国,岡山県,エディオン 東川原店,703-8255 岡山県岡山市中区東川原215-1,https://network.mobile.rakuten.co.jp/shop-detail/4241/,4241,2018-08-24,34.6754022,133.945003,https://network.mobile.rakuten.co.jp/shopmaster-public/v1/shops,2026-08-17
rakuten,中国,岡山県,ケーズデンキ 岡山西大寺店,704-8117 岡山県岡山市東区西大寺南1丁目2-1,https://network.mobile.rakuten.co.jp/shop-detail/8632/,8632,2025-08-01,34.65255488826259,134.02868494778718,https://network.mobile.rakuten.co.jp/shopmaster-public/v1/shops,2026-08-17
rakuten,中国,岡山県,ケーズデンキ 岡山大安寺店,700-0064 岡山県岡山市北区大安寺南町2丁目3-43,https://network.mobile.rakuten.co.jp/shop-detail/4421/,4421,2018-08-30,34.658752,133.885879,https://network.mobile.rakuten.co.jp/shopmaster-public/v1/shops,2026-08-17
rakuten,中国,岡山県,テックランド 岡山下中野店,700-0973 岡山県岡山市北区下中野377-1,https://network.mobile.rakuten.co.jp/shop-detail/8368/,8368,2022-05-13,34.63855349,133.9052016,https://network.mobile.rakuten.co.jp/shopmaster-public/v1/shops,2026-08-17
rakuten,中国,岡山県,テックランドNew岡南店,700-0943 岡山県岡山市南区新福1丁目2-10,https://network.mobile.rakuten.co.jp/shop-detail/8656/,8656,2025-08-23,34.631043269247016,133.9326137460997,https://network.mobile.rakuten.co.jp/shopmaster-public/v1/shops,2026-08-17
rakuten,中国,岡山県,テックランド岡山本店,700-0953 岡山県岡山市南区西市628-1,https://network.mobile.rakuten.co.jp/shop-detail/8657/,8657,2025-08-30,34.630675181575484,133.89374065981542,https://network.mobile.rakuten.co.jp/shopmaster-public/v1/shops,2026-08-17
rakuten,中国,岡山県,ビックカメラ 岡山駅前店,700-0023 岡山県岡山市北区駅前町1丁目1-1,https://network.mobile.rakuten.co.jp/shop-detail/4351/,4351,2018-08-23,34.666102,133.919980,https://network.mobile.rakuten.co.jp/shopmaster-public/v1/shops,2026-08-17
rakuten,中国,岡山県,楽天モバイル Ｐ.モール雄町店,703-8204 岡山県岡山市中区雄町266-1,https://network.mobile.rakuten.co.jp/shop-detail/8683/,8683,2025-08-23,34.685783961131406,133.97434274053026,https://network.mobile.rakuten.co.jp/shopmaster-public/v1/shops,2026-08-17
rakuten,中国,岡山県,楽天モバイル アリオ倉敷店,710-0813 岡山県倉敷市寿町12-2 アリオ倉敷 1F,https://network.mobile.rakuten.co.jp/shop-detail/8529/,8529,2025-02-28,34.6028051968598,133.76387035405,https://network.mobile.rakuten.co.jp/shopmaster-public/v1/shops,2026-08-17
rakuten,中国,岡山県,楽天モバイル イオンモール岡山店,700-0907 岡山県岡山市北区下石井1丁目2-1 イオンモール岡山4F,https://network.mobile.rakuten.co.jp/shop-detail/2551/,2551,2017-08-04,34.662100,133.917779,https://network.mobile.rakuten.co.jp/shopmaster-public/v1/shops,2026-08-17
rakuten,中国,岡山県,楽天モバイル イオンモール倉敷店,710-8560 岡山県倉敷市水江1 イオンモール倉敷2F 2154区画,https://network.mobile.rakuten.co.jp/shop-detail/7820/,7820,2021-08-27,34.60411102,133.7466466,https://network.mobile.rakuten.co.jp/shopmaster-public/v1/shops,2026-08-17
rakuten,中国,岡山県,楽天モバイル ショッピングモールメルカ店,706-0011 岡山県玉野市宇野1丁目38-1 ショッピングモールメルカ 2F 205区画,https://network.mobile.rakuten.co.jp/shop-detail/1163/,1163,2025-12-24,34.491937599735635,133.9448576337749,https://network.mobile.rakuten.co.jp/shopmaster-public/v1/shops,2026-08-17
rakuten,中国,岡山県,楽天モバイル 岡山表町店,700-0822 岡山県岡山市北区表町2丁目3-12,https://network.mobile.rakuten.co.jp/shop-detail/8701/,8701,2025-08-30,34.662296944318825,133.93023606746775,https://network.mobile.rakuten.co.jp/shopmaster-public/v1/shops,2026-08-17
rakuten,中国,岡山県,楽天モバイル 岡山平井店,703-8282 岡山県岡山市中区平井6丁目11-22 OKANOⅡ 1F,https://network.mobile.rakuten.co.jp/shop-detail/1087/,1087,2025-11-27,34.63788125133819,133.94165834899087,https://network.mobile.rakuten.co.jp/shopmaster-public/v1/shops,2026-08-17
rakuten,中国,岡山県,楽天モバイル 岡山問屋町店,700-0977 岡山県岡山市北区問屋町27-107 1F,https://network.mobile.rakuten.co.jp/shop-detail/1253/,1253,2025-12-12,34.64508976363403,133.8871740164947,https://network.mobile.rakuten.co.jp/shopmaster-public/v1/shops,2026-08-17
rakuten,中国,岡山県,楽天モバイル 倉敷沖新店,710-0837 岡山県倉敷市沖新町83-6,https://network.mobile.rakuten.co.jp/shop-detail/1267/,1267,2025-12-14,34.58110979213579,133.75608391551236,https://network.mobile.rakuten.co.jp/shopmaster-public/v1/shops,2026-08-17
rakuten,中国,岡山県,楽天モバイル 倉敷平田店,710-0003 岡山県倉敷市平田278-1 平田テナント 1F,https://network.mobile.rakuten.co.jp/shop-detail/1120/,1120,2025-11-29,34.616764,133.777669,https://network.mobile.rakuten.co.jp/shopmaster-public/v1/shops,2026-08-17
rakuten,中国,岡山県,楽天モバイル 津山上紺屋町店,708-0076 岡山県津山市上紺屋町1 MOST21 1F,https://network.mobile.rakuten.co.jp/shop-detail/8899/,8899,2025-10-24,35.06138648858153,133.9977643341151,https://network.mobile.rakuten.co.jp/shopmaster-public/v1/shops,2026-08-17
rakuten,中国,岡山県,楽天モバイル 天満屋ハピータウン リブ総社店,719-1156 岡山県総社市門田187 天満屋ハピータウン リブ総社 1F,https://network.mobile.rakuten.co.jp/shop-detail/1325/,1325,2025-12-24,34.6766398,133.7416592,https://network.mobile.rakuten.co.jp/shopmaster-public/v1/shops,2026-08-17
rakuten,中国,岡山県,楽天モバイル 天満屋ハピータウン 鴨方店,719-0252 岡山県浅口市鴨方町六条院中2128-1 天満屋ハピータウン 鴨方店 1F,https://network.mobile.rakuten.co.jp/shop-detail/1090/,1090,2026-01-16,34.52384308610151,133.58247097149277,https://network.mobile.rakuten.co.jp/shopmaster-public/v1/shops,2026-08-17
rakuten,中国,岡山県,楽天モバイル 杜の街グレース店,700-0907 岡山県岡山市北区下石井2丁目10-8 杜の街プラザ 2F C2-3区画,https://network.mobile.rakuten.co.jp/shop-detail/1197/,1197,2025-11-27,34.65811389036962,133.918363501473,https://network.mobile.rakuten.co.jp/shopmaster-public/v1/shops,2026-08-17
rakuten,中国,岡山県,楽天モバイル 奉還町店,700-0026 岡山県岡山市北区奉還町2丁目15-1,https://network.mobile.rakuten.co.jp/shop-detail/1187/,1187,2025-12-01,34.669192218430034,133.91737774770118,https://network.mobile.rakuten.co.jp/shopmaster-public/v1/shops,2026-08-17
rakuten,沖縄,沖縄県,エディオン しおざきシティ店,901-0364 沖縄県糸満市潮崎町2-2,https://network.mobile.rakuten.co.jp/shop-detail/8119/,8119,2022-02-01,26.124186,127.668748,https://network.mobile.rakuten.co.jp/shopmaster-public/v1/shops,2026-08-17
rakuten,沖縄,沖縄県,エディオン つかざんシティ店,901-1117 沖縄県島尻郡南風原町津嘉山1471-2,https://network.mobile.rakuten.co.jp/shop-detail/8121/,8121,2022-02-01,26.19061788,127.7097106,https://network.mobile.rakuten.co.jp/shopmaster-public/v1/shops,2026-08-17
rakuten,沖縄,沖縄県,エディオン 為又シティ店,905-0005 沖縄県名護市為又904-5 サンエー為又シティ内,https://network.mobile.rakuten.co.jp/shop-detail/7121/,7121,2019-09-06,26.608340,127.982110,https://network.mobile.rakuten.co.jp/shopmaster-public/v1/shops,2026-08-17
rakuten,沖縄,沖縄県,エディオン 浦添パルコシティ店,901-2123 沖縄県浦添市西洲3丁目1-1 浦添パルコシティ1F,https://network.mobile.rakuten.co.jp/shop-detail/8253/,8253,2022-03-15,26.26205689,127.6975646,https://network.mobile.rakuten.co.jp/shopmaster-public/v1/shops,2026-08-17
rakuten,沖縄,沖縄県,エディオン 宜野湾コンベンションシティ店,901-2227 沖縄県宜野湾市宇地泊3丁目6-1 サンエー 宜野湾コンベンションシティ内,https://network.mobile.rakuten.co.jp/shop-detail/5521/,5521,2018-12-21,26.274737,127.729602,https://network.mobile.rakuten.co.jp/shopmaster-public/v1/shops,2026-08-17
rakuten,沖縄,沖縄県,エディオン 具志川メインシティ店,904-2244 沖縄県うるま市江洲450-1 サンエー具志川メインシティ内,https://network.mobile.rakuten.co.jp/shop-detail/3191/,3191,2018-04-13,26.3528438,127.825872,https://network.mobile.rakuten.co.jp/shopmaster-public/v1/shops,2026-08-17
rakuten,沖縄,沖縄県,エディオン 経塚シティ店,901-2111 沖縄県浦添市経塚652,https://network.mobile.rakuten.co.jp/shop-detail/4041/,4041,2018-07-28,26.2376904,127.722761,https://network.mobile.rakuten.co.jp/shopmaster-public/v1/shops,2026-08-17
rakuten,沖縄,沖縄県,エディオン 西原シティ店,903-0102 沖縄県中頭郡西原町字嘉手苅130,https://network.mobile.rakuten.co.jp/shop-detail/4411/,4411,2018-08-31,26.223989,127.764480,https://network.mobile.rakuten.co.jp/shopmaster-public/v1/shops,2026-08-17
rakuten,沖縄,沖縄県,エディオン 那覇メインプレイス店,900-0006 沖縄県那覇市おもろまち4丁目4-9,https://network.mobile.rakuten.co.jp/shop-detail/1461/,1461,2016-06-28,26.225571,127.695688,https://network.mobile.rakuten.co.jp/shopmaster-public/v1/shops,2026-08-17
rakuten,沖縄,沖縄県,エディオン 豊見城ウイングシティ店,901-0242 沖縄県豊見城市字高安261-2 サンエー豊見城ウィングシティ内B1,https://network.mobile.rakuten.co.jp/shop-detail/8254/,8254,2022-03-15,26.1753048,127.6888658,https://network.mobile.rakuten.co.jp/shopmaster-public/v1/shops,2026-08-17
rakuten,沖縄,沖縄県,コジマ×ビックカメラ イーアス沖縄豊崎店,901-0225 沖縄県豊見城市豊崎3-35 iias沖縄 1F,https://network.mobile.rakuten.co.jp/shop-detail/1483/,1483,2026-04-17,26.1572507594134,127.65054751544326,https://network.mobile.rakuten.co.jp/shopmaster-public/v1/shops,2026-08-17
rakuten,沖縄,沖縄県,コジマ×ビックカメラ 那覇店,900-0003 沖縄県那覇市字安謝664-5,https://network.mobile.rakuten.co.jp/shop-detail/8588/,8588,2025-08-27,26.24069128701962,127.69004511800773,https://network.mobile.rakuten.co.jp/shopmaster-public/v1/shops,2026-08-17
rakuten,沖縄,沖縄県,テックランド那覇本店,900-0006 沖縄県那覇市おもろまち2丁目5-33,https://network.mobile.rakuten.co.jp/shop-detail/8661/,8661,2025-08-30,26.226407275324654,127.69185577605265,https://network.mobile.rakuten.co.jp/shopmaster-public/v1/shops,2026-08-17
rakuten,沖縄,沖縄県,ベスト電器 イオン具志川店,904-2235 沖縄県うるま市字前原幸崎原303番地 イオン具志川SC内,https://network.mobile.rakuten.co.jp/shop-detail/8592/,8592,2025-07-05,26.33891573760307,127.84535232557023,https://network.mobile.rakuten.co.jp/shopmaster-public/v1/shops,2026-08-17
rakuten,沖縄,沖縄県,ベスト電器 イオン那覇店,901-0155 沖縄県那覇市金城5丁目10-2,https://network.mobile.rakuten.co.jp/shop-detail/8403/,8403,2022-06-24,26.19771242,127.6659942,https://network.mobile.rakuten.co.jp/shopmaster-public/v1/shops,2026-08-17
rakuten,沖縄,沖縄県,ベスト電器 イオン南風原店,901-1104 沖縄県島尻郡南風原町字宮平264,https://network.mobile.rakuten.co.jp/shop-detail/8404/,8404,2022-06-24,26.20145219,127.7387344,https://network.mobile.rakuten.co.jp/shopmaster-public/v1/shops,2026-08-17
rakuten,沖縄,沖縄県,楽天モバイル イーアス沖縄豊崎店,901-0225 沖縄県豊見城市豊崎3-35 イーアス沖縄豊崎 3F,https://network.mobile.rakuten.co.jp/shop-detail/1388/,1388,2026-01-26,26.157897,127.6513276,https://network.mobile.rakuten.co.jp/shopmaster-public/v1/shops,2026-08-17
rakuten,沖縄,沖縄県,楽天モバイル イオンタウン南城大里店,901-1205 沖縄県南城市大里高平972 イオンタウン南城大里,https://network.mobile.rakuten.co.jp/shop-detail/8790/,8790,2025-09-30,26.173743,127.7448518,https://network.mobile.rakuten.co.jp/shopmaster-public/v1/shops,2026-08-17
rakuten,沖縄,沖縄県,楽天モバイル イオンモール沖縄ライカム店,901-2306 沖縄県中頭郡北中城村字ライカム1番地 イオンモール沖縄ライカム4F,https://network.mobile.rakuten.co.jp/shop-detail/7831/,7831,2021-09-17,26.31444,127.79583,https://network.mobile.rakuten.co.jp/shopmaster-public/v1/shops,2026-08-17
rakuten,沖縄,沖縄県,楽天モバイル うるま店,904-2214 沖縄県うるま市安慶名2丁目1-2 1F,https://network.mobile.rakuten.co.jp/shop-detail/1176/,1176,2025-12-01,26.37556565884438,127.85392997147609,https://network.mobile.rakuten.co.jp/shopmaster-public/v1/shops,2026-08-17
rakuten,沖縄,沖縄県,楽天モバイル カーゴス国際通り店,902-0067 沖縄県那覇市安里2丁目1-1 CARGOES（カーゴス）2F,https://network.mobile.rakuten.co.jp/shop-detail/8934/,8934,2025-10-31,26.217815653470872,127.69362016197856,https://network.mobile.rakuten.co.jp/shopmaster-public/v1/shops,2026-08-17
rakuten,沖縄,沖縄県,楽天モバイル タウンプラザかねひで 大宮市場店,905-0011 沖縄県名護市宮里6丁目8-18 タウンプラザかねひで 大宮市場 1F,https://network.mobile.rakuten.co.jp/shop-detail/1447/,1447,2026-06-15,26.60124374249935,127.97500009449077,https://network.mobile.rakuten.co.jp/shopmaster-public/v1/shops,2026-08-17
rakuten,沖縄,沖縄県,楽天モバイル タウンプラザかねひでコザ十字路市場店,904-0003 沖縄県沖縄市住吉1丁目1-4 タウンプラザかねひでコザ十字路市場 1F,https://network.mobile.rakuten.co.jp/shop-detail/1354/,1354,2025-12-25,26.3389097,127.8120267,https://network.mobile.rakuten.co.jp/shopmaster-public/v1/shops,2026-08-17
rakuten,沖縄,沖縄県,楽天モバイル 沖縄パルコシティ店,901-2123 沖縄県浦添市西洲3丁目1-1 パルコシティ3F,https://network.mobile.rakuten.co.jp/shop-detail/6681/,6681,2019-06-27,26.261839,127.698005,https://network.mobile.rakuten.co.jp/shopmaster-public/v1/shops,2026-08-17
rakuten,沖縄,沖縄県,楽天モバイル 宮古島店,906-0012 沖縄県宮古島市平良西里849-7 AZAMI７宮古島 1F,https://network.mobile.rakuten.co.jp/shop-detail/1460/,1460,2026-03-18,24.79734968381082,125.29678843940609,https://network.mobile.rakuten.co.jp/shopmaster-public/v1/shops,2026-08-17
rakuten,沖縄,沖縄県,楽天モバイル 経塚店,901-2111 沖縄県浦添市経塚608-1 1F,https://network.mobile.rakuten.co.jp/shop-detail/1297/,1297,2025-12-18,26.234177747960686,127.72278210369488,https://network.mobile.rakuten.co.jp/shopmaster-public/v1/shops,2026-08-17
rakuten,沖縄,沖縄県,楽天モバイル 糸満店,901-0303 沖縄県糸満市兼城339-8 2F,https://network.mobile.rakuten.co.jp/shop-detail/1067/,1067,2025-11-24,26.140919899323535,127.67111701099805,https://network.mobile.rakuten.co.jp/shopmaster-public/v1/shops,2026-08-17
rakuten,沖縄,沖縄県,楽天モバイル 石垣店,907-0004 沖縄県石垣市字登野城125,https://network.mobile.rakuten.co.jp/shop-detail/1376/,1376,2026-01-16,24.339487,124.160257,https://network.mobile.rakuten.co.jp/shopmaster-public/v1/shops,2026-08-17
rakuten,沖縄,沖縄県,楽天モバイル 那覇OPA店,900-0021 沖縄県那覇市泉崎1丁目20-1 カフーナ旭橋A街区 那覇OPA 2F,https://network.mobile.rakuten.co.jp/shop-detail/1507/,1507,2026-08-07,26.21124873260591,127.67704965250967,https://network.mobile.rakuten.co.jp/shopmaster-public/v1/shops,2026-08-17
rakuten,沖縄,沖縄県,楽天モバイル 那覇赤嶺店,901-0154 沖縄県那覇市赤嶺1丁目3-11 1F,https://network.mobile.rakuten.co.jp/shop-detail/1298/,1298,2025-12-18,26.19352856818844,127.66270738933429,https://network.mobile.rakuten.co.jp/shopmaster-public/v1/shops,2026-08-17
rakuten,東北,岩手県,Tecc LIFE SELECT 盛岡本店,020-0857 岩手県盛岡市北飯岡1丁目1-1,https://network.mobile.rakuten.co.jp/shop-detail/8124/,8124,2022-01-14,39.67933235,141.1345376,https://network.mobile.rakuten.co.jp/shopmaster-public/v1/shops,2026-08-17
rakuten,東北,岩手県,ケーズデンキ 一関店,021-0002 岩手県一関市中里荒谷50,https://network.mobile.rakuten.co.jp/shop-detail/8441/,8441,2022-10-01,38.93950449,141.1526387,https://network.mobile.rakuten.co.jp/shopmaster-public/v1/shops,2026-08-17
rakuten,東北,岩手県,ケーズデンキ 奥州水沢本店,023-0003 岩手県奥州市水沢佐倉河川原田65,https://network.mobile.rakuten.co.jp/shop-detail/2521/,2521,2017-07-21,39.145767,141.151226,https://network.mobile.rakuten.co.jp/shopmaster-public/v1/shops,2026-08-17
rakuten,東北,岩手県,ケーズデンキ 花巻店,025-0003 岩手県花巻市東宮野目12-18-17,https://network.mobile.rakuten.co.jp/shop-detail/8607/,8607,2025-09-01,39.40745184967568,141.12688212518376,https://network.mobile.rakuten.co.jp/shopmaster-public/v1/shops,2026-08-17
rakuten,東北,岩手県,ケーズデンキ 盛岡南店,020-0831 岩手県盛岡市三本柳五地割58,https://network.mobile.rakuten.co.jp/shop-detail/8573/,8573,2025-07-01,39.660456902052175,141.1627292679097,https://network.mobile.rakuten.co.jp/shopmaster-public/v1/shops,2026-08-17
rakuten,東北,岩手県,ケーズデンキ 盛岡北店,020-0133 岩手県盛岡市青山4丁目46-8,https://network.mobile.rakuten.co.jp/shop-detail/1225/,1225,2026-01-30,39.732705086568316,141.11594454825942,https://network.mobile.rakuten.co.jp/shopmaster-public/v1/shops,2026-08-17
rakuten,東北,岩手県,ケーズデンキ 北上店,024-0072 岩手県北上市北鬼柳31地割70,https://network.mobile.rakuten.co.jp/shop-detail/8374/,8374,2022-06-06,39.28391766,141.1045149,https://network.mobile.rakuten.co.jp/shopmaster-public/v1/shops,2026-08-17
rakuten,東北,岩手県,楽天モバイル monaka店,020-0871 岩手県盛岡市中ノ橋通1丁目6-8 monaka店 2F,https://network.mobile.rakuten.co.jp/shop-detail/8828/,8828,2025-10-09,39.69938481303756,141.15583863292076,https://network.mobile.rakuten.co.jp/shopmaster-public/v1/shops,2026-08-17
rakuten,東北,岩手県,楽天モバイル イオンスーパーセンター一関店,029-0131 岩手県一関市狐禅寺石ノ瀬11-1 イオンスーパーセンター一関 1F,https://network.mobile.rakuten.co.jp/shop-detail/1204/,1204,2025-12-08,38.93966703243204,141.15371007663038,https://network.mobile.rakuten.co.jp/shopmaster-public/v1/shops,2026-08-17
rakuten,東北,岩手県,楽天モバイル イオンタウン釜石店,026-0011 岩手県釜石市港町2丁目1-1 イオンタウン釜石 3F 316-1区画,https://network.mobile.rakuten.co.jp/shop-detail/8882/,8882,2025-10-31,39.2711827,141.8816309,https://network.mobile.rakuten.co.jp/shopmaster-public/v1/shops,2026-08-17
rakuten,東北,岩手県,楽天モバイル イオンモール盛岡店,020-0148 岩手県盛岡市前潟4丁目7-1 イオンモール盛岡 2F 217区画,https://network.mobile.rakuten.co.jp/shop-detail/1433/,1433,2026-05-29,39.71150405720357,141.0993594988261,https://network.mobile.rakuten.co.jp/shopmaster-public/v1/shops,2026-08-17
rakuten,東北,岩手県,楽天モバイル イオンモール盛岡南店,020-0866 岩手県盛岡市本宮7丁目1-1 イオンモール盛岡南3F,https://network.mobile.rakuten.co.jp/shop-detail/6881/,6881,2018-10-18,39.683869,141.128710,https://network.mobile.rakuten.co.jp/shopmaster-public/v1/shops,2026-08-17
rakuten,東北,岩手県,楽天モバイル コープアテルイ水沢店​,023-0003 岩手県奥州市水沢佐倉河東沖ノ目123 コープAterui 1F,https://network.mobile.rakuten.co.jp/shop-detail/1118/,1118,2025-11-28,39.14820578629488,141.15635831598036,https://network.mobile.rakuten.co.jp/shopmaster-public/v1/shops,2026-08-17
rakuten,東北,岩手県,楽天モバイル 盛岡フェザン店,020-0034 岩手県盛岡市盛岡駅前通1-44 盛岡駅ビル フェザン おでんせ館 1F 154区画,https://network.mobile.rakuten.co.jp/shop-detail/1380/,1380,2026-01-19,39.70142319841107,141.13640182824523,https://network.mobile.rakuten.co.jp/shopmaster-public/v1/shops,2026-08-17
rakuten,東海,岐阜県,Tecc LIFE SELECT イオンタウン大垣店,503-0808 岐阜県大垣市三塚町丹瀬463-1 イオンタウン大垣WEST館 1F,https://network.mobile.rakuten.co.jp/shop-detail/8539/,8539,2025-03-28,35.36522300577126,136.6286327109047,https://network.mobile.rakuten.co.jp/shopmaster-public/v1/shops,2026-08-17
rakuten,東海,岐阜県,エディオン 可児今渡店,509-0207 岐阜県可児市今渡840-2,https://network.mobile.rakuten.co.jp/shop-detail/4481/,4481,2018-09-07,35.431171,137.039085,https://network.mobile.rakuten.co.jp/shopmaster-public/v1/shops,2026-08-17
rakuten,東海,岐阜県,エディオン 関店,501-3247 岐阜県関市池田町1番地,https://network.mobile.rakuten.co.jp/shop-detail/1035/,1035,2026-01-30,35.496539759289405,136.90020761539986,https://network.mobile.rakuten.co.jp/shopmaster-public/v1/shops,2026-08-17
rakuten,東海,岐阜県,エディオン 高山店,506-0055 岐阜県高山市上岡本町7丁目93-1,https://network.mobile.rakuten.co.jp/shop-detail/8544/,8544,2025-04-15,36.144264,137.243457,https://network.mobile.rakuten.co.jp/shopmaster-public/v1/shops,2026-08-17
rakuten,東海,岐阜県,エディオン 多治見インター店,507-0051 岐阜県多治見市西坂町5丁目31-1,https://network.mobile.rakuten.co.jp/shop-detail/5401/,5401,2018-12-21,35.349665,137.104936,https://network.mobile.rakuten.co.jp/shopmaster-public/v1/shops,2026-08-17
rakuten,東海,岐阜県,エディオン 大垣ベルプラザ店,503-0026 岐阜県大垣市室村町3丁目74-5,https://network.mobile.rakuten.co.jp/shop-detail/1047/,1047,2025-11-28,35.36926619244833,136.61019199284868,https://network.mobile.rakuten.co.jp/shopmaster-public/v1/shops,2026-08-17
rakuten,東海,岐阜県,ケーズデンキ 岐阜宇佐店,500-8367 岐阜県岐阜市宇佐南1丁目7-1,https://network.mobile.rakuten.co.jp/shop-detail/3751/,3751,2018-06-28,35.397246,136.735763,https://network.mobile.rakuten.co.jp/shopmaster-public/v1/shops,2026-08-17
rakuten,東海,岐阜県,ケーズデンキ 美濃加茂店,505-0036 岐阜県美濃加茂市山手町2丁目92,https://network.mobile.rakuten.co.jp/shop-detail/4631/,4631,2018-09-27,35.450649,137.014034,https://network.mobile.rakuten.co.jp/shopmaster-public/v1/shops,2026-08-17
rakuten,東海,岐阜県,ジョーシン 各務原イオンモール店,504-0943 岐阜県各務原市那加萱場町3-8 イオンモール各務原インター 1F,https://network.mobile.rakuten.co.jp/shop-detail/8759/,8759,2025-10-09,35.3924558,136.8232036,https://network.mobile.rakuten.co.jp/shopmaster-public/v1/shops,2026-08-17
rakuten,東海,岐阜県,ジョーシン 多治見店,507-0022 岐阜県多治見市上山町1丁目176,https://network.mobile.rakuten.co.jp/shop-detail/3621/,3621,2018-06-28,35.339348,137.133957,https://network.mobile.rakuten.co.jp/shopmaster-public/v1/shops,2026-08-17
rakuten,東海,岐阜県,ジョーシン 大垣イオンモール店,503-0933 岐阜県大垣市外野2丁目100 イオンモール大垣1F,https://network.mobile.rakuten.co.jp/shop-detail/3471/,3471,2018-06-07,35.336727,136.614151,https://network.mobile.rakuten.co.jp/shopmaster-public/v1/shops,2026-08-17
rakuten,東海,岐阜県,ジョーシン 土岐イオンモール店,509-5122 岐阜県土岐市土岐津町土岐口1372-1 イオンモール土岐 2F,https://network.mobile.rakuten.co.jp/shop-detail/8447/,8447,2022-10-04,35.34692615,137.1541409,https://network.mobile.rakuten.co.jp/shopmaster-public/v1/shops,2026-08-17
rakuten,東海,岐阜県,テックランド マーサ21店,502-0882 岐阜県岐阜市正木中1丁目2-1 MASA21内北館2F,https://network.mobile.rakuten.co.jp/shop-detail/8456/,8456,2022-10-27,35.44819,136.74515,https://network.mobile.rakuten.co.jp/shopmaster-public/v1/shops,2026-08-17
rakuten,東海,岐阜県,テックランド岐阜本店,500-8384 岐阜県岐阜市薮田南4丁目11-7,https://network.mobile.rakuten.co.jp/shop-detail/8943/,8943,2025-11-08,35.393738,136.7191872,https://network.mobile.rakuten.co.jp/shopmaster-public/v1/shops,2026-08-17
rakuten,東海,岐阜県,楽天モバイル MEGAドン・キホーテUNY岐阜店,500-8462 岐阜県岐阜市加納神明町6丁目1 MEGAドン・キホーテUNY岐阜 2F,https://network.mobile.rakuten.co.jp/shop-detail/1054/,1054,2025-11-25,35.4014959082556,136.74888245764885,https://network.mobile.rakuten.co.jp/shopmaster-public/v1/shops,2026-08-17
rakuten,東海,岐阜県,楽天モバイル イオンタウン大垣店,503-0808 岐阜県大垣市三塚町丹瀬 463-1 イオンタウン大垣店 2F 220-1区画,https://network.mobile.rakuten.co.jp/shop-detail/1296/,1296,2025-12-20,35.365888692614625,136.6305111240889,https://network.mobile.rakuten.co.jp/shopmaster-public/v1/shops,2026-08-17
rakuten,東海,岐阜県,楽天モバイル イオンモール大垣店,503-0933 岐阜県大垣市外野2丁目100 イオンモール大垣2F,https://network.mobile.rakuten.co.jp/shop-detail/6581/,6581,2019-06-28,35.336885,136.614064,https://network.mobile.rakuten.co.jp/shopmaster-public/v1/shops,2026-08-17
rakuten,東海,岐阜県,楽天モバイル イオンモール土岐店,509-5122 岐阜県土岐市土岐津町土岐口1372-1 イオンモール土岐 1F,https://network.mobile.rakuten.co.jp/shop-detail/8440/,8440,2022-10-04,35.34582,137.15283,https://network.mobile.rakuten.co.jp/shopmaster-public/v1/shops,2026-08-17
rakuten,東海,岐阜県,楽天モバイル イオン柳津 出張販売店,501-6104 岐阜県岐阜市柳津町本郷4丁目1-1 イオン柳津　1F,https://network.mobile.rakuten.co.jp/shop-detail/8827/,8827,2025-10-10,35.3673438,136.7442507,https://network.mobile.rakuten.co.jp/shopmaster-public/v1/shops,2026-08-17
rakuten,東海,岐阜県,楽天モバイル カラフルタウン岐阜店,501-6115 岐阜県岐阜市柳津町丸野3丁目3-6 カラフルタウン岐阜1F 区画番号364番,https://network.mobile.rakuten.co.jp/shop-detail/7921/,7921,2021-12-17,35.36244287,136.7311291,https://network.mobile.rakuten.co.jp/shopmaster-public/v1/shops,2026-08-17
rakuten,東海,岐阜県,楽天モバイル サピーショッピングセンター美濃店,501-3753 岐阜県美濃市松森上竹下200番地 サピーショッピングセンター,https://network.mobile.rakuten.co.jp/shop-detail/8866/,8866,2025-10-20,35.53087644599665,136.9054146,https://network.mobile.rakuten.co.jp/shopmaster-public/v1/shops,2026-08-17
rakuten,東海,岐阜県,楽天モバイル ジョーシンギア各務原イオンモール店,504-0943 岐阜県各務原市那加萱場町3丁目8 イオンモール各務原3F,https://network.mobile.rakuten.co.jp/shop-detail/2091/,2091,2017-03-30,35.392359,136.823224,https://network.mobile.rakuten.co.jp/shopmaster-public/v1/shops,2026-08-17
rakuten,東海,岐阜県,楽天モバイル バロー大垣南店,503-0932 岐阜県大垣市本今町字西ノ側1639-1 バロー大垣南 1F,https://network.mobile.rakuten.co.jp/shop-detail/8757/,8757,2026-01-21,35.33906038761612,136.6128776097823,https://network.mobile.rakuten.co.jp/shopmaster-public/v1/shops,2026-08-17
rakuten,東海,岐阜県,楽天モバイル プラティ多治見店,507-0033 岐阜県多治見市本町1丁目122 プラティ多治見2F 203-3a区画,https://network.mobile.rakuten.co.jp/shop-detail/8724/,8724,2025-09-08,35.33460141197914,137.1211522,https://network.mobile.rakuten.co.jp/shopmaster-public/v1/shops,2026-08-17
rakuten,東海,岐阜県,楽天モバイル モレラ岐阜店,501-0406 岐阜県本巣市三橋1100 モレラ岐阜 １F　ホワイトゲート東入口,https://network.mobile.rakuten.co.jp/shop-detail/1971/,1971,2017-02-17,35.455675,136.673797,https://network.mobile.rakuten.co.jp/shopmaster-public/v1/shops,2026-08-17
rakuten,東海,岐阜県,楽天モバイル ヨシヅヤ可児店,509-0203 岐阜県可児市下恵土5750 ヨシヅヤ可児店 1F,https://network.mobile.rakuten.co.jp/shop-detail/1106/,1106,2025-11-26,35.41491346007095,137.0504021844452,https://network.mobile.rakuten.co.jp/shopmaster-public/v1/shops,2026-08-17
rakuten,東海,岐阜県,楽天モバイル ラスパ御嵩店,505-0126 岐阜県可児郡御嵩町上恵土1052-1 ラスパ御嵩　1F,https://network.mobile.rakuten.co.jp/shop-detail/8968/,8968,2025-11-09,35.433972,137.070517,https://network.mobile.rakuten.co.jp/shopmaster-public/v1/shops,2026-08-17
rakuten,東海,岐阜県,楽天モバイル ルビットタウン高山店,506-0054 岐阜県高山市岡本町3丁目18-2 2F エレベーター前,https://network.mobile.rakuten.co.jp/shop-detail/8756/,8756,2025-10-16,36.14943365246345,137.24708585490367,https://network.mobile.rakuten.co.jp/shopmaster-public/v1/shops,2026-08-17
rakuten,東海,岐阜県,楽天モバイル ルビットタウン中津川店,508-0034 岐阜県中津川市淀川町3-8 ルビットタウン中津川 2F 203区画,https://network.mobile.rakuten.co.jp/shop-detail/1436/,1436,2026-06-05,35.497836,137.507657,https://network.mobile.rakuten.co.jp/shopmaster-public/v1/shops,2026-08-17
rakuten,東海,岐阜県,楽天モバイル 平和堂高富店,501-2113 岐阜県山県市高木1473 平和堂高富店 1F,https://network.mobile.rakuten.co.jp/shop-detail/1350/,1350,2025-12-25,35.50508918,136.7898978,https://network.mobile.rakuten.co.jp/shopmaster-public/v1/shops,2026-08-17
rakuten,九州,宮崎県,エディオン 宮崎本店,880-0905 宮崎県宮崎市中村西3丁目94-1,https://network.mobile.rakuten.co.jp/shop-detail/2331/,2331,2017-05-31,31.895382,131.416242,https://network.mobile.rakuten.co.jp/shopmaster-public/v1/shops,2026-08-17
rakuten,九州,宮崎県,エディオン 都城吉尾店,885-0006 宮崎県都城市吉尾町6099,https://network.mobile.rakuten.co.jp/shop-detail/5411/,5411,2018-12-14,31.756511,131.084377,https://network.mobile.rakuten.co.jp/shopmaster-public/v1/shops,2026-08-17
rakuten,九州,宮崎県,ケーズデンキ クロスモール花ケ島店,880-0036 宮崎県宮崎市花ケ島町鴨ノ丸826-3,https://network.mobile.rakuten.co.jp/shop-detail/1386/,1386,2026-01-29,31.9551455,131.4360526,https://network.mobile.rakuten.co.jp/shopmaster-public/v1/shops,2026-08-17
rakuten,九州,宮崎県,テックランド宮崎花ヶ島店,880-0036 宮崎県宮崎市花ヶ島町瀬々町2600,https://network.mobile.rakuten.co.jp/shop-detail/8630/,8630,2025-08-09,31.9481011598134,131.4301093511866,https://network.mobile.rakuten.co.jp/shopmaster-public/v1/shops,2026-08-17
rakuten,九州,宮崎県,テックランド都城店,885-0006 宮崎県都城市吉尾町1-1,https://network.mobile.rakuten.co.jp/shop-detail/8859/,8859,2025-10-25,31.751583498050117,131.07887103151506,https://network.mobile.rakuten.co.jp/shopmaster-public/v1/shops,2026-08-17
rakuten,九州,宮崎県,ベスト電器 都城店,885-0023 宮崎県都城市栄町4672-5,https://network.mobile.rakuten.co.jp/shop-detail/8407/,8407,2022-07-08,31.73544811,131.0811666,https://network.mobile.rakuten.co.jp/shopmaster-public/v1/shops,2026-08-17
rakuten,九州,宮崎県,楽天モバイル イオンモール宮崎店,880-0834 宮崎県宮崎市新別府町江口862-1 2F,https://network.mobile.rakuten.co.jp/shop-detail/8515/,8515,2024-09-30,31.923347,131.456394,https://network.mobile.rakuten.co.jp/shopmaster-public/v1/shops,2026-08-17
rakuten,九州,宮崎県,楽天モバイル イオンモール都城駅前店,885-0023 宮崎県都城市栄町4672-5 イオンモール都城駅前 2F 区画201A,https://network.mobile.rakuten.co.jp/shop-detail/8621/,8621,2025-07-28,31.735167200175752,131.07995373344525,https://network.mobile.rakuten.co.jp/shopmaster-public/v1/shops,2026-08-17
rakuten,九州,宮崎県,楽天モバイル イオン延岡SC店,882-0847 宮崎県延岡市旭町2丁目2-1 イオン延岡 1F,https://network.mobile.rakuten.co.jp/shop-detail/8429/,8429,2022-08-26,32.57313833,131.6701947,https://network.mobile.rakuten.co.jp/shopmaster-public/v1/shops,2026-08-17
rakuten,九州,宮崎県,楽天モバイル イオン都城SC店,885-0055 宮崎県都城市早鈴町1990 イオン都城ショッピングセンター,https://network.mobile.rakuten.co.jp/shop-detail/8802/,8802,2025-09-30,31.71490336983066,131.0758396234662,https://network.mobile.rakuten.co.jp/shopmaster-public/v1/shops,2026-08-17
rakuten,九州,宮崎県,楽天モバイル サピア日南ショッピングセンター店,887-0005 宮崎県日南市材木町4-1 サピア日南ショッピングセンター,https://network.mobile.rakuten.co.jp/shop-detail/8971/,8971,2025-11-13,31.586659,131.401281,https://network.mobile.rakuten.co.jp/shopmaster-public/v1/shops,2026-08-17
rakuten,九州,宮崎県,楽天モバイル 延岡駅前店,882-0053 宮崎県延岡市幸町3-4420,https://network.mobile.rakuten.co.jp/shop-detail/1324/,1324,2025-12-24,32.58986434358352,131.67225363344707,https://network.mobile.rakuten.co.jp/shopmaster-public/v1/shops,2026-08-17
rakuten,九州,宮崎県,楽天モバイル 宮崎吉村店,880-0841 宮崎県宮崎市吉村町北原甲1430-1,https://network.mobile.rakuten.co.jp/shop-detail/8702/,8702,2025-08-30,31.92096781701367,131.44196824672133,https://network.mobile.rakuten.co.jp/shopmaster-public/v1/shops,2026-08-17
rakuten,九州,宮崎県,楽天モバイル 恒久店,880-0916 宮崎県宮崎市恒久735-1,https://network.mobile.rakuten.co.jp/shop-detail/1128/,1128,2025-11-29,31.88386526285579,131.42659105955525,https://network.mobile.rakuten.co.jp/shopmaster-public/v1/shops,2026-08-17
rakuten,九州,宮崎県,楽天モバイル 清武店,889-1603 宮崎県宮崎市清武町正手3丁目22,https://network.mobile.rakuten.co.jp/shop-detail/1250/,1250,2025-12-12,31.861639439108238,131.38550271858904,https://network.mobile.rakuten.co.jp/shopmaster-public/v1/shops,2026-08-17
rakuten,東北,宮城県,Tecc LIFE SELECT 仙台あすと長町店,982-0007 宮城県仙台市太白区あすと長町3丁目1-29,https://network.mobile.rakuten.co.jp/shop-detail/8455/,8455,2022-11-03,38.221200,140.885535,https://network.mobile.rakuten.co.jp/shopmaster-public/v1/shops,2026-08-17
rakuten,東北,宮城県,ケーズデンキ 佐沼店,987-0404 宮城県登米市南方町新丸ノ内61,https://network.mobile.rakuten.co.jp/shop-detail/8442/,8442,2022-10-01,38.68561823,141.185282,https://network.mobile.rakuten.co.jp/shopmaster-public/v1/shops,2026-08-17
rakuten,東北,宮城県,ケーズデンキ 石巻本店,986-0861 宮城県石巻市恵み野2丁目15-4,https://network.mobile.rakuten.co.jp/shop-detail/4431/,4431,2018-09-06,38.445481,141.272278,https://network.mobile.rakuten.co.jp/shopmaster-public/v1/shops,2026-08-17
rakuten,東北,宮城県,ケーズデンキ 仙台港店,983-0013 宮城県仙台市宮城野区中野3丁目5-4,https://network.mobile.rakuten.co.jp/shop-detail/3701/,3701,2018-06-21,38.271952,140.988612,https://network.mobile.rakuten.co.jp/shopmaster-public/v1/shops,2026-08-17
rakuten,東北,宮城県,ケーズデンキ 仙台荒井店,984-0017 宮城県仙台市若林区なないろの里3丁目4-8,https://network.mobile.rakuten.co.jp/shop-detail/8420/,8420,2022-08-01,38.23916362,140.9325548,https://network.mobile.rakuten.co.jp/shopmaster-public/v1/shops,2026-08-17
rakuten,東北,宮城県,ケーズデンキ 仙台西店,989-3204 宮城県仙台市青葉区南吉成7丁目1-1,https://network.mobile.rakuten.co.jp/shop-detail/8324/,8324,2022-04-25,38.28411057,140.8161204,https://network.mobile.rakuten.co.jp/shopmaster-public/v1/shops,2026-08-17
rakuten,東北,宮城県,ケーズデンキ 仙台太白店,982-0818 宮城県仙台市太白区山田新町33,https://network.mobile.rakuten.co.jp/shop-detail/2501/,2501,2017-07-20,38.217388,140.835636,https://network.mobile.rakuten.co.jp/shopmaster-public/v1/shops,2026-08-17
rakuten,東北,宮城県,ケーズデンキ 仙台南店,981-1222 宮城県名取市上余田字千刈田466,https://network.mobile.rakuten.co.jp/shop-detail/8606/,8606,2025-08-01,38.18674649648397,140.89203969669006,https://network.mobile.rakuten.co.jp/shopmaster-public/v1/shops,2026-08-17
rakuten,東北,宮城県,ケーズデンキ 仙台北店,981-3137 宮城県仙台市泉区大沢2丁目5-2,https://network.mobile.rakuten.co.jp/shop-detail/1331/,1331,2016-05-12,38.352850,140.875793,https://network.mobile.rakuten.co.jp/shopmaster-public/v1/shops,2026-08-17
rakuten,東北,宮城県,ケーズデンキ 大河原店,989-1225 宮城県柴田郡大河原町字広表36-2,https://network.mobile.rakuten.co.jp/shop-detail/8356/,8356,2022-06-01,38.04629859,140.7174504,https://network.mobile.rakuten.co.jp/shopmaster-public/v1/shops,2026-08-17
rakuten,東北,宮城県,ケーズデンキ 大崎古川店,989-6136 宮城県大崎市古川穂波2丁目9-15,https://network.mobile.rakuten.co.jp/shop-detail/4001/,4001,2018-07-26,38.567240,140.943896,https://network.mobile.rakuten.co.jp/shopmaster-public/v1/shops,2026-08-17
rakuten,東北,宮城県,ケーズデンキ 東仙台店,983-0833 宮城県仙台市宮城野区東仙台4丁目14-5,https://network.mobile.rakuten.co.jp/shop-detail/3991/,3991,2018-07-26,38.277758,140.908316,https://network.mobile.rakuten.co.jp/shopmaster-public/v1/shops,2026-08-17
rakuten,東北,宮城県,ケーズデンキ 利府店,981-0111 宮城県宮城郡利府町加瀬字新前谷地47,https://network.mobile.rakuten.co.jp/shop-detail/1058/,1058,2025-11-28,38.32843754345508,140.97571961091916,https://network.mobile.rakuten.co.jp/shopmaster-public/v1/shops,2026-08-17
rakuten,東北,宮城県,テックランド New仙台青葉店,989-3206 宮城県仙台市青葉区吉成台2丁目-2-40,https://network.mobile.rakuten.co.jp/shop-detail/8591/,8591,2025-07-19,38.2954408860306,140.82499285648169,https://network.mobile.rakuten.co.jp/shopmaster-public/v1/shops,2026-08-17
rakuten,東北,宮城県,テックランド 仙台泉本店,981-3117 宮城県仙台市泉区市名坂字柳清水102-1,https://network.mobile.rakuten.co.jp/shop-detail/8590/,8590,2025-07-19,38.317385393199636,140.9047835250592,https://network.mobile.rakuten.co.jp/shopmaster-public/v1/shops,2026-08-17
rakuten,東北,宮城県,ヨドバシカメラ マルチメディア仙台,983-0852 宮城県仙台市宮城野区榴岡1丁目3-1,https://network.mobile.rakuten.co.jp/shop-detail/7631/,7631,2020-08-28,38.259288,140.885257,https://network.mobile.rakuten.co.jp/shopmaster-public/v1/shops,2026-08-17
rakuten,東北,宮城県,楽天モバイル イーグルススタジアムショップ仙台店,983-0045 宮城県仙台市宮城野区宮城野2丁目11-6 楽天モバイル 最強パーク宮城,https://network.mobile.rakuten.co.jp/shop-detail/8319/,8319,2022-03-26,38.25730246,140.9024211,https://network.mobile.rakuten.co.jp/shopmaster-public/v1/shops,2026-08-17
rakuten,東北,宮城県,楽天モバイル イオンスタイル仙台卸町店,984-0015 宮城県仙台市若林区卸町1丁目1-1 イオンスタイル仙台卸町 2F,https://network.mobile.rakuten.co.jp/shop-detail/8516/,8516,2024-10-15,38.2529,140.9199,https://network.mobile.rakuten.co.jp/shopmaster-public/v1/shops,2026-08-17
rakuten,東北,宮城県,楽天モバイル イオンタウン佐沼店,987-0404 宮城県登米市南方町新島前46-1 イオンタウン佐沼,https://network.mobile.rakuten.co.jp/shop-detail/8996/,8996,2025-11-12,38.68330601,141.1835319,https://network.mobile.rakuten.co.jp/shopmaster-public/v1/shops,2026-08-17
rakuten,東北,宮城県,楽天モバイル イオンタウン仙台泉大沢店,981-3137 宮城県仙台市泉区大沢1丁目5-1 イオンタウン仙台泉大沢店 1F,https://network.mobile.rakuten.co.jp/shop-detail/8781/,8781,2025-09-27,38.35006935,140.8825633,https://network.mobile.rakuten.co.jp/shopmaster-public/v1/shops,2026-08-17
rakuten,東北,宮城県,楽天モバイル イオンモール新利府南館店,981-0114 宮城県宮城郡利府町新中道3丁目1-1 イオンモール新利府 南館3F,https://network.mobile.rakuten.co.jp/shop-detail/7838/,7838,2021-10-08,38.32337238,140.9729269,https://network.mobile.rakuten.co.jp/shopmaster-public/v1/shops,2026-08-17
rakuten,東北,宮城県,楽天モバイル イオンモール仙台上杉店,981-0914 宮城県仙台市青葉区堤通雨宮町1-1 イオンモール仙台上杉,https://network.mobile.rakuten.co.jp/shop-detail/8714/,8714,2025-10-01,38.27586686624529,140.8720087,https://network.mobile.rakuten.co.jp/shopmaster-public/v1/shops,2026-08-17
rakuten,東北,宮城県,楽天モバイル イオンモール名取店,981-1294 宮城県名取市杜せきのした5丁目3-1 イオンモール名取3F,https://network.mobile.rakuten.co.jp/shop-detail/6151/,6151,2019-04-19,38.164081,140.895966,https://network.mobile.rakuten.co.jp/shopmaster-public/v1/shops,2026-08-17
rakuten,東北,宮城県,楽天モバイル イオン古川店,989-6117 宮城県大崎市古川旭2丁目2-1 イオン古川店 1F,https://network.mobile.rakuten.co.jp/shop-detail/1173/,1173,2025-11-30,38.566882233622565,140.9732337448392,https://network.mobile.rakuten.co.jp/shopmaster-public/v1/shops,2026-08-17
rakuten,東北,宮城県,楽天モバイル ザ・ビッグ塩釜店,985-0002 宮城県塩竈市海岸通15-100 イオンタウン塩釜,https://network.mobile.rakuten.co.jp/shop-detail/8754/,8754,2025-09-24,38.31866148,141.024657,https://network.mobile.rakuten.co.jp/shopmaster-public/v1/shops,2026-08-17
rakuten,東北,宮城県,楽天モバイル セラビ岩沼店,989-2472 宮城県岩沼市梶橋2-30 セラビ岩沼 1F,https://network.mobile.rakuten.co.jp/shop-detail/8731/,8731,2025-11-24,38.1238371,140.871703,https://network.mobile.rakuten.co.jp/shopmaster-public/v1/shops,2026-08-17
rakuten,東北,宮城県,楽天モバイル セルバ店,981-3133 宮城県仙台市泉区泉中央1丁目4-1 セルバ 4F,https://network.mobile.rakuten.co.jp/shop-detail/1365/,1365,2026-01-31,38.323390433901956,140.88231149893267,https://network.mobile.rakuten.co.jp/shopmaster-public/v1/shops,2026-08-17
rakuten,東北,宮城県,楽天モバイル ヨークベニマル築館店,989-5625 宮城県栗原市志波姫堀口見渡15-4 ヨークベニマル築館 1F,https://network.mobile.rakuten.co.jp/shop-detail/1293/,1293,2025-12-18,38.73660028610715,141.02303142443782,https://network.mobile.rakuten.co.jp/shopmaster-public/v1/shops,2026-08-17
rakuten,東北,宮城県,楽天モバイル ヨークベニマル矢本店,981-0503 宮城県東松島市矢本字町浦135 ヨークベニマル矢本店 1F,https://network.mobile.rakuten.co.jp/shop-detail/1413/,1413,2026-05-15,38.423231386593784,141.21501805115716,https://network.mobile.rakuten.co.jp/shopmaster-public/v1/shops,2026-08-17
rakuten,東北,宮城県,楽天モバイル ララガーデン長町店,982-0011 宮城県仙台市太白区長町7丁目20-5 ララガーデン長町2F,https://network.mobile.rakuten.co.jp/shop-detail/8213/,8213,2022-03-03,38.22483,140.87608,https://network.mobile.rakuten.co.jp/shopmaster-public/v1/shops,2026-08-17
rakuten,東北,宮城県,楽天モバイル 仙台駅西口店,980-0021 宮城県仙台市青葉区中央1丁目7-11 トモエヤビル1F,https://network.mobile.rakuten.co.jp/shop-detail/6791/,6791,2019-07-12,38.26195045,140.8794352,https://network.mobile.rakuten.co.jp/shopmaster-public/v1/shops,2026-08-17
rakuten,東北,宮城県,楽天モバイル 仙台中央通り店,980-0811 宮城県仙台市青葉区一番町3丁目1-15 巴屋ビル 1F,https://network.mobile.rakuten.co.jp/shop-detail/8511/,8511,2024-07-27,38.2606441,140.87324121,https://network.mobile.rakuten.co.jp/shopmaster-public/v1/shops,2026-08-17
rakuten,近畿,京都府,エディオン イズミヤ長岡店,617-0826 京都府長岡京市開田4丁目7-1 イズミヤ長岡,https://network.mobile.rakuten.co.jp/shop-detail/7730/,7730,2020-12-04,34.922588,135.692663,https://network.mobile.rakuten.co.jp/shopmaster-public/v1/shops,2026-08-17
rakuten,近畿,京都府,エディオン 円町店,604-8463 京都府京都市中京区西ノ西円町55-1,https://network.mobile.rakuten.co.jp/shop-detail/4201/,4201,2018-08-24,35.0190077,135.730461,https://network.mobile.rakuten.co.jp/shopmaster-public/v1/shops,2026-08-17
rakuten,近畿,京都府,エディオン 亀岡店,621-0013 京都府亀岡市大井町並河2丁目758,https://network.mobile.rakuten.co.jp/shop-detail/8907/,8907,2025-10-30,35.02570952,135.5583746,https://network.mobile.rakuten.co.jp/shopmaster-public/v1/shops,2026-08-17
rakuten,近畿,京都府,エディオン 京都河原町本店,600-8001 京都府京都市下京区四条通河原町東入真町68,https://network.mobile.rakuten.co.jp/shop-detail/7745/,7745,2021-04-29,35.00343229,135.769734,https://network.mobile.rakuten.co.jp/shopmaster-public/v1/shops,2026-08-17
rakuten,近畿,京都府,エディオン 六地蔵MOMOテラス店,612-8002 京都府京都市伏見区桃山町山ノ下32 MOMOテラス2F,https://network.mobile.rakuten.co.jp/shop-detail/5251/,5251,2018-11-29,34.937121,135.794895,https://network.mobile.rakuten.co.jp/shopmaster-public/v1/shops,2026-08-17
rakuten,近畿,京都府,ケーズデンキ 綾部店,623-0016 京都府綾部市西町3丁目北大坪19,https://network.mobile.rakuten.co.jp/shop-detail/1097/,1097,2025-12-12,35.303889371222944,135.25593375667157,https://network.mobile.rakuten.co.jp/shopmaster-public/v1/shops,2026-08-17
rakuten,近畿,京都府,ケーズデンキ 東舞鶴店,625-0037 京都府舞鶴市浜町6-1,https://network.mobile.rakuten.co.jp/shop-detail/8891/,8891,2025-10-29,35.468599242992354,135.39387186223354,https://network.mobile.rakuten.co.jp/shopmaster-public/v1/shops,2026-08-17
rakuten,近畿,京都府,ジョーシン 宇治店,611-0021 京都府宇治市宇治樋ノ尻79-1 ホームセンターコーナン2F,https://network.mobile.rakuten.co.jp/shop-detail/3211/,3211,2018-04-12,34.892822,135.794342,https://network.mobile.rakuten.co.jp/shopmaster-public/v1/shops,2026-08-17
rakuten,近畿,京都府,ジョーシン 亀岡店,621-0806 京都府亀岡市余部町樋又80番地,https://network.mobile.rakuten.co.jp/shop-detail/3481/,3481,2018-06-09,35.016380,135.566544,https://network.mobile.rakuten.co.jp/shopmaster-public/v1/shops,2026-08-17
rakuten,近畿,京都府,ジョーシン 桂川イオンモール店,601-8601 京都府京都市南区久世高田町376-1 イオンモール京都桂川 2F,https://network.mobile.rakuten.co.jp/shop-detail/0541/,0541,2015-11-26,34.961862,135.707942,https://network.mobile.rakuten.co.jp/shopmaster-public/v1/shops,2026-08-17
rakuten,近畿,京都府,ジョーシン 伏見店,612-8393 京都府京都市伏見区下鳥羽渡瀬町101,https://network.mobile.rakuten.co.jp/shop-detail/1171/,1171,2016-02-24,34.940116,135.745482,https://network.mobile.rakuten.co.jp/shopmaster-public/v1/shops,2026-08-17
rakuten,近畿,京都府,みんなのモバイル 京都店,612-8411 京都府京都市伏見区竹田久保町67-28 竹田マンション 1F,https://network.mobile.rakuten.co.jp/shop-detail/8524/,8524,2025-01-17,34.96214478556708,135.76157255585625,https://network.mobile.rakuten.co.jp/shopmaster-public/v1/shops,2026-08-17
rakuten,近畿,京都府,ヨドバシカメラ マルチメディア京都,600-8216 京都府京都市下京区駅前 京都タワー横,https://network.mobile.rakuten.co.jp/shop-detail/7706/,7706,2020-09-24,34.988215,135.758637,https://network.mobile.rakuten.co.jp/shopmaster-public/v1/shops,2026-08-17
rakuten,近畿,京都府,楽天モバイル MOMOテラス店,612-8002 京都府京都市伏見区桃山町山ノ下32 MOMOテラス 2F,https://network.mobile.rakuten.co.jp/shop-detail/8202/,8202,2022-03-01,34.93731877,135.7944642,https://network.mobile.rakuten.co.jp/shopmaster-public/v1/shops,2026-08-17
rakuten,近畿,京都府,楽天モバイル アルプラザ城陽店,610-0111 京都府城陽市富野荒見田112 アルプラザ城陽2F,https://network.mobile.rakuten.co.jp/shop-detail/8191/,8191,2022-03-01,34.8422912,135.785631,https://network.mobile.rakuten.co.jp/shopmaster-public/v1/shops,2026-08-17
rakuten,近畿,京都府,楽天モバイル イオンモールKYOTO店,601-8417 京都府京都市南区西九条鳥居口町1 イオンモールKYOTO 4F,https://network.mobile.rakuten.co.jp/shop-detail/8562/,8562,2025-07-18,34.9828504079718,135.755030916286,https://network.mobile.rakuten.co.jp/shopmaster-public/v1/shops,2026-08-17
rakuten,近畿,京都府,楽天モバイル イオンモール久御山店,613-0024 京都府久世郡久御山町森南大内156-1 イオンモール久御山2F,https://network.mobile.rakuten.co.jp/shop-detail/6501/,6501,2019-06-14,34.893446,135.746183,https://network.mobile.rakuten.co.jp/shopmaster-public/v1/shops,2026-08-17
rakuten,近畿,京都府,楽天モバイル イオンモール京都桂川店,601-8601 京都府京都市南区久世高田町376-1 イオンモール京都桂川 2F 243-1区画,https://network.mobile.rakuten.co.jp/shop-detail/8506/,8506,2024-04-26,34.96196709,135.7066494,https://network.mobile.rakuten.co.jp/shopmaster-public/v1/shops,2026-08-17
rakuten,近畿,京都府,楽天モバイル イオンモール京都五条店,615-0035 京都府京都市右京区西院追分町25-1 2F,https://network.mobile.rakuten.co.jp/shop-detail/5761/,5761,2019-03-15,34.9974111,135.7272917,https://network.mobile.rakuten.co.jp/shopmaster-public/v1/shops,2026-08-17
rakuten,近畿,京都府,楽天モバイル イオンモール高の原店,619-0223 京都府木津川市相楽台1丁目1-1 イオンモール高の原4F,https://network.mobile.rakuten.co.jp/shop-detail/8963/,8963,2025-10-31,34.725211,135.790825,https://network.mobile.rakuten.co.jp/shopmaster-public/v1/shops,2026-08-17
rakuten,近畿,京都府,楽天モバイル イオン福知山店,620-0922 京都府福知山市岩井79-8 イオン福知山店 2F 208区画,https://network.mobile.rakuten.co.jp/shop-detail/1264/,1264,2025-12-13,35.31701612,135.1009563,https://network.mobile.rakuten.co.jp/shopmaster-public/v1/shops,2026-08-17
rakuten,近畿,京都府,楽天モバイル ファミレやわた店,614-8025 京都府八幡市八幡源氏垣外1-4 ファミレやわた 2F A区画,https://network.mobile.rakuten.co.jp/shop-detail/8840/,8840,2025-12-05,34.879233793936436,135.70539041228938,https://network.mobile.rakuten.co.jp/shopmaster-public/v1/shops,2026-08-17
rakuten,近畿,京都府,楽天モバイル 京田辺店,610-0334 京都府京田辺市田辺中央6丁目3-6 ユニバーシティ丸光,https://network.mobile.rakuten.co.jp/shop-detail/8597/,8597,2025-06-30,34.82151893,135.7711338,https://network.mobile.rakuten.co.jp/shopmaster-public/v1/shops,2026-08-17
rakuten,近畿,京都府,楽天モバイル 京都ファミリー店,615-0072 京都府京都市右京区山ノ内池尻町1-1 京都ファミリー 3F,https://network.mobile.rakuten.co.jp/shop-detail/1195/,1195,2025-12-05,35.00494254531064,135.72059658124007,https://network.mobile.rakuten.co.jp/shopmaster-public/v1/shops,2026-08-17
rakuten,近畿,京都府,楽天モバイル 京都四条通店,600-8006 京都府京都市下京区四条通柳馬場西入立売中之町105番地 ISEビル京都 1F,https://network.mobile.rakuten.co.jp/shop-detail/7511/,7511,2020-02-27,35.0035150,135.7638901,https://network.mobile.rakuten.co.jp/shopmaster-public/v1/shops,2026-08-17
rakuten,近畿,京都府,楽天モバイル 伏見大手筋店,612-8053 京都府京都市伏見区東大手町756 桃山SKビル,https://network.mobile.rakuten.co.jp/shop-detail/8176/,8176,2022-02-25,34.93314338,135.7622187,https://network.mobile.rakuten.co.jp/shopmaster-public/v1/shops,2026-08-17
rakuten,近畿,京都府,楽天モバイル 洛北阪急スクエア店,606-8103 京都府京都市左京区高野西開町36 洛北阪急スクエア B1F 033区画,https://network.mobile.rakuten.co.jp/shop-detail/8130/,8130,2022-02-10,35.04095334,135.7789885,https://network.mobile.rakuten.co.jp/shopmaster-public/v1/shops,2026-08-17
rakuten,九州,熊本県,Tecc LIFE SELECT 熊本春日店,860-0047 熊本県熊本市西区春日7丁目25-30,https://network.mobile.rakuten.co.jp/shop-detail/7737/,7737,2021-04-28,32.78516123,130.6766333,https://network.mobile.rakuten.co.jp/shopmaster-public/v1/shops,2026-08-17
rakuten,九州,熊本県,エディオン サンリブシティくまなん店,860-0833 熊本県熊本市中央区平成3丁目20-1,https://network.mobile.rakuten.co.jp/shop-detail/4501/,4501,2018-09-07,32.778898,130.704768,https://network.mobile.rakuten.co.jp/shopmaster-public/v1/shops,2026-08-17
rakuten,九州,熊本県,エディオン 熊本本店,861-8035 熊本県熊本市東区御領3丁目18-1,https://network.mobile.rakuten.co.jp/shop-detail/8663/,8663,2025-09-01,32.82652065333608,130.76711084278267,https://network.mobile.rakuten.co.jp/shopmaster-public/v1/shops,2026-08-17
rakuten,九州,熊本県,ケーズデンキ 宇土店,869-0411 熊本県宇土市水町165-1,https://network.mobile.rakuten.co.jp/shop-detail/1014/,1014,2025-11-21,32.6906464538153,130.67408573706527,https://network.mobile.rakuten.co.jp/shopmaster-public/v1/shops,2026-08-17
rakuten,九州,熊本県,ケーズデンキ 菊陽店,869-1101 熊本県菊池郡菊陽町津久礼12-29,https://network.mobile.rakuten.co.jp/shop-detail/8569/,8569,2025-07-01,32.86294630010023,130.8137260676756,https://network.mobile.rakuten.co.jp/shopmaster-public/v1/shops,2026-08-17
rakuten,九州,熊本県,ケーズデンキ 熊本中央店,862-0971 熊本県熊本市中央区大江3丁目2-20,https://network.mobile.rakuten.co.jp/shop-detail/6561/,6561,2019-06-25,32.803859,130.725032,https://network.mobile.rakuten.co.jp/shopmaster-public/v1/shops,2026-08-17
rakuten,九州,熊本県,ケーズデンキ 荒尾店,864-0001 熊本県荒尾市原万田662-1,https://network.mobile.rakuten.co.jp/shop-detail/8330/,8330,2022-06-03,33.00352535,130.4370057,https://network.mobile.rakuten.co.jp/shopmaster-public/v1/shops,2026-08-17
rakuten,九州,熊本県,コジマ×ビックカメラ 熊本店,861-4109 熊本県熊本市南区日吉1丁目7-7,https://network.mobile.rakuten.co.jp/shop-detail/8598/,8598,2025-07-16,32.76039416717517,130.68810757122324,https://network.mobile.rakuten.co.jp/shopmaster-public/v1/shops,2026-08-17
rakuten,九州,熊本県,テックランド菊陽店,869-1101 熊本県菊池郡菊陽町大字津久礼字廣街道2422番地4 サンリーカリーノ菊陽2F,https://network.mobile.rakuten.co.jp/shop-detail/7844/,7844,2021-09-18,32.86224925,130.7999413,https://network.mobile.rakuten.co.jp/shopmaster-public/v1/shops,2026-08-17
rakuten,九州,熊本県,ビックカメラ アミュプラザくまもと店,860-0047 熊本県熊本市西区春日3丁目15-60 JR熊本白川ビル,https://network.mobile.rakuten.co.jp/shop-detail/7739/,7739,2021-03-05,32.79100929,130.689773,https://network.mobile.rakuten.co.jp/shopmaster-public/v1/shops,2026-08-17
rakuten,九州,熊本県,ヤマダデンキ テックランド熊本本店,862-0924 熊本県熊本市中央区帯山7丁目11-10,https://network.mobile.rakuten.co.jp/shop-detail/7736/,7736,2021-05-18,32.80555351,130.7554951,https://network.mobile.rakuten.co.jp/shopmaster-public/v1/shops,2026-08-17
rakuten,九州,熊本県,楽天モバイル イオンタウン西熊本店,861-4133 熊本県熊本市南区島町3丁目1-1 イオンタウン西熊本,https://network.mobile.rakuten.co.jp/shop-detail/8927/,8927,2025-11-13,32.764645928176684,130.68228196781206,https://network.mobile.rakuten.co.jp/shopmaster-public/v1/shops,2026-08-17
rakuten,九州,熊本県,楽天モバイル イオンモール宇城店,869-0606 熊本県宇城市小川町河江1-1 イオンモール宇城　1F,https://network.mobile.rakuten.co.jp/shop-detail/7936/,7936,2021-12-23,32.59706168,130.7067669,https://network.mobile.rakuten.co.jp/shopmaster-public/v1/shops,2026-08-17
rakuten,九州,熊本県,楽天モバイル イオンモール熊本店,861-3106 熊本県上益城郡嘉島町大字上島字長池2232 イオンモール熊本1F 3017区画,https://network.mobile.rakuten.co.jp/shop-detail/7816/,7816,2021-08-20,32.73857058,130.7426549,https://network.mobile.rakuten.co.jp/shopmaster-public/v1/shops,2026-08-17
rakuten,九州,熊本県,楽天モバイル イオン天草ショッピングセンター店,863-0046 熊本県天草市亀場町食場後山下740 イオン天草ショッピングセンター 1F,https://network.mobile.rakuten.co.jp/shop-detail/1168/,1168,2025-11-30,32.434664232710944,130.17941141183687,https://network.mobile.rakuten.co.jp/shopmaster-public/v1/shops,2026-08-17
rakuten,九州,熊本県,楽天モバイル カリーノ玉名店,865-0015 熊本県玉名市亀甲110 カリーノ玉名 116区画,https://network.mobile.rakuten.co.jp/shop-detail/8865/,8865,2025-10-17,32.92822566070944,130.55538728952115,https://network.mobile.rakuten.co.jp/shopmaster-public/v1/shops,2026-08-17
rakuten,九州,熊本県,楽天モバイル サクラマチ熊本店,860-0805 熊本県熊本市中央区桜町3-10 サクラマチ熊本3F,https://network.mobile.rakuten.co.jp/shop-detail/7061/,7061,2019-09-13,32.800663,130.703823,https://network.mobile.rakuten.co.jp/shopmaster-public/v1/shops,2026-08-17
rakuten,九州,熊本県,楽天モバイル ゆめタウンサンピアン店,861-8010 熊本県熊本市東区上南部2丁目2-2 ゆめタウンサンピアン 3F,https://network.mobile.rakuten.co.jp/shop-detail/1166/,1166,2025-11-30,32.827484999603854,130.76355313883963,https://network.mobile.rakuten.co.jp/shopmaster-public/v1/shops,2026-08-17
rakuten,九州,熊本県,楽天モバイル ゆめタウンシティモール店,864-0033 熊本県荒尾市緑ケ丘1丁目1-1 ゆめタウンシティモール,https://network.mobile.rakuten.co.jp/shop-detail/1115/,1115,2025-11-28,32.98303236638205,130.4708546100094,https://network.mobile.rakuten.co.jp/shopmaster-public/v1/shops,2026-08-17
rakuten,九州,熊本県,楽天モバイル ゆめタウン光の森店,869-1108 熊本県菊池郡菊陽町光の森7丁目33-1 本館2F,https://network.mobile.rakuten.co.jp/shop-detail/6671/,6671,2019-06-27,32.858316,130.785880,https://network.mobile.rakuten.co.jp/shopmaster-public/v1/shops,2026-08-17
rakuten,九州,熊本県,楽天モバイル ゆめタウン八代店,866-0045 熊本県八代市建馬町3-1 ゆめタウン八代,https://network.mobile.rakuten.co.jp/shop-detail/1105/,1105,2025-11-21,32.5060194,130.5850666,https://network.mobile.rakuten.co.jp/shopmaster-public/v1/shops,2026-08-17
rakuten,九州,熊本県,楽天モバイル 菊陽店,869-1101 熊本県菊池郡菊陽町津久礼2526-15,https://network.mobile.rakuten.co.jp/shop-detail/1287/,1287,2025-12-18,32.86295282918517,130.80696072766764,https://network.mobile.rakuten.co.jp/shopmaster-public/v1/shops,2026-08-17
rakuten,九州,熊本県,楽天モバイル 熊本下通店,860-0808 熊本県熊本市中央区手取本町4-10 1F,https://network.mobile.rakuten.co.jp/shop-detail/1405/,1405,2026-02-04,32.802806792242635,130.7095022521421,https://network.mobile.rakuten.co.jp/shopmaster-public/v1/shops,2026-08-17
rakuten,九州,熊本県,楽天モバイル 人吉レックス店,868-0011 熊本県人吉市宝来町1293-1 人吉レックス,https://network.mobile.rakuten.co.jp/shop-detail/1346/,1346,2025-12-25,32.21224713,130.7471773,https://network.mobile.rakuten.co.jp/shopmaster-public/v1/shops,2026-08-17
rakuten,関東,群馬県,LABI1 LIFE SELECT 高崎,370-0841 群馬県高崎市栄町1-1,https://network.mobile.rakuten.co.jp/shop-detail/5841/,5841,2019-03-14,36.323228,139.013687,https://network.mobile.rakuten.co.jp/shopmaster-public/v1/shops,2026-08-17
rakuten,関東,群馬県,Tecc LIFE SELECT 前橋吉岡店,370-3602 群馬県北群馬郡吉岡町大字大久保字片貝370-1,https://network.mobile.rakuten.co.jp/shop-detail/8488/,8488,2023-04-14,36.42939586,139.0168441,https://network.mobile.rakuten.co.jp/shopmaster-public/v1/shops,2026-08-17
rakuten,関東,群馬県,YAMADA web.com 高崎問屋町店,370-0073 群馬県高崎市緑町4丁目9-1,https://network.mobile.rakuten.co.jp/shop-detail/8471/,8471,2023-02-10,36.3529672,139.0120447,https://network.mobile.rakuten.co.jp/shopmaster-public/v1/shops,2026-08-17
rakuten,関東,群馬県,ケーズデンキ みどり店,379-2311 群馬県みどり市笠懸町阿左美1481-1,https://network.mobile.rakuten.co.jp/shop-detail/3711/,3711,2018-06-21,36.394563,139.298632,https://network.mobile.rakuten.co.jp/shopmaster-public/v1/shops,2026-08-17
rakuten,関東,群馬県,ケーズデンキ 伊勢崎店,372-0801 群馬県伊勢崎市宮子町3240,https://network.mobile.rakuten.co.jp/shop-detail/8853/,8853,2025-10-24,36.336050906514885,139.1569360706893,https://network.mobile.rakuten.co.jp/shopmaster-public/v1/shops,2026-08-17
rakuten,関東,群馬県,ケーズデンキ 高崎店,370-1203 群馬県高崎市矢中町1273-1,https://network.mobile.rakuten.co.jp/shop-detail/8851/,8851,2025-10-17,36.30785375952255,139.03747159413302,https://network.mobile.rakuten.co.jp/shopmaster-public/v1/shops,2026-08-17
rakuten,関東,群馬県,ケーズデンキ 前橋川曲店,371-0823 群馬県前橋市川曲町字阿弥陀西318-1,https://network.mobile.rakuten.co.jp/shop-detail/2421/,2421,2017-07-13,36.355573,139.049107,https://network.mobile.rakuten.co.jp/shopmaster-public/v1/shops,2026-08-17
rakuten,関東,群馬県,ケーズデンキ 前橋本店,370-3602 群馬県北群馬郡吉岡町大久保1011-1,https://network.mobile.rakuten.co.jp/shop-detail/8879/,8879,2025-10-24,36.42254940306628,139.02704608970228,https://network.mobile.rakuten.co.jp/shopmaster-public/v1/shops,2026-08-17
rakuten,関東,群馬県,ケーズデンキ 太田店,373-0824 群馬県太田市高林寿町1809-1,https://network.mobile.rakuten.co.jp/shop-detail/3071/,3071,2018-03-21,36.263221,139.375576,https://network.mobile.rakuten.co.jp/shopmaster-public/v1/shops,2026-08-17
rakuten,関東,群馬県,ジョーシン イオンモール太田店,373-0808 群馬県太田市石原町81 イオンモール太田店 1F,https://network.mobile.rakuten.co.jp/shop-detail/8504/,8504,2024-03-01,36.29485367,139.4006745,https://network.mobile.rakuten.co.jp/shopmaster-public/v1/shops,2026-08-17
rakuten,関東,群馬県,テックランド New前橋本店,371-0017 群馬県前橋市日吉町4丁目14-13,https://network.mobile.rakuten.co.jp/shop-detail/8624/,8624,2025-08-02,36.40534110659537,139.07655050843712,https://network.mobile.rakuten.co.jp/shopmaster-public/v1/shops,2026-08-17
rakuten,関東,群馬県,テックランド 伊勢崎店,372-0813 群馬県伊勢崎市韮塚町1184,https://network.mobile.rakuten.co.jp/shop-detail/8625/,8625,2025-08-09,36.30671579158855,139.17532545575742,https://network.mobile.rakuten.co.jp/shopmaster-public/v1/shops,2026-08-17
rakuten,関東,群馬県,テックランドみどり店,379-2311 群馬県みどり市笠懸町阿左美1471-1,https://network.mobile.rakuten.co.jp/shop-detail/8653/,8653,2025-08-30,36.39324860669543,139.2983366152301,https://network.mobile.rakuten.co.jp/shopmaster-public/v1/shops,2026-08-17
rakuten,関東,群馬県,ビックカメラ 高崎東口店,370-0841 群馬県高崎市栄町10-10,https://network.mobile.rakuten.co.jp/shop-detail/6381/,6381,2019-05-15,36.322013,139.016761,https://network.mobile.rakuten.co.jp/shopmaster-public/v1/shops,2026-08-17
rakuten,関東,群馬県,楽天モバイル イオンモール高崎店,370-3521 群馬県高崎市棟高町1400番地 イオンモール高崎 3F,https://network.mobile.rakuten.co.jp/shop-detail/8638/,8638,2025-08-08,36.39082312789532,139.0073449501003,https://network.mobile.rakuten.co.jp/shopmaster-public/v1/shops,2026-08-17
rakuten,関東,群馬県,楽天モバイル けやきウォーク前橋店,371-0801 群馬県前橋市文京町2丁目1-1 けやきウォーク前橋 2F,https://network.mobile.rakuten.co.jp/shop-detail/8520/,8520,2024-12-01,36.37958129,139.0779054,https://network.mobile.rakuten.co.jp/shopmaster-public/v1/shops,2026-08-17
rakuten,関東,群馬県,楽天モバイル スマーク伊勢崎店,379-2224 群馬県伊勢崎市西小保方町368 スマーク伊勢崎1F 171区画,https://network.mobile.rakuten.co.jp/shop-detail/7930/,7930,2021-12-17,36.33985,139.23305,https://network.mobile.rakuten.co.jp/shopmaster-public/v1/shops,2026-08-17
rakuten,関東,群馬県,楽天モバイル ミスターマックス伊勢崎店,372-0801 群馬県伊勢崎市宮子町3556-1 ミスターマックス 1F A棟107区画,https://network.mobile.rakuten.co.jp/shop-detail/1320/,1320,2025-12-17,36.32899729,139.1511159,https://network.mobile.rakuten.co.jp/shopmaster-public/v1/shops,2026-08-17
rakuten,関東,群馬県,楽天モバイル 高崎オーパ店,370-0849 群馬県高崎市八島町46-1 高崎オーパ 6F,https://network.mobile.rakuten.co.jp/shop-detail/8969/,8969,2025-11-14,36.3232355600488,139.011052084659,https://network.mobile.rakuten.co.jp/shopmaster-public/v1/shops,2026-08-17
rakuten,関東,群馬県,楽天モバイル 渋川店,377-0007 群馬県渋川市石原881-2,https://network.mobile.rakuten.co.jp/shop-detail/1148/,1148,2025-11-30,36.48166623569174,139.00302189617307,https://network.mobile.rakuten.co.jp/shopmaster-public/v1/shops,2026-08-17
rakuten,関東,群馬県,楽天モバイル 新田ショッピングセンター ニコ・モール店,370-0314 群馬県太田市新田市野井町592-13,https://network.mobile.rakuten.co.jp/shop-detail/8785/,8785,2025-09-26,36.30392037,139.3024368,https://network.mobile.rakuten.co.jp/shopmaster-public/v1/shops,2026-08-17
rakuten,関東,群馬県,楽天モバイル 前橋リリカ 出張販売店,371-0033 群馬県前橋市国領町2丁目14-1 前橋リリカ 1F 119区画,https://network.mobile.rakuten.co.jp/shop-detail/8900/,8900,2025-10-28,36.40467731,139.0679048,https://network.mobile.rakuten.co.jp/shopmaster-public/v1/shops,2026-08-17
rakuten,関東,群馬県,楽天モバイル 前橋荒牧店,371-0044 群馬県前橋市荒牧町1丁目51-5 1F,https://network.mobile.rakuten.co.jp/shop-detail/1020/,1020,2025-11-20,36.43059862625447,139.05389292979643,https://network.mobile.rakuten.co.jp/shopmaster-public/v1/shops,2026-08-17
rakuten,関東,群馬県,楽天モバイル 大泉坂田店,370-0532 群馬県邑楽郡大泉町坂田5丁目19-15 1F,https://network.mobile.rakuten.co.jp/shop-detail/1366/,1366,2026-01-21,36.25802272,139.40398859,https://network.mobile.rakuten.co.jp/shopmaster-public/v1/shops,2026-08-17
rakuten,関東,群馬県,楽天モバイル 蔦屋書店前橋みなみモール店,379-2143 群馬県前橋市新堀町940,https://network.mobile.rakuten.co.jp/shop-detail/8722/,8722,2025-09-18,36.330833,139.098720,https://network.mobile.rakuten.co.jp/shopmaster-public/v1/shops,2026-08-17
rakuten,関東,群馬県,楽天モバイル 藤岡店,375-0054 群馬県藤岡市上大塚311-1,https://network.mobile.rakuten.co.jp/shop-detail/8770/,8770,2025-09-25,36.24307046690913,139.06101355767186,https://network.mobile.rakuten.co.jp/shopmaster-public/v1/shops,2026-08-17
rakuten,関東,群馬県,楽天モバイル 富岡店,370-2316 群馬県富岡市富岡2331-1,https://network.mobile.rakuten.co.jp/shop-detail/8796/,8796,2025-09-30,36.26341728460609,138.89547804088014,https://network.mobile.rakuten.co.jp/shopmaster-public/v1/shops,2026-08-17
rakuten,中国,広島県,Tecc LIFE SELECT 福山店,721-0961 広島県福山市明神町2丁目15-30,https://network.mobile.rakuten.co.jp/shop-detail/8622/,8622,2025-08-02,34.490559847540965,133.39805766138417,https://network.mobile.rakuten.co.jp/shopmaster-public/v1/shops,2026-08-17
rakuten,中国,広島県,エディオン アクロスプラザ三原店,723-0015 広島県三原市円一町1丁目1-2-2,https://network.mobile.rakuten.co.jp/shop-detail/8391/,8391,2022-06-24,34.39690304,133.0797192,https://network.mobile.rakuten.co.jp/shopmaster-public/v1/shops,2026-08-17
rakuten,中国,広島県,エディオン アルパーク南店,733-0833 広島県広島市西区商工センター2丁目5-1,https://network.mobile.rakuten.co.jp/shop-detail/4971/,4971,2018-10-25,34.372081,132.396042,https://network.mobile.rakuten.co.jp/shopmaster-public/v1/shops,2026-08-17
rakuten,中国,広島県,エディオン イオンモール広島祇園店,731-0196 広島県広島市安佐南区祇園3丁目2-1 イオンモール広島祇園店 2F,https://network.mobile.rakuten.co.jp/shop-detail/8543/,8543,2025-04-04,34.44401235,132.4615196,https://network.mobile.rakuten.co.jp/shopmaster-public/v1/shops,2026-08-17
rakuten,中国,広島県,エディオン 宇品店,734-0014 広島県広島市南区宇品西2丁目16-51,https://network.mobile.rakuten.co.jp/shop-detail/8380/,8380,2022-05-20,34.36449611,132.458114,https://network.mobile.rakuten.co.jp/shopmaster-public/v1/shops,2026-08-17
rakuten,中国,広島県,エディオン 海田店,736-0052 広島県安芸郡海田町南つくも13-18,https://network.mobile.rakuten.co.jp/shop-detail/8294/,8294,2022-04-26,34.36399748,132.5303904,https://network.mobile.rakuten.co.jp/shopmaster-public/v1/shops,2026-08-17
rakuten,中国,広島県,エディオン 呉本店,737-0811 広島県呉市西中央4丁目1-48,https://network.mobile.rakuten.co.jp/shop-detail/3151/,3151,2018-03-23,34.2505207,132.562696,https://network.mobile.rakuten.co.jp/shopmaster-public/v1/shops,2026-08-17
rakuten,中国,広島県,エディオン 広島本店,730-8620 広島県広島市中区紙屋町2丁目1-18,https://network.mobile.rakuten.co.jp/shop-detail/0711/,0711,2015-11-19,34.395215,132.456629,https://network.mobile.rakuten.co.jp/shopmaster-public/v1/shops,2026-08-17
rakuten,中国,広島県,エディオン 蔦屋家電店,732-0822 広島県広島市南区松原町3-1-1 EKICITY HIROSHIMAエディオン蔦屋家電,https://network.mobile.rakuten.co.jp/shop-detail/2231/,2231,2017-04-14,34.395707,132.476603,https://network.mobile.rakuten.co.jp/shopmaster-public/v1/shops,2026-08-17
rakuten,中国,広島県,エディオン 東広島本店,739-0024 広島県東広島市西条町御薗宇4598-1,https://network.mobile.rakuten.co.jp/shop-detail/2271/,2271,2017-04-27,34.408824,132.750180,https://network.mobile.rakuten.co.jp/shopmaster-public/v1/shops,2026-08-17
rakuten,中国,広島県,エディオン 廿日市店,738-0024 広島県廿日市市新宮1丁目9-34,https://network.mobile.rakuten.co.jp/shop-detail/1034/,1034,2025-12-19,34.3499337,132.3303699,https://network.mobile.rakuten.co.jp/shopmaster-public/v1/shops,2026-08-17
rakuten,中国,広島県,エディオン 八木店,731-0101 広島県広島市安佐南区八木2丁目16-10,https://network.mobile.rakuten.co.jp/shop-detail/4981/,4981,2018-10-31,34.477792,132.492075,https://network.mobile.rakuten.co.jp/shopmaster-public/v1/shops,2026-08-17
rakuten,中国,広島県,エディオン 福山西店,729-0106 広島県福山市高西町4丁目3-61 アクロスプラザ福山西 2F,https://network.mobile.rakuten.co.jp/shop-detail/1044/,1044,2026-01-30,34.44535853,133.2384508,https://network.mobile.rakuten.co.jp/shopmaster-public/v1/shops,2026-08-17
rakuten,中国,広島県,エディオン 福山北店,720-1131 広島県福山市駅家町大字万能倉284,https://network.mobile.rakuten.co.jp/shop-detail/1043/,1043,2025-11-28,34.54572856971051,133.33868892150076,https://network.mobile.rakuten.co.jp/shopmaster-public/v1/shops,2026-08-17
rakuten,中国,広島県,エディオン 福山本店,720-0801 広島県福山市入船町1丁目8-15,https://network.mobile.rakuten.co.jp/shop-detail/2281/,2281,2017-04-27,34.488370,133.375251,https://network.mobile.rakuten.co.jp/shopmaster-public/v1/shops,2026-08-17
rakuten,中国,広島県,ケーズデンキ 広島本店,732-0804 広島県広島市南区西蟹屋4丁目1-1,https://network.mobile.rakuten.co.jp/shop-detail/8637/,8637,2025-08-18,34.39217623687189,132.47864999189795,https://network.mobile.rakuten.co.jp/shopmaster-public/v1/shops,2026-08-17
rakuten,中国,広島県,ケーズデンキ 東広島店,739-0021 広島県東広島市西条町助実1232番地,https://network.mobile.rakuten.co.jp/shop-detail/8451/,8451,2022-10-27,34.42419291,132.7576748,https://network.mobile.rakuten.co.jp/shopmaster-public/v1/shops,2026-08-17
rakuten,中国,広島県,ケーズデンキ 福山駅家店,720-1133 広島県福山市駅家町近田217-1,https://network.mobile.rakuten.co.jp/shop-detail/3851/,3851,2018-07-12,34.542579,133.317458,https://network.mobile.rakuten.co.jp/shopmaster-public/v1/shops,2026-08-17
rakuten,中国,広島県,コジマ×ビックカメラ イオンモール広島府中店,735-0021 広島県安芸郡府中町大須2丁目1-1 2F,https://network.mobile.rakuten.co.jp/shop-detail/4711/,4711,2018-09-29,34.394588,132.498184,https://network.mobile.rakuten.co.jp/shopmaster-public/v1/shops,2026-08-17
rakuten,中国,広島県,コジマ×ビックカメラ 広島インター緑井店,731-0103 広島県広島市安佐南区緑井1丁目3-1,https://network.mobile.rakuten.co.jp/shop-detail/6301/,6301,2019-04-25,34.466203,132.477566,https://network.mobile.rakuten.co.jp/shopmaster-public/v1/shops,2026-08-17
rakuten,中国,広島県,テックランド広島アルパーク,733-0841 広島県広島市西区井口明神1丁目16-1 アルパーク西棟 3F,https://network.mobile.rakuten.co.jp/shop-detail/8340/,8340,2022-04-21,34.37272229,132.3932421,https://network.mobile.rakuten.co.jp/shopmaster-public/v1/shops,2026-08-17
rakuten,中国,広島県,テックランド広島八木店,731-0101 広島県広島市安佐南区八木2丁目17-1,https://network.mobile.rakuten.co.jp/shop-detail/8979/,8979,2025-11-15,34.47847574447788,132.49261713356535,https://network.mobile.rakuten.co.jp/shopmaster-public/v1/shops,2026-08-17
rakuten,中国,広島県,テックランド佐伯店,731-5136 広島県広島市佐伯区楽々園4丁目14-32,https://network.mobile.rakuten.co.jp/shop-detail/8709/,8709,2025-09-06,34.36169625,132.3519937,https://network.mobile.rakuten.co.jp/shopmaster-public/v1/shops,2026-08-17
rakuten,中国,広島県,ビックカメラ 広島駅前店,732-0822 広島県広島市南区松原町5-1,https://network.mobile.rakuten.co.jp/shop-detail/5031/,5031,2018-12-14,34.395876,132.475102,https://network.mobile.rakuten.co.jp/shopmaster-public/v1/shops,2026-08-17
rakuten,中国,広島県,ヤマダデンキ LABI 広島,730-0021 広島県広島市中区胡町5-22,https://network.mobile.rakuten.co.jp/shop-detail/6931/,6931,2019-08-02,34.393393,132.463709,https://network.mobile.rakuten.co.jp/shopmaster-public/v1/shops,2026-08-17
rakuten,中国,広島県,楽天モバイル アルパーク広島店,733-8624 広島県広島市西区草津新町2丁目26-1 アルパーク東棟3F,https://network.mobile.rakuten.co.jp/shop-detail/8649/,8649,2025-09-19,34.37372988,132.3948514,https://network.mobile.rakuten.co.jp/shopmaster-public/v1/shops,2026-08-17
rakuten,中国,広島県,楽天モバイル イオンモール広島祇園店,731-0196 広島県広島市安佐南区祇園3丁目2-1 イオンモール広島祇園 3F,https://network.mobile.rakuten.co.jp/shop-detail/8227/,8227,2022-03-11,34.44396898,132.461489,https://network.mobile.rakuten.co.jp/shopmaster-public/v1/shops,2026-08-17
rakuten,中国,広島県,楽天モバイル イオンモール広島府中店,735-8588 広島県安芸郡府中町大須2丁目1-1 イオンモール広島府中 2F,https://network.mobile.rakuten.co.jp/shop-detail/8538/,8538,2025-03-14,34.3946321955738,132.500486073641,https://network.mobile.rakuten.co.jp/shopmaster-public/v1/shops,2026-08-17
rakuten,中国,広島県,楽天モバイル ジ アウトレット広島店,731-5196 広島県広島市佐伯区石内東四丁目1-1 ジ アウトレット広島1F,https://network.mobile.rakuten.co.jp/shop-detail/8909/,8909,2025-11-07,34.41003225,132.3983692,https://network.mobile.rakuten.co.jp/shopmaster-public/v1/shops,2026-08-17
rakuten,中国,広島県,楽天モバイル フジグラン広島店,730-0044 広島県広島市中区宝町2-1 フジグラン広島 1F,https://network.mobile.rakuten.co.jp/shop-detail/8888/,8888,2025-10-23,34.38617349,132.464332,https://network.mobile.rakuten.co.jp/shopmaster-public/v1/shops,2026-08-17
rakuten,中国,広島県,楽天モバイル フジグラン高陽店,739-1742 広島県広島市安佐北区亀崎1丁目1-6 フジグラン高陽 1F 12.9T区画,https://network.mobile.rakuten.co.jp/shop-detail/1275/,1275,2025-12-15,34.48245529,132.5231181,https://network.mobile.rakuten.co.jp/shopmaster-public/v1/shops,2026-08-17
rakuten,中国,広島県,楽天モバイル フジグラン神辺店,720-2107 広島県福山市神辺町新道上2丁目10-26 フジグラン神辺 2F 15.12T区画,https://network.mobile.rakuten.co.jp/shop-detail/1210/,1210,2025-12-05,34.54394984,133.357793,https://network.mobile.rakuten.co.jp/shopmaster-public/v1/shops,2026-08-17
rakuten,中国,広島県,楽天モバイル フジグラン尾道店,722-0051 広島県尾道市東尾道19-7 1F,https://network.mobile.rakuten.co.jp/shop-detail/8742/,8742,2025-09-19,34.42573922,133.2389262,https://network.mobile.rakuten.co.jp/shopmaster-public/v1/shops,2026-08-17
rakuten,中国,広島県,楽天モバイル ゆめタウン広島店,734-0007 広島県広島市南区皆実町2丁目8-17,https://network.mobile.rakuten.co.jp/shop-detail/1601/,1601,2016-08-04,34.376255,132.463802,https://network.mobile.rakuten.co.jp/shopmaster-public/v1/shops,2026-08-17
rakuten,中国,広島県,楽天モバイル ゆめタウン東広島店,739-0007 広島県東広島市西条土与丸1丁目5-7 ゆめタウン東広島 2F 42.07T区画,https://network.mobile.rakuten.co.jp/shop-detail/1367/,1367,2026-01-10,34.427247115328946,132.7501792235512,https://network.mobile.rakuten.co.jp/shopmaster-public/v1/shops,2026-08-17
rakuten,中国,広島県,楽天モバイル ゆめタウン廿日市店,738-0023 広島県廿日市市下平良2丁目2-1 ゆめタウン廿日市 357B区画,https://network.mobile.rakuten.co.jp/shop-detail/7805/,7805,2021-08-13,34.3461132,132.3354002,https://network.mobile.rakuten.co.jp/shopmaster-public/v1/shops,2026-08-17
rakuten,中国,広島県,楽天モバイル ゆめタウン福山店,720-8524 広島県福山市入船町3丁目1-60 ゆめタウン福山2F,https://network.mobile.rakuten.co.jp/shop-detail/7935/,7935,2021-12-24,34.48638443,133.3782495,https://network.mobile.rakuten.co.jp/shopmaster-public/v1/shops,2026-08-17
rakuten,中国,広島県,楽天モバイル 可部店,731-0221 広島県広島市安佐北区可部3丁目19-24,https://network.mobile.rakuten.co.jp/shop-detail/1423/,1423,2026-02-16,34.52086862,132.5122603,https://network.mobile.rakuten.co.jp/shopmaster-public/v1/shops,2026-08-17
rakuten,中国,広島県,楽天モバイル 呉ポポロショッピングセンター店,737-0046 広島県呉市中通3丁目5-3,https://network.mobile.rakuten.co.jp/shop-detail/8700/,8700,2025-08-31,34.24597593218571,132.56607109817782,https://network.mobile.rakuten.co.jp/shopmaster-public/v1/shops,2026-08-17
rakuten,中国,広島県,楽天モバイル 広駅前店,737-0142 広島県呉市広駅前1丁目2-7 1F,https://network.mobile.rakuten.co.jp/shop-detail/1427/,1427,2026-02-12,34.22982804385266,132.62758733119924,https://network.mobile.rakuten.co.jp/shopmaster-public/v1/shops,2026-08-17
rakuten,中国,広島県,楽天モバイル 広島段原ショッピングセンター店,732-0814 広島県広島市南区段原南1丁目3-52 広島段原ショッピングセンター店 4F,https://network.mobile.rakuten.co.jp/shop-detail/8964/,8964,2025-10-31,34.385334732608456,132.4755865441883,https://network.mobile.rakuten.co.jp/shopmaster-public/v1/shops,2026-08-17
rakuten,中国,広島県,楽天モバイル 広島並木通り店,730-0035 広島県広島市中区本通2-8,https://network.mobile.rakuten.co.jp/shop-detail/1277/,1277,2025-12-17,34.39261663843538,132.46111605348574,https://network.mobile.rakuten.co.jp/shopmaster-public/v1/shops,2026-08-17
rakuten,中国,広島県,楽天モバイル 広島本通り店,730-0035 広島県広島市中区本通7-24 スミレ堂ビル,https://network.mobile.rakuten.co.jp/shop-detail/6981/,6981,2019-08-31,34.393429,132.457454,https://network.mobile.rakuten.co.jp/shopmaster-public/v1/shops,2026-08-17
rakuten,中国,広島県,楽天モバイル 三次サングリーン店,728-0013 広島県三次市十日市東4丁目1-30 サングリーン 1F 7.4T区画,https://network.mobile.rakuten.co.jp/shop-detail/1270/,1270,2025-12-15,34.80402192909223,132.85947266435963,https://network.mobile.rakuten.co.jp/shopmaster-public/v1/shops,2026-08-17
rakuten,中国,広島県,楽天モバイル 南観音店,733-0035 広島県広島市西区南観音3丁目1-4,https://network.mobile.rakuten.co.jp/shop-detail/8752/,8752,2025-09-22,34.38699815,132.4310708,https://network.mobile.rakuten.co.jp/shopmaster-public/v1/shops,2026-08-17
rakuten,中国,広島県,楽天モバイル 尾道高須店,729-0141 広島県尾道市高須町583-1,https://network.mobile.rakuten.co.jp/shop-detail/1278/,1278,2025-12-17,34.44238150471238,133.23455533572005,https://network.mobile.rakuten.co.jp/shopmaster-public/v1/shops,2026-08-17
rakuten,中国,広島県,楽天モバイル 府中天満屋店,726-0004 広島県府中市府川町186-1 府中天満屋 1F,https://network.mobile.rakuten.co.jp/shop-detail/8889/,8889,2025-10-23,34.56999366,133.2368528,https://network.mobile.rakuten.co.jp/shopmaster-public/v1/shops,2026-08-17
rakuten,四国,香川県,Tecc LIFE SELECT 高松春日本店,761-0101 香川県高松市春日町218-1,https://network.mobile.rakuten.co.jp/shop-detail/8369/,8369,2022-05-20,34.32010942,134.0920905,https://network.mobile.rakuten.co.jp/shopmaster-public/v1/shops,2026-08-17
rakuten,四国,香川県,エディオン ゆめタウン高松店,761-8056 香川県高松市上天神町字高田362-1 ゆめタウン高松南館,https://network.mobile.rakuten.co.jp/shop-detail/4051/,4051,2018-07-29,34.315148,134.041720,https://network.mobile.rakuten.co.jp/shopmaster-public/v1/shops,2026-08-17
rakuten,四国,香川県,ケーズデンキ イオンタウン宇多津店,769-0202 香川県綾歌郡宇多津町浜二番丁16,https://network.mobile.rakuten.co.jp/shop-detail/8953/,8953,2025-10-31,34.30816061408855,133.80968443683795,https://network.mobile.rakuten.co.jp/shopmaster-public/v1/shops,2026-08-17
rakuten,四国,香川県,ケーズデンキ 丸亀店,763-0074 香川県丸亀市原田町1900番地,https://network.mobile.rakuten.co.jp/shop-detail/8823/,8823,2025-10-01,34.25994938652936,133.78646033645472,https://network.mobile.rakuten.co.jp/shopmaster-public/v1/shops,2026-08-17
rakuten,四国,香川県,ケーズデンキ 高松春日店,761-0101 香川県高松市春日町151-1,https://network.mobile.rakuten.co.jp/shop-detail/8960/,8960,2025-11-07,34.31790298032186,134.09285081358672,https://network.mobile.rakuten.co.jp/shopmaster-public/v1/shops,2026-08-17
rakuten,四国,香川県,ケーズデンキ 高松本店,761-8076 香川県高松市多肥上町1210,https://network.mobile.rakuten.co.jp/shop-detail/1861/,1861,2016-12-15,34.294298,134.054366,https://network.mobile.rakuten.co.jp/shopmaster-public/v1/shops,2026-08-17
rakuten,四国,香川県,楽天モバイル イオンタウン宇多津店,769-0202 香川県綾歌郡宇多津町浜二番丁16 イオンタウン宇多津,https://network.mobile.rakuten.co.jp/shop-detail/8962/,8962,2025-11-07,34.30868142727964,133.810212310052,https://network.mobile.rakuten.co.jp/shopmaster-public/v1/shops,2026-08-17
rakuten,四国,香川県,楽天モバイル イオンモール綾川店,761-2304 香川県綾歌郡綾川町萱原822-1 イオンモール綾川 2F,https://network.mobile.rakuten.co.jp/shop-detail/8647/,8647,2025-09-19,34.25175387,133.9304987,https://network.mobile.rakuten.co.jp/shopmaster-public/v1/shops,2026-08-17
rakuten,四国,香川県,楽天モバイル イオンモール高松店,761-8012 香川県高松市香西本町1-1 イオンモール高松店 3F,https://network.mobile.rakuten.co.jp/shop-detail/8913/,8913,2025-11-08,34.35216096,134.0054222,https://network.mobile.rakuten.co.jp/shopmaster-public/v1/shops,2026-08-17
rakuten,四国,香川県,楽天モバイル マルナカ新土庄店,761-4101 香川県小豆郡土庄町字半の池甲1360-10 マルナカ新土庄 1F,https://network.mobile.rakuten.co.jp/shop-detail/1144/,1144,2026-03-07,34.47647799,134.179013,https://network.mobile.rakuten.co.jp/shopmaster-public/v1/shops,2026-08-17
rakuten,四国,香川県,楽天モバイル ゆめタウン丸亀店,763-0055 香川県丸亀市新田町150 ゆめタウン丸亀 1F 21.76T区画,https://network.mobile.rakuten.co.jp/shop-detail/1157/,1157,2025-11-30,34.273698089011816,133.7855059095923,https://network.mobile.rakuten.co.jp/shopmaster-public/v1/shops,2026-08-17
rakuten,四国,香川県,楽天モバイル ゆめタウン高松店,761-8072 香川県高松市三条町608-1 ゆめタウン高松1F,https://network.mobile.rakuten.co.jp/shop-detail/7829/,7829,2021-09-17,34.31610821,134.0421639,https://network.mobile.rakuten.co.jp/shopmaster-public/v1/shops,2026-08-17
rakuten,四国,香川県,楽天モバイル 高松丸亀町店,760-0029 香川県高松市丸亀町9-5 1F,https://network.mobile.rakuten.co.jp/shop-detail/1016/,1016,2025-11-16,34.34268710212175,134.0499396322139,https://network.mobile.rakuten.co.jp/shopmaster-public/v1/shops,2026-08-17
rakuten,四国,香川県,楽天モバイル 志度店,769-2101 香川県さぬき市志度1008 1F 103区画,https://network.mobile.rakuten.co.jp/shop-detail/8735/,8735,2025-11-28,34.32006498991625,134.18195868968556,https://network.mobile.rakuten.co.jp/shopmaster-public/v1/shops,2026-08-17
rakuten,四国,高知県,Tecc LIFE SELECT 高知本店,781-5104 高知県高知市介良字山ノ後乙1136-1,https://network.mobile.rakuten.co.jp/shop-detail/8342/,8342,2022-04-29,33.56189508,133.5987415,https://network.mobile.rakuten.co.jp/shopmaster-public/v1/shops,2026-08-17
rakuten,四国,高知県,ケーズデンキ 高知駅前店,780-0056 高知県高知市北本町2丁目7-22,https://network.mobile.rakuten.co.jp/shop-detail/2891/,2891,2018-02-13,33.566579,133.545984,https://network.mobile.rakuten.co.jp/shopmaster-public/v1/shops,2026-08-17
rakuten,四国,高知県,楽天モバイル イオンモール高知店,780-0026 高知県高知市秦南町1丁目4-8 イオンモール高知 2F,https://network.mobile.rakuten.co.jp/shop-detail/8331/,8331,2022-04-22,33.57632596,133.5423843,https://network.mobile.rakuten.co.jp/shopmaster-public/v1/shops,2026-08-17
rakuten,四国,高知県,楽天モバイル サニーアクシス南国店,783-0005 高知県南国市大そね乙1009-1 サニーアクシス南国 1F 105区画,https://network.mobile.rakuten.co.jp/shop-detail/1174/,1174,2025-11-28,33.566527,133.648733,https://network.mobile.rakuten.co.jp/shopmaster-public/v1/shops,2026-08-17
rakuten,四国,高知県,楽天モバイル フジグラン四万十店,787-0019 高知県四万十市具同2222 フジグラン四万十 2F T207区画,https://network.mobile.rakuten.co.jp/shop-detail/1194/,1194,2025-12-04,32.98127067,132.9206081,https://network.mobile.rakuten.co.jp/shopmaster-public/v1/shops,2026-08-17
rakuten,四国,高知県,楽天モバイル フジグラン野市店,781-5232 高知県香南市野市町西野2007-1 フジグラン野市 1F G116区画,https://network.mobile.rakuten.co.jp/shop-detail/1383/,1383,2026-01-16,33.5608069,133.6966649,https://network.mobile.rakuten.co.jp/shopmaster-public/v1/shops,2026-08-17
rakuten,四国,高知県,楽天モバイル マルナカ高知インター店,781-8135 高知県高知市一宮南町1丁目15-13 2F,https://network.mobile.rakuten.co.jp/shop-detail/8771/,8771,2025-09-25,33.5809446,133.5671767,https://network.mobile.rakuten.co.jp/shopmaster-public/v1/shops,2026-08-17
rakuten,四国,高知県,楽天モバイル 高知はりまや町店,780-0822 高知県高知市はりまや町1丁目5-29 1F,https://network.mobile.rakuten.co.jp/shop-detail/1185/,1185,2025-12-01,33.559615,133.543963,https://network.mobile.rakuten.co.jp/shopmaster-public/v1/shops,2026-08-17
rakuten,四国,高知県,楽天モバイル 高知高須店,781-8104 高知県高知市高須2丁目17-20 1F,https://network.mobile.rakuten.co.jp/shop-detail/1183/,1183,2025-12-01,33.56066971944157,133.5895690155271,https://network.mobile.rakuten.co.jp/shopmaster-public/v1/shops,2026-08-17
rakuten,四国,高知県,楽天モバイル 高知帯屋町店,780-0841 高知県高知市帯屋町2丁目4-15,https://network.mobile.rakuten.co.jp/shop-detail/1455/,1455,2026-03-06,33.55974348017705,133.53606668911576,https://network.mobile.rakuten.co.jp/shopmaster-public/v1/shops,2026-08-17
rakuten,九州,佐賀県,エディオン 佐賀本店,849-0919 佐賀県佐賀市兵庫北6丁目4-21,https://network.mobile.rakuten.co.jp/shop-detail/4901/,4901,2018-10-18,33.274465,130.312606,https://network.mobile.rakuten.co.jp/shopmaster-public/v1/shops,2026-08-17
rakuten,九州,佐賀県,ケーズデンキ 唐津店,847-0084 佐賀県唐津市和多田西山7-3-2号,https://network.mobile.rakuten.co.jp/shop-detail/8572/,8572,2025-07-24,33.4290877347873,129.981939093793,https://network.mobile.rakuten.co.jp/shopmaster-public/v1/shops,2026-08-17
rakuten,九州,佐賀県,ケーズデンキ 武雄店,843-0024 佐賀県武雄市武雄町富岡12697,https://network.mobile.rakuten.co.jp/shop-detail/8990/,8990,2025-11-14,33.202422012830795,130.03861019465592,https://network.mobile.rakuten.co.jp/shopmaster-public/v1/shops,2026-08-17
rakuten,九州,佐賀県,テックランド New唐津店,847-0022 佐賀県唐津市鏡3699-1,https://network.mobile.rakuten.co.jp/shop-detail/1480/,1480,2026-03-20,33.43508465352647,130.00798551066828,https://network.mobile.rakuten.co.jp/shopmaster-public/v1/shops,2026-08-17
rakuten,九州,佐賀県,テックランド佐賀本店,849-0918 佐賀県佐賀市兵庫南4丁目1-7,https://network.mobile.rakuten.co.jp/shop-detail/8836/,8836,2025-10-11,33.25983848262578,130.31948942554735,https://network.mobile.rakuten.co.jp/shopmaster-public/v1/shops,2026-08-17
rakuten,九州,佐賀県,ベスト電器 佐賀本店,849-0919 佐賀県佐賀市兵庫北5丁目14-1,https://network.mobile.rakuten.co.jp/shop-detail/7735/,7735,2021-03-08,33.27604586,130.309865,https://network.mobile.rakuten.co.jp/shopmaster-public/v1/shops,2026-08-17
rakuten,九州,佐賀県,ベスト電器 武雄店,843-0022 佐賀県武雄市武雄町大字武雄4992 ゆめタウン武雄 1F,https://network.mobile.rakuten.co.jp/shop-detail/8980/,8980,2025-11-22,33.1887364,130.0251081,https://network.mobile.rakuten.co.jp/shopmaster-public/v1/shops,2026-08-17
rakuten,九州,佐賀県,楽天モバイル イオンモール佐賀大和店,840-0201 佐賀県佐賀市大和町尼寺3535 イオンモール佐賀大和,https://network.mobile.rakuten.co.jp/shop-detail/1153/,1153,2025-11-30,33.3034673789232,130.28100825419415,https://network.mobile.rakuten.co.jp/shopmaster-public/v1/shops,2026-08-17
rakuten,九州,佐賀県,楽天モバイル フレスポ鳥栖店,841-0026 佐賀県鳥栖市本鳥栖町537-1 フレスポ鳥栖店 1F 42-1区画,https://network.mobile.rakuten.co.jp/shop-detail/8933/,8933,2025-10-31,33.37574198,130.5172849,https://network.mobile.rakuten.co.jp/shopmaster-public/v1/shops,2026-08-17
rakuten,九州,佐賀県,楽天モバイル モラージュ佐賀店,840-8551 佐賀県佐賀市巨勢町牛島730 モラージュ佐賀北館2F,https://network.mobile.rakuten.co.jp/shop-detail/1083/,1083,2025-12-05,33.25245671574056,130.318492,https://network.mobile.rakuten.co.jp/shopmaster-public/v1/shops,2026-08-17
rakuten,九州,佐賀県,楽天モバイル ゆめタウン佐賀店,849-0919 佐賀県佐賀市兵庫北5丁目14-1 ゆめタウン佐賀　2F,https://network.mobile.rakuten.co.jp/shop-detail/5581/,5581,2019-02-08,33.275882,130.307951,https://network.mobile.rakuten.co.jp/shopmaster-public/v1/shops,2026-08-17
rakuten,九州,佐賀県,楽天モバイル ゆめタウン武雄店,843-0022 佐賀県武雄市武雄町武雄4992 ゆめタウン武雄 1F,https://network.mobile.rakuten.co.jp/shop-detail/1435/,1435,2026-07-01,33.1887364,130.0251081,https://network.mobile.rakuten.co.jp/shopmaster-public/v1/shops,2026-08-17
rakuten,九州,佐賀県,楽天モバイル 唐津店,847-0041 佐賀県唐津市千代田町2109ｰ90 東宝ビル 2F,https://network.mobile.rakuten.co.jp/shop-detail/8922/,8922,2025-11-14,33.44922980600994,129.97356699948833,https://network.mobile.rakuten.co.jp/shopmaster-public/v1/shops,2026-08-17
rakuten,関東,埼玉県,T&T MOBILE SHOP,332-0021 埼玉県川口市西川口1丁目9-4 西川口三光ビル 103号室,https://network.mobile.rakuten.co.jp/shop-detail/8501/,8501,2024-03-01,35.81567550052004,139.70300300738538,https://network.mobile.rakuten.co.jp/shopmaster-public/v1/shops,2026-08-17
rakuten,関東,埼玉県,Tecc LIFE SELECT ムサシ久喜菖蒲店,346-0106 埼玉県久喜市菖蒲町菖蒲7004 ホームセンタームサシ久喜菖蒲店 2F,https://network.mobile.rakuten.co.jp/shop-detail/8848/,8848,2025-10-18,36.07379514,139.612089,https://network.mobile.rakuten.co.jp/shopmaster-public/v1/shops,2026-08-17
rakuten,関東,埼玉県,Tecc LIFE SELECT 狭山店,350-1333 埼玉県狭山市上奥富1126-1 イオン狭山店 1F,https://network.mobile.rakuten.co.jp/shop-detail/8491/,8491,2023-06-23,35.8682613762727,139.41007748626842,https://network.mobile.rakuten.co.jp/shopmaster-public/v1/shops,2026-08-17
rakuten,関東,埼玉県,Tecc LIFE SELECT 春日部本店,344-0007 埼玉県春日部市小渕字前田259-3,https://network.mobile.rakuten.co.jp/shop-detail/7916/,7916,2021-12-04,35.9946699,139.7594397,https://network.mobile.rakuten.co.jp/shopmaster-public/v1/shops,2026-08-17
rakuten,関東,埼玉県,エディオン 西上尾店,362-0064 埼玉県上尾市大字小敷谷815-3,https://network.mobile.rakuten.co.jp/shop-detail/8665/,8665,2025-09-01,35.95902022,139.5655854,https://network.mobile.rakuten.co.jp/shopmaster-public/v1/shops,2026-08-17
rakuten,関東,埼玉県,ケーズデンキ ピオニウォーク東松山店,355-0048 埼玉県東松山市あずま町4丁目5,https://network.mobile.rakuten.co.jp/shop-detail/1401/,1401,2016-06-23,36.003610,139.409179,https://network.mobile.rakuten.co.jp/shopmaster-public/v1/shops,2026-08-17
rakuten,関東,埼玉県,ケーズデンキ ふじみ野店,356-0058 埼玉県ふじみ野市大井中央2丁目20－1,https://network.mobile.rakuten.co.jp/shop-detail/2321/,2321,2017-05-03,35.857069,139.503878,https://network.mobile.rakuten.co.jp/shopmaster-public/v1/shops,2026-08-17
rakuten,関東,埼玉県,ケーズデンキ 越谷店,343-0047 埼玉県越谷市弥十郎407,https://network.mobile.rakuten.co.jp/shop-detail/8852/,8852,2025-10-17,35.92000261498833,139.79390997063214,https://network.mobile.rakuten.co.jp/shopmaster-public/v1/shops,2026-08-17
rakuten,関東,埼玉県,ケーズデンキ 岩槻店,339-0043 埼玉県さいたま市岩槻区城南1丁目1-1,https://network.mobile.rakuten.co.jp/shop-detail/8212/,8212,2022-03-18,35.94217801,139.7002598,https://network.mobile.rakuten.co.jp/shopmaster-public/v1/shops,2026-08-17
rakuten,関東,埼玉県,ケーズデンキ 鴻巣店,365-0073 埼玉県鴻巣市八幡田481-1,https://network.mobile.rakuten.co.jp/shop-detail/8880/,8880,2025-10-24,36.079244259660875,139.4924529975949,https://network.mobile.rakuten.co.jp/shopmaster-public/v1/shops,2026-08-17
rakuten,関東,埼玉県,ケーズデンキ 埼大通り店,338-0823 埼玉県さいたま市桜区栄和4丁目10-18,https://network.mobile.rakuten.co.jp/shop-detail/5371/,5371,2018-12-20,35.869067,139.617632,https://network.mobile.rakuten.co.jp/shopmaster-public/v1/shops,2026-08-17
rakuten,関東,埼玉県,ケーズデンキ 上尾店,362-0005 埼玉県上尾市大字西門前字芝道252-1,https://network.mobile.rakuten.co.jp/shop-detail/3541/,3541,2018-06-15,35.991791,139.579631,https://network.mobile.rakuten.co.jp/shopmaster-public/v1/shops,2026-08-17
rakuten,関東,埼玉県,ケーズデンキ 川越店,350-0031 埼玉県川越市小仙波974-1,https://network.mobile.rakuten.co.jp/shop-detail/2901/,2901,2018-02-13,35.916941,139.501559,https://network.mobile.rakuten.co.jp/shopmaster-public/v1/shops,2026-08-17
rakuten,関東,埼玉県,ケーズデンキ 鶴ケ島インター店,350-2211 埼玉県鶴ヶ島市脚折町5丁目1-34,https://network.mobile.rakuten.co.jp/shop-detail/2811/,2811,2017-12-21,35.946921,139.396083,https://network.mobile.rakuten.co.jp/shopmaster-public/v1/shops,2026-08-17
rakuten,関東,埼玉県,ケーズデンキ 入間店,358-0012 埼玉県入間市東藤沢2丁目12-27,https://network.mobile.rakuten.co.jp/shop-detail/3521/,3521,2018-06-15,35.820713,139.416187,https://network.mobile.rakuten.co.jp/shopmaster-public/v1/shops,2026-08-17
rakuten,関東,埼玉県,コジマ×ビックカメラ イオンタウンふじみ野店,356-0011 埼玉県ふじみ野市福岡2丁目-1-6 イオンタウンふじみ野 2F,https://network.mobile.rakuten.co.jp/shop-detail/8526/,8526,2025-02-07,35.8808072499348,139.52325951534257,https://network.mobile.rakuten.co.jp/shopmaster-public/v1/shops,2026-08-17
rakuten,関東,埼玉県,コジマ×ビックカメラ 熊谷店,360-0816 埼玉県熊谷市大字石原484,https://network.mobile.rakuten.co.jp/shop-detail/8584/,8584,2025-08-07,36.15632789821276,139.37022047678443,https://network.mobile.rakuten.co.jp/shopmaster-public/v1/shops,2026-08-17
rakuten,関東,埼玉県,コジマ×ビックカメラ 新座店,352-0011 埼玉県新座市野火止6丁目1-10,https://network.mobile.rakuten.co.jp/shop-detail/3611/,3611,2018-06-30,35.800507,139.561122,https://network.mobile.rakuten.co.jp/shopmaster-public/v1/shops,2026-08-17
rakuten,関東,埼玉県,ジョーシン アリオ川口店,332-0033 埼玉県川口市並木元町1丁目79 アリオ川口 2F,https://network.mobile.rakuten.co.jp/shop-detail/1651/,1651,2016-08-18,35.807766,139.712959,https://network.mobile.rakuten.co.jp/shopmaster-public/v1/shops,2026-08-17
rakuten,関東,埼玉県,ジョーシン 羽生イオンモール店,348-0039 埼玉県羽生市川崎2丁目281-3 イオンモール羽生 1F,https://network.mobile.rakuten.co.jp/shop-detail/0531/,0531,2015-11-25,36.142623,139.541795,https://network.mobile.rakuten.co.jp/shopmaster-public/v1/shops,2026-08-17
rakuten,関東,埼玉県,ジョーシン 浦和美園イオンモール店,336-0967 埼玉県さいたま市緑区美園5丁目50-1 イオンモール浦和美園1F,https://network.mobile.rakuten.co.jp/shop-detail/0521/,0521,2015-10-28,35.891943,139.730054,https://network.mobile.rakuten.co.jp/shopmaster-public/v1/shops,2026-08-17
rakuten,関東,埼玉県,ジョーシン 鴻巣店,369-0131 埼玉県鴻巣市袋763-2,https://network.mobile.rakuten.co.jp/shop-detail/8315/,8315,2022-04-26,36.09595374,139.4674211,https://network.mobile.rakuten.co.jp/shopmaster-public/v1/shops,2026-08-17
rakuten,関東,埼玉県,テックランド 坂戸店,350-0223 埼玉県坂戸市八幡1丁目3-45,https://network.mobile.rakuten.co.jp/shop-detail/8550/,8550,2025-05-10,35.95926017628753,139.4038368427376,https://network.mobile.rakuten.co.jp/shopmaster-public/v1/shops,2026-08-17
rakuten,関東,埼玉県,ビックカメラ 所沢駅店,359-1123 埼玉県所沢市日吉町12-1 6F 西武所沢ワルツ6F,https://network.mobile.rakuten.co.jp/shop-detail/7351/,7351,2019-11-08,35.7858552,139.4722792,https://network.mobile.rakuten.co.jp/shopmaster-public/v1/shops,2026-08-17
rakuten,関東,埼玉県,ビックカメラ 大宮西口そごう店,330-0854 埼玉県さいたま市大宮区桜木町1丁目8-4 そごう大宮店 パーキング館 1F～3F,https://network.mobile.rakuten.co.jp/shop-detail/5021/,5021,2018-12-14,35.904555,139.621002,https://network.mobile.rakuten.co.jp/shopmaster-public/v1/shops,2026-08-17
rakuten,関東,埼玉県,モバワン 志木新座店,353-0004 埼玉県志木市本町5丁目26-6 SOビル 1F,https://network.mobile.rakuten.co.jp/shop-detail/8507/,8507,2024-05-01,35.8232465738168,139.575193537435,https://network.mobile.rakuten.co.jp/shopmaster-public/v1/shops,2026-08-17
rakuten,関東,埼玉県,ヤマダファミリーショップ ヤオ秩父店,368-8680 埼玉県秩父市上町1丁目5-9 矢尾百貨店内 1F,https://network.mobile.rakuten.co.jp/shop-detail/8991/,8991,2025-11-28,35.99255228157369,139.07974194809532,https://network.mobile.rakuten.co.jp/shopmaster-public/v1/shops,2026-08-17
rakuten,関東,埼玉県,ヨドバシカメラ マルチメディアさいたま新都心駅前店,330-0843 埼玉県さいたま市大宮区吉敷町4丁目263-6 コクーン3 1F,https://network.mobile.rakuten.co.jp/shop-detail/7714/,7714,2020-10-30,35.895684,139.634394,https://network.mobile.rakuten.co.jp/shopmaster-public/v1/shops,2026-08-17
rakuten,関東,埼玉県,楽天モバイル MEGAドン・キホーテ北鴻巣店,365-0062 埼玉県鴻巣市箕田3111-1 MEGAドン・キホーテ北鴻巣店 1F,https://network.mobile.rakuten.co.jp/shop-detail/8821/,8821,2025-10-09,36.08017773,139.4887886,https://network.mobile.rakuten.co.jp/shopmaster-public/v1/shops,2026-08-17
rakuten,関東,埼玉県,楽天モバイル OSCデオシティ新座店,352-0005 埼玉県新座市中野2丁目1-38 OSCデオシティ新座ミックスミックス棟 3F,https://network.mobile.rakuten.co.jp/shop-detail/8864/,8864,2025-10-17,35.81720321753602,139.54923149470594,https://network.mobile.rakuten.co.jp/shopmaster-public/v1/shops,2026-08-17
rakuten,関東,埼玉県,楽天モバイル アリオ上尾店,362-0081 埼玉県上尾市壱丁目北29-14 アリオ上尾 1F,https://network.mobile.rakuten.co.jp/shop-detail/1508/,1508,2026-08-07,35.96161341,139.565775,https://network.mobile.rakuten.co.jp/shopmaster-public/v1/shops,2026-08-17
rakuten,関東,埼玉県,楽天モバイル アリオ深谷店,366-0052 埼玉県深谷市上柴町西4丁目2-14 アリオ深谷 2F,https://network.mobile.rakuten.co.jp/shop-detail/8182/,8182,2022-02-21,36.1815431,139.2989914,https://network.mobile.rakuten.co.jp/shopmaster-public/v1/shops,2026-08-17
rakuten,関東,埼玉県,楽天モバイル アリオ川口店,332-0033 埼玉県川口市並木元町1-79 アリオ川口 3階 315区画,https://network.mobile.rakuten.co.jp/shop-detail/8411/,8411,2022-07-01,35.80749553,139.7142053,https://network.mobile.rakuten.co.jp/shopmaster-public/v1/shops,2026-08-17
rakuten,関東,埼玉県,楽天モバイル アリオ鷲宮店,340-0212 埼玉県久喜市久本寺谷田7-1 アリオ鷲宮2F,https://network.mobile.rakuten.co.jp/shop-detail/8126/,8126,2022-02-01,36.0784871,139.66161,https://network.mobile.rakuten.co.jp/shopmaster-public/v1/shops,2026-08-17
rakuten,関東,埼玉県,楽天モバイル イオンタウンふじみ野店,356-0011 埼玉県ふじみ野市福岡2丁目1-6 イオンタウンふじみ野 2F 212区画,https://network.mobile.rakuten.co.jp/shop-detail/1393/,1393,2026-02-13,35.880810656178944,139.52177422315833,https://network.mobile.rakuten.co.jp/shopmaster-public/v1/shops,2026-08-17
rakuten,関東,埼玉県,楽天モバイル イオンタウン上里店,369-0301 埼玉県児玉郡上里町金久保字蓮山359-1 イオンタウン上里店 1F,https://network.mobile.rakuten.co.jp/shop-detail/8741/,8741,2025-11-10,36.2610012811136,139.135313091584,https://network.mobile.rakuten.co.jp/shopmaster-public/v1/shops,2026-08-17
rakuten,関東,埼玉県,楽天モバイル イオンタウン毛呂山店,350-0436 埼玉県入間郡毛呂山町川角58 イオンタウン毛呂山店 1F,https://network.mobile.rakuten.co.jp/shop-detail/8779/,8779,2025-09-27,35.9467023,139.3299693,https://network.mobile.rakuten.co.jp/shopmaster-public/v1/shops,2026-08-17
rakuten,関東,埼玉県,楽天モバイル イオンモール羽生店,348-0039 埼玉県羽生市川崎2丁目281-3 イオンモール羽生 3F,https://network.mobile.rakuten.co.jp/shop-detail/8534/,8534,2025-03-14,36.142722,139.542028,https://network.mobile.rakuten.co.jp/shopmaster-public/v1/shops,2026-08-17
rakuten,関東,埼玉県,楽天モバイル イオンモール浦和美園店,336-8760 埼玉県さいたま市緑区美園5丁目50-1 イオンモール浦和美園 2F,https://network.mobile.rakuten.co.jp/shop-detail/8249/,8249,2022-03-18,35.89079834,139.731267,https://network.mobile.rakuten.co.jp/shopmaster-public/v1/shops,2026-08-17
rakuten,関東,埼玉県,楽天モバイル イオンモール上尾店,362-0034 埼玉県上尾市愛宕3丁目8-1 イオンモール上尾 2F,https://network.mobile.rakuten.co.jp/shop-detail/7801/,7801,2021-08-01,35.96546955,139.6007299,https://network.mobile.rakuten.co.jp/shopmaster-public/v1/shops,2026-08-17
rakuten,関東,埼玉県,楽天モバイル イオンモール川口前川店,333-0842 埼玉県川口市前川1丁目1-11 イオンモール川口前川店 2F,https://network.mobile.rakuten.co.jp/shop-detail/8559/,8559,2025-06-01,35.8337087719077,139.707032302605,https://network.mobile.rakuten.co.jp/shopmaster-public/v1/shops,2026-08-17
rakuten,関東,埼玉県,楽天モバイル イオンモール川口店,333-0834 埼玉県川口市安行領根岸3180 イオンモール川口3F,https://network.mobile.rakuten.co.jp/shop-detail/7755/,7755,2021-05-25,35.83832373,139.7220816,https://network.mobile.rakuten.co.jp/shopmaster-public/v1/shops,2026-08-17
rakuten,関東,埼玉県,楽天モバイル イオンモール北戸田店,335-0032 埼玉県戸田市美女木東1丁目3-1 イオンモール北戸田 3F,https://network.mobile.rakuten.co.jp/shop-detail/7858/,7858,2021-10-22,35.82695896	,139.6526805	,https://network.mobile.rakuten.co.jp/shopmaster-public/v1/shops,2026-08-17
rakuten,関東,埼玉県,楽天モバイル イオンモール与野店,338-0004 埼玉県さいたま市中央区本町西5丁目2-9 イオンモール与野 3F,https://network.mobile.rakuten.co.jp/shop-detail/1506/,1506,2026-08-01,35.8912441719805,139.615151583738,https://network.mobile.rakuten.co.jp/shopmaster-public/v1/shops,2026-08-17
rakuten,関東,埼玉県,楽天モバイル コクーンシティ店,330-0843 埼玉県さいたま市大宮区吉敷町4丁目263-1 コクーンシティ コクーン2,https://network.mobile.rakuten.co.jp/shop-detail/7758/,7758,2021-05-28,35.89587,139.63588,https://network.mobile.rakuten.co.jp/shopmaster-public/v1/shops,2026-08-17
rakuten,関東,埼玉県,楽天モバイル ニットーモール熊谷店,360-0032 埼玉県熊谷市銀座2丁目245,https://network.mobile.rakuten.co.jp/shop-detail/2791/,2791,2017-11-01,36.138881,139.393129,https://network.mobile.rakuten.co.jp/shopmaster-public/v1/shops,2026-08-17
rakuten,関東,埼玉県,楽天モバイル パトリア東大宮店,337-0002 埼玉県さいたま市見沼区春野2丁目8 パトリア東大宮 1F 102･103区画,https://network.mobile.rakuten.co.jp/shop-detail/8808/,8808,2025-11-10,35.95705973,139.6597552,https://network.mobile.rakuten.co.jp/shopmaster-public/v1/shops,2026-08-17
rakuten,関東,埼玉県,楽天モバイル パルテきたこし北越谷店,343-0025 埼玉県越谷市大沢3丁目6-1 東急ストア 2F 207-B区画,https://network.mobile.rakuten.co.jp/shop-detail/1217/,1217,2025-12-08,35.902046687652366,139.7806712972991,https://network.mobile.rakuten.co.jp/shopmaster-public/v1/shops,2026-08-17
rakuten,関東,埼玉県,楽天モバイル ピオニウォーク東松山店,355-0048 埼玉県東松山市あずま町4丁目3 ピオニウォーク東松山2F,https://network.mobile.rakuten.co.jp/shop-detail/7859/,7859,2021-11-01,36.00562708,139.4105816,https://network.mobile.rakuten.co.jp/shopmaster-public/v1/shops,2026-08-17
rakuten,関東,埼玉県,楽天モバイル ビバモール東松山店,355-0021 埼玉県東松山市神明町2丁目11-6 ビバモール東松山 2F 217区画,https://network.mobile.rakuten.co.jp/shop-detail/1216/,1216,2025-12-08,36.0300881152152,139.40417230436708,https://network.mobile.rakuten.co.jp/shopmaster-public/v1/shops,2026-08-17
rakuten,関東,埼玉県,楽天モバイル フレスポ八潮店,340-0822 埼玉県八潮市大瀬1丁目1-3 フレスポ八潮　F2170区画,https://network.mobile.rakuten.co.jp/shop-detail/8120/,8120,2022-02-01,35.80852,139.84405,https://network.mobile.rakuten.co.jp/shopmaster-public/v1/shops,2026-08-17
rakuten,関東,埼玉県,楽天モバイル ベニバナウォーク桶川店,363-0029 埼玉県桶川市下日出谷東2丁目15-1 ベニバナウォーク桶川 2F,https://network.mobile.rakuten.co.jp/shop-detail/8600/,8600,2025-08-01,35.9967429161526,139.550979176979,https://network.mobile.rakuten.co.jp/shopmaster-public/v1/shops,2026-08-17
rakuten,関東,埼玉県,楽天モバイル マルイファミリー志木店,353-0004 埼玉県志木市本町5丁目26-1 マルイファミリー志木 5F,https://network.mobile.rakuten.co.jp/shop-detail/8273/,8273,2022-03-25,35.82396663,139.5742009,https://network.mobile.rakuten.co.jp/shopmaster-public/v1/shops,2026-08-17
rakuten,関東,埼玉県,楽天モバイル モラージュ菖蒲店,346-0195 埼玉県久喜市菖蒲町菖蒲6005-1 モラージュ菖蒲3F,https://network.mobile.rakuten.co.jp/shop-detail/2781/,2781,2017-11-01,36.074909,139.612252,https://network.mobile.rakuten.co.jp/shopmaster-public/v1/shops,2026-08-17
rakuten,関東,埼玉県,楽天モバイル ララガーデン春日部店,344-0064 埼玉県春日部市南1丁目1-1 ララガーデン春日部256号,https://network.mobile.rakuten.co.jp/shop-detail/7531/,7531,2017-10-06,35.977582,139.754697,https://network.mobile.rakuten.co.jp/shopmaster-public/v1/shops,2026-08-17
rakuten,関東,埼玉県,楽天モバイル ららぽーと新三郷店,341-8550 埼玉県三郷市新三郷ららシティ3丁目1-1 ららぽーと新三郷2F,https://network.mobile.rakuten.co.jp/shop-detail/7767/,7767,2018-09-13,35.859378,139.866526,https://network.mobile.rakuten.co.jp/shopmaster-public/v1/shops,2026-08-17
rakuten,関東,埼玉県,楽天モバイル ららぽーと富士見店,354-8560 埼玉県富士見市山室1丁目1313 3150号室,https://network.mobile.rakuten.co.jp/shop-detail/4591/,4591,2018-10-19,35.859976,139.547528,https://network.mobile.rakuten.co.jp/shopmaster-public/v1/shops,2026-08-17
rakuten,関東,埼玉県,楽天モバイル レイクタウンmori店,343-0828 埼玉県越谷市レイクタウン3丁目1-1 レイクタウンmori1F1037区画,https://network.mobile.rakuten.co.jp/shop-detail/5561/,5561,2019-03-20,35.882682,139.827979,https://network.mobile.rakuten.co.jp/shopmaster-public/v1/shops,2026-08-17
rakuten,関東,埼玉県,楽天モバイル 浦和店,330-0062 埼玉県さいたま市浦和区仲町1丁目4-12,https://network.mobile.rakuten.co.jp/shop-detail/7910/,7910,2021-12-01,35.85993356,139.6536879,https://network.mobile.rakuten.co.jp/shopmaster-public/v1/shops,2026-08-17
rakuten,関東,埼玉県,楽天モバイル 所沢プロぺ通り店,359-1123 埼玉県所沢市日吉町10-22 小澤ビルFOCUS1F,https://network.mobile.rakuten.co.jp/shop-detail/2821/,2821,2017-12-25,35.787515,139.472293,https://network.mobile.rakuten.co.jp/shopmaster-public/v1/shops,2026-08-17
rakuten,関東,埼玉県,楽天モバイル 所沢榎町店,359-1104 埼玉県所沢市榎町8-13 1F 102区画,https://network.mobile.rakuten.co.jp/shop-detail/1124/,1124,2025-11-29,35.804045902825024,139.44290785243587,https://network.mobile.rakuten.co.jp/shopmaster-public/v1/shops,2026-08-17
rakuten,関東,埼玉県,楽天モバイル 川越クレアモール店,350-1122 埼玉県川越市脇田町6-4-2,https://network.mobile.rakuten.co.jp/shop-detail/7441/,7441,2019-12-27,35.909790,139.482689,https://network.mobile.rakuten.co.jp/shopmaster-public/v1/shops,2026-08-17
rakuten,関東,埼玉県,楽天モバイル 川口店,332-0017 埼玉県川口市栄町3丁目9-18 近代グループBLD.17号館　1F,https://network.mobile.rakuten.co.jp/shop-detail/7261/,7261,2019-10-02,35.802917,139.719586,https://network.mobile.rakuten.co.jp/shopmaster-public/v1/shops,2026-08-17
rakuten,関東,埼玉県,楽天モバイル 草加マルイ店,340-0015 埼玉県草加市高砂2丁目9－1,https://network.mobile.rakuten.co.jp/shop-detail/7541/,7541,2017-08-10,35.828722,139.804742,https://network.mobile.rakuten.co.jp/shopmaster-public/v1/shops,2026-08-17
rakuten,関東,埼玉県,楽天モバイル 大宮ステラタウン店,331-0812 埼玉県さいたま市北区宮原町1丁目854-1 ステラタウン 1F,https://network.mobile.rakuten.co.jp/shop-detail/8345/,8345,2022-04-28,35.93292,139.62328,https://network.mobile.rakuten.co.jp/shopmaster-public/v1/shops,2026-08-17
rakuten,関東,埼玉県,楽天モバイル 大宮マルイ店,330-9501 埼玉県さいたま市大宮区桜木町2丁目3 2F,https://network.mobile.rakuten.co.jp/shop-detail/8479/,8479,2023-04-01,35.90710223,139.6215732,https://network.mobile.rakuten.co.jp/shopmaster-public/v1/shops,2026-08-17
rakuten,関東,埼玉県,楽天モバイル 入間店,358-0008 埼玉県入間市河原町2-1 西武入間ぺぺ2F,https://network.mobile.rakuten.co.jp/shop-detail/3691/,3691,2018-07-02,35.841440,139.389071,https://network.mobile.rakuten.co.jp/shopmaster-public/v1/shops,2026-08-17
rakuten,関東,埼玉県,楽天モバイル 武蔵浦和マーレ店,336-0022 埼玉県さいたま市南区白幡5丁目19-19 武蔵浦和駅南ビル マーレA館2F,https://network.mobile.rakuten.co.jp/shop-detail/7817/,7817,2021-08-27,35.8447423,139.6475417,https://network.mobile.rakuten.co.jp/shopmaster-public/v1/shops,2026-08-17
rakuten,関東,埼玉県,楽天モバイル 北浦和店,330-0074 埼玉県さいたま市浦和区北浦和4丁目3-11 COCOビル 1F,https://network.mobile.rakuten.co.jp/shop-detail/1137/,1137,2025-11-29,35.87180989422914,139.64504750569213,https://network.mobile.rakuten.co.jp/shopmaster-public/v1/shops,2026-08-17
rakuten,関東,埼玉県,楽天モバイルイオンモール春日部店,344-0122 埼玉県春日部市下柳420-1 イオンモール春日部2F,https://network.mobile.rakuten.co.jp/shop-detail/6021/,6021,2019-04-30,35.987810,139.788432,https://network.mobile.rakuten.co.jp/shopmaster-public/v1/shops,2026-08-17
rakuten,東海,三重県,エディオン イオンタウン菰野店,510-1232 三重県三重郡菰野町宿野357 イオンタウン菰野内,https://network.mobile.rakuten.co.jp/shop-detail/8904/,8904,2025-10-30,35.00440613,136.5299664,https://network.mobile.rakuten.co.jp/shopmaster-public/v1/shops,2026-08-17
rakuten,東海,三重県,エディオン イオンモール鈴鹿店,513-0834 三重県鈴鹿市庄野羽山4丁目1-2 イオンモール鈴鹿ウエスト2F,https://network.mobile.rakuten.co.jp/shop-detail/3501/,3501,2018-06-14,34.8722677,136.530830,https://network.mobile.rakuten.co.jp/shopmaster-public/v1/shops,2026-08-17
rakuten,東海,三重県,エディオン 桑名店,511-0811 三重県桑名市東方福島前777,https://network.mobile.rakuten.co.jp/shop-detail/4921/,4921,2018-10-25,35.076227,136.682429,https://network.mobile.rakuten.co.jp/shopmaster-public/v1/shops,2026-08-17
rakuten,東海,三重県,エディオン 四日市日永店,510-0885 三重県四日市市日永4丁目1-4,https://network.mobile.rakuten.co.jp/shop-detail/4941/,4941,2018-10-30,34.948184,136.606146,https://network.mobile.rakuten.co.jp/shopmaster-public/v1/shops,2026-08-17
rakuten,東海,三重県,エディオン 四日市北店,510-8016 三重県四日市市富州原町2-69,https://network.mobile.rakuten.co.jp/shop-detail/8917/,8917,2025-10-30,35.00902597,136.6593133,https://network.mobile.rakuten.co.jp/shopmaster-public/v1/shops,2026-08-17
rakuten,東海,三重県,エディオン 津北店,514-0002 三重県津市島崎町36,https://network.mobile.rakuten.co.jp/shop-detail/8667/,8667,2025-09-01,34.73094734,136.5200209,https://network.mobile.rakuten.co.jp/shopmaster-public/v1/shops,2026-08-17
rakuten,東海,三重県,ジョーシン 伊勢ララパーク店,516-0007 三重県伊勢市小木町字曽祢538 イオンタウン伊勢ララパーク2F,https://network.mobile.rakuten.co.jp/shop-detail/5231/,5231,2018-11-29,34.506458,136.722519,https://network.mobile.rakuten.co.jp/shopmaster-public/v1/shops,2026-08-17
rakuten,東海,三重県,ジョーシン 四日市泊イオンタウン店,510-0883 三重県四日市市泊小柳町4丁目5-1 イオンタウン四日市泊 1F,https://network.mobile.rakuten.co.jp/shop-detail/8557/,8557,2025-06-26,34.93809908,136.602075,https://network.mobile.rakuten.co.jp/shopmaster-public/v1/shops,2026-08-17
rakuten,東海,三重県,ジョーシン 津城山イオンタウン店,514-1112 三重県津市久居小野辺町1130-7 イオンタウン津城山 2F,https://network.mobile.rakuten.co.jp/shop-detail/1681/,1681,2016-08-25,34.679398,136.500383,https://network.mobile.rakuten.co.jp/shopmaster-public/v1/shops,2026-08-17
rakuten,東海,三重県,ジョーシン 東員イオンモール店,511-0255 三重県員弁郡東員町大字長深字築田510-1 イオンモール東員2F,https://network.mobile.rakuten.co.jp/shop-detail/2431/,2431,2017-07-07,35.060758,136.580836,https://network.mobile.rakuten.co.jp/shopmaster-public/v1/shops,2026-08-17
rakuten,東海,三重県,ジョーシン 明和イオンモール店,515-0348 三重県多気郡明和町中村1223 イオンモール明和1F,https://network.mobile.rakuten.co.jp/shop-detail/1571/,1571,2016-07-21,34.581497,136.613188,https://network.mobile.rakuten.co.jp/shopmaster-public/v1/shops,2026-08-17
rakuten,東海,三重県,テックランド イオンモール桑名店,511-0863 三重県桑名市新西方1丁目43 イオンモール桑名2番街 1F,https://network.mobile.rakuten.co.jp/shop-detail/8568/,8568,2025-07-04,35.07126159943958,136.66204302434818,https://network.mobile.rakuten.co.jp/shopmaster-public/v1/shops,2026-08-17
rakuten,東海,三重県,テックランドNew松阪店,515-2122 三重県松阪市久米町1028,https://network.mobile.rakuten.co.jp/shop-detail/8945/,8945,2025-11-01,34.60037818364854,136.51766614930196,https://network.mobile.rakuten.co.jp/shopmaster-public/v1/shops,2026-08-17
rakuten,東海,三重県,楽天モバイル MEGAドン・キホーテUNY名張店,518-0413 三重県名張市下比奈知字黒田3100番地の1 MEGAドン・キホーテUNY名張店 1F,https://network.mobile.rakuten.co.jp/shop-detail/1356/,1356,2025-12-25,34.6294693,136.124961,https://network.mobile.rakuten.co.jp/shopmaster-public/v1/shops,2026-08-17
rakuten,東海,三重県,楽天モバイル アドバンスモール松阪店,515-0055 三重県松阪市田村町235-1,https://network.mobile.rakuten.co.jp/shop-detail/7051/,7051,2019-09-21,34.553455,136.514365,https://network.mobile.rakuten.co.jp/shopmaster-public/v1/shops,2026-08-17
rakuten,東海,三重県,楽天モバイル アピタ伊賀上野店,518-0007 三重県伊賀市服部町1788 アピタ伊賀上野店,https://network.mobile.rakuten.co.jp/shop-detail/1074/,1074,2025-11-28,34.7784168,136.1373275,https://network.mobile.rakuten.co.jp/shopmaster-public/v1/shops,2026-08-17
rakuten,東海,三重県,楽天モバイル アピタ松阪三雲店,515-2121 三重県松阪市市場庄町1266-1 アピタ松阪三雲店 1F,https://network.mobile.rakuten.co.jp/shop-detail/1457/,1457,2026-03-31,34.60419442099461,136.52059658356364,https://network.mobile.rakuten.co.jp/shopmaster-public/v1/shops,2026-08-17
rakuten,東海,三重県,楽天モバイル イオンタウン伊勢ララパーク店,516-0007 三重県伊勢市小木町曽祢538 イオンタウン伊勢ララパーク 2F 213区画,https://network.mobile.rakuten.co.jp/shop-detail/8640/,8640,2025-08-04,34.506523,136.722532,https://network.mobile.rakuten.co.jp/shopmaster-public/v1/shops,2026-08-17
rakuten,東海,三重県,楽天モバイル イオンタウン菰野店,510-1232 三重県三重郡菰野町大字宿野字神明田357 イオンタウン菰野,https://network.mobile.rakuten.co.jp/shop-detail/8650/,8650,2025-10-01,35.00580855,136.5297241,https://network.mobile.rakuten.co.jp/shopmaster-public/v1/shops,2026-08-17
rakuten,東海,三重県,楽天モバイル イオンタウン四日市泊店,510-0883 三重県四日市市泊小柳町4-5-1 イオンタウン四日市泊 1F,https://network.mobile.rakuten.co.jp/shop-detail/1246/,1246,2025-12-26,34.9383322800682,136.60067861226892,https://network.mobile.rakuten.co.jp/shopmaster-public/v1/shops,2026-08-17
rakuten,東海,三重県,楽天モバイル イオンタウン松阪船江店,515-0812 三重県松阪市船江町1392-27 イオンタウン松阪船江店 1F,https://network.mobile.rakuten.co.jp/shop-detail/1443/,1443,2026-03-11,34.594519198610776,136.52486879380405,https://network.mobile.rakuten.co.jp/shopmaster-public/v1/shops,2026-08-17
rakuten,東海,三重県,楽天モバイル イオンタウン津河芸店,510-0305 三重県津市河芸町中別保丸垣内100 イオンタウン津河芸,https://network.mobile.rakuten.co.jp/shop-detail/8928/,8928,2025-10-30,34.7877827,136.5449016,https://network.mobile.rakuten.co.jp/shopmaster-public/v1/shops,2026-08-17
rakuten,東海,三重県,楽天モバイル イオンタウン鈴鹿玉垣店,513-0816 三重県鈴鹿市南玉垣町5520-106 イオンタウン鈴鹿玉垣 1F,https://network.mobile.rakuten.co.jp/shop-detail/8350/,8350,2022-05-02,34.85789077,136.5816802		,https://network.mobile.rakuten.co.jp/shopmaster-public/v1/shops,2026-08-17
rakuten,東海,三重県,楽天モバイル イオンモール桑名店,511-0863 三重県桑名市新西方1丁目22 イオンモール桑名1番街 2F,https://network.mobile.rakuten.co.jp/shop-detail/8965/,8965,2025-10-31,35.07255679,136.6623403,https://network.mobile.rakuten.co.jp/shopmaster-public/v1/shops,2026-08-17
rakuten,東海,三重県,楽天モバイル イオンモール津南店,514-0817 三重県津市高茶屋小森町145 イオンモール津南2F,https://network.mobile.rakuten.co.jp/shop-detail/8167/,8167,2022-02-25,34.67138733,136.5176985,https://network.mobile.rakuten.co.jp/shopmaster-public/v1/shops,2026-08-17
rakuten,東海,三重県,楽天モバイル イオンモール東員店,511-0255 三重県員弁郡東員町大字長深字築田510-1 イオンモール東員１F 1008ｰB区画,https://network.mobile.rakuten.co.jp/shop-detail/6601/,6601,2019-06-28,35.062029,136.580134,https://network.mobile.rakuten.co.jp/shopmaster-public/v1/shops,2026-08-17
rakuten,東海,三重県,楽天モバイル イオンモール鈴鹿店,513-0834 三重県鈴鹿市庄野羽山4丁目1-2 イオンモール鈴鹿 1F,https://network.mobile.rakuten.co.jp/shop-detail/8648/,8648,2025-09-01,34.87184688,136.5322146,https://network.mobile.rakuten.co.jp/shopmaster-public/v1/shops,2026-08-17
rakuten,東海,三重県,楽天モバイル イオン四日市尾平店,512-0921 三重県四日市市尾平町字天王川原1805 イオン四日市尾平店 3F,https://network.mobile.rakuten.co.jp/shop-detail/8691/,8691,2025-08-29,34.97754998,136.590518,https://network.mobile.rakuten.co.jp/shopmaster-public/v1/shops,2026-08-17
rakuten,東北,山形県,ケーズデンキ 山形北本店,990-0886 山形県山形市嶋南4丁目3-3,https://network.mobile.rakuten.co.jp/shop-detail/2111/,2111,2017-03-16,38.281791,140.314723,https://network.mobile.rakuten.co.jp/shopmaster-public/v1/shops,2026-08-17
rakuten,東北,山形県,ケーズデンキ 酒田店,998-0828 山形県酒田市あきほ町371,https://network.mobile.rakuten.co.jp/shop-detail/4671/,4671,2018-09-28,38.893417,139.853644,https://network.mobile.rakuten.co.jp/shopmaster-public/v1/shops,2026-08-17
rakuten,東北,山形県,ケーズデンキ 鶴岡店,997-0857 山形県鶴岡市美咲町21-1,https://network.mobile.rakuten.co.jp/shop-detail/1015/,1015,2025-11-21,38.73910550102004,139.8004155921839,https://network.mobile.rakuten.co.jp/shopmaster-public/v1/shops,2026-08-17
rakuten,東北,山形県,ケーズデンキ 東根店,999-3730 山形県東根市中央南2丁目11-1,https://network.mobile.rakuten.co.jp/shop-detail/8705/,8705,2025-09-01,38.426099583871846,140.3891105868917,https://network.mobile.rakuten.co.jp/shopmaster-public/v1/shops,2026-08-17
rakuten,東北,山形県,ケーズデンキ 米沢店,992-0042 山形県米沢市塩井町塩野2-1,https://network.mobile.rakuten.co.jp/shop-detail/1226/,1226,2026-01-30,37.92664901270035,140.10864362791264,https://network.mobile.rakuten.co.jp/shopmaster-public/v1/shops,2026-08-17
rakuten,東北,山形県,テックランド 山形本店,990-0073 山形県山形市大野目4丁目3-7,https://network.mobile.rakuten.co.jp/shop-detail/8609/,8609,2025-07-26,38.28359554890402,140.36056343767885,https://network.mobile.rakuten.co.jp/shopmaster-public/v1/shops,2026-08-17
rakuten,東北,山形県,楽天モバイル S-PAL山形店,990-0039 山形県山形市香澄町1丁目1-1 3F,https://network.mobile.rakuten.co.jp/shop-detail/8746/,8746,2025-09-19,38.2488039,140.3280062,https://network.mobile.rakuten.co.jp/shopmaster-public/v1/shops,2026-08-17
rakuten,東北,山形県,楽天モバイル イオンモール三川店,997-1316 山形県東田川郡三川町猪子和田庫128-1 イオンモール三川店 2F,https://network.mobile.rakuten.co.jp/shop-detail/8912/,8912,2025-11-10,38.81627629956159,139.83566846067959,https://network.mobile.rakuten.co.jp/shopmaster-public/v1/shops,2026-08-17
rakuten,東北,山形県,楽天モバイル イオンモール山形南店,990-2453 山形県山形市若宮3丁目7-8 イオンモール山形南 2F,https://network.mobile.rakuten.co.jp/shop-detail/8347/,8347,2022-04-28,38.22674924,140.3058086,https://network.mobile.rakuten.co.jp/shopmaster-public/v1/shops,2026-08-17
rakuten,東北,山形県,楽天モバイル イオンモール天童店,994-0082 山形県天童市芳賀タウン北4丁目1-1 イオンモール天童 1F,https://network.mobile.rakuten.co.jp/shop-detail/1495/,1495,2026-08-01,38.34405150829319,140.3634933660728,https://network.mobile.rakuten.co.jp/shopmaster-public/v1/shops,2026-08-17
rakuten,東北,山形県,楽天モバイル イオン山形北店,990-0810 山形県山形市馬見ケ崎2丁目12-19 イオン山形北 2F,https://network.mobile.rakuten.co.jp/shop-detail/1305/,1305,2025-12-19,38.28311103,140.3309633,https://network.mobile.rakuten.co.jp/shopmaster-public/v1/shops,2026-08-17
rakuten,東北,山形県,楽天モバイル イオン酒田南店,998-0828 山形県酒田市あきほ町120-1 イオン酒田南 1F,https://network.mobile.rakuten.co.jp/shop-detail/1300/,1300,2025-12-18,38.891603549619184,139.852002763737,https://network.mobile.rakuten.co.jp/shopmaster-public/v1/shops,2026-08-17
rakuten,東北,山形県,楽天モバイル イオン東根店,999-3720 山形県東根市さくらんぼ駅前3丁目7-15 イオン東根 2F,https://network.mobile.rakuten.co.jp/shop-detail/1323/,1323,2025-12-23,38.42708370876946,140.38751967506806,https://network.mobile.rakuten.co.jp/shopmaster-public/v1/shops,2026-08-17
rakuten,東北,山形県,楽天モバイル イオン米沢店,992-0044 山形県米沢市春日2丁目13-4 イオン米沢 2F,https://network.mobile.rakuten.co.jp/shop-detail/8832/,8832,2025-10-10,37.92354141,140.1094406,https://network.mobile.rakuten.co.jp/shopmaster-public/v1/shops,2026-08-17
rakuten,中国,山口県,エディオン ゆめタウン宇部店,759-0213 山口県宇部市黒石北3丁目3-45,https://network.mobile.rakuten.co.jp/shop-detail/3511/,3511,2018-06-15,33.9839005,131.205271,https://network.mobile.rakuten.co.jp/shopmaster-public/v1/shops,2026-08-17
rakuten,中国,山口県,エディオン 下松店,744-0019 山口県下松市桜町1-16-2,https://network.mobile.rakuten.co.jp/shop-detail/8831/,8831,2025-10-10,34.01748859527835,131.8674684009728,https://network.mobile.rakuten.co.jp/shopmaster-public/v1/shops,2026-08-17
rakuten,中国,山口県,エディオン 岩国店,740-0018 山口県岩国市麻里布町7丁目9-40,https://network.mobile.rakuten.co.jp/shop-detail/5471/,5471,2018-12-21,34.171039,132.217990,https://network.mobile.rakuten.co.jp/shopmaster-public/v1/shops,2026-08-17
rakuten,中国,山口県,エディオン 山口本店,753-0831 山口県山口市平井90,https://network.mobile.rakuten.co.jp/shop-detail/2861/,2861,2018-02-15,34.1636415,131.471521,https://network.mobile.rakuten.co.jp/shopmaster-public/v1/shops,2026-08-17
rakuten,中国,山口県,エディオン 周南本店,746-0001 山口県周南市川崎3丁目17-8,https://network.mobile.rakuten.co.jp/shop-detail/5511/,5511,2018-12-21,34.070059,131.783077,https://network.mobile.rakuten.co.jp/shopmaster-public/v1/shops,2026-08-17
rakuten,中国,山口県,エディオン 新下関店,751-0873 山口県下関市秋根西町2丁目6-1,https://network.mobile.rakuten.co.jp/shop-detail/5241/,5241,2018-11-30,34.007310,130.945488,https://network.mobile.rakuten.co.jp/shopmaster-public/v1/shops,2026-08-17
rakuten,中国,山口県,エディオン 防府店,747-0045 山口県防府市高倉1-3-32,https://network.mobile.rakuten.co.jp/shop-detail/8975/,8975,2025-11-14,34.0550665,131.55877,https://network.mobile.rakuten.co.jp/shopmaster-public/v1/shops,2026-08-17
rakuten,中国,山口県,エディオン 柳井店,742-0031 山口県柳井市南町5丁目1-56,https://network.mobile.rakuten.co.jp/shop-detail/8463/,8463,2022-11-10,33.96116447,132.1042109,https://network.mobile.rakuten.co.jp/shopmaster-public/v1/shops,2026-08-17
rakuten,中国,山口県,テックランド下関店,751-0833 山口県下関市武久町2丁目11-1,https://network.mobile.rakuten.co.jp/shop-detail/8942/,8942,2025-11-08,33.9755474,130.9191673,https://network.mobile.rakuten.co.jp/shopmaster-public/v1/shops,2026-08-17
rakuten,中国,山口県,楽天モバイル イオンタウン防府店,747-0823 山口県防府市鐘紡町7-1 イオンタウン防府 1F,https://network.mobile.rakuten.co.jp/shop-detail/8787/,8787,2025-09-30,34.04792722,131.5883957,https://network.mobile.rakuten.co.jp/shopmaster-public/v1/shops,2026-08-17
rakuten,中国,山口県,楽天モバイル イオン防府店,747-0802 山口県防府市中央町1-3 イオン防府店,https://network.mobile.rakuten.co.jp/shop-detail/8974/,8974,2025-11-13,34.05234792721559,131.5698468576708,https://network.mobile.rakuten.co.jp/shopmaster-public/v1/shops,2026-08-17
rakuten,中国,山口県,楽天モバイル おのだサンパーク店,756-8585 山口県山陽小野田市中川6丁目4-1 おのだサンパーク 2F,https://network.mobile.rakuten.co.jp/shop-detail/8535/,8535,2025-03-07,33.98489957182369,131.1715567258357,https://network.mobile.rakuten.co.jp/shopmaster-public/v1/shops,2026-08-17
rakuten,中国,山口県,楽天モバイル サンパークあじす店,754-1277 山口県山口市阿知須4825-1 サンパークあじす 2F 247区画,https://network.mobile.rakuten.co.jp/shop-detail/8698/,8698,2025-09-30,34.009461,131.351946,https://network.mobile.rakuten.co.jp/shopmaster-public/v1/shops,2026-08-17
rakuten,中国,山口県,楽天モバイル シーモール下関店,750-0025 山口県下関市竹崎町4丁目4-8 シーモール下関1F 134区画,https://network.mobile.rakuten.co.jp/shop-detail/6901/,6901,2019-08-09,33.949541,130.923928,https://network.mobile.rakuten.co.jp/shopmaster-public/v1/shops,2026-08-17
rakuten,中国,山口県,楽天モバイル フジグラン宇部店,755-0008 山口県宇部市明神町3丁目1-1 フジグラン宇部 1F 43.36T区画,https://network.mobile.rakuten.co.jp/shop-detail/1255/,1255,2025-12-15,33.93064286,131.256172,https://network.mobile.rakuten.co.jp/shopmaster-public/v1/shops,2026-08-17
rakuten,中国,山口県,楽天モバイル フジグラン山口店,753-0851 山口県山口市黒川3736 フジグラン山口 1F 14.31T区画,https://network.mobile.rakuten.co.jp/shop-detail/1397/,1397,2026-01-31,34.1376332,131.4363725,https://network.mobile.rakuten.co.jp/shopmaster-public/v1/shops,2026-08-17
rakuten,中国,山口県,楽天モバイル ゆめタウン新南陽店,746-0015 山口県周南市清水2丁目2-1 ゆめタウン新南陽 3F 43.89区画,https://network.mobile.rakuten.co.jp/shop-detail/1256/,1256,2025-12-15,34.07091875526951,131.77231155237462,https://network.mobile.rakuten.co.jp/shopmaster-public/v1/shops,2026-08-17
rakuten,中国,山口県,楽天モバイル ゆめタウン長府店,752-0926 山口県下関市ゆめタウン1-1 ゆめタウン長府 1F 18.65T区画,https://network.mobile.rakuten.co.jp/shop-detail/1100/,1100,2025-11-21,34.02995,131.013022,https://network.mobile.rakuten.co.jp/shopmaster-public/v1/shops,2026-08-17
rakuten,中国,山口県,楽天モバイル ゆめタウン柳井店,742-0031 山口県柳井市南町4丁目5-3 ゆめタウン柳井 2F 38.66T区画,https://network.mobile.rakuten.co.jp/shop-detail/1184/,1184,2025-11-30,33.96140864365493,132.106069411885,https://network.mobile.rakuten.co.jp/shopmaster-public/v1/shops,2026-08-17
rakuten,中国,山口県,楽天モバイル 星プラザ下松店,744-0025 山口県下松市中央町21-3 ゆめタウン下松 2F,https://network.mobile.rakuten.co.jp/shop-detail/1205/,1205,2026-03-05,34.01864065,131.8632815,https://network.mobile.rakuten.co.jp/shopmaster-public/v1/shops,2026-08-17
rakuten,甲信越,山梨県,ケーズデンキ 甲府店,400-0043 山梨県甲府市国母5丁目8-18,https://network.mobile.rakuten.co.jp/shop-detail/1781/,1781,2016-09-14,35.640405,138.550843,https://network.mobile.rakuten.co.jp/shopmaster-public/v1/shops,2026-08-17
rakuten,甲信越,山梨県,ヨドバシカメラ マルチメディア甲府,400-0031 山梨県甲府市丸の内1丁目3-3 ヨドバシカメラ　マルチメディア甲府,https://network.mobile.rakuten.co.jp/shop-detail/7753/,7753,2022-04-23,35.666347,138.569475,https://network.mobile.rakuten.co.jp/shopmaster-public/v1/shops,2026-08-17
rakuten,甲信越,山梨県,楽天モバイル MEGAドン・キホーテUNY石和店,406-0036 山梨県笛吹市石和町窪中島154 MEGAドン・キホーテUNY石和店 2F,https://network.mobile.rakuten.co.jp/shop-detail/1013/,1013,2025-11-17,35.6458077,138.6320453,https://network.mobile.rakuten.co.jp/shopmaster-public/v1/shops,2026-08-17
rakuten,甲信越,山梨県,楽天モバイル イオンモール甲府昭和店,409-3852 山梨県中巨摩郡昭和町飯喰1505-1 イオンモール甲府昭和3F,https://network.mobile.rakuten.co.jp/shop-detail/7770/,7770,2019-05-31,35.622645,138.527266,https://network.mobile.rakuten.co.jp/shopmaster-public/v1/shops,2026-08-17
rakuten,甲信越,山梨県,楽天モバイル トレーラーショップいちやまマート増坪店,400-0852 山梨県甲府市住吉本町1188,https://network.mobile.rakuten.co.jp/shop-detail/1410/,1410,2026-05-13,35.638928107833166,138.59073225414187,https://network.mobile.rakuten.co.jp/shopmaster-public/v1/shops,2026-08-17
rakuten,甲信越,山梨県,楽天モバイル ラザウォーク甲斐双葉店,400-0107 山梨県甲斐市志田字柿木645-1 ラザウォーク甲斐双葉 2F,https://network.mobile.rakuten.co.jp/shop-detail/8931/,8931,2025-10-30,35.6845621,138.484054,https://network.mobile.rakuten.co.jp/shopmaster-public/v1/shops,2026-08-17
rakuten,甲信越,山梨県,楽天モバイル 河口湖ベル店,401-0301 山梨県南都留郡富士河口湖町船津2986 河口湖ショッピングセンターBELL 1F,https://network.mobile.rakuten.co.jp/shop-detail/8651/,8651,2025-11-14,35.48979866,138.7640687,https://network.mobile.rakuten.co.jp/shopmaster-public/v1/shops,2026-08-17
rakuten,甲信越,山梨県,楽天モバイル 湯村ウェルサイド山の手店,400-0074 山梨県甲府市千塚1丁目9-17 1F,https://network.mobile.rakuten.co.jp/shop-detail/1357/,1357,2025-12-25,35.68031623799294,138.54562455326612,https://network.mobile.rakuten.co.jp/shopmaster-public/v1/shops,2026-08-17
rakuten,近畿,滋賀県,エディオン 守山店,524-0012 滋賀県守山市播磨田町42-2,https://network.mobile.rakuten.co.jp/shop-detail/1010/,1010,2025-11-21,35.0664412375936,135.99844308466047,https://network.mobile.rakuten.co.jp/shopmaster-public/v1/shops,2026-08-17
rakuten,近畿,滋賀県,エディオン 大津一里山店,520-2153 滋賀県大津市一里山7丁目1-1,https://network.mobile.rakuten.co.jp/shop-detail/4511/,4511,2018-09-14,34.973266,135.932891,https://network.mobile.rakuten.co.jp/shopmaster-public/v1/shops,2026-08-17
rakuten,近畿,滋賀県,ケーズデンキ 近江八幡店,523-0082 滋賀県近江八幡市土田町1400番1,https://network.mobile.rakuten.co.jp/shop-detail/3331/,3331,2018-05-01,35.12669903,136.0917495,https://network.mobile.rakuten.co.jp/shopmaster-public/v1/shops,2026-08-17
rakuten,近畿,滋賀県,ケーズデンキ 守山店,524-0012 滋賀県守山市播磨田町200-1,https://network.mobile.rakuten.co.jp/shop-detail/1098/,1098,2025-12-12,35.0655069,135.99534,https://network.mobile.rakuten.co.jp/shopmaster-public/v1/shops,2026-08-17
rakuten,近畿,滋賀県,ケーズデンキ 西大津店,520-0012 滋賀県大津市鏡が浜11-1,https://network.mobile.rakuten.co.jp/shop-detail/8890/,8890,2025-10-24,35.031483973214435,135.86584948383017,https://network.mobile.rakuten.co.jp/shopmaster-public/v1/shops,2026-08-17
rakuten,近畿,滋賀県,ケーズデンキ 草津栗東店,520-3024 滋賀県栗東市小柿7丁目8-9,https://network.mobile.rakuten.co.jp/shop-detail/8716/,8716,2025-09-12,35.02107327128661,135.97080145424968,https://network.mobile.rakuten.co.jp/shopmaster-public/v1/shops,2026-08-17
rakuten,近畿,滋賀県,ジョーシン ハズイタウン守山店,524-0045 滋賀県守山市金森町480-1,https://network.mobile.rakuten.co.jp/shop-detail/1096/,1096,2025-12-12,35.06412909905349,135.98072859219897,https://network.mobile.rakuten.co.jp/shopmaster-public/v1/shops,2026-08-17
rakuten,近畿,滋賀県,ジョーシン 近江今津店,520-1621 滋賀県高島市今津町今津1688 平和堂今津店2F,https://network.mobile.rakuten.co.jp/shop-detail/3571/,3571,2018-06-22,35.405060,136.038315,https://network.mobile.rakuten.co.jp/shopmaster-public/v1/shops,2026-08-17
rakuten,近畿,滋賀県,ジョーシン 近江八幡イオン店,523-0891 滋賀県近江八幡市鷹飼町190-9 イオン近江八幡ショッピングセンター2番街 3F,https://network.mobile.rakuten.co.jp/shop-detail/8761/,8761,2025-10-16,35.120548,136.1037802,https://network.mobile.rakuten.co.jp/shopmaster-public/v1/shops,2026-08-17
rakuten,近畿,滋賀県,ジョーシン 堅田アル・プラザ店,520-0242 滋賀県大津市本堅田5丁目20-10 アル・プラザ堅田3F,https://network.mobile.rakuten.co.jp/shop-detail/8309/,8309,2022-04-22,35.11923579,135.9155554,https://network.mobile.rakuten.co.jp/shopmaster-public/v1/shops,2026-08-17
rakuten,近畿,滋賀県,ジョーシン 水口店,528-0057 滋賀県甲賀市水口町北脇440,https://network.mobile.rakuten.co.jp/shop-detail/8465/,8465,2022-11-23,34.98088048097427,136.15581066560398,https://network.mobile.rakuten.co.jp/shopmaster-public/v1/shops,2026-08-17
rakuten,近畿,滋賀県,ジョーシン 彦根店,522-0201 滋賀県彦根市高宮町1613-3,https://network.mobile.rakuten.co.jp/shop-detail/7732/,7732,2021-01-15,35.26354868,136.2431853,https://network.mobile.rakuten.co.jp/shopmaster-public/v1/shops,2026-08-17
rakuten,近畿,滋賀県,楽天モバイル アル・プラザ長浜店,526-0845 滋賀県長浜市小堀町450 アル・プラザ長浜 1F,https://network.mobile.rakuten.co.jp/shop-detail/1236/,1236,2025-12-11,35.38384563,136.285782,https://network.mobile.rakuten.co.jp/shopmaster-public/v1/shops,2026-08-17
rakuten,近畿,滋賀県,楽天モバイル イオンタウン湖南店,520-3252 滋賀県湖南市岩根4580 イオンタウン湖南,https://network.mobile.rakuten.co.jp/shop-detail/1084/,1084,2025-12-15,34.99367627,136.1082064,https://network.mobile.rakuten.co.jp/shopmaster-public/v1/shops,2026-08-17
rakuten,近畿,滋賀県,楽天モバイル イオンタウン彦根店,522-0007 滋賀県彦根市古沢町255-1,https://network.mobile.rakuten.co.jp/shop-detail/8178/,8178,2022-02-14,35.27110386,136.2696214,https://network.mobile.rakuten.co.jp/shopmaster-public/v1/shops,2026-08-17
rakuten,近畿,滋賀県,楽天モバイル イオンタウン野洲店,520-2435 滋賀県野洲市乙窪字長繰480-1 イオンタウン野洲,https://network.mobile.rakuten.co.jp/shop-detail/8935/,8935,2025-11-23,35.10255994367006,136.00722122541762,https://network.mobile.rakuten.co.jp/shopmaster-public/v1/shops,2026-08-17
rakuten,近畿,滋賀県,楽天モバイル イオンモール草津店,525-0067 滋賀県草津市新浜町300 イオンモール草津モール棟1F,https://network.mobile.rakuten.co.jp/shop-detail/6461/,6461,2019-06-01,34.997828,135.913105,https://network.mobile.rakuten.co.jp/shopmaster-public/v1/shops,2026-08-17
rakuten,近畿,滋賀県,楽天モバイル イオン近江八幡ショッピングセンター店,523-0891 滋賀県近江八幡市鷹飼町190-9 イオン近江八幡ショッピングセンター 2番街2F,https://network.mobile.rakuten.co.jp/shop-detail/1318/,1318,2025-12-23,35.12060504125396,136.10375874233466,https://network.mobile.rakuten.co.jp/shopmaster-public/v1/shops,2026-08-17
rakuten,近畿,滋賀県,楽天モバイル ピエリ守山店,524-0101 滋賀県守山市今浜町2620-5 ピエリ守山2F,https://network.mobile.rakuten.co.jp/shop-detail/7940/,7940,2021-12-28,35.12337519,135.9459148,https://network.mobile.rakuten.co.jp/shopmaster-public/v1/shops,2026-08-17
rakuten,近畿,滋賀県,楽天モバイル フォレオ大津一里山店,520-2153 滋賀県大津市一里山7丁目1-1 フォレオ大津一里山 2F,https://network.mobile.rakuten.co.jp/shop-detail/1360/,1360,2025-12-29,34.974232,135.933254,https://network.mobile.rakuten.co.jp/shopmaster-public/v1/shops,2026-08-17
rakuten,近畿,滋賀県,楽天モバイル 平和堂坂本店,520-0113 滋賀県大津市坂本7丁目24-1 平和堂 1F 105区画,https://network.mobile.rakuten.co.jp/shop-detail/1310/,1310,2025-12-23,35.0742507,135.8782992,https://network.mobile.rakuten.co.jp/shopmaster-public/v1/shops,2026-08-17
rakuten,九州,鹿児島県,エディオン 鹿児島国分山形屋店,899-4332 鹿児島県霧島市国分中央3丁目7-17 きりしま国分山形屋店 2F,https://network.mobile.rakuten.co.jp/shop-detail/8473/,8473,2023-03-01,31.73980242,130.7660715,https://network.mobile.rakuten.co.jp/shopmaster-public/v1/shops,2026-08-17
rakuten,九州,鹿児島県,エディオン 鹿児島南店,890-0073 鹿児島県鹿児島市宇宿2丁目2-18,https://network.mobile.rakuten.co.jp/shop-detail/3451/,3451,2018-06-07,31.5441277,130.542808,https://network.mobile.rakuten.co.jp/shopmaster-public/v1/shops,2026-08-17
rakuten,九州,鹿児島県,ケーズデンキ 薩摩川内店,895-0031 鹿児島県薩摩川内市勝目町4086-1,https://network.mobile.rakuten.co.jp/shop-detail/8285/,8285,2022-04-08,31.79080061,130.31476,https://network.mobile.rakuten.co.jp/shopmaster-public/v1/shops,2026-08-17
rakuten,九州,鹿児島県,ケーズデンキ 鹿屋店,893-0022 鹿児島県鹿屋市旭原町3591-16,https://network.mobile.rakuten.co.jp/shop-detail/4191/,4191,2018-08-02,31.400109,130.881915,https://network.mobile.rakuten.co.jp/shopmaster-public/v1/shops,2026-08-17
rakuten,九州,鹿児島県,ケーズデンキ 鹿児島本店,891-0115 鹿児島県鹿児島市東開町4-12,https://network.mobile.rakuten.co.jp/shop-detail/1811/,1811,2016-10-20,31.531728,130.535034,https://network.mobile.rakuten.co.jp/shopmaster-public/v1/shops,2026-08-17
rakuten,九州,鹿児島県,ケーズデンキ 出水店,899-0125 鹿児島県出水市黄金町523,https://network.mobile.rakuten.co.jp/shop-detail/8287/,8287,2022-04-22,32.10350628,130.3440793,https://network.mobile.rakuten.co.jp/shopmaster-public/v1/shops,2026-08-17
rakuten,九州,鹿児島県,ケーズデンキ 霧島店,899-5102 鹿児島県霧島市隼人町真孝489-1,https://network.mobile.rakuten.co.jp/shop-detail/8472/,8472,2023-03-01,31.72252941,130.7322103,https://network.mobile.rakuten.co.jp/shopmaster-public/v1/shops,2026-08-17
rakuten,九州,鹿児島県,テックランド 鹿児島北店,890-0025 鹿児島県鹿児島市原良1丁目2-2,https://network.mobile.rakuten.co.jp/shop-detail/8631/,8631,2025-08-09,31.598682723306148,130.53871278000545,https://network.mobile.rakuten.co.jp/shopmaster-public/v1/shops,2026-08-17
rakuten,九州,鹿児島県,テックランドNew加世田店,897-0008 鹿児島県南さつま市加世田地頭所町25-3,https://network.mobile.rakuten.co.jp/shop-detail/8981/,8981,2025-11-22,31.4241442,130.3227539,https://network.mobile.rakuten.co.jp/shopmaster-public/v1/shops,2026-08-17
rakuten,九州,鹿児島県,テックランド薩摩川内店,895-0032 鹿児島県薩摩川内市山之口町4515-1,https://network.mobile.rakuten.co.jp/shop-detail/8982/,8982,2025-11-22,31.7832978,130.3131699,https://network.mobile.rakuten.co.jp/shopmaster-public/v1/shops,2026-08-17
rakuten,九州,鹿児島県,テックランド鹿児島本店,890-0072 鹿児島県鹿児島市新栄町13-8,https://network.mobile.rakuten.co.jp/shop-detail/7738/,7738,2021-04-30,31.54993658,130.5462547,https://network.mobile.rakuten.co.jp/shopmaster-public/v1/shops,2026-08-17
rakuten,九州,鹿児島県,ビックカメラ 鹿児島中央駅店,890-0053 鹿児島県鹿児島市中央町1-1えきマチ1丁目 鹿児島 1F・2F,https://network.mobile.rakuten.co.jp/shop-detail/4361/,4361,2018-08-24,31.584074,130.540301,https://network.mobile.rakuten.co.jp/shopmaster-public/v1/shops,2026-08-17
rakuten,九州,鹿児島県,楽天モバイル イオンタウン姶良店,899-5431 鹿児島県姶良市西餅田264-1 イオンタウン姶良 3F,https://network.mobile.rakuten.co.jp/shop-detail/8277/,8277,2022-04-05,31.73237711,130.6268743,https://network.mobile.rakuten.co.jp/shopmaster-public/v1/shops,2026-08-17
rakuten,九州,鹿児島県,楽天モバイル イオンモールKAGOSHIMA BAY店,891-0115 鹿児島県鹿児島市東開町7,https://network.mobile.rakuten.co.jp/shop-detail/7751/,7751,2021-04-26,31.52749,130.53679,https://network.mobile.rakuten.co.jp/shopmaster-public/v1/shops,2026-08-17
rakuten,九州,鹿児島県,楽天モバイル イオン隼人国分ショッピングセンター店,899-5117 鹿児島県霧島市隼人町見次1229 イオン隼人国分ショッピングセンター 1F,https://network.mobile.rakuten.co.jp/shop-detail/1150/,1150,2025-11-30,31.73855829,130.7418154,https://network.mobile.rakuten.co.jp/shopmaster-public/v1/shops,2026-08-17
rakuten,九州,鹿児島県,楽天モバイル 阿久根店,899-1611 鹿児島県阿久根市赤瀬川3047-1,https://network.mobile.rakuten.co.jp/shop-detail/1345/,1345,2025-12-25,32.040729,130.216416,https://network.mobile.rakuten.co.jp/shopmaster-public/v1/shops,2026-08-17
rakuten,九州,鹿児島県,楽天モバイル 金生店,892-0828 鹿児島県鹿児島市金生町7-9,https://network.mobile.rakuten.co.jp/shop-detail/1340/,1340,2025-12-25,31.592562,130.557887,https://network.mobile.rakuten.co.jp/shopmaster-public/v1/shops,2026-08-17
rakuten,九州,鹿児島県,楽天モバイル 志布志店,899-7103 鹿児島県志布志市志布志町志布志3丁目20-24 サンライズロードビル 1F 103号室,https://network.mobile.rakuten.co.jp/shop-detail/8704/,8704,2025-08-30,31.473463951237193,131.0955540119031,https://network.mobile.rakuten.co.jp/shopmaster-public/v1/shops,2026-08-17
rakuten,九州,鹿児島県,楽天モバイル 指宿店,891-0404 鹿児島県指宿市東方8322-7 1F,https://network.mobile.rakuten.co.jp/shop-detail/8769/,8769,2025-12-24,31.257659194512364,130.63642847810166,https://network.mobile.rakuten.co.jp/shopmaster-public/v1/shops,2026-08-17
rakuten,九州,鹿児島県,楽天モバイル 鹿屋店,893-0014 鹿児島県鹿屋市寿3丁目13-43 鹿屋市寿3丁目貸店舗,https://network.mobile.rakuten.co.jp/shop-detail/8729/,8729,2025-09-12,31.388298394900946,130.87266045180272,https://network.mobile.rakuten.co.jp/shopmaster-public/v1/shops,2026-08-17
rakuten,九州,鹿児島県,楽天モバイル 鹿児島郡元店,890-0065 鹿児島県鹿児島市郡元2丁目12-3 内野ビル 1F,https://network.mobile.rakuten.co.jp/shop-detail/8730/,8730,2025-09-12,31.56227449798332,130.5486499679896,https://network.mobile.rakuten.co.jp/shopmaster-public/v1/shops,2026-08-17
rakuten,九州,鹿児島県,楽天モバイル 鹿児島上之園町店,890-0052 鹿児島県鹿児島市上之園町25-4 1F,https://network.mobile.rakuten.co.jp/shop-detail/1424/,1424,2026-02-18,31.581240494179283,130.5454275871114,https://network.mobile.rakuten.co.jp/shopmaster-public/v1/shops,2026-08-17
rakuten,九州,鹿児島県,楽天モバイル 出水店,899-0126 鹿児島県出水市六月田町560 1F,https://network.mobile.rakuten.co.jp/shop-detail/1276/,1276,2025-12-11,32.10566180484929,130.34418648123113,https://network.mobile.rakuten.co.jp/shopmaster-public/v1/shops,2026-08-17
rakuten,九州,鹿児島県,楽天モバイル 西千石店,892-0847 鹿児島県鹿児島市西千石町8-8 コートフェリア,https://network.mobile.rakuten.co.jp/shop-detail/8863/,8863,2025-10-17,31.588312511242602,130.54769025058508,https://network.mobile.rakuten.co.jp/shopmaster-public/v1/shops,2026-08-17
rakuten,東北,秋田県,ケーズデンキ 秋田中央店,010-0976 秋田県秋田市八橋南1丁目3-25,https://network.mobile.rakuten.co.jp/shop-detail/3311/,3311,2018-04-27,39.719794,140.089738,https://network.mobile.rakuten.co.jp/shopmaster-public/v1/shops,2026-08-17
rakuten,東北,秋田県,ケーズデンキ 秋田東店,010-0041 秋田県秋田市広面字宮田12-1,https://network.mobile.rakuten.co.jp/shop-detail/1237/,1237,2026-01-30,39.714588438228326,140.149187035542,https://network.mobile.rakuten.co.jp/shopmaster-public/v1/shops,2026-08-17
rakuten,東北,秋田県,ケーズデンキ 大館店,017-0046 秋田県大館市清水2丁目2-70,https://network.mobile.rakuten.co.jp/shop-detail/1475/,1475,2026-03-06,40.282470050218855,140.55386890106965,https://network.mobile.rakuten.co.jp/shopmaster-public/v1/shops,2026-08-17
rakuten,東北,秋田県,ケーズデンキ 大仙店,014-0033 秋田県大仙市和合字坪立138,https://network.mobile.rakuten.co.jp/shop-detail/1018/,1018,2025-11-22,39.44077448141257,140.5067789040908,https://network.mobile.rakuten.co.jp/shopmaster-public/v1/shops,2026-08-17
rakuten,東北,秋田県,テックランド 秋田本店,010-0976 秋田県秋田市八橋南2丁目4-6,https://network.mobile.rakuten.co.jp/shop-detail/8418/,8418,2022-07-29,39.72152,140.08837,https://network.mobile.rakuten.co.jp/shopmaster-public/v1/shops,2026-08-17
rakuten,東北,秋田県,テックランド由利本荘店,015-0854 秋田県由利本荘市上大野117-1,https://network.mobile.rakuten.co.jp/shop-detail/1407/,1407,2026-02-27,39.373427585607196,140.06402604633112,https://network.mobile.rakuten.co.jp/shopmaster-public/v1/shops,2026-08-17
rakuten,東北,秋田県,楽天モバイル イオンタウン能代店,016-0121 秋田県能代市鰄渕古屋布1番 イオンタウン能代店 1F,https://network.mobile.rakuten.co.jp/shop-detail/8780/,8780,2025-10-17,40.18822659298053,140.08194023909476,https://network.mobile.rakuten.co.jp/shopmaster-public/v1/shops,2026-08-17
rakuten,東北,秋田県,楽天モバイル イオンモール大曲店,014-0033 秋田県大仙市和合坪立177 イオンモール大曲店 2F,https://network.mobile.rakuten.co.jp/shop-detail/8908/,8908,2025-10-24,39.4384072,140.5092729,https://network.mobile.rakuten.co.jp/shopmaster-public/v1/shops,2026-08-17
rakuten,東北,秋田県,楽天モバイル いとく大館ショッピングセンター店,017-0044 秋田県大館市御成町3丁目7-58 いとく大館ショッピングセンター 2F,https://network.mobile.rakuten.co.jp/shop-detail/1070/,1070,2025-11-25,40.28091786,140.560461,https://network.mobile.rakuten.co.jp/shopmaster-public/v1/shops,2026-08-17
rakuten,東北,秋田県,楽天モバイル 横手店,013-0061 秋田県横手市横手町四ノ口51 1F,https://network.mobile.rakuten.co.jp/shop-detail/1258/,1258,2025-12-13,39.31387930465683,140.55043510983262,https://network.mobile.rakuten.co.jp/shopmaster-public/v1/shops,2026-08-17
rakuten,東北,秋田県,楽天モバイル 秋田 イオンモール秋田店,010-1413 秋田県秋田市御所野地蔵田1丁目1-1 1F 186区画,https://network.mobile.rakuten.co.jp/shop-detail/1931/,1931,2017-02-10,39.664209,140.159440,https://network.mobile.rakuten.co.jp/shopmaster-public/v1/shops,2026-08-17
rakuten,東北,秋田県,楽天モバイル 秋田東通店,010-0003 秋田県秋田市東通5丁目7-43 1F,https://network.mobile.rakuten.co.jp/shop-detail/8794/,8794,2025-09-30,39.71266011641892,140.1404572983663,https://network.mobile.rakuten.co.jp/shopmaster-public/v1/shops,2026-08-17
rakuten,甲信越,新潟県,YAMADA web.com 長岡店,940-2106 新潟県長岡市古正寺1丁目3141,https://network.mobile.rakuten.co.jp/shop-detail/7850/,7850,2021-11-19,37.456097,138.815353,https://network.mobile.rakuten.co.jp/shopmaster-public/v1/shops,2026-08-17
rakuten,甲信越,新潟県,ケーズデンキ 燕三条店,959-1232 新潟県燕市井土巻4丁目258,https://network.mobile.rakuten.co.jp/shop-detail/8435/,8435,2022-09-30,37.65586535,138.9382597,https://network.mobile.rakuten.co.jp/shopmaster-public/v1/shops,2026-08-17
rakuten,甲信越,新潟県,ケーズデンキ 女池インター本店,950-0941 新潟県新潟市中央区女池8丁目16-17,https://network.mobile.rakuten.co.jp/shop-detail/1505/,1505,2026-06-25,37.8873483,139.0345445,https://network.mobile.rakuten.co.jp/shopmaster-public/v1/shops,2026-08-17
rakuten,甲信越,新潟県,ケーズデンキ 上越インター店,943-0173 新潟県上越市富岡1448-2,https://network.mobile.rakuten.co.jp/shop-detail/1238/,1238,2025-12-19,37.15304934640139,138.2606174556073,https://network.mobile.rakuten.co.jp/shopmaster-public/v1/shops,2026-08-17
rakuten,甲信越,新潟県,ケーズデンキ 新潟河渡店,950-0015 新潟県新潟市東区河渡庚135-1,https://network.mobile.rakuten.co.jp/shop-detail/1243/,1243,2025-12-19,37.93239933820011,139.10084285014304,https://network.mobile.rakuten.co.jp/shopmaster-public/v1/shops,2026-08-17
rakuten,甲信越,新潟県,ケーズデンキ 新津店,956-0031 新潟県新潟市秋葉区新津5184-1,https://network.mobile.rakuten.co.jp/shop-detail/1227/,1227,2025-12-12,37.806236037524705,139.11031252841485,https://network.mobile.rakuten.co.jp/shopmaster-public/v1/shops,2026-08-17
rakuten,甲信越,新潟県,コジマ×ビックカメラ 新潟店,950-0914 新潟県新潟市中央区紫竹山1丁目6-10,https://network.mobile.rakuten.co.jp/shop-detail/1095/,1095,2025-12-19,37.899606590191596,139.06462999658015,https://network.mobile.rakuten.co.jp/shopmaster-public/v1/shops,2026-08-17
rakuten,甲信越,新潟県,ジョーシン 燕三条店,959-1232 新潟県燕市井土巻4丁目175,https://network.mobile.rakuten.co.jp/shop-detail/3221/,3221,2018-04-12,37.654907,138.936737,https://network.mobile.rakuten.co.jp/shopmaster-public/v1/shops,2026-08-17
rakuten,甲信越,新潟県,ジョーシン 亀貝店,950-2033 新潟県新潟市西区亀貝1340,https://network.mobile.rakuten.co.jp/shop-detail/1611/,1611,2016-08-04,37.867691,138.985870,https://network.mobile.rakuten.co.jp/shopmaster-public/v1/shops,2026-08-17
rakuten,甲信越,新潟県,ジョーシン 上越店,943-0171 新潟県上越市藤野新田1176-2,https://network.mobile.rakuten.co.jp/shop-detail/2471/,2471,2017-07-11,37.152093,138.254668,https://network.mobile.rakuten.co.jp/shopmaster-public/v1/shops,2026-08-17
rakuten,甲信越,新潟県,ジョーシン 新津店,956-0022 新潟県新潟市秋葉区さつき野4丁目20-22,https://network.mobile.rakuten.co.jp/shop-detail/8763/,8763,2025-10-22,37.8069574,139.1160828,https://network.mobile.rakuten.co.jp/shopmaster-public/v1/shops,2026-08-17
rakuten,甲信越,新潟県,ジョーシン 新発田店,957-0007 新潟県新発田市小舟町1丁目8-10,https://network.mobile.rakuten.co.jp/shop-detail/8762/,8762,2025-10-21,37.9641198,139.3243674,https://network.mobile.rakuten.co.jp/shopmaster-public/v1/shops,2026-08-17
rakuten,甲信越,新潟県,ジョーシン 長岡愛宕店,940-0037 新潟県長岡市東栄1丁目3-28,https://network.mobile.rakuten.co.jp/shop-detail/3721/,3721,2018-06-29,37.458361,138.863839,https://network.mobile.rakuten.co.jp/shopmaster-public/v1/shops,2026-08-17
rakuten,甲信越,新潟県,テックランド そよら三条須頃店,955-0091 新潟県三条市上須頃5009-1,https://network.mobile.rakuten.co.jp/shop-detail/8924/,8924,2025-11-07,37.64513776362368,138.9300390215266,https://network.mobile.rakuten.co.jp/shopmaster-public/v1/shops,2026-08-17
rakuten,甲信越,新潟県,テックランド 亀田店,950-0148 新潟県新潟市江南区東早通1丁目1-37,https://network.mobile.rakuten.co.jp/shop-detail/8453/,8453,2022-10-07,37.86873,139.08726,https://network.mobile.rakuten.co.jp/shopmaster-public/v1/shops,2026-08-17
rakuten,甲信越,新潟県,テックランド新潟錦町本店,950-0062 新潟県新潟市東区錦町3-25,https://network.mobile.rakuten.co.jp/shop-detail/8424/,8424,2022-08-05,37.93678413,139.0873245,https://network.mobile.rakuten.co.jp/shopmaster-public/v1/shops,2026-08-17
rakuten,甲信越,新潟県,ビックカメラ 新潟店,950-0086 新潟県新潟市中央区花園1丁目1-21 CoCoLo 南館内1F～3F,https://network.mobile.rakuten.co.jp/shop-detail/4651/,4651,2018-09-27,37.91214922673862,139.06307455398144,https://network.mobile.rakuten.co.jp/shopmaster-public/v1/shops,2026-08-17
rakuten,甲信越,新潟県,ヨドバシカメラ マルチメディア新潟駅前店,950-0901 新潟県新潟市中央区弁天1丁目2-6,https://network.mobile.rakuten.co.jp/shop-detail/7725/,7725,2020-11-26,37.913598,139.059462,https://network.mobile.rakuten.co.jp/shopmaster-public/v1/shops,2026-08-17
rakuten,甲信越,新潟県,格安スマホの窓口 アピタ新潟亀田店,950-0157 新潟県新潟市江南区鵜ノ子4丁目466 アピタ新潟亀田 2F,https://network.mobile.rakuten.co.jp/shop-detail/8675/,8675,2025-09-01,37.8722030783762,139.089279060599,https://network.mobile.rakuten.co.jp/shopmaster-public/v1/shops,2026-08-17
rakuten,甲信越,新潟県,格安スマホの窓口 イオン県央店,959-1232 新潟県燕市井土巻3丁目65 イオン県央 2F,https://network.mobile.rakuten.co.jp/shop-detail/8678/,8678,2025-09-01,37.6513917449861,138.935013710851,https://network.mobile.rakuten.co.jp/shopmaster-public/v1/shops,2026-08-17
rakuten,甲信越,新潟県,格安スマホの窓口 イオン新潟東店,950-0813 新潟県新潟市東区大形本町3丁目1-2 イオン新潟東 3F,https://network.mobile.rakuten.co.jp/shop-detail/8674/,8674,2025-09-01,37.9252279845897,139.11451057158,https://network.mobile.rakuten.co.jp/shopmaster-public/v1/shops,2026-08-17
rakuten,甲信越,新潟県,格安スマホの窓口 イオン長岡店,940-2106 新潟県長岡市古正寺1丁目249-1 イオン長岡内 1F,https://network.mobile.rakuten.co.jp/shop-detail/8677/,8677,2025-09-01,37.4543436943651,138.823445468512,https://network.mobile.rakuten.co.jp/shopmaster-public/v1/shops,2026-08-17
rakuten,甲信越,新潟県,格安スマホの窓口 プラント横越店,950-0208 新潟県新潟市江南区横越中央8丁目2-2 PLANT-5 横越店内,https://network.mobile.rakuten.co.jp/shop-detail/8676/,8676,2025-09-01,37.851981701532,139.142340258746,https://network.mobile.rakuten.co.jp/shopmaster-public/v1/shops,2026-08-17
rakuten,甲信越,新潟県,楽天モバイル CoCoLo長岡店,940-0061 新潟県長岡市城内町1丁目611-1 CoCoLo長岡 2F,https://network.mobile.rakuten.co.jp/shop-detail/1193/,1193,2025-12-04,37.447212981528445,138.8534297022579,https://network.mobile.rakuten.co.jp/shopmaster-public/v1/shops,2026-08-17
rakuten,甲信越,新潟県,楽天モバイル アピタ新潟西店,950-2023 新潟県新潟市西区小新5丁目7-21 アピタ新潟西店 2F,https://network.mobile.rakuten.co.jp/shop-detail/1066/,1066,2025-11-24,37.8804534,139.0033082,https://network.mobile.rakuten.co.jp/shopmaster-public/v1/shops,2026-08-17
rakuten,甲信越,新潟県,楽天モバイル イオンモール新発田店,957-0061 新潟県新発田市住吉町5丁目11-5 イオンモール新発田2F,https://network.mobile.rakuten.co.jp/shop-detail/8203/,8203,2022-02-25,37.9428366,139.3093899,https://network.mobile.rakuten.co.jp/shopmaster-public/v1/shops,2026-08-17
rakuten,甲信越,新潟県,楽天モバイル イオン小千谷店,947-0042 新潟県小千谷市平沢新田字荒田339 イオン小千谷 1F,https://network.mobile.rakuten.co.jp/shop-detail/1316/,1316,2025-12-24,37.31986783,138.7940783,https://network.mobile.rakuten.co.jp/shopmaster-public/v1/shops,2026-08-17
rakuten,甲信越,新潟県,楽天モバイル イオン新潟東店,950-8678 新潟県新潟市東区大形本町 3丁目1-2 イオン新潟東 2F,https://network.mobile.rakuten.co.jp/shop-detail/1288/,1288,2025-12-18,37.92506112369113,139.1146285998129,https://network.mobile.rakuten.co.jp/shopmaster-public/v1/shops,2026-08-17
rakuten,甲信越,新潟県,楽天モバイル トレーラーショップ道の駅ながおか花火館店,940-2121 新潟県長岡市喜多町707,https://network.mobile.rakuten.co.jp/shop-detail/8819/,8819,2025-10-31,37.455791512495665,138.80476972992136,https://network.mobile.rakuten.co.jp/shopmaster-public/v1/shops,2026-08-17
rakuten,甲信越,新潟県,楽天モバイル 古町店,951-8063 新潟県新潟市中央区古町通6-968-1 1F,https://network.mobile.rakuten.co.jp/shop-detail/8883/,8883,2025-10-22,37.92059159620633,139.04409116501608,https://network.mobile.rakuten.co.jp/shopmaster-public/v1/shops,2026-08-17
rakuten,甲信越,新潟県,楽天モバイル 上越モール店,943-0146 新潟県上越市とよば239-1 上越モール 1F 106区画,https://network.mobile.rakuten.co.jp/shop-detail/1285/,1285,2025-12-18,37.10259153998116,138.27702335749237,https://network.mobile.rakuten.co.jp/shopmaster-public/v1/shops,2026-08-17
rakuten,甲信越,新潟県,楽天モバイル 新潟ラブラ万代店,950-0088 新潟県新潟市中央区万代1丁目5-1 ラブラ万代 2F,https://network.mobile.rakuten.co.jp/shop-detail/1266/,1266,2025-12-15,37.91702258936336,139.0568978747085,https://network.mobile.rakuten.co.jp/shopmaster-public/v1/shops,2026-08-17
rakuten,甲信越,新潟県,楽天モバイル 蔦屋書店横越バイパス店,950-0210 新潟県新潟市江南区横越上町5丁目1-6,https://network.mobile.rakuten.co.jp/shop-detail/8687/,8687,2025-08-28,37.84989749337842,139.14416878039782,https://network.mobile.rakuten.co.jp/shopmaster-public/v1/shops,2026-08-17
rakuten,甲信越,新潟県,楽天モバイル 蔦屋書店新通店,950-2035 新潟県新潟市西区新通1272,https://network.mobile.rakuten.co.jp/shop-detail/8681/,8681,2025-08-20,37.861100087593556,138.95069072457693,https://network.mobile.rakuten.co.jp/shopmaster-public/v1/shops,2026-08-17
rakuten,甲信越,新潟県,楽天モバイル 蔦屋書店新発田店,957-0063 新潟県新発田市新栄町3丁目1-31 蔦屋書店 新発田店,https://network.mobile.rakuten.co.jp/shop-detail/8680/,8680,2025-08-20,37.95292916937714,139.29739999574588,https://network.mobile.rakuten.co.jp/shopmaster-public/v1/shops,2026-08-17
rakuten,甲信越,新潟県,楽天モバイル 蔦屋書店長岡花園店,940-0841 新潟県長岡市花園南1丁目36 蔦屋書店 長岡花園店,https://network.mobile.rakuten.co.jp/shop-detail/8679/,8679,2025-08-18,37.42998425234902,138.86260361900503,https://network.mobile.rakuten.co.jp/shopmaster-public/v1/shops,2026-08-17
rakuten,甲信越,新潟県,楽天モバイル 蔦屋書店長岡新保店,940-0876 新潟県長岡市新保町6丁目222,https://network.mobile.rakuten.co.jp/shop-detail/8682/,8682,2025-08-18,37.46940238781508,138.86887977718104,https://network.mobile.rakuten.co.jp/shopmaster-public/v1/shops,2026-08-17
rakuten,甲信越,新潟県,楽天モバイル 蔦屋書店柏崎岩上店,945-0811 新潟県柏崎市岩上251-1,https://network.mobile.rakuten.co.jp/shop-detail/8712/,8712,2025-09-10,37.360869541309356,138.56999062074263,https://network.mobile.rakuten.co.jp/shopmaster-public/v1/shops,2026-08-17
rakuten,関東,神奈川県,LABI LIFE SELECT 茅ヶ崎店,253-0044 神奈川県茅ヶ崎市新栄町12-3,https://network.mobile.rakuten.co.jp/shop-detail/7873/,7873,2021-11-05,35.33262668126788,139.40496329712417,https://network.mobile.rakuten.co.jp/shopmaster-public/v1/shops,2026-08-17
rakuten,関東,神奈川県,LABI 藤沢店,251-0052 神奈川県藤沢市藤沢555 さいか屋藤沢店4F,https://network.mobile.rakuten.co.jp/shop-detail/8489/,8489,2023-06-02,35.33989432,139.4870389,https://network.mobile.rakuten.co.jp/shopmaster-public/v1/shops,2026-08-17
rakuten,関東,神奈川県,Tecc LIFE SELECT 横浜本店,244-0803 神奈川県横浜市戸塚区平戸町100-1,https://network.mobile.rakuten.co.jp/shop-detail/8548/,8548,2025-06-06,35.42043455315296,139.55980499057944,https://network.mobile.rakuten.co.jp/shopmaster-public/v1/shops,2026-08-17
rakuten,関東,神奈川県,Tecc LIFE SELECT 港北センター店							,224-0003 神奈川県横浜市都筑区中川中央2丁目2-1,https://network.mobile.rakuten.co.jp/shop-detail/7671/,7671,2020-09-18,35.548848,139.577897,https://network.mobile.rakuten.co.jp/shopmaster-public/v1/shops,2026-08-17
rakuten,関東,神奈川県,Tecc LIFE SELECT 湘南平塚店,254-0821 神奈川県平塚市黒部丘1-58,https://network.mobile.rakuten.co.jp/shop-detail/8608/,8608,2025-07-19,35.32316190202558,139.34024325148988,https://network.mobile.rakuten.co.jp/shopmaster-public/v1/shops,2026-08-17
rakuten,関東,神奈川県,エディオン イオン秦野店,257-0041 神奈川県秦野市入船町12ー1 イオン秦野SC別館 2F エディオンイオン秦野店,https://network.mobile.rakuten.co.jp/shop-detail/3641/,3641,2018-06-29,35.378306,139.228136,https://network.mobile.rakuten.co.jp/shopmaster-public/v1/shops,2026-08-17
rakuten,関東,神奈川県,エディオン ダイナシティ小田原店,250-0872 神奈川県小田原市中里296-1 ダイナシティEAST 3F,https://network.mobile.rakuten.co.jp/shop-detail/8299/,8299,2022-04-22,35.28186887,139.1887118,https://network.mobile.rakuten.co.jp/shopmaster-public/v1/shops,2026-08-17
rakuten,関東,神奈川県,エディオン ホームズ川崎大師店,210-0818 神奈川県川崎市川崎区中瀬3丁目20-20 ホームズ川崎大師店2F,https://network.mobile.rakuten.co.jp/shop-detail/8298/,8298,2022-04-08,35.53793047,139.7333166,https://network.mobile.rakuten.co.jp/shopmaster-public/v1/shops,2026-08-17
rakuten,関東,神奈川県,エディオン モザイクモール港北店,224-0003 神奈川県横浜市都筑区中川中央1丁目31-1 モザイクモール港北3F,https://network.mobile.rakuten.co.jp/shop-detail/3961/,3961,2018-07-20,35.554979,139.577851,https://network.mobile.rakuten.co.jp/shopmaster-public/v1/shops,2026-08-17
rakuten,関東,神奈川県,エディオン 横浜曙町店,231-0057 神奈川県横浜市中区曙町3丁目39-1,https://network.mobile.rakuten.co.jp/shop-detail/3971/,3971,2018-07-20,35.4399572,139.628374,https://network.mobile.rakuten.co.jp/shopmaster-public/v1/shops,2026-08-17
rakuten,関東,神奈川県,エディオン 横浜西口本店,220-0005 神奈川県横浜市西区南幸2丁目16-1 CeeU Yokohama 2F,https://network.mobile.rakuten.co.jp/shop-detail/8497/,8497,2023-12-15,35.464531,139.617227,https://network.mobile.rakuten.co.jp/shopmaster-public/v1/shops,2026-08-17
rakuten,関東,神奈川県,エディオン 瀬谷店,246-0035 神奈川県横浜市瀬谷区下瀬谷2丁目9-3 DPRプラザ瀬谷 2F,https://network.mobile.rakuten.co.jp/shop-detail/8467/,8467,2022-12-02,35.45535057,139.482194,https://network.mobile.rakuten.co.jp/shopmaster-public/v1/shops,2026-08-17
rakuten,関東,神奈川県,エディオン 日吉店,223-0051 神奈川県横浜市港北区箕輪町2丁目4-37,https://network.mobile.rakuten.co.jp/shop-detail/7903/,7903,2021-12-03,35.54467911,139.6419736,https://network.mobile.rakuten.co.jp/shopmaster-public/v1/shops,2026-08-17
rakuten,関東,神奈川県,ケーズデンキ たまプラーザ店,225-0003 神奈川県横浜市青葉区新石川2丁目5-1,https://network.mobile.rakuten.co.jp/shop-detail/2941/,2941,2018-02-13,35.574861,139.555872,https://network.mobile.rakuten.co.jp/shopmaster-public/v1/shops,2026-08-17
rakuten,関東,神奈川県,ケーズデンキ 湘南藤沢店,252-0822 神奈川県藤沢市葛原1695-3,https://network.mobile.rakuten.co.jp/shop-detail/5931/,5931,2019-03-21,35.403327,139.424629,https://network.mobile.rakuten.co.jp/shopmaster-public/v1/shops,2026-08-17
rakuten,関東,神奈川県,ケーズデンキ 湘南平塚本店,254-0013 神奈川県平塚市田村2丁目8-3,https://network.mobile.rakuten.co.jp/shop-detail/8446/,8446,2022-10-14,35.37050624,139.3607984,https://network.mobile.rakuten.co.jp/shopmaster-public/v1/shops,2026-08-17
rakuten,関東,神奈川県,ケーズデンキ 星川店,240-0001 神奈川県横浜市保土ケ谷区川辺町2-13,https://network.mobile.rakuten.co.jp/shop-detail/3531/,3531,2018-06-15,35.460708,139.594900,https://network.mobile.rakuten.co.jp/shopmaster-public/v1/shops,2026-08-17
rakuten,関東,神奈川県,ケーズデンキ 相模原店,252-0254 神奈川県相模原市中央区下九沢777-2,https://network.mobile.rakuten.co.jp/shop-detail/8878/,8878,2025-10-24,35.572084218823356,139.34941653556587,https://network.mobile.rakuten.co.jp/shopmaster-public/v1/shops,2026-08-17
rakuten,関東,神奈川県,コジマ×ビックカメラ 横須賀店,238-0006 神奈川県横須賀市日の出町3丁目16-1,https://network.mobile.rakuten.co.jp/shop-detail/6821/,6821,2019-06-28,35.275178,139.679919,https://network.mobile.rakuten.co.jp/shopmaster-public/v1/shops,2026-08-17
rakuten,関東,神奈川県,コジマ×ビックカメラ 横浜大口店,221-0015 神奈川県横浜市神奈川区神之木町3-3,https://network.mobile.rakuten.co.jp/shop-detail/1494/,1494,2026-04-24,35.49332567256747,139.64851412208802,https://network.mobile.rakuten.co.jp/shopmaster-public/v1/shops,2026-08-17
rakuten,関東,神奈川県,コジマ×ビックカメラ 海老名店,243-0419 神奈川県海老名市大谷北1丁目-2-1,https://network.mobile.rakuten.co.jp/shop-detail/8583/,8583,2025-08-06,35.44520418218319,139.39472842542915,https://network.mobile.rakuten.co.jp/shopmaster-public/v1/shops,2026-08-17
rakuten,関東,神奈川県,コジマ×ビックカメラ 梶ヶ谷店,213-0015 神奈川県川崎市高津区梶ヶ谷2丁目2-3,https://network.mobile.rakuten.co.jp/shop-detail/3591/,3591,2018-06-20,35.591345,139.602251,https://network.mobile.rakuten.co.jp/shopmaster-public/v1/shops,2026-08-17
rakuten,関東,神奈川県,コジマ×ビックカメラ 港北東急S.C.店,224-0032 神奈川県横浜市都筑区茅ケ崎中央5-1 港北TOKYU S.C. 2F,https://network.mobile.rakuten.co.jp/shop-detail/8950/,8950,2025-11-14,35.54456473668199,139.57196732734903,https://network.mobile.rakuten.co.jp/shopmaster-public/v1/shops,2026-08-17
rakuten,関東,神奈川県,コジマ×ビックカメラ 相模原店,252-0234 神奈川県相模原市中央区共和 4丁目18-19,https://network.mobile.rakuten.co.jp/shop-detail/6801/,6801,2019-06-27,35.563204,139.395564,https://network.mobile.rakuten.co.jp/shopmaster-public/v1/shops,2026-08-17
rakuten,関東,神奈川県,ジョーシン 厚木下荻野店,243-0203 神奈川県厚木市下荻野1200-1,https://network.mobile.rakuten.co.jp/shop-detail/4111/,4111,2018-08-23,35.474651,139.346100,https://network.mobile.rakuten.co.jp/shopmaster-public/v1/shops,2026-08-17
rakuten,関東,神奈川県,ジョーシン 相模原小山店,252-0205 神奈川県相模原市中央区小山3丁目37-1 コーナン相模原小山モール2F,https://network.mobile.rakuten.co.jp/shop-detail/2541/,2541,2017-07-27,35.583191,139.356333,https://network.mobile.rakuten.co.jp/shopmaster-public/v1/shops,2026-08-17
rakuten,関東,神奈川県,テックランド 横須賀店,238-0006 神奈川県横須賀市日の出町3丁目3-3,https://network.mobile.rakuten.co.jp/shop-detail/8626/,8626,2025-08-02,35.276090441353084,139.67786182550046,https://network.mobile.rakuten.co.jp/shopmaster-public/v1/shops,2026-08-17
rakuten,関東,神奈川県,テックランド横浜泉店,245-0018 神奈川県横浜市泉区上飯田町3937,https://network.mobile.rakuten.co.jp/shop-detail/7691/,7691,2020-09-25,35.434858,139.484347,https://network.mobile.rakuten.co.jp/shopmaster-public/v1/shops,2026-08-17
rakuten,関東,神奈川県,テックランド厚木店,243-0816 神奈川県厚木市林4丁目25番28号,https://network.mobile.rakuten.co.jp/shop-detail/8655/,8655,2025-08-30,35.46064187714256,139.3491133417093,https://network.mobile.rakuten.co.jp/shopmaster-public/v1/shops,2026-08-17
rakuten,関東,神奈川県,ビックカメラ ラゾーナ川崎店,212-0013 神奈川県川崎市幸区堀町72-1 ラゾーナ川崎プラザ2F,https://network.mobile.rakuten.co.jp/shop-detail/3651/,3651,2018-07-06,35.532915903104794,139.69697305583077,https://network.mobile.rakuten.co.jp/shopmaster-public/v1/shops,2026-08-17
rakuten,関東,神奈川県,ビックカメラ 横浜西口店,220-0005 神奈川県横浜市西区南幸2丁目1-29,https://network.mobile.rakuten.co.jp/shop-detail/5771/,5771,2019-02-27,35.464484,139.618914,https://network.mobile.rakuten.co.jp/shopmaster-public/v1/shops,2026-08-17
rakuten,関東,神奈川県,ビックカメラ 新横浜店,222-0033 神奈川県横浜市港北区新横浜2丁目100-45 キュービックプラザ新横浜3F～9F,https://network.mobile.rakuten.co.jp/shop-detail/6051/,6051,2019-03-28,35.507802,139.617298,https://network.mobile.rakuten.co.jp/shopmaster-public/v1/shops,2026-08-17
rakuten,関東,神奈川県,ビックカメラ 相模大野駅店,252-0303 神奈川県相模原市南区大野3丁目8-1 相模大野ステーションスクエアB館 6F,https://network.mobile.rakuten.co.jp/shop-detail/4691/,4691,2018-09-29,35.531894,139.436824,https://network.mobile.rakuten.co.jp/shopmaster-public/v1/shops,2026-08-17
rakuten,関東,神奈川県,ビックカメラ 藤沢店,251-0052 神奈川県藤沢市藤沢559,https://network.mobile.rakuten.co.jp/shop-detail/3351/,3351,2018-05-25,35.339708,139.488203,https://network.mobile.rakuten.co.jp/shopmaster-public/v1/shops,2026-08-17
rakuten,関東,神奈川県,モバワン 伊勢佐木モール店,231-0045 神奈川県横浜市中区伊勢佐木町1丁目5-4,https://network.mobile.rakuten.co.jp/shop-detail/8496/,8496,2023-11-01,35.44449461,139.633069,https://network.mobile.rakuten.co.jp/shopmaster-public/v1/shops,2026-08-17
rakuten,関東,神奈川県,ヤマダデンキ LABI 上大岡,233-0002 神奈川県横浜市港南区上大岡西1丁目18-5,https://network.mobile.rakuten.co.jp/shop-detail/5861/,5861,2019-03-23,35.407425,139.595342,https://network.mobile.rakuten.co.jp/shopmaster-public/v1/shops,2026-08-17
rakuten,関東,神奈川県,ヤマダデンキ LABI 大船,247-0006 神奈川県横浜市栄区笠間2丁目2-1 GRAND SHIP 3F,https://network.mobile.rakuten.co.jp/shop-detail/7743/,7743,2021-03-12,35.355303,139.533218,https://network.mobile.rakuten.co.jp/shopmaster-public/v1/shops,2026-08-17
rakuten,関東,神奈川県,ヨドバシカメラ マルチメディア横浜,220-0004 神奈川県横浜市西区北幸1丁目2-7,https://network.mobile.rakuten.co.jp/shop-detail/7611/,7611,2020-08-27,35.467725,139.620419,https://network.mobile.rakuten.co.jp/shopmaster-public/v1/shops,2026-08-17
rakuten,関東,神奈川県,ヨドバシカメラ マルチメディア京急上大岡,233-0002 神奈川県横浜市港南区上大岡西1丁目6-1,https://network.mobile.rakuten.co.jp/shop-detail/7712/,7712,2020-10-27,35.409606,139.596421,https://network.mobile.rakuten.co.jp/shopmaster-public/v1/shops,2026-08-17
rakuten,関東,神奈川県,ヨドバシカメラ マルチメディア川崎ルフロン,210-0024 神奈川県川崎市川崎区日進町1-11 ルフロン1F,https://network.mobile.rakuten.co.jp/shop-detail/7704/,7704,2020-09-25,35.529305,139.696872,https://network.mobile.rakuten.co.jp/shopmaster-public/v1/shops,2026-08-17
rakuten,関東,神奈川県,楽天モバイル minanoba相模原店,252-0314 神奈川県相模原市南区南台3丁目1-30 minanoba相模原 2F,https://network.mobile.rakuten.co.jp/shop-detail/8791/,8791,2025-09-29,35.521239790227305,139.424757269606,https://network.mobile.rakuten.co.jp/shopmaster-public/v1/shops,2026-08-17
rakuten,関東,神奈川県,楽天モバイル OSC湘南シティ店,254-0807 神奈川県平塚市代官町33-1 OSC湘南シティ 2F B-203区画,https://network.mobile.rakuten.co.jp/shop-detail/8998/,8998,2025-11-21,35.3284187,139.3582109,https://network.mobile.rakuten.co.jp/shopmaster-public/v1/shops,2026-08-17
rakuten,関東,神奈川県,楽天モバイル アピタ金沢文庫店,236-0042 神奈川県横浜市金沢区釜利谷東2丁目1-1 アピタ金沢文庫店 3F,https://network.mobile.rakuten.co.jp/shop-detail/8531/,8531,2025-03-01,35.341426584391,139.620001939569,https://network.mobile.rakuten.co.jp/shopmaster-public/v1/shops,2026-08-17
rakuten,関東,神奈川県,楽天モバイル アリオ橋本店,252-0146 神奈川県相模原市緑区大山町1-22 アリオ橋本 2F,https://network.mobile.rakuten.co.jp/shop-detail/8466/,8466,2022-11-23,35.591231,139.3497233,https://network.mobile.rakuten.co.jp/shopmaster-public/v1/shops,2026-08-17
rakuten,関東,神奈川県,楽天モバイル イオンモール座間店,252-0012 神奈川県座間市広野台2丁目10-4,https://network.mobile.rakuten.co.jp/shop-detail/7860/,7860,2021-12-01,35.501028,139.424761,https://network.mobile.rakuten.co.jp/shopmaster-public/v1/shops,2026-08-17
rakuten,関東,神奈川県,楽天モバイル イオンモール大和店,242-0001 神奈川県大和市下鶴間1丁目2-1 イオンモール大和3F 309区画,https://network.mobile.rakuten.co.jp/shop-detail/7943/,7943,2022-01-01,35.48898,139.45817,https://network.mobile.rakuten.co.jp/shopmaster-public/v1/shops,2026-08-17
rakuten,関東,神奈川県,楽天モバイル イオン茅ヶ崎中央店,253-0041 神奈川県茅ヶ崎市茅ヶ崎3丁目15-16 イオン茅ヶ崎中央ショッピングセンター 1F,https://network.mobile.rakuten.co.jp/shop-detail/8646/,8646,2025-09-01,35.3360312620426,139.403068508421,https://network.mobile.rakuten.co.jp/shopmaster-public/v1/shops,2026-08-17
rakuten,関東,神奈川県,楽天モバイル カエデウォーク長津田店,226-0018 神奈川県横浜市緑区長津田みなみ台4丁目7-1 カエデウォーク長津田店2F,https://network.mobile.rakuten.co.jp/shop-detail/8519/,8519,2024-11-22,35.51858,139.49906,https://network.mobile.rakuten.co.jp/shopmaster-public/v1/shops,2026-08-17
rakuten,関東,神奈川県,楽天モバイル グランツリー武蔵小杉店,211-0004 神奈川県川崎市中原区新丸子東3丁目1135-1 3F,https://network.mobile.rakuten.co.jp/shop-detail/2211/,2211,2017-04-27,35.573779,139.660150,https://network.mobile.rakuten.co.jp/shopmaster-public/v1/shops,2026-08-17
rakuten,関東,神奈川県,楽天モバイル サンビーチ追浜店,237-0068 神奈川県横須賀市追浜本町1丁目28-5 サンビーチ追浜 2F,https://network.mobile.rakuten.co.jp/shop-detail/1134/,1134,2025-11-29,35.3164884,139.6257358,https://network.mobile.rakuten.co.jp/shopmaster-public/v1/shops,2026-08-17
rakuten,関東,神奈川県,楽天モバイル ジョイナステラス二俣川店,241-0821 神奈川県横浜市旭区二俣川2丁目91-7 ジョイナステラス二俣川 4F,https://network.mobile.rakuten.co.jp/shop-detail/8532/,8532,2025-02-28,35.463243335951,139.531865934,https://network.mobile.rakuten.co.jp/shopmaster-public/v1/shops,2026-08-17
rakuten,関東,神奈川県,楽天モバイル センター南サウスウッド店,224-0032 神奈川県横浜市都筑区茅ケ崎中央6-1 1F-04区画,https://network.mobile.rakuten.co.jp/shop-detail/1961/,1961,2017-02-15,35.543909,139.574547,https://network.mobile.rakuten.co.jp/shopmaster-public/v1/shops,2026-08-17
rakuten,関東,神奈川県,楽天モバイル ダイナシティ小田原店,250-0872 神奈川県小田原市中里208 ダイナシティ ウエスト 1F 120区画,https://network.mobile.rakuten.co.jp/shop-detail/7815/,7815,2021-08-12,35.28397,139.1856,https://network.mobile.rakuten.co.jp/shopmaster-public/v1/shops,2026-08-17
rakuten,関東,神奈川県,楽天モバイル トレッサ横浜店,222-0002 神奈川県横浜市港北区師岡町700 トレッサ横浜 南棟2F,https://network.mobile.rakuten.co.jp/shop-detail/7846/,7846,2021-10-22,35.52545773,139.6459544,https://network.mobile.rakuten.co.jp/shopmaster-public/v1/shops,2026-08-17
rakuten,関東,神奈川県,楽天モバイル ビアレヨコハマ店,236-0005 神奈川県横浜市金沢区並木2丁目13-7 ビアレヨコハマ 1F 110区画,https://network.mobile.rakuten.co.jp/shop-detail/1334/,1334,2025-12-24,35.3619466,139.6401404,https://network.mobile.rakuten.co.jp/shopmaster-public/v1/shops,2026-08-17
rakuten,関東,神奈川県,楽天モバイル ボーノ相模大野店,252-0303 神奈川県相模原市南区大野3丁目3-2 ボーノ相模大野 2F,https://network.mobile.rakuten.co.jp/shop-detail/8528/,8528,2025-03-14,35.53062325,139.4350846,https://network.mobile.rakuten.co.jp/shopmaster-public/v1/shops,2026-08-17
rakuten,関東,神奈川県,楽天モバイル ミスターマックス湘南藤沢店,251-0042 神奈川県藤沢市辻堂新町4丁目3-5,https://network.mobile.rakuten.co.jp/shop-detail/8498/,8498,2017-07-06,35.34051493,139.4645227,https://network.mobile.rakuten.co.jp/shopmaster-public/v1/shops,2026-08-17
rakuten,関東,神奈川県,楽天モバイル ゆめが丘ソラトス店,245-0019 神奈川県横浜市泉区ゆめが丘31 ゆめが丘ソラトス 3F,https://network.mobile.rakuten.co.jp/shop-detail/1196/,1196,2025-12-12,35.405390916399,139.48256842883552,https://network.mobile.rakuten.co.jp/shopmaster-public/v1/shops,2026-08-17
rakuten,関東,神奈川県,楽天モバイル ららぽーと横浜店,224-0053 神奈川県横浜市都筑区池辺町4035-1 ららぽ-と横浜3F,https://network.mobile.rakuten.co.jp/shop-detail/7748/,7748,2021-04-20,35.51756468,139.5667281,https://network.mobile.rakuten.co.jp/shopmaster-public/v1/shops,2026-08-17
rakuten,関東,神奈川県,楽天モバイル ららぽーと海老名店,243-0436 神奈川県海老名市扇町13-1 4F,https://network.mobile.rakuten.co.jp/shop-detail/2041/,2041,2017-03-17,35.456127,139.389186,https://network.mobile.rakuten.co.jp/shopmaster-public/v1/shops,2026-08-17
rakuten,関東,神奈川県,楽天モバイル ららぽーと湘南平塚店,254-0031 神奈川県平塚市天沼10-1 3F,https://network.mobile.rakuten.co.jp/shop-detail/2021/,2021,2017-03-10,35.336502,139.353813,https://network.mobile.rakuten.co.jp/shopmaster-public/v1/shops,2026-08-17
rakuten,関東,神奈川県,楽天モバイル 伊勢原白根店,259-1147 神奈川県伊勢原市白根536-1 1F,https://network.mobile.rakuten.co.jp/shop-detail/1260/,1260,2025-12-13,35.3967984,139.2920728,https://network.mobile.rakuten.co.jp/shopmaster-public/v1/shops,2026-08-17
rakuten,関東,神奈川県,楽天モバイル 伊勢佐木モール店,231-0045 神奈川県横浜市中区伊勢佐木町2丁目71,https://network.mobile.rakuten.co.jp/shop-detail/4581/,4581,2018-10-16,35.443698,139.631803,https://network.mobile.rakuten.co.jp/shopmaster-public/v1/shops,2026-08-17
rakuten,関東,神奈川県,楽天モバイル 横須賀中央駅前店,238-0007 神奈川県横須賀市若松町1丁目1,https://network.mobile.rakuten.co.jp/shop-detail/7734/,7734,2021-02-01,35.280000,139.670139,https://network.mobile.rakuten.co.jp/shopmaster-public/v1/shops,2026-08-17
rakuten,関東,神奈川県,楽天モバイル 横浜ジョイナス店,220-0005 神奈川県横浜市西区南幸1丁目5-1 相鉄ジョイナスB1,https://network.mobile.rakuten.co.jp/shop-detail/5801/,5801,2019-03-01,35.467339,139.620437,https://network.mobile.rakuten.co.jp/shopmaster-public/v1/shops,2026-08-17
rakuten,関東,神奈川県,楽天モバイル 久里浜店,239-0831 神奈川県横須賀市久里浜4丁目6-3,https://network.mobile.rakuten.co.jp/shop-detail/1257/,1257,2025-12-13,35.23016448344099,139.70317755111247,https://network.mobile.rakuten.co.jp/shopmaster-public/v1/shops,2026-08-17
rakuten,関東,神奈川県,楽天モバイル 京急汐入駅店,238-0042 神奈川県横須賀市汐入町2丁目41-6 京急汐入駅 1F,https://network.mobile.rakuten.co.jp/shop-detail/1364/,1364,2026-02-21,35.280356113205485,139.66204840894883,https://network.mobile.rakuten.co.jp/shopmaster-public/v1/shops,2026-08-17
rakuten,関東,神奈川県,楽天モバイル 橋本店,252-0143 神奈川県相模原市緑区橋本3丁目4-8 103,https://network.mobile.rakuten.co.jp/shop-detail/1304/,1304,2025-12-19,35.5949994,139.3487192,https://network.mobile.rakuten.co.jp/shopmaster-public/v1/shops,2026-08-17
rakuten,関東,神奈川県,楽天モバイル 元住吉店,211-0025 神奈川県川崎市中原区木月3丁目13-32 1F,https://network.mobile.rakuten.co.jp/shop-detail/1378/,1378,2026-01-16,35.565266940784014,139.6492962097129,https://network.mobile.rakuten.co.jp/shopmaster-public/v1/shops,2026-08-17
rakuten,関東,神奈川県,楽天モバイル 戸塚モディ店,244-0003 神奈川県横浜市戸塚区戸塚町10番地 戸塚モディ 2F,https://network.mobile.rakuten.co.jp/shop-detail/1496/,1496,2026-05-01,35.40154551,139.5346166,https://network.mobile.rakuten.co.jp/shopmaster-public/v1/shops,2026-08-17
rakuten,関東,神奈川県,楽天モバイル 港南台バーズ店,234-0054 神奈川県横浜市港南区港南台3丁目1-3 港南台バーズ2F,https://network.mobile.rakuten.co.jp/shop-detail/7742/,7742,2021-03-25,35.37503163,139.5778067,https://network.mobile.rakuten.co.jp/shopmaster-public/v1/shops,2026-08-17
rakuten,関東,神奈川県,楽天モバイル 溝の口店,213-0001 神奈川県川崎市高津区溝口1丁目14-5 第一多田ビル1F,https://network.mobile.rakuten.co.jp/shop-detail/7301/,7301,2019-10-25,35.600458,139.614296,https://network.mobile.rakuten.co.jp/shopmaster-public/v1/shops,2026-08-17
rakuten,関東,神奈川県,楽天モバイル 綱島店,223-0053 神奈川県横浜市港北区綱島西2丁目6-17 黒川ビル 1F D区画,https://network.mobile.rakuten.co.jp/shop-detail/1456/,1456,2026-03-23,35.53628164,139.6324499,https://network.mobile.rakuten.co.jp/shopmaster-public/v1/shops,2026-08-17
rakuten,関東,神奈川県,楽天モバイル 小田原店,250-0011 神奈川県小田原市栄町1丁目14-52 MANAXビル 1F,https://network.mobile.rakuten.co.jp/shop-detail/8774/,8774,2025-10-29,35.25407328,139.15784477,https://network.mobile.rakuten.co.jp/shopmaster-public/v1/shops,2026-08-17
rakuten,関東,神奈川県,楽天モバイル 湘南台店,252-0804 神奈川県藤沢市湘南台2丁目4-9 TOKU湘南台 1F,https://network.mobile.rakuten.co.jp/shop-detail/7776/,7776,2021-06-25,35.39641,139.46542,https://network.mobile.rakuten.co.jp/shopmaster-public/v1/shops,2026-08-17
rakuten,関東,神奈川県,楽天モバイル 上大岡camio店,233-0002 神奈川県横浜市港南区上大岡西1丁目15-1 上大岡駅前 「camio」1F,https://network.mobile.rakuten.co.jp/shop-detail/8500/,8500,2022-04-28,35.4087652145024,139.595213942027,https://network.mobile.rakuten.co.jp/shopmaster-public/v1/shops,2026-08-17
rakuten,関東,神奈川県,楽天モバイル 新百合丘オーパ店,215-0021 神奈川県川崎市麻生区上麻生1丁目1-1 新百合丘オーパ 2F,https://network.mobile.rakuten.co.jp/shop-detail/7868/,7868,2021-11-12,35.60386573,139.5086303,https://network.mobile.rakuten.co.jp/shopmaster-public/v1/shops,2026-08-17
rakuten,関東,神奈川県,楽天モバイル 逗子店,249-0006 神奈川県逗子市逗子1丁目6-1 松屋ビル 1F,https://network.mobile.rakuten.co.jp/shop-detail/1230/,1230,2025-12-10,35.2961469,139.5789086,https://network.mobile.rakuten.co.jp/shopmaster-public/v1/shops,2026-08-17
rakuten,関東,神奈川県,楽天モバイル 西武東戸塚店,244-8530 神奈川県横浜市戸塚区品濃町537-1 西武東戸塚店オーロラモール館3F,https://network.mobile.rakuten.co.jp/shop-detail/2651/,2651,2017-09-01,35.430492,139.558859,https://network.mobile.rakuten.co.jp/shopmaster-public/v1/shops,2026-08-17
rakuten,関東,神奈川県,楽天モバイル 青葉台店,227-0062 神奈川県横浜市青葉区青葉台1丁目7 田園都市線青葉台駅構内店舗 5号区画,https://network.mobile.rakuten.co.jp/shop-detail/7919/,7919,2021-12-10,35.54315,139.51675,https://network.mobile.rakuten.co.jp/shopmaster-public/v1/shops,2026-08-17
rakuten,関東,神奈川県,楽天モバイル 川崎ゼロゲート店,210-0023 神奈川県川崎市川崎区小川町1-1,https://network.mobile.rakuten.co.jp/shop-detail/6161/,6161,2019-08-08,35.528967,139.697768,https://network.mobile.rakuten.co.jp/shopmaster-public/v1/shops,2026-08-17
rakuten,関東,神奈川県,楽天モバイル 大船店,247-0056 神奈川県鎌倉市大船1丁目10-1,https://network.mobile.rakuten.co.jp/shop-detail/7766/,7766,2018-06-29,35.352852,139.531882,https://network.mobile.rakuten.co.jp/shopmaster-public/v1/shops,2026-08-17
rakuten,関東,神奈川県,楽天モバイル 大和店,242-0017 神奈川県大和市大和東2丁目1-13 SAKURA TOWER 1F 102号,https://network.mobile.rakuten.co.jp/shop-detail/1385/,1385,2026-02-28,35.471195462550945,139.4615374480825,https://network.mobile.rakuten.co.jp/shopmaster-public/v1/shops,2026-08-17
rakuten,関東,神奈川県,楽天モバイル 鶴見店,230-0062 神奈川県横浜市鶴見区豊岡町2-2 ツルミフーガ2 2F,https://network.mobile.rakuten.co.jp/shop-detail/8599/,8599,2025-08-01,35.5090059596519,139.675569925393,https://network.mobile.rakuten.co.jp/shopmaster-public/v1/shops,2026-08-17
rakuten,関東,神奈川県,楽天モバイル 東急百貨店たまプラーザ店,225-0002 神奈川県横浜市青葉区美しが丘1丁目7 東急百貨店たまプラーザ店 3F,https://network.mobile.rakuten.co.jp/shop-detail/8459/,8459,2022-10-27,35.5787489,139.5578915,https://network.mobile.rakuten.co.jp/shopmaster-public/v1/shops,2026-08-17
rakuten,関東,神奈川県,楽天モバイル 藤沢店,251-0055 神奈川県藤沢市南藤沢20-21 MKビル　1F,https://network.mobile.rakuten.co.jp/shop-detail/8393/,8393,2022-06-10,35.33735,139.48822,https://network.mobile.rakuten.co.jp/shopmaster-public/v1/shops,2026-08-17
rakuten,関東,神奈川県,楽天モバイル 本厚木店,243-0014 神奈川県厚木市旭町1丁目25-1 本厚木ミハラス102,https://network.mobile.rakuten.co.jp/shop-detail/7813/,7813,2021-09-08,35.43871392,139.3648435,https://network.mobile.rakuten.co.jp/shopmaster-public/v1/shops,2026-08-17
rakuten,関東,神奈川県,楽天モバイル 本牧店,231-0827 神奈川県横浜市中区本牧和田27-18 パティオ本牧,https://network.mobile.rakuten.co.jp/shop-detail/1440/,1440,2026-05-15,35.42145693064655,139.65834135846202,https://network.mobile.rakuten.co.jp/shopmaster-public/v1/shops,2026-08-17
rakuten,東北,青森県,ケーズデンキ 五所川原店,037-0004 青森県五所川原市大字唐笠柳字藤巻547-1,https://network.mobile.rakuten.co.jp/shop-detail/1056/,1056,2025-12-05,40.79621095445951,140.45609001288113,https://network.mobile.rakuten.co.jp/shopmaster-public/v1/shops,2026-08-17
rakuten,東北,青森県,ケーズデンキ 弘前本店,036-8084 青森県弘前市高田4丁目2-7,https://network.mobile.rakuten.co.jp/shop-detail/3281/,3281,2018-04-20,40.598587,140.508119,https://network.mobile.rakuten.co.jp/shopmaster-public/v1/shops,2026-08-17
rakuten,東北,青森県,ケーズデンキ 十和田店,034-0003 青森県十和田市元町東1-6-33,https://network.mobile.rakuten.co.jp/shop-detail/8390/,8390,2022-10-01,40.6232045,141.2102083,https://network.mobile.rakuten.co.jp/shopmaster-public/v1/shops,2026-08-17
rakuten,東北,青森県,ケーズデンキ 青森本店,030-0847 青森県青森市東大野2丁目10-1,https://network.mobile.rakuten.co.jp/shop-detail/4461/,4461,2018-09-06,40.799969,140.743748,https://network.mobile.rakuten.co.jp/shopmaster-public/v1/shops,2026-08-17
rakuten,東北,青森県,ケーズデンキ 八戸本店,031-0071 青森県八戸市沼舘4丁目4-8,https://network.mobile.rakuten.co.jp/shop-detail/1341/,1341,2016-05-19,40.528819,141.494038,https://network.mobile.rakuten.co.jp/shopmaster-public/v1/shops,2026-08-17
rakuten,東北,青森県,テックランド弘前店,036-8087 青森県弘前市早稲田4丁目2-2,https://network.mobile.rakuten.co.jp/shop-detail/8707/,8707,2025-09-06,40.60211497,140.5148019,https://network.mobile.rakuten.co.jp/shopmaster-public/v1/shops,2026-08-17
rakuten,東北,青森県,テックランド青森三好店,038-0006 青森県青森市三好二丁目2-31,https://network.mobile.rakuten.co.jp/shop-detail/8708/,8708,2025-09-27,40.83194067,140.7031368,https://network.mobile.rakuten.co.jp/shopmaster-public/v1/shops,2026-08-17
rakuten,東北,青森県,テックランド青森本店,030-0113 青森県青森市第二問屋町2丁目5-18,https://network.mobile.rakuten.co.jp/shop-detail/8652/,8652,2025-08-23,40.793653489837965,140.75846813473999,https://network.mobile.rakuten.co.jp/shopmaster-public/v1/shops,2026-08-17
rakuten,東北,青森県,楽天モバイル CiiNA CiiNA 青森店,030-0843 青森県青森市浜田1丁目14-1 シーナシーナ青森 2F 218-2区画,https://network.mobile.rakuten.co.jp/shop-detail/1306/,1306,2025-12-22,40.80103232413653,140.74913242433155,https://network.mobile.rakuten.co.jp/shopmaster-public/v1/shops,2026-08-17
rakuten,東北,青森県,楽天モバイル イオンスーパーセンター十和田店,034-0041 青森県十和田市相坂六日町山166-1 イオンスーパーセンター十和田 1F,https://network.mobile.rakuten.co.jp/shop-detail/1290/,1290,2025-12-18,40.60323912,141.2571443,https://network.mobile.rakuten.co.jp/shopmaster-public/v1/shops,2026-08-17
rakuten,東北,青森県,楽天モバイル イオンタウン弘前樋の口店,036-8278 青森県弘前市樋の口2丁目9-6 イオンタウン弘前樋の口 1F,https://network.mobile.rakuten.co.jp/shop-detail/1437/,1437,2026-03-25,40.60246923335639,140.44386731211983,https://network.mobile.rakuten.co.jp/shopmaster-public/v1/shops,2026-08-17
rakuten,東北,青森県,楽天モバイル イオンタウン浪岡店,038-1311 青森県青森市浪岡松島15 イオンタウン浪岡,https://network.mobile.rakuten.co.jp/shop-detail/1053/,1053,2025-11-23,40.72278656,140.5956818,https://network.mobile.rakuten.co.jp/shopmaster-public/v1/shops,2026-08-17
rakuten,東北,青森県,楽天モバイル イオンモールつがる柏店,038-3107 青森県つがる市柏稲盛幾世41 イオンモールつがる柏2F,https://network.mobile.rakuten.co.jp/shop-detail/8911/,8911,2025-11-08,40.8023778,140.4168939,https://network.mobile.rakuten.co.jp/shopmaster-public/v1/shops,2026-08-17
rakuten,東北,青森県,楽天モバイル ガーラタウン店,038-0006 青森県青森市三好2丁目3-19 ガーラタウン 2F,https://network.mobile.rakuten.co.jp/shop-detail/8695/,8695,2025-08-28,40.833700587451666,140.70252444381808,https://network.mobile.rakuten.co.jp/shopmaster-public/v1/shops,2026-08-17
rakuten,東北,青森県,楽天モバイル シンフォニープラザ沼館店,031-0071 青森県八戸市沼館4丁目4-8 シンフォニープラザ沼館,https://network.mobile.rakuten.co.jp/shop-detail/8397/,8397,2022-06-24,40.52909102,141.4946876,https://network.mobile.rakuten.co.jp/shopmaster-public/v1/shops,2026-08-17
rakuten,東北,青森県,楽天モバイル 八戸城下店,031-0072 青森県八戸市城下4丁目20-20,https://network.mobile.rakuten.co.jp/shop-detail/1426/,1426,2026-02-18,40.51938452733666,141.4965862739591,https://network.mobile.rakuten.co.jp/shopmaster-public/v1/shops,2026-08-17
rakuten,東海,静岡県,エディオン イオンモール浜松市野店,435-0052 静岡県浜松市中央区天王町字諏訪1981-3 イオンモール浜松市野1F,https://network.mobile.rakuten.co.jp/shop-detail/5051/,5051,2018-11-09,34.740095,137.762823,https://network.mobile.rakuten.co.jp/shopmaster-public/v1/shops,2026-08-17
rakuten,東海,静岡県,エディオン クロスガーデン富士中央店,417-0052 静岡県富士市中央町3丁目13-7,https://network.mobile.rakuten.co.jp/shop-detail/3131/,3131,2018-04-05,35.1641187,138.680071,https://network.mobile.rakuten.co.jp/shopmaster-public/v1/shops,2026-08-17
rakuten,東海,静岡県,エディオン サントムーン柿田川店,411-0907 静岡県駿東郡清水町伏見泉頭58-1,https://network.mobile.rakuten.co.jp/shop-detail/0761/,0761,2015-11-26,35.1087479,138.900708,https://network.mobile.rakuten.co.jp/shopmaster-public/v1/shops,2026-08-17
rakuten,東海,静岡県,エディオン フィルタウン浜松小豆餅店,433-8113 静岡県浜松市中央区小豆餅四丁目14-21,https://network.mobile.rakuten.co.jp/shop-detail/8800/,8800,2025-10-01,34.75283219437762,137.7299902885267,https://network.mobile.rakuten.co.jp/shopmaster-public/v1/shops,2026-08-17
rakuten,東海,静岡県,エディオン 三島店,411-0815 静岡県三島市安久375-1,https://network.mobile.rakuten.co.jp/shop-detail/4391/,4391,2018-08-31,35.0850621,138.930856,https://network.mobile.rakuten.co.jp/shopmaster-public/v1/shops,2026-08-17
rakuten,東海,静岡県,エディオン 焼津店,425-0047 静岡県焼津市東祢宜島5番-2,https://network.mobile.rakuten.co.jp/shop-detail/8918/,8918,2025-10-30,34.83974216,138.31244,https://network.mobile.rakuten.co.jp/shopmaster-public/v1/shops,2026-08-17
rakuten,東海,静岡県,エディオン 清水店,424-0043 静岡県静岡市清水区永楽町14-50,https://network.mobile.rakuten.co.jp/shop-detail/8372/,8372,2022-06-17,35.02512227,138.4723545,https://network.mobile.rakuten.co.jp/shopmaster-public/v1/shops,2026-08-17
rakuten,東海,静岡県,エディオン 静岡曲金店,422-8006 静岡県静岡市駿河区曲金7丁目8-8,https://network.mobile.rakuten.co.jp/shop-detail/8825/,8825,2025-10-01,34.98162104628911,138.41491823147877,https://network.mobile.rakuten.co.jp/shopmaster-public/v1/shops,2026-08-17
rakuten,東海,静岡県,エディオン 袋井インター店,437-0065 静岡県袋井市堀越字才別当421-1,https://network.mobile.rakuten.co.jp/shop-detail/8801/,8801,2025-10-01,34.75187127,137.9074201,https://network.mobile.rakuten.co.jp/shopmaster-public/v1/shops,2026-08-17
rakuten,東海,静岡県,エディオン 藤枝店,426-0031 静岡県藤枝市築地570-1,https://network.mobile.rakuten.co.jp/shop-detail/3441/,3441,2018-06-01,34.8586276,138.272641,https://network.mobile.rakuten.co.jp/shopmaster-public/v1/shops,2026-08-17
rakuten,東海,静岡県,エディオン 浜松半田店,431-3124 静岡県浜松市中央区半田町722-2,https://network.mobile.rakuten.co.jp/shop-detail/8373/,8373,2022-05-20,34.77817485,137.7484844,https://network.mobile.rakuten.co.jp/shopmaster-public/v1/shops,2026-08-17
rakuten,東海,静岡県,ケーズデンキ 静岡駿河店,422-8027 静岡県静岡市駿河区豊田三丁目4-50,https://network.mobile.rakuten.co.jp/shop-detail/8378/,8378,2022-06-09,34.96716106,138.4089254,https://network.mobile.rakuten.co.jp/shopmaster-public/v1/shops,2026-08-17
rakuten,東海,静岡県,ケーズデンキ 浜松市野店,435-0052 静岡県浜松市中央区天王町1981-1,https://network.mobile.rakuten.co.jp/shop-detail/1771/,1771,2016-09-07,34.737212,137.762557,https://network.mobile.rakuten.co.jp/shopmaster-public/v1/shops,2026-08-17
rakuten,東海,静岡県,ケーズデンキ 浜松入野店,432-8061 静岡県浜松市中央区入野町6353-1,https://network.mobile.rakuten.co.jp/shop-detail/4641/,4641,2018-09-27,34.699091,137.688354,https://network.mobile.rakuten.co.jp/shopmaster-public/v1/shops,2026-08-17
rakuten,東海,静岡県,コジマ×ビックカメラ 静岡店,422-8004 静岡県静岡市駿河区国吉田1丁目1-57,https://network.mobile.rakuten.co.jp/shop-detail/3661/,3661,2018-06-23,34.996433,138.425226,https://network.mobile.rakuten.co.jp/shopmaster-public/v1/shops,2026-08-17
rakuten,東海,静岡県,コジマ×ビックカメラ 富士店,416-0931 静岡県富士市蓼原54-4,https://network.mobile.rakuten.co.jp/shop-detail/8376/,8376,2022-06-01,35.15549868,138.6648706,https://network.mobile.rakuten.co.jp/shopmaster-public/v1/shops,2026-08-17
rakuten,東海,静岡県,テックランド 静岡国吉田店,422-8004 静岡県静岡市駿河区国吉田1丁目1-43,https://network.mobile.rakuten.co.jp/shop-detail/8367/,8367,2022-05-13,34.99641407,138.4261088,https://network.mobile.rakuten.co.jp/shopmaster-public/v1/shops,2026-08-17
rakuten,東海,静岡県,ビックカメラ 浜松店,430-0926 静岡県浜松市中央区砂山町322-1,https://network.mobile.rakuten.co.jp/shop-detail/3931/,3931,2018-07-13,34.703788,137.733740,https://network.mobile.rakuten.co.jp/shopmaster-public/v1/shops,2026-08-17
rakuten,東海,静岡県,楽天モバイル  イーラde沼津店,410-0801 静岡県沼津市大手町1丁目1-6 2F,https://network.mobile.rakuten.co.jp/shop-detail/8703/,8703,2025-08-31,35.10238907,138.85844,https://network.mobile.rakuten.co.jp/shopmaster-public/v1/shops,2026-08-17
rakuten,東海,静岡県,楽天モバイル MEGAドン・キホーテUNY 掛川店,436-0043 静岡県掛川市大池2826 MEGAドン・キホーテUNY 掛川店,https://network.mobile.rakuten.co.jp/shop-detail/1077/,1077,2025-11-28,34.77314033995791,137.98945028307642,https://network.mobile.rakuten.co.jp/shopmaster-public/v1/shops,2026-08-17
rakuten,東海,静岡県,楽天モバイル アピタ大仁店,410-2322 静岡県伊豆の国市吉田字九十分153-1 アピタ大仁店 2F 204,https://network.mobile.rakuten.co.jp/shop-detail/8932/,8932,2025-10-31,35.00019537,138.9362765,https://network.mobile.rakuten.co.jp/shopmaster-public/v1/shops,2026-08-17
rakuten,東海,静岡県,楽天モバイル アピタ島田店,427-0016 静岡県島田市宝来町8-2 アピタ島田店 2F,https://network.mobile.rakuten.co.jp/shop-detail/1453/,1453,2026-04-01,34.8277698,138.1849547,https://network.mobile.rakuten.co.jp/shopmaster-public/v1/shops,2026-08-17
rakuten,東海,静岡県,楽天モバイル アピタ磐田店,438-0071 静岡県磐田市今之浦3丁目1-11 アピタ磐田店 1F,https://network.mobile.rakuten.co.jp/shop-detail/8896/,8896,2025-10-24,34.71822045,137.8573307,https://network.mobile.rakuten.co.jp/shopmaster-public/v1/shops,2026-08-17
rakuten,東海,静岡県,楽天モバイル イオンタウン湖西新居店,431-0302 静岡県湖西市新居町新居250-11 イオンタウン湖西新居,https://network.mobile.rakuten.co.jp/shop-detail/8926/,8926,2025-10-30,34.6897056,137.5664392,https://network.mobile.rakuten.co.jp/shopmaster-public/v1/shops,2026-08-17
rakuten,東海,静岡県,楽天モバイル イオンタウン富士南店,416-0934 静岡県富士市鮫島118-10 イオンタウン富士南店 2F（223区画）,https://network.mobile.rakuten.co.jp/shop-detail/8744/,8744,2025-09-19,35.14104063,138.6752644,https://network.mobile.rakuten.co.jp/shopmaster-public/v1/shops,2026-08-17
rakuten,東海,静岡県,楽天モバイル イオンモール浜松市野店,435-0052 静岡県浜松市中央区天王町字諏訪1981-3 イオンモール浜松市野2F,https://network.mobile.rakuten.co.jp/shop-detail/7927/,7927,2021-12-10,34.73971408,137.7621393,https://network.mobile.rakuten.co.jp/shopmaster-public/v1/shops,2026-08-17
rakuten,東海,静岡県,楽天モバイル イオンモール浜松志都呂店,432-8069 静岡県浜松市中央区志都呂2丁目37-1 イオンモール浜松志都呂3F,https://network.mobile.rakuten.co.jp/shop-detail/7221/,7221,2019-09-30,34.696995,137.650651,https://network.mobile.rakuten.co.jp/shopmaster-public/v1/shops,2026-08-17
rakuten,東海,静岡県,楽天モバイル イオンモール富士宮店,418-0032 静岡県富士宮市浅間町1-8 イオンモール富士宮店 2F,https://network.mobile.rakuten.co.jp/shop-detail/8366/,8366,2022-05-20,35.22002,138.6123,https://network.mobile.rakuten.co.jp/shopmaster-public/v1/shops,2026-08-17
rakuten,東海,静岡県,楽天モバイル イオン焼津店,425-0047 静岡県焼津市東祢宜島12-4 イオン焼津 1F,https://network.mobile.rakuten.co.jp/shop-detail/8614/,8614,2025-08-08,34.839501412334116,138.30977784417726,https://network.mobile.rakuten.co.jp/shopmaster-public/v1/shops,2026-08-17
rakuten,東海,静岡県,楽天モバイル ザザシティ 浜松西館店,430-0933 静岡県浜松市中央区鍛冶町15 ザザシティ浜松西館１F,https://network.mobile.rakuten.co.jp/shop-detail/8710/,8710,2025-09-04,34.7049826,137.7296975,https://network.mobile.rakuten.co.jp/shopmaster-public/v1/shops,2026-08-17
rakuten,東海,静岡県,楽天モバイル サントムーン柿田川三島店,411-0902 静岡県駿東郡清水町玉川61-2 サントムーン柿田川 本館2F,https://network.mobile.rakuten.co.jp/shop-detail/1315/,1315,2025-12-26,35.11004712,138.90285563584,https://network.mobile.rakuten.co.jp/shopmaster-public/v1/shops,2026-08-17
rakuten,東海,静岡県,楽天モバイル トレーラーショップ 伊東駅前店,414-0004 静岡県伊東市猪戸1丁目5-35,https://network.mobile.rakuten.co.jp/shop-detail/1370/,1370,2026-01-16,34.97338908739076,139.0927856835419,https://network.mobile.rakuten.co.jp/shopmaster-public/v1/shops,2026-08-17
rakuten,東海,静岡県,楽天モバイル プレ葉ウォーク浜北店,434-8502 静岡県浜松市浜名区貴布祢1200 プレ葉ウォーク浜北 2F,https://network.mobile.rakuten.co.jp/shop-detail/8984/,8984,2025-11-21,34.7969620636665,137.779428653968,https://network.mobile.rakuten.co.jp/shopmaster-public/v1/shops,2026-08-17
rakuten,東海,静岡県,楽天モバイル ららぽーと沼津店,410-8541 静岡県沼津市東椎路字東荒301-3 3F39100区画,https://network.mobile.rakuten.co.jp/shop-detail/7271/,7271,2019-10-04,35.118308,138.839897,https://network.mobile.rakuten.co.jp/shopmaster-public/v1/shops,2026-08-17
rakuten,東海,静岡県,楽天モバイル ららぽーと磐田店,438-0801 静岡県磐田市高見丘1200,https://network.mobile.rakuten.co.jp/shop-detail/4961/,4961,2018-10-31,34.750475,137.841545,https://network.mobile.rakuten.co.jp/shopmaster-public/v1/shops,2026-08-17
rakuten,東海,静岡県,楽天モバイル 焼津さかなセンター店,425-0091 静岡県焼津市八楠4丁目13-7 焼津さかなセンター 1F B-18区画,https://network.mobile.rakuten.co.jp/shop-detail/1326/,1326,2025-12-24,34.881175,138.303757,https://network.mobile.rakuten.co.jp/shopmaster-public/v1/shops,2026-08-17
rakuten,東海,静岡県,楽天モバイル 新静岡駅前店,420-0858 静岡県静岡市葵区伝馬町1丁目10 大作ビル 1F,https://network.mobile.rakuten.co.jp/shop-detail/1671/,1671,2016-08-19,34.975042,138.386922,https://network.mobile.rakuten.co.jp/shopmaster-public/v1/shops,2026-08-17
rakuten,東海,静岡県,楽天モバイル 静岡葵タワー店,420-0852 静岡県静岡市葵区紺屋町17-1 葵タワー 1F,https://network.mobile.rakuten.co.jp/shop-detail/1384/,1384,2026-01-19,34.97258316588338,138.38668074390648,https://network.mobile.rakuten.co.jp/shopmaster-public/v1/shops,2026-08-17
rakuten,東海,静岡県,楽天モバイル 静岡稲川店,422-8062 静岡県静岡市駿河区稲川3丁目2-21 グランドゥール稲川 1F,https://network.mobile.rakuten.co.jp/shop-detail/1343/,1343,2025-12-25,34.96683307442346,138.39427685012933,https://network.mobile.rakuten.co.jp/shopmaster-public/v1/shops,2026-08-17
rakuten,東海,静岡県,楽天モバイル 草薙駅南口店,424-0886 静岡県静岡市清水区草薙1丁目3-15 グラソード草薙 1F,https://network.mobile.rakuten.co.jp/shop-detail/1344/,1344,2025-12-25,35.00236537101109,138.4419174081803,https://network.mobile.rakuten.co.jp/shopmaster-public/v1/shops,2026-08-17
rakuten,東海,静岡県,楽天モバイル 長泉なめり駅前店,411-0933 静岡県駿東郡長泉町納米里68-6 アヴェニール・長泉<br><custom-txt-cap>※店舗前に駐車場3台あり</custom-txt-cap>,https://network.mobile.rakuten.co.jp/shop-detail/8685/,8685,2025-08-26,35.14734148838313,138.8984864096197,https://network.mobile.rakuten.co.jp/shopmaster-public/v1/shops,2026-08-17
rakuten,東海,静岡県,楽天モバイル 藤枝駅南店,426-0067 静岡県藤枝市前島1丁目7-5 BEIIビル 1F,https://network.mobile.rakuten.co.jp/shop-detail/1206/,1206,2025-12-05,34.84783918175616,138.25336266443264,https://network.mobile.rakuten.co.jp/shopmaster-public/v1/shops,2026-08-17
rakuten,東海,静岡県,楽天モバイル 浜松 リブロス笠井店,431-3107 静岡県浜松市中央区笠井町1197-22 リブロス笠井 1F,https://network.mobile.rakuten.co.jp/shop-detail/1214/,1214,2025-12-05,34.76943881324029,137.79135826441822,https://network.mobile.rakuten.co.jp/shopmaster-public/v1/shops,2026-08-17
rakuten,北陸,石川県,Tecc LIFE SELECT 野々市御経塚店,921-8801 石川県野々市市御経塚2丁目92,https://network.mobile.rakuten.co.jp/shop-detail/8492/,8492,2023-06-28,36.54932736,136.5984968,https://network.mobile.rakuten.co.jp/shopmaster-public/v1/shops,2026-08-17
rakuten,北陸,石川県,エディオン 金沢高柳店,920-0005 石川県金沢市高柳町二5-2,https://network.mobile.rakuten.co.jp/shop-detail/8385/,8385,2022-05-27,36.59337494,136.6624598,https://network.mobile.rakuten.co.jp/shopmaster-public/v1/shops,2026-08-17
rakuten,北陸,石川県,エディオン 金沢直江店,920-8213 石川県金沢市直江東1丁目17-1,https://network.mobile.rakuten.co.jp/shop-detail/1040/,1040,2025-11-28,36.6129116,136.6373728,https://network.mobile.rakuten.co.jp/shopmaster-public/v1/shops,2026-08-17
rakuten,北陸,石川県,エディオン 金沢本店,921-8804 石川県野々市市野代2丁目11,https://network.mobile.rakuten.co.jp/shop-detail/1471/,1471,2016-06-23,36.539884,136.602520,https://network.mobile.rakuten.co.jp/shopmaster-public/v1/shops,2026-08-17
rakuten,北陸,石川県,エディオン 小松本店,923-0831 石川県小松市打越町い27,https://network.mobile.rakuten.co.jp/shop-detail/1038/,1038,2026-02-27,36.3998553,136.4775134,https://network.mobile.rakuten.co.jp/shopmaster-public/v1/shops,2026-08-17
rakuten,北陸,石川県,ケーズデンキ 金沢本店,921-8801 石川県野々市市御経塚4丁目107-1,https://network.mobile.rakuten.co.jp/shop-detail/4451/,4451,2018-09-01,36.553352,136.600144,https://network.mobile.rakuten.co.jp/shopmaster-public/v1/shops,2026-08-17
rakuten,北陸,石川県,ジョーシン 白山イオンモール店,924-8777 石川県白山市横江町5001番地 イオンモール白山 2F,https://network.mobile.rakuten.co.jp/shop-detail/8310/,8310,2022-04-27,36.543334,136.5808723,https://network.mobile.rakuten.co.jp/shopmaster-public/v1/shops,2026-08-17
rakuten,北陸,石川県,テックランド金沢大桑店,921-8045 石川県金沢市大桑3丁目141番地,https://network.mobile.rakuten.co.jp/shop-detail/8839/,8839,2025-10-11,36.53409079,136.6779997,https://network.mobile.rakuten.co.jp/shopmaster-public/v1/shops,2026-08-17
rakuten,北陸,石川県,テックランド金沢本店,920-8202 石川県金沢市西都1-40,https://network.mobile.rakuten.co.jp/shop-detail/8816/,8816,2025-10-04,36.5923151,136.6292919,https://network.mobile.rakuten.co.jp/shopmaster-public/v1/shops,2026-08-17
rakuten,北陸,石川県,楽天モバイル アビオシティ加賀店,922-0423 石川県加賀市作見町25-1 アビオシティ加賀 1F,https://network.mobile.rakuten.co.jp/shop-detail/8694/,8694,2025-08-28,36.31985949463557,136.3523454133063,https://network.mobile.rakuten.co.jp/shopmaster-public/v1/shops,2026-08-17
rakuten,北陸,石川県,楽天モバイル アピタ金沢店,921-8022 石川県金沢市中村町10-20 アピタ金沢 1F,https://network.mobile.rakuten.co.jp/shop-detail/1425/,1425,2026-02-16,36.5595247,136.6427365,https://network.mobile.rakuten.co.jp/shopmaster-public/v1/shops,2026-08-17
rakuten,北陸,石川県,楽天モバイル イオンタウン金沢示野店,920-0069 石川県金沢市戸板西1丁目-55 イオンタウン金沢示野,https://network.mobile.rakuten.co.jp/shop-detail/8939/,8939,2025-10-31,36.58103864251372,136.61680912546794,https://network.mobile.rakuten.co.jp/shopmaster-public/v1/shops,2026-08-17
rakuten,北陸,石川県,楽天モバイル イオンモールかほく店,929-1198 石川県かほく市内日角タ25 イオンモールかほく 140区画,https://network.mobile.rakuten.co.jp/shop-detail/8684/,8684,2025-08-29,36.70903292083665,136.70153435771664,https://network.mobile.rakuten.co.jp/shopmaster-public/v1/shops,2026-08-17
rakuten,北陸,石川県,楽天モバイル イオンモール白山店,924-8777 石川県白山市横江町5001番地 イオンモール3F,https://network.mobile.rakuten.co.jp/shop-detail/8449/,8449,2022-11-01,36.54366,136.58137,https://network.mobile.rakuten.co.jp/shopmaster-public/v1/shops,2026-08-17
rakuten,北陸,石川県,楽天モバイル イオン金沢店,920-3126 石川県金沢市福久2丁目58 イオン金沢 1F,https://network.mobile.rakuten.co.jp/shop-detail/8693/,8693,2025-08-29,36.61697278,136.6814465,https://network.mobile.rakuten.co.jp/shopmaster-public/v1/shops,2026-08-17
rakuten,北陸,石川県,楽天モバイル 七尾ナッピィモール店,926-0028 石川県七尾市藤野町口部38番 七尾ナッピィモール,https://network.mobile.rakuten.co.jp/shop-detail/8670/,8670,2025-08-22,37.0300096,136.9683491,https://network.mobile.rakuten.co.jp/shopmaster-public/v1/shops,2026-08-17
rakuten,北陸,石川県,楽天モバイル 小松 イオンモール新小松店,923-8565 石川県小松市清六町315番地 イオンモール新小松3F,https://network.mobile.rakuten.co.jp/shop-detail/2051/,2051,2017-03-24,36.395029,136.467175,https://network.mobile.rakuten.co.jp/shopmaster-public/v1/shops,2026-08-17
rakuten,関東,千葉県,T&T MOBILE 新松戸,270-0034 千葉県松戸市新松戸2丁目109 さくらビル B1,https://network.mobile.rakuten.co.jp/shop-detail/8603/,8603,2025-08-01,35.82540985346248,139.92071892464622,https://network.mobile.rakuten.co.jp/shopmaster-public/v1/shops,2026-08-17
rakuten,関東,千葉県,Tecc LIFE SELECT 木更津請西本店,292-0807 千葉県木更津市請西南2丁目27-1,https://network.mobile.rakuten.co.jp/shop-detail/7809/,7809,2021-10-01,35.3615638,139.9451593,https://network.mobile.rakuten.co.jp/shopmaster-public/v1/shops,2026-08-17
rakuten,関東,千葉県,ケーズデンキ オーツーパーク稲毛店,263-0051 千葉県千葉市稲毛区園生町380-1,https://network.mobile.rakuten.co.jp/shop-detail/3371/,3371,2018-05-25,35.651626,140.119269,https://network.mobile.rakuten.co.jp/shopmaster-public/v1/shops,2026-08-17
rakuten,関東,千葉県,ケーズデンキ おゆみ野店,266-0032 千葉県千葉市緑区おゆみ野中央9丁目19,https://network.mobile.rakuten.co.jp/shop-detail/8873/,8873,2025-10-17,35.54228459906539,140.1875117121841,https://network.mobile.rakuten.co.jp/shopmaster-public/v1/shops,2026-08-17
rakuten,関東,千葉県,ケーズデンキ 君津店,299-1151 千葉県君津市中野4丁目11-7,https://network.mobile.rakuten.co.jp/shop-detail/8956/,8956,2025-10-31,35.33431325017327,139.8907460965905,https://network.mobile.rakuten.co.jp/shopmaster-public/v1/shops,2026-08-17
rakuten,関東,千葉県,ケーズデンキ 市原五井店,290-0050 千葉県市原市更級4丁目1-1 アクロスプラザ市原更級 1F,https://network.mobile.rakuten.co.jp/shop-detail/8464/,8464,2022-12-05,35.50829313,140.0996409,https://network.mobile.rakuten.co.jp/shopmaster-public/v1/shops,2026-08-17
rakuten,関東,千葉県,ケーズデンキ 千葉ニュータウン店,270-1334 千葉県印西市西の原3丁目2-1,https://network.mobile.rakuten.co.jp/shop-detail/2141/,2141,2017-04-13,35.804568,140.154046,https://network.mobile.rakuten.co.jp/shopmaster-public/v1/shops,2026-08-17
rakuten,関東,千葉県,ケーズデンキ 東京ベイサイド新浦安店,279-0013 千葉県浦安市日の出4丁目1-8,https://network.mobile.rakuten.co.jp/shop-detail/1261/,1261,2016-03-10,35.643928,139.924805,https://network.mobile.rakuten.co.jp/shopmaster-public/v1/shops,2026-08-17
rakuten,関東,千葉県,ケーズデンキ 茂原店,297-0029 千葉県茂原市高師1735,https://network.mobile.rakuten.co.jp/shop-detail/1504/,1504,2026-06-11,35.4350814,140.2874572,https://network.mobile.rakuten.co.jp/shopmaster-public/v1/shops,2026-08-17
rakuten,関東,千葉県,コジマ×ビックカメラ COTOE流山おおたかの森店,270-0128 千葉県流山市おおたかの森西1丁目15-3,https://network.mobile.rakuten.co.jp/shop-detail/8322/,8322,2022-04-27,35.87163508064262,139.92152293815698,https://network.mobile.rakuten.co.jp/shopmaster-public/v1/shops,2026-08-17
rakuten,関東,千葉県,コジマ×ビックカメラ 柏店,277-0837 千葉県柏市大山台1丁目10,https://network.mobile.rakuten.co.jp/shop-detail/3601/,3601,2018-06-19,35.880472,139.967157,https://network.mobile.rakuten.co.jp/shopmaster-public/v1/shops,2026-08-17
rakuten,関東,千葉県,ジョーシン 市川大野店,272-0805 千葉県市川市大野町1丁目19-1,https://network.mobile.rakuten.co.jp/shop-detail/3081/,3081,2018-03-28,35.747349,139.941315,https://network.mobile.rakuten.co.jp/shopmaster-public/v1/shops,2026-08-17
rakuten,関東,千葉県,ジョーシン 松戸店,270-0023 千葉県松戸市八ケ崎8丁目35-17,https://network.mobile.rakuten.co.jp/shop-detail/4121/,4121,2018-08-23,35.816861,139.926537,https://network.mobile.rakuten.co.jp/shopmaster-public/v1/shops,2026-08-17
rakuten,関東,千葉県,ジョーシン 船橋イオンモール店,273-0045 千葉県船橋市山手1丁目1-8 イオンモール船橋2F,https://network.mobile.rakuten.co.jp/shop-detail/3831/,3831,2018-07-06,35.712779,139.977953,https://network.mobile.rakuten.co.jp/shopmaster-public/v1/shops,2026-08-17
rakuten,関東,千葉県,テックランド ロハル津田沼駅前店,275-0026 千葉県習志野市谷津7丁目7-1 ロハル津田沼 2F,https://network.mobile.rakuten.co.jp/shop-detail/8545/,8545,2025-04-11,35.69050230649832,140.0180219475716,https://network.mobile.rakuten.co.jp/shopmaster-public/v1/shops,2026-08-17
rakuten,関東,千葉県,テックランド松戸本店,271-0092 千葉県松戸市松戸2289-3,https://network.mobile.rakuten.co.jp/shop-detail/8817/,8817,2025-10-04,35.7793397,139.9092229,https://network.mobile.rakuten.co.jp/shopmaster-public/v1/shops,2026-08-17
rakuten,関東,千葉県,テックランド千葉本店,264-0023 千葉県千葉市若葉区貝塚町1087-1,https://network.mobile.rakuten.co.jp/shop-detail/8858/,8858,2025-10-25,35.6275504,140.1448169,https://network.mobile.rakuten.co.jp/shopmaster-public/v1/shops,2026-08-17
rakuten,関東,千葉県,テックランド船橋店,274-0071 千葉県船橋市習志野5丁目2-12,https://network.mobile.rakuten.co.jp/shop-detail/8850/,8850,2025-10-18,35.701088,140.059933,https://network.mobile.rakuten.co.jp/shopmaster-public/v1/shops,2026-08-17
rakuten,関東,千葉県,テックランド幕張店,262-0032 千葉県千葉市花見川区幕張町2丁目7701,https://network.mobile.rakuten.co.jp/shop-detail/7681/,7681,2020-09-08,35.659004,140.047152,https://network.mobile.rakuten.co.jp/shopmaster-public/v1/shops,2026-08-17
rakuten,関東,千葉県,ビックカメラ 千葉駅前店,260-0015 千葉県千葉市中央区富士見2丁目1-1 マインズ千葉1F,https://network.mobile.rakuten.co.jp/shop-detail/8448/,8448,2022-11-01,35.61178029,140.1154917,https://network.mobile.rakuten.co.jp/shopmaster-public/v1/shops,2026-08-17
rakuten,関東,千葉県,ビックカメラ 船橋FACE店,273-0005 千葉県船橋市本町1丁目3-1 船橋FACE　4F,https://network.mobile.rakuten.co.jp/shop-detail/8301/,8301,2022-04-01,35.70071292,139.985522,https://network.mobile.rakuten.co.jp/shopmaster-public/v1/shops,2026-08-17
rakuten,関東,千葉県,ビックカメラ 柏店,277-0005 千葉県柏市柏1丁目1-20 スカイプラザ柏3F,https://network.mobile.rakuten.co.jp/shop-detail/5781/,5781,2019-02-28,35.862634,139.972155,https://network.mobile.rakuten.co.jp/shopmaster-public/v1/shops,2026-08-17
rakuten,関東,千葉県,ヨドバシカメラ マルチメディア千葉,260-0028 千葉県千葉市中央区新町1001,https://network.mobile.rakuten.co.jp/shop-detail/7710/,7710,2020-11-18,35.61133579278314,140.11504016256904,https://network.mobile.rakuten.co.jp/shopmaster-public/v1/shops,2026-08-17
rakuten,関東,千葉県,楽天モバイル MONA新浦安店,279-0012 千葉県浦安市入船1丁目5-1 MONA新浦安 2F,https://network.mobile.rakuten.co.jp/shop-detail/8806/,8806,2025-10-30,35.64902402,139.9127521,https://network.mobile.rakuten.co.jp/shopmaster-public/v1/shops,2026-08-17
rakuten,関東,千葉県,楽天モバイル アクロスモール新鎌ヶ谷店,273-0107 千葉県鎌ケ谷市新鎌ケ谷2丁目12-1 アクロスモール新鎌ヶ谷 2F,https://network.mobile.rakuten.co.jp/shop-detail/1347/,1347,2019-09-13,35.7810870667982,140.001229623393,https://network.mobile.rakuten.co.jp/shopmaster-public/v1/shops,2026-08-17
rakuten,関東,千葉県,楽天モバイル あびこショッピングプラザ店,270-1166 千葉県我孫子市我孫子4丁目11-1 あびこショッピングプラザ3F,https://network.mobile.rakuten.co.jp/shop-detail/8499/,8499,2021-12-01,35.8769890794871,140.008980895612,https://network.mobile.rakuten.co.jp/shopmaster-public/v1/shops,2026-08-17
rakuten,関東,千葉県,楽天モバイル アリオ蘇我店,260-0835 千葉県千葉市中央区川崎町52-7 アリオ蘇我　1F,https://network.mobile.rakuten.co.jp/shop-detail/7909/,7909,2021-12-01,35.58828638,140.1224695,https://network.mobile.rakuten.co.jp/shopmaster-public/v1/shops,2026-08-17
rakuten,関東,千葉県,楽天モバイル イオンタウンユーカリが丘店,285-0850 千葉県佐倉市西ユーカリが丘6丁目12-3 イオンタウンユーカリが丘 3F,https://network.mobile.rakuten.co.jp/shop-detail/8901/,8901,2025-11-01,35.7277561566143,140.151760050465,https://network.mobile.rakuten.co.jp/shopmaster-public/v1/shops,2026-08-17
rakuten,関東,千葉県,楽天モバイル イオンタウン旭店,289-2511 千葉県旭市イ4337番地1 イオンタウン旭 2F,https://network.mobile.rakuten.co.jp/shop-detail/8612/,8612,2025-07-30,35.7176092,140.6681029,https://network.mobile.rakuten.co.jp/shopmaster-public/v1/shops,2026-08-17
rakuten,関東,千葉県,楽天モバイル イオンタウン稲毛長沼店,263-0005 千葉県千葉市稲毛区長沼町112-2 イオンタウン稲毛長沼,https://network.mobile.rakuten.co.jp/shop-detail/8940/,8940,2025-11-09,35.66376034,140.1166269,https://network.mobile.rakuten.co.jp/shopmaster-public/v1/shops,2026-08-17
rakuten,関東,千葉県,楽天モバイル イオンタウン館山店,294-0047 千葉県館山市八幡545-1 イオンタウン館山,https://network.mobile.rakuten.co.jp/shop-detail/8936/,8936,2025-11-15,35.00784608,139.8619585,https://network.mobile.rakuten.co.jp/shopmaster-public/v1/shops,2026-08-17
rakuten,関東,千葉県,楽天モバイル イオンモール成田店,286-0029 千葉県成田市ウイング土屋24 イオンモール成田 2F,https://network.mobile.rakuten.co.jp/shop-detail/1403/,1403,2019-04-19,35.79532,140.31915,https://network.mobile.rakuten.co.jp/shopmaster-public/v1/shops,2026-08-17
rakuten,関東,千葉県,楽天モバイル イオンモール千葉ニュータウン店,270-1350 千葉県印西市中央北3丁目2 イオンモール千葉ニュータウン2F,https://network.mobile.rakuten.co.jp/shop-detail/7768/,7768,2019-02-28,35.802176,140.112852,https://network.mobile.rakuten.co.jp/shopmaster-public/v1/shops,2026-08-17
rakuten,関東,千葉県,楽天モバイル イオンモール津田沼North店,275-0016 千葉県習志野市津田沼1丁目23-1 イオンモール津田沼North 3F,https://network.mobile.rakuten.co.jp/shop-detail/1477/,1477,2026-03-10,35.6904571753913,140.024842122373,https://network.mobile.rakuten.co.jp/shopmaster-public/v1/shops,2026-08-17
rakuten,関東,千葉県,楽天モバイル イオンモール八千代緑が丘店,276-0049 千葉県八千代市緑が丘2丁目1-3 イオンモール八千代緑が丘 4F,https://network.mobile.rakuten.co.jp/shop-detail/8469/,8469,2022-12-20,35.72831765,140.0736704,https://network.mobile.rakuten.co.jp/shopmaster-public/v1/shops,2026-08-17
rakuten,関東,千葉県,楽天モバイル イオンモール富津店,293-0012 千葉県富津市青木1丁目5-1 イオンモール富津 1F,https://network.mobile.rakuten.co.jp/shop-detail/8620/,8620,2025-07-28,35.33059989558094,139.84555515196882,https://network.mobile.rakuten.co.jp/shopmaster-public/v1/shops,2026-08-17
rakuten,関東,千葉県,楽天モバイル イオンモール幕張新都心店,261-8535 千葉県千葉市美浜区豊砂1-1 イオンモール幕張新都心GRANDMALL3F,https://network.mobile.rakuten.co.jp/shop-detail/6511/,6511,2019-06-14,35.653589,140.031958,https://network.mobile.rakuten.co.jp/shopmaster-public/v1/shops,2026-08-17
rakuten,関東,千葉県,楽天モバイル イオンモール木更津店,292-0835 千葉県木更津市築地1-4 イオンモール木更津 2F,https://network.mobile.rakuten.co.jp/shop-detail/1470/,1470,2018-02-08,35.36632310232168,139.9083587760568,https://network.mobile.rakuten.co.jp/shopmaster-public/v1/shops,2026-08-17
rakuten,関東,千葉県,楽天モバイル イオン鴨川店,296-0001 千葉県鴨川市横渚973-1 イオン鴨川店 3F,https://network.mobile.rakuten.co.jp/shop-detail/8686/,8686,2025-10-31,35.10882578,140.1030635,https://network.mobile.rakuten.co.jp/shopmaster-public/v1/shops,2026-08-17
rakuten,関東,千葉県,楽天モバイル イオン大網白里店,299-3236 千葉県大網白里市みやこ野1丁目1-2 イオン大網白里店,https://network.mobile.rakuten.co.jp/shop-detail/1164/,1164,2025-11-27,35.51940692,140.3148672,https://network.mobile.rakuten.co.jp/shopmaster-public/v1/shops,2026-08-17
rakuten,関東,千葉県,楽天モバイル イトーヨーカドー四街道店,284-0009 千葉県四街道市中央5 イトーヨーカドー 2F,https://network.mobile.rakuten.co.jp/shop-detail/8718/,8718,2025-10-02,35.66794039,140.1656035,https://network.mobile.rakuten.co.jp/shopmaster-public/v1/shops,2026-08-17
rakuten,関東,千葉県,楽天モバイル セブンパークアリオ柏店,277-0922 千葉県柏市大島田1丁目6-1,https://network.mobile.rakuten.co.jp/shop-detail/6531/,6531,2019-06-21,35.833481,140.013203,https://network.mobile.rakuten.co.jp/shopmaster-public/v1/shops,2026-08-17
rakuten,関東,千葉県,楽天モバイル テラスモール松戸店,270-0023 千葉県松戸市八ヶ崎2丁目8-1,https://network.mobile.rakuten.co.jp/shop-detail/7331/,7331,2019-10-24,35.817480,139.934956,https://network.mobile.rakuten.co.jp/shopmaster-public/v1/shops,2026-08-17
rakuten,関東,千葉県,楽天モバイル ニッケコルトンプラザ市川店,272-0015 千葉県市川市鬼高1丁目1-1 ニッケコルトンプラザ センターモール　3F,https://network.mobile.rakuten.co.jp/shop-detail/7521/,7521,2020-03-19,35.716807,139.934455,https://network.mobile.rakuten.co.jp/shopmaster-public/v1/shops,2026-08-17
rakuten,関東,千葉県,楽天モバイル ネクスト船橋店,273-0005 千葉県船橋市本町1丁目5-1 ネクスト船橋 1F,https://network.mobile.rakuten.co.jp/shop-detail/8439/,8439,2022-10-01,35.70011,139.98555,https://network.mobile.rakuten.co.jp/shopmaster-public/v1/shops,2026-08-17
rakuten,関東,千葉県,楽天モバイル ベイシア佐倉店,285-0819 千葉県佐倉市寺崎北6丁目1-1 ベイシア内楽天モバイル,https://network.mobile.rakuten.co.jp/shop-detail/7391/,7391,2019-11-29,35.714457,140.217246,https://network.mobile.rakuten.co.jp/shopmaster-public/v1/shops,2026-08-17
rakuten,関東,千葉県,楽天モバイル モラージュ柏店,277-0837 千葉県柏市大山台2丁目3 モラージュ柏 1F,https://network.mobile.rakuten.co.jp/shop-detail/1484/,1484,2026-04-01,35.8825892269076,139.969114053667,https://network.mobile.rakuten.co.jp/shopmaster-public/v1/shops,2026-08-17
rakuten,関東,千葉県,楽天モバイル ユアエルム成田店,286-0048 千葉県成田市公津の杜4丁目5-3 ユアエルム成田店 1F,https://network.mobile.rakuten.co.jp/shop-detail/1060/,1060,2025-12-01,35.760080877310614,140.2964977730114,https://network.mobile.rakuten.co.jp/shopmaster-public/v1/shops,2026-08-17
rakuten,関東,千葉県,楽天モバイル ユニモちはら台店,290-0143 千葉県市原市ちはら台西3丁目4 ユニモちはら台 2F 2019区画,https://network.mobile.rakuten.co.jp/shop-detail/6951/,6951,2019-08-09,35.528233,140.171429,https://network.mobile.rakuten.co.jp/shopmaster-public/v1/shops,2026-08-17
rakuten,関東,千葉県,楽天モバイル ららぽーと柏の葉店,277-8518 千葉県柏市若柴175 ららぽーと柏の葉 3F,https://network.mobile.rakuten.co.jp/shop-detail/1416/,1416,2026-03-19,35.8937312,139.9510948,https://network.mobile.rakuten.co.jp/shopmaster-public/v1/shops,2026-08-17
rakuten,関東,千葉県,楽天モバイル 稲毛海岸駅前店,261-0004 千葉県千葉市美浜区高洲3丁目23-2 1F,https://network.mobile.rakuten.co.jp/shop-detail/1395/,1395,2026-01-30,35.6290556,140.0744586,https://network.mobile.rakuten.co.jp/shopmaster-public/v1/shops,2026-08-17
rakuten,関東,千葉県,楽天モバイル 稲毛店,263-0043 千葉県千葉市稲毛区小仲台6丁目1-1 P's FRONT稲毛1F,https://network.mobile.rakuten.co.jp/shop-detail/7371/,7371,2019-11-29,35.638396,140.093235,https://network.mobile.rakuten.co.jp/shopmaster-public/v1/shops,2026-08-17
rakuten,関東,千葉県,楽天モバイル 浦安店,279-0004 千葉県浦安市猫実4丁目18-27 Redondo・BuildII　1F101号室,https://network.mobile.rakuten.co.jp/shop-detail/7902/,7902,2021-11-30,35.66493064,139.8925701,https://network.mobile.rakuten.co.jp/shopmaster-public/v1/shops,2026-08-17
rakuten,関東,千葉県,楽天モバイル 松戸店,271-0091 千葉県松戸市本町1-2 第2宝星ビル,https://network.mobile.rakuten.co.jp/shop-detail/7843/,7843,2021-10-08,35.78367335,139.8995255,https://network.mobile.rakuten.co.jp/shopmaster-public/v1/shops,2026-08-17
rakuten,関東,千葉県,楽天モバイル 成田国際空港 第1ターミナル中央4階店,282-0011 千葉県成田市成田国際空港内第1旅客ターミナル 中央4階 C479号室,https://network.mobile.rakuten.co.jp/shop-detail/8468/,8468,2022-12-09,35.7636,140.3859,https://network.mobile.rakuten.co.jp/shopmaster-public/v1/shops,2026-08-17
rakuten,関東,千葉県,楽天モバイル 千葉C・one店,260-0015 千葉県千葉市中央区富士見2丁目25-1 千葉ショッピングセンター C･one 1F,https://network.mobile.rakuten.co.jp/shop-detail/8642/,8642,2025-09-01,35.61146689246865,140.11576660674572,https://network.mobile.rakuten.co.jp/shopmaster-public/v1/shops,2026-08-17
rakuten,関東,千葉県,楽天モバイル 北習志野店,274-0063 千葉県船橋市習志野台2丁目6-15,https://network.mobile.rakuten.co.jp/shop-detail/7944/,7944,2022-01-06,35.72238,140.0441,https://network.mobile.rakuten.co.jp/shopmaster-public/v1/shops,2026-08-17
rakuten,関東,千葉県,楽天モバイル 流山おおたかの森S・C店,270-0139 千葉県流山市おおたかの森南1丁目2-1 流山おおたかの森S・C FLAPS　5F,https://network.mobile.rakuten.co.jp/shop-detail/7757/,7757,2021-06-01,35.870951,139.924778,https://network.mobile.rakuten.co.jp/shopmaster-public/v1/shops,2026-08-17
rakuten,近畿,大阪府,OSAKA MOBILEなんば,556-0014 大阪府大阪市浪速区大国2丁目1-16 パインブルックマンション 103号室,https://network.mobile.rakuten.co.jp/shop-detail/8503/,8503,2024-03-01,34.655866753923185,135.4952466976007,https://network.mobile.rakuten.co.jp/shopmaster-public/v1/shops,2026-08-17
rakuten,近畿,大阪府,Tecc LIFE SELECT 茨木目垣店,567-0837 大阪府茨木市南目垣2丁目564 アークスクエア茨木内1F,https://network.mobile.rakuten.co.jp/shop-detail/8547/,8547,2025-05-23,34.801350944090125,135.59465079455666,https://network.mobile.rakuten.co.jp/shopmaster-public/v1/shops,2026-08-17
rakuten,近畿,大阪府,エディオン オアシスタウン吹田SST店,564-0002 大阪府吹田市岸部中5丁目1-1 オアシスタウン吹田SST店 2F,https://network.mobile.rakuten.co.jp/shop-detail/8318/,8318,2022-04-15,34.7834144,135.5376794,https://network.mobile.rakuten.co.jp/shopmaster-public/v1/shops,2026-08-17
rakuten,近畿,大阪府,エディオン トナリエ南千里アネックス店,565-0851 大阪府吹田市千里山西6丁目56-1 トナリエ南千里アネックス店3F,https://network.mobile.rakuten.co.jp/shop-detail/7865/,7865,2021-11-26,34.78608643,135.5056439,https://network.mobile.rakuten.co.jp/shopmaster-public/v1/shops,2026-08-17
rakuten,近畿,大阪府,エディオン なかもず店,591-8025 大阪府堺市北区長曾根町3081-17,https://network.mobile.rakuten.co.jp/shop-detail/8618/,8618,2025-08-01,34.55813682,135.509193,https://network.mobile.rakuten.co.jp/shopmaster-public/v1/shops,2026-08-17
rakuten,近畿,大阪府,エディオン なんば本店,542-0076 大阪府大阪市中央区難波3丁目2-18,https://network.mobile.rakuten.co.jp/shop-detail/6491/,6491,2019-06-07,34.665336,135.501670,https://network.mobile.rakuten.co.jp/shopmaster-public/v1/shops,2026-08-17
rakuten,近畿,大阪府,エディオン ホームズ寝屋川店,572-0028 大阪府寝屋川市日新町3-15 ホームズ寝屋川店2F,https://network.mobile.rakuten.co.jp/shop-detail/7920/,7920,2021-12-10,34.78158721,135.621705,https://network.mobile.rakuten.co.jp/shopmaster-public/v1/shops,2026-08-17
rakuten,近畿,大阪府,エディオン もりのみや店,540-0003 大阪府大阪市中央区森ノ宮2丁目1-30 セントラルスクエア森ノ宮店2F,https://network.mobile.rakuten.co.jp/shop-detail/4891/,4891,2018-10-19,34.680025,135.530341,https://network.mobile.rakuten.co.jp/shopmaster-public/v1/shops,2026-08-17
rakuten,近畿,大阪府,エディオン ららぽーとEXPOCITY店,565-0826 大阪府吹田市千里万博公園2-1 ららぽーとEXPOCITY3F,https://network.mobile.rakuten.co.jp/shop-detail/5191/,5191,2018-11-16,34.806302,135.535888,https://network.mobile.rakuten.co.jp/shopmaster-public/v1/shops,2026-08-17
rakuten,近畿,大阪府,エディオン ららぽーと和泉店,594-1157 大阪府和泉市あゆみ野4丁目4-7 ららぽーと和泉 3F,https://network.mobile.rakuten.co.jp/shop-detail/8664/,8664,2025-09-01,34.43591657243939,135.4479136879458,https://network.mobile.rakuten.co.jp/shopmaster-public/v1/shops,2026-08-17
rakuten,近畿,大阪府,エディオン 河内長野店,586-0038 大阪府河内長野市上原西町34-16,https://network.mobile.rakuten.co.jp/shop-detail/8641/,8641,2025-08-22,34.44617583,135.551655,https://network.mobile.rakuten.co.jp/shopmaster-public/v1/shops,2026-08-17
rakuten,近畿,大阪府,エディオン 岸和田店,596-0076 大阪府岸和田市野田町1丁目15-45,https://network.mobile.rakuten.co.jp/shop-detail/7747/,7747,2021-04-09,34.45844859,135.3765319,https://network.mobile.rakuten.co.jp/shopmaster-public/v1/shops,2026-08-17
rakuten,近畿,大阪府,エディオン 京橋店,536-0016 大阪府大阪市城東区蒲生1丁目9-10,https://network.mobile.rakuten.co.jp/shop-detail/5261/,5261,2018-11-30,34.699085,135.536936,https://network.mobile.rakuten.co.jp/shopmaster-public/v1/shops,2026-08-17
rakuten,近畿,大阪府,エディオン 高槻宮田店,569-1142 大阪府高槻市宮田町1丁目2-1,https://network.mobile.rakuten.co.jp/shop-detail/4071/,4071,2018-08-10,34.8384884,135.586123,https://network.mobile.rakuten.co.jp/shopmaster-public/v1/shops,2026-08-17
rakuten,近畿,大阪府,エディオン 堺石津店,590-0823 大阪府堺市堺区石津北町90-1,https://network.mobile.rakuten.co.jp/shop-detail/8995/,8995,2025-11-21,34.556292,135.4672448,https://network.mobile.rakuten.co.jp/shopmaster-public/v1/shops,2026-08-17
rakuten,近畿,大阪府,エディオン 泉大津店,595-0004 大阪府泉大津市千原町1丁目88-1,https://network.mobile.rakuten.co.jp/shop-detail/5301/,5301,2018-12-07,34.509545,135.433949,https://network.mobile.rakuten.co.jp/shopmaster-public/v1/shops,2026-08-17
rakuten,近畿,大阪府,エディオン 中環東大阪店,577-0003 大阪府東大阪市稲田三島町3-88,https://network.mobile.rakuten.co.jp/shop-detail/0771/,0771,2015-11-24,34.6949038,135.590763,https://network.mobile.rakuten.co.jp/shopmaster-public/v1/shops,2026-08-17
rakuten,近畿,大阪府,エディオン 東淡路店,533-0023 大阪府大阪市東淀川区淡路5丁目8-20,https://network.mobile.rakuten.co.jp/shop-detail/5341/,5341,2018-12-21,34.737033,135.521367,https://network.mobile.rakuten.co.jp/shopmaster-public/v1/shops,2026-08-17
rakuten,近畿,大阪府,エディオン 八尾南店,581-0036 大阪府八尾市沼4丁目80-1,https://network.mobile.rakuten.co.jp/shop-detail/4491/,4491,2018-09-14,34.588792,135.606070,https://network.mobile.rakuten.co.jp/shopmaster-public/v1/shops,2026-08-17
rakuten,近畿,大阪府,エディオン 豊中店,561-0821 大阪府豊中市日出町2丁目2-18,https://network.mobile.rakuten.co.jp/shop-detail/3461/,3461,2018-06-07,34.7414094,135.479187,https://network.mobile.rakuten.co.jp/shopmaster-public/v1/shops,2026-08-17
rakuten,近畿,大阪府,ケーズデンキ アリオ鳳店,593-8325 大阪府堺市西区鳳南町3丁199-12 アリオ鳳 2F,https://network.mobile.rakuten.co.jp/shop-detail/1473/,1473,2026-03-06,34.5247215,135.4592916,https://network.mobile.rakuten.co.jp/shopmaster-public/v1/shops,2026-08-17
rakuten,近畿,大阪府,ケーズデンキ カナートモール和泉府中店,595-0021 大阪府泉大津市東豊中町1丁目5-10,https://network.mobile.rakuten.co.jp/shop-detail/6201/,6201,2019-04-25,34.49164443566033,135.42370621331898,https://network.mobile.rakuten.co.jp/shopmaster-public/v1/shops,2026-08-17
rakuten,近畿,大阪府,ケーズデンキ クロスモール富田林店,584-0058 大阪府富田林市大字彼方989,https://network.mobile.rakuten.co.jp/shop-detail/5701/,5701,2019-02-28,34.488323,135.599821,https://network.mobile.rakuten.co.jp/shopmaster-public/v1/shops,2026-08-17
rakuten,近畿,大阪府,ケーズデンキ 高槻店,569-0065 大阪府高槻市城西町6-28,https://network.mobile.rakuten.co.jp/shop-detail/3271/,3271,2018-04-13,34.841698,135.6162,https://network.mobile.rakuten.co.jp/shopmaster-public/v1/shops,2026-08-17
rakuten,近畿,大阪府,ケーズデンキ 西成店,557-0025 大阪府大阪市西成区長橋2丁目5-34,https://network.mobile.rakuten.co.jp/shop-detail/1474/,1474,2026-03-06,34.64939211998647,135.49075349656795,https://network.mobile.rakuten.co.jp/shopmaster-public/v1/shops,2026-08-17
rakuten,近畿,大阪府,ケーズデンキ 東住吉中野店,546-0012 大阪府大阪市東住吉区中野1丁目15-9,https://network.mobile.rakuten.co.jp/shop-detail/8352/,8352,2022-06-03,34.62297164,135.5380185,https://network.mobile.rakuten.co.jp/shopmaster-public/v1/shops,2026-08-17
rakuten,近畿,大阪府,コジマ×ビックカメラ 大東店,574-0044 大阪府大東市諸福5丁目13-25,https://network.mobile.rakuten.co.jp/shop-detail/1094/,1094,2025-12-12,34.70524264047305,135.5993814534349,https://network.mobile.rakuten.co.jp/shopmaster-public/v1/shops,2026-08-17
rakuten,近畿,大阪府,コジマ×ビックカメラ 箕面店,562-0045 大阪府箕面市瀬川5丁目1-1 阪急オアシス箕面店 2F,https://network.mobile.rakuten.co.jp/shop-detail/1093/,1093,2025-12-11,34.81096868947589,135.45263284232723,https://network.mobile.rakuten.co.jp/shopmaster-public/v1/shops,2026-08-17
rakuten,近畿,大阪府,ジョーシン セブンパーク天美店,580-0032 大阪府松原市天美東3丁目500 セブンパーク天美 3F,https://network.mobile.rakuten.co.jp/shop-detail/8311/,8311,2022-04-27,34.590587,135.54329,https://network.mobile.rakuten.co.jp/shopmaster-public/v1/shops,2026-08-17
rakuten,近畿,大阪府,ジョーシン 茨木店,567-0037 大阪府茨木市上穂東町3-23,https://network.mobile.rakuten.co.jp/shop-detail/8555/,8555,2025-06-26,34.82183981,135.5608062,https://network.mobile.rakuten.co.jp/shopmaster-public/v1/shops,2026-08-17
rakuten,近畿,大阪府,ジョーシン 外環柏原店,582-0001 大阪府柏原市本郷5丁目969,https://network.mobile.rakuten.co.jp/shop-detail/4081/,4081,2018-08-10,34.591495,135.610303,https://network.mobile.rakuten.co.jp/shopmaster-public/v1/shops,2026-08-17
rakuten,近畿,大阪府,ジョーシン 外環八尾店,581-0853 大阪府八尾市楽音寺1丁目93,https://network.mobile.rakuten.co.jp/shop-detail/2341/,2341,2017-05-26,34.642580,135.635400,https://network.mobile.rakuten.co.jp/shopmaster-public/v1/shops,2026-08-17
rakuten,近畿,大阪府,ジョーシン 岸和田店,596-0826 大阪府岸和田市作才町1丁目3-12,https://network.mobile.rakuten.co.jp/shop-detail/7733/,7733,2021-01-30,34.454191996845786,135.38456754028866,https://network.mobile.rakuten.co.jp/shopmaster-public/v1/shops,2026-08-17
rakuten,近畿,大阪府,ジョーシン 香里園アル・プラザ店,572-0028 大阪府寝屋川市日新町5-5 アル・プラザ香里園 3F,https://network.mobile.rakuten.co.jp/shop-detail/8551/,8551,2025-06-26,34.78316008,135.6235645,https://network.mobile.rakuten.co.jp/shopmaster-public/v1/shops,2026-08-17
rakuten,近畿,大阪府,ジョーシン 高石店,592-0012 大阪府高石市西取石3丁目17-15,https://network.mobile.rakuten.co.jp/shop-detail/8206/,8206,2022-03-04,34.520602,135.446631,https://network.mobile.rakuten.co.jp/shopmaster-public/v1/shops,2026-08-17
rakuten,近畿,大阪府,ジョーシン 高槻店,569-1144 大阪府高槻市大畑町24-10,https://network.mobile.rakuten.co.jp/shop-detail/6551/,6551,2019-06-20,34.841312,135.591751,https://network.mobile.rakuten.co.jp/shopmaster-public/v1/shops,2026-08-17
rakuten,近畿,大阪府,ジョーシン 堺中央環状店,591-8025 大阪府堺市北区長曽根町1919-1,https://network.mobile.rakuten.co.jp/shop-detail/8316/,8316,2022-04-26,34.56621677,135.5031842,https://network.mobile.rakuten.co.jp/shopmaster-public/v1/shops,2026-08-17
rakuten,近畿,大阪府,ジョーシン 四條畷イオンモール店,575-0001 大阪府四條畷市砂4丁目3-2 イオンモール内,https://network.mobile.rakuten.co.jp/shop-detail/0511/,0511,2015-10-23,34.746131,135.629484,https://network.mobile.rakuten.co.jp/shopmaster-public/v1/shops,2026-08-17
rakuten,近畿,大阪府,ジョーシン 住吉店,558-0042 大阪府大阪市住吉区殿辻1丁目8-21,https://network.mobile.rakuten.co.jp/shop-detail/8552/,8552,2025-06-19,34.6065392,135.4991866,https://network.mobile.rakuten.co.jp/shopmaster-public/v1/shops,2026-08-17
rakuten,近畿,大阪府,ジョーシン 新大阪店,532-0004 大阪府大阪市淀川区西宮原2丁目2-17 新大阪センイシティー3号館2F,https://network.mobile.rakuten.co.jp/shop-detail/3881/,3881,2018-07-13,34.734434,135.492931,https://network.mobile.rakuten.co.jp/shopmaster-public/v1/shops,2026-08-17
rakuten,近畿,大阪府,ジョーシン 吹田上新庄店,564-0034 大阪府吹田市西御旅町6-5,https://network.mobile.rakuten.co.jp/shop-detail/8554/,8554,2025-06-25,34.74901724,135.5275111,https://network.mobile.rakuten.co.jp/shopmaster-public/v1/shops,2026-08-17
rakuten,近畿,大阪府,ジョーシン 泉南イオンモール店,590-0535 大阪府泉南市りんくう南浜3-12 イオンモールりんくう泉南 1F,https://network.mobile.rakuten.co.jp/shop-detail/1181/,1181,2016-02-24,34.37959036979582,135.26647512713734,https://network.mobile.rakuten.co.jp/shopmaster-public/v1/shops,2026-08-17
rakuten,近畿,大阪府,ジョーシン 大日イオンモール店,570-0016 大阪府守口市大日東町1-18 イオンモール大日シネマ側 2F,https://network.mobile.rakuten.co.jp/shop-detail/0501/,0501,2015-10-16,34.751054,135.581599,https://network.mobile.rakuten.co.jp/shopmaster-public/v1/shops,2026-08-17
rakuten,近畿,大阪府,ジョーシン 東香里店,573-0073 大阪府枚方市高田1丁目20-50,https://network.mobile.rakuten.co.jp/shop-detail/3901/,3901,2018-07-13,34.776382,135.658737,https://network.mobile.rakuten.co.jp/shopmaster-public/v1/shops,2026-08-17
rakuten,近畿,大阪府,ジョーシン 東大阪店,578-0944 大阪府東大阪市若江西新町3丁目1-7,https://network.mobile.rakuten.co.jp/shop-detail/3891/,3891,2018-07-13,34.655586,135.597580,https://network.mobile.rakuten.co.jp/shopmaster-public/v1/shops,2026-08-17
rakuten,近畿,大阪府,ジョーシン 日根野イオンモール店,598-0021 大阪府泉佐野市日根野2496-1 イオンモール日根野別棟,https://network.mobile.rakuten.co.jp/shop-detail/8885/,8885,2025-11-20,34.39249,135.33421,https://network.mobile.rakuten.co.jp/shopmaster-public/v1/shops,2026-08-17
rakuten,近畿,大阪府,ジョーシン 日本橋店,556-0005 大阪府大阪市浪速区日本橋5丁目9-5 ジョーシン日本橋3F,https://network.mobile.rakuten.co.jp/shop-detail/0571/,0571,2015-11-24,34.658341,135.506291,https://network.mobile.rakuten.co.jp/shopmaster-public/v1/shops,2026-08-17
rakuten,近畿,大阪府,ジョーシン 富田林店,584-0025 大阪府富田林市若松町西1丁目1816-1,https://network.mobile.rakuten.co.jp/shop-detail/3091/,3091,2018-03-28,34.506668,135.599762,https://network.mobile.rakuten.co.jp/shopmaster-public/v1/shops,2026-08-17
rakuten,近畿,大阪府,ジョーシン 平野うりわり店,547-0024 大阪府大阪市平野区瓜破4丁目2-8,https://network.mobile.rakuten.co.jp/shop-detail/3391/,3391,2018-05-30,34.603256,135.550934,https://network.mobile.rakuten.co.jp/shopmaster-public/v1/shops,2026-08-17
rakuten,近畿,大阪府,ジョーシン 平野加美店,547-0001 大阪府大阪市平野区加美北5丁目6-40 ホームセンターコーナン 2F,https://network.mobile.rakuten.co.jp/shop-detail/8306/,8306,2022-04-22,34.63859738,135.5629655,https://network.mobile.rakuten.co.jp/shopmaster-public/v1/shops,2026-08-17
rakuten,近畿,大阪府,ジョーシン 豊中インター店,561-0857 大阪府豊中市服部寿町5丁目130-3,https://network.mobile.rakuten.co.jp/shop-detail/4531/,4531,2018-09-27,34.758201,135.463185,https://network.mobile.rakuten.co.jp/shopmaster-public/v1/shops,2026-08-17
rakuten,近畿,大阪府,ジョーシン 鳳店,593-8328 大阪府堺市西区鳳北町9丁510,https://network.mobile.rakuten.co.jp/shop-detail/8307/,8307,2022-04-22,34.54404405,135.462992,https://network.mobile.rakuten.co.jp/shopmaster-public/v1/shops,2026-08-17
rakuten,近畿,大阪府,ジョーシン 和泉中央店,594-0041 大阪府和泉市いぶき野3丁目15-7,https://network.mobile.rakuten.co.jp/shop-detail/3741/,3741,2018-06-29,34.462917,135.457087,https://network.mobile.rakuten.co.jp/shopmaster-public/v1/shops,2026-08-17
rakuten,近畿,大阪府,テックランド ららぽーと堺店,587-0002 大阪府堺市美原区黒山22-1 3F,https://network.mobile.rakuten.co.jp/shop-detail/8457/,8457,2022-11-04,34.54067,135.56056,https://network.mobile.rakuten.co.jp/shopmaster-public/v1/shops,2026-08-17
rakuten,近畿,大阪府,テックランドそよら東岸和田店,596-0825 大阪府岸和田市土生町2丁目32-50 そよら東岸和田内,https://network.mobile.rakuten.co.jp/shop-detail/8948/,8948,2025-11-01,34.44668927,135.3812739,https://network.mobile.rakuten.co.jp/shopmaster-public/v1/shops,2026-08-17
rakuten,近畿,大阪府,テックランド羽曳野店,583-0861 大阪府羽曳野市西浦2丁目1842,https://network.mobile.rakuten.co.jp/shop-detail/8125/,8125,2022-01-21,34.54331374829741,135.605741011663,https://network.mobile.rakuten.co.jp/shopmaster-public/v1/shops,2026-08-17
rakuten,近畿,大阪府,ビックカメラ あべのキューズモール店,545-0052 大阪府大阪市阿倍野区阿倍野筋1丁目6-1 あべのキューズモール内3F,https://network.mobile.rakuten.co.jp/shop-detail/6181/,6181,2019-04-05,34.644047,135.511585,https://network.mobile.rakuten.co.jp/shopmaster-public/v1/shops,2026-08-17
rakuten,近畿,大阪府,ビックカメラ なんば店,542-0074 大阪府大阪市中央区千日前2丁目10-1,https://network.mobile.rakuten.co.jp/shop-detail/6001/,6001,2019-03-19,34.666793,135.502613,https://network.mobile.rakuten.co.jp/shopmaster-public/v1/shops,2026-08-17
rakuten,近畿,大阪府,みんなのモバイル 大阪店,540-0012 大阪府大阪市中央区谷町5丁目6-12 新野村ビル 1F,https://network.mobile.rakuten.co.jp/shop-detail/8525/,8525,2025-01-17,34.67723777459203,135.5167907236077,https://network.mobile.rakuten.co.jp/shopmaster-public/v1/shops,2026-08-17
rakuten,近畿,大阪府,ヤマダデンキ LABI LIFE SELECT 千里,560-0082 大阪府豊中市新千里東町1丁目2-20,https://network.mobile.rakuten.co.jp/shop-detail/6661/,6661,2019-06-21,34.812250,135.494487,https://network.mobile.rakuten.co.jp/shopmaster-public/v1/shops,2026-08-17
rakuten,近畿,大阪府,ヤマダデンキ LABI1 LIFE SELECT なんば,556-0011 大阪府大阪市浪速区難波中2丁目11-35,https://network.mobile.rakuten.co.jp/shop-detail/6651/,6651,2019-06-24,34.659944,135.501222,https://network.mobile.rakuten.co.jp/shopmaster-public/v1/shops,2026-08-17
rakuten,近畿,大阪府,ヨドバシカメラ マルチメディア梅田,530-0011 大阪府大阪市北区深町1-1,https://network.mobile.rakuten.co.jp/shop-detail/7601/,7601,2020-08-20,34.7041862,135.4963787,https://network.mobile.rakuten.co.jp/shopmaster-public/v1/shops,2026-08-17
rakuten,近畿,大阪府,楽天モバイル アリオ八尾店,581-0803 大阪府八尾市光町2丁目3 3F,https://network.mobile.rakuten.co.jp/shop-detail/5941/,5941,2019-03-21,34.632487,135.605722,https://network.mobile.rakuten.co.jp/shopmaster-public/v1/shops,2026-08-17
rakuten,近畿,大阪府,楽天モバイル アリオ鳳店,593-8325 大阪府堺市西区鳳南町3丁目199-12 アリオ鳳　3F319区画,https://network.mobile.rakuten.co.jp/shop-detail/7922/,7922,2021-12-03,34.52497782,135.4593131,https://network.mobile.rakuten.co.jp/shopmaster-public/v1/shops,2026-08-17
rakuten,近畿,大阪府,楽天モバイル イオンモールりんくう泉南店,590-0535 大阪府泉南市りんくう南浜3-12 イオンモールりんくう泉南1F,https://network.mobile.rakuten.co.jp/shop-detail/8293/,8293,2022-04-08,34.38057,135.26744,https://network.mobile.rakuten.co.jp/shopmaster-public/v1/shops,2026-08-17
rakuten,近畿,大阪府,楽天モバイル イオンモール茨木店,567-0033 大阪府茨木市松ケ本町8-30 イオンモール茨木3F38区画,https://network.mobile.rakuten.co.jp/shop-detail/5551/,5551,2019-02-25,34.810177,135.558077,https://network.mobile.rakuten.co.jp/shopmaster-public/v1/shops,2026-08-17
rakuten,近畿,大阪府,楽天モバイル イオンモール堺鉄砲町店,590-0905 大阪府堺市堺区鉄砲町1 2F,https://network.mobile.rakuten.co.jp/shop-detail/5751/,5751,2019-03-14,34.594051,135.481201,https://network.mobile.rakuten.co.jp/shopmaster-public/v1/shops,2026-08-17
rakuten,近畿,大阪府,楽天モバイル イオンモール堺北花田店,591-8008 大阪府堺市北区東浅香山町4丁1-12 イオンモール堺北花田2F,https://network.mobile.rakuten.co.jp/shop-detail/8133/,8133,2022-02-10,34.58375,135.51585,https://network.mobile.rakuten.co.jp/shopmaster-public/v1/shops,2026-08-17
rakuten,近畿,大阪府,楽天モバイル イオンモール四條畷店,575-0001 大阪府四條畷市砂4丁目3-2 イオンモール四條畷 3F,https://network.mobile.rakuten.co.jp/shop-detail/8530/,8530,2025-03-14,34.74579799,135.6280502,https://network.mobile.rakuten.co.jp/shopmaster-public/v1/shops,2026-08-17
rakuten,近畿,大阪府,楽天モバイル イオンモール大阪ドームシティ店,550-0023 大阪府大阪市西区千代崎3丁目13-1 -4F,https://network.mobile.rakuten.co.jp/shop-detail/6541/,6541,2019-06-21,34.670469,135.477918,https://network.mobile.rakuten.co.jp/shopmaster-public/v1/shops,2026-08-17
rakuten,近畿,大阪府,楽天モバイル イオンモール大日店,570-0016 大阪府守口市大日東町1-18 イオンモール大日2F,https://network.mobile.rakuten.co.jp/shop-detail/7798/,7798,2021-07-22,34.74967657,135.5803862,https://network.mobile.rakuten.co.jp/shopmaster-public/v1/shops,2026-08-17
rakuten,近畿,大阪府,楽天モバイル イオンモール鶴見緑地,538-0053 大阪府大阪市鶴見区鶴見4丁目17-1 イオンモール鶴見緑地3F,https://network.mobile.rakuten.co.jp/shop-detail/6591/,6591,2019-06-28,34.703586,135.566545,https://network.mobile.rakuten.co.jp/shopmaster-public/v1/shops,2026-08-17
rakuten,近畿,大阪府,楽天モバイル イオン吹田店,564-0027 大阪府吹田市朝日町2-101 イオン吹田 1F,https://network.mobile.rakuten.co.jp/shop-detail/1404/,1404,2026-02-27,34.763372977095635,135.52474967388255,https://network.mobile.rakuten.co.jp/shopmaster-public/v1/shops,2026-08-17
rakuten,近畿,大阪府,楽天モバイル イオン藤井寺SC店,583-0027 大阪府藤井寺市岡2丁目10-11 イオン藤井寺ショッピングセンター1F,https://network.mobile.rakuten.co.jp/shop-detail/7912/,7912,2021-11-26,34.57422983,135.5931998,https://network.mobile.rakuten.co.jp/shopmaster-public/v1/shops,2026-08-17
rakuten,近畿,大阪府,楽天モバイル いこらも～る泉佐野店,598-0062 大阪府泉佐野市下瓦屋2丁目2-77 いこらも～る泉佐野 2F,https://network.mobile.rakuten.co.jp/shop-detail/8619/,8619,2025-07-29,34.42244447,135.3279632,https://network.mobile.rakuten.co.jp/shopmaster-public/v1/shops,2026-08-17
rakuten,近畿,大阪府,楽天モバイル くずはモール店,573-1121 大阪府枚方市楠葉花園町15-1 くずはモール本館ハナノモール3F,https://network.mobile.rakuten.co.jp/shop-detail/2531/,2531,2017-07-24,34.861343,135.677504,https://network.mobile.rakuten.co.jp/shopmaster-public/v1/shops,2026-08-17
rakuten,近畿,大阪府,楽天モバイル じゃんぼスクエア河内長野店,586-0024 大阪府河内長野市西之山町5-20 じゃんぼスクエア河内長野 1F,https://network.mobile.rakuten.co.jp/shop-detail/1133/,1133,2025-11-29,34.45551665934906,135.5628421730116,https://network.mobile.rakuten.co.jp/shopmaster-public/v1/shops,2026-08-17
rakuten,近畿,大阪府,楽天モバイル セブンパーク天美店,580-0032 大阪府松原市天美東3丁目500 セブンパーク天美 2F,https://network.mobile.rakuten.co.jp/shop-detail/8549/,8549,2025-05-16,34.591537,135.5431523,https://network.mobile.rakuten.co.jp/shopmaster-public/v1/shops,2026-08-17
rakuten,近畿,大阪府,楽天モバイル デイリーカナートイズミヤ天下茶屋店,557-0041 大阪府大阪市西成区岸里1丁目1-95 デイリーカナートイズミヤ天下茶屋 1F,https://network.mobile.rakuten.co.jp/shop-detail/1358/,1358,2025-12-26,34.637675877003474,135.49599702643394,https://network.mobile.rakuten.co.jp/shopmaster-public/v1/shops,2026-08-17
rakuten,近畿,大阪府,楽天モバイル なんばウォーク店,542-0074 大阪府大阪市中央区千日前1丁目5-5 なんばウォーク3番街南通り,https://network.mobile.rakuten.co.jp/shop-detail/5901/,5901,2019-03-19,34.6671026,135.5030141,https://network.mobile.rakuten.co.jp/shopmaster-public/v1/shops,2026-08-17
rakuten,近畿,大阪府,楽天モバイル ニトリモール枚方店,573-0171 大阪府枚方市北山1丁目2-1 ニトリモール枚方 2F,https://network.mobile.rakuten.co.jp/shop-detail/8384/,8384,2022-05-27,34.83733252,135.6972066,https://network.mobile.rakuten.co.jp/shopmaster-public/v1/shops,2026-08-17
rakuten,近畿,大阪府,楽天モバイル ビバモール寝屋川店,572-0855 大阪府寝屋川市寝屋南2丁目22-2,https://network.mobile.rakuten.co.jp/shop-detail/7729/,7729,2021-01-27,34.76611527,135.6508325,https://network.mobile.rakuten.co.jp/shopmaster-public/v1/shops,2026-08-17
rakuten,近畿,大阪府,楽天モバイル ビバモール美原南インター店,587-0002 大阪府堺市美原区黒山1008 ビバモール美原南インター店,https://network.mobile.rakuten.co.jp/shop-detail/7828/,7828,2021-09-18,34.541865,135.556032,https://network.mobile.rakuten.co.jp/shopmaster-public/v1/shops,2026-08-17
rakuten,近畿,大阪府,楽天モバイル みのおキューズモール店,562-0034 大阪府箕面市西宿1丁目17-22 みのおキューズモール EAST1 2F,https://network.mobile.rakuten.co.jp/shop-detail/8209/,8209,2022-03-18,34.8325988,135.4911901,https://network.mobile.rakuten.co.jp/shopmaster-public/v1/shops,2026-08-17
rakuten,近畿,大阪府,楽天モバイル メラード大和田店,555-0032 大阪府大阪市西淀川区大和田2丁目2-43 メラード大和田 1F,https://network.mobile.rakuten.co.jp/shop-detail/1025/,1025,2025-12-11,34.70566643,135.446233,https://network.mobile.rakuten.co.jp/shopmaster-public/v1/shops,2026-08-17
rakuten,近畿,大阪府,楽天モバイル もりのみやキューズモールBASE店,540-0003 大阪府大阪市中央区森ノ宮中央2丁目1-70 ショッピングモール 2F,https://network.mobile.rakuten.co.jp/shop-detail/1415/,1415,2026-03-19,34.680889,135.531203,https://network.mobile.rakuten.co.jp/shopmaster-public/v1/shops,2026-08-17
rakuten,近畿,大阪府,楽天モバイル ゆめっせ 新大阪センイシティー店,532-0004 大阪府大阪市淀川区西宮原2丁目2-2 1F,https://network.mobile.rakuten.co.jp/shop-detail/8743/,8743,2025-09-19,34.7355454,135.4939978,https://network.mobile.rakuten.co.jp/shopmaster-public/v1/shops,2026-08-17
rakuten,近畿,大阪府,楽天モバイル ラパーク岸和田店,596-0006 大阪府岸和田市春木若松町21-1 ラパーク岸和田 1F A-06区画,https://network.mobile.rakuten.co.jp/shop-detail/1220/,1220,2025-12-08,34.4793163,135.3922358,https://network.mobile.rakuten.co.jp/shopmaster-public/v1/shops,2026-08-17
rakuten,近畿,大阪府,楽天モバイル ららぽーとEXPOCITY店,565-0826 大阪府吹田市千里万博公園2-1 ららぽーとEXPOCITY　1F-11550,https://network.mobile.rakuten.co.jp/shop-detail/7361/,7361,2019-11-15,34.804300,135.534750,https://network.mobile.rakuten.co.jp/shopmaster-public/v1/shops,2026-08-17
rakuten,近畿,大阪府,楽天モバイル ららぽーと堺店,587-8577 大阪府堺市美原区黒山22-1 ららぽーと堺3F,https://network.mobile.rakuten.co.jp/shop-detail/8450/,8450,2022-11-08,34.540844,135.561006,https://network.mobile.rakuten.co.jp/shopmaster-public/v1/shops,2026-08-17
rakuten,近畿,大阪府,楽天モバイル ららぽーと門真店,571-8620 大阪府門真市松生町1-11 ららぽーと門真 3F,https://network.mobile.rakuten.co.jp/shop-detail/8487/,8487,2023-04-17,34.7323673675329,135.583262480276,https://network.mobile.rakuten.co.jp/shopmaster-public/v1/shops,2026-08-17
rakuten,近畿,大阪府,楽天モバイル ららぽーと和泉店,594-1157 大阪府和泉市あゆみ野4丁目4-7 3F 3730号室,https://network.mobile.rakuten.co.jp/shop-detail/6471/,6471,2018-03-09,34.436928,135.448155,https://network.mobile.rakuten.co.jp/shopmaster-public/v1/shops,2026-08-17
rakuten,近畿,大阪府,楽天モバイル 京橋店,534-0025 大阪府大阪市都島区片町2丁目4-8 上室ビル104号室,https://network.mobile.rakuten.co.jp/shop-detail/5671/,5671,2019-02-27,34.696804,135.532939,https://network.mobile.rakuten.co.jp/shopmaster-public/v1/shops,2026-08-17
rakuten,近畿,大阪府,楽天モバイル 京阪すみのどう店,574-0046 大阪府大東市赤井1丁目4-1 京阪百貨店すみのどう店1F,https://network.mobile.rakuten.co.jp/shop-detail/8129/,8129,2022-03-01,34.70914975,135.6200788,https://network.mobile.rakuten.co.jp/shopmaster-public/v1/shops,2026-08-17
rakuten,近畿,大阪府,楽天モバイル 江坂店,564-0053 大阪府吹田市江の木町1-38,https://network.mobile.rakuten.co.jp/shop-detail/7924/,7924,2021-12-17,34.75754479,135.4962483,https://network.mobile.rakuten.co.jp/shopmaster-public/v1/shops,2026-08-17
rakuten,近畿,大阪府,楽天モバイル 高槻センター街店,569-0803 大阪府高槻市高槻町16-19,https://network.mobile.rakuten.co.jp/shop-detail/7281/,7281,2019-10-25,34.849580,135.619638,https://network.mobile.rakuten.co.jp/shopmaster-public/v1/shops,2026-08-17
rakuten,近畿,大阪府,楽天モバイル 十三駅前路面店,532-0024 大阪府大阪市淀川区十三本町1丁目9-16,https://network.mobile.rakuten.co.jp/shop-detail/5971/,5971,2019-03-29,34.7195200,135.4802934,https://network.mobile.rakuten.co.jp/shopmaster-public/v1/shops,2026-08-17
rakuten,近畿,大阪府,楽天モバイル 上本町YUFURA店,543-0001 大阪府大阪市天王寺区上本町6丁目5-13 上本町YUFURA 3F,https://network.mobile.rakuten.co.jp/shop-detail/8275/,8275,2022-03-25,34.66489185,135.5196692,https://network.mobile.rakuten.co.jp/shopmaster-public/v1/shops,2026-08-17
rakuten,近畿,大阪府,楽天モバイル 心斎橋店,542-0081 大阪府大阪市中央区南船場4丁目 長堀地下街6号,https://network.mobile.rakuten.co.jp/shop-detail/0141/,0141,2015-07-31,34.6749339,135.4999883,https://network.mobile.rakuten.co.jp/shopmaster-public/v1/shops,2026-08-17
rakuten,近畿,大阪府,楽天モバイル 千鳥橋店,554-0013 大阪府大阪市此花区梅香3丁目33-5,https://network.mobile.rakuten.co.jp/shop-detail/1027/,1027,2025-11-21,34.68467314593551,135.45795113783504,https://network.mobile.rakuten.co.jp/shopmaster-public/v1/shops,2026-08-17
rakuten,近畿,大阪府,楽天モバイル 千里中央イオンSENRITO店,560-0082 大阪府豊中市新千里東町1丁目1-3 イオンSENRITO専門館4F,https://network.mobile.rakuten.co.jp/shop-detail/2181/,2181,2017-04-21,34.807859,135.494407,https://network.mobile.rakuten.co.jp/shopmaster-public/v1/shops,2026-08-17
rakuten,近畿,大阪府,楽天モバイル 千林店,535-0012 大阪府大阪市旭区千林2丁目12-37 1F,https://network.mobile.rakuten.co.jp/shop-detail/1123/,1123,2025-12-01,34.72412209297974,135.55278927328865,https://network.mobile.rakuten.co.jp/shopmaster-public/v1/shops,2026-08-17
rakuten,近畿,大阪府,楽天モバイル 泉北パンジョ店,590-0115 大阪府堺市南区茶山台1丁2-4 パンジョ西館 2F,https://network.mobile.rakuten.co.jp/shop-detail/8217/,8217,2022-03-08,34.4969527,135.5143144,https://network.mobile.rakuten.co.jp/shopmaster-public/v1/shops,2026-08-17
rakuten,近畿,大阪府,楽天モバイル 天王寺あべのキューズモール店,545-0052 大阪府大阪市阿倍野区阿倍野筋1丁目6-1 B1F,https://network.mobile.rakuten.co.jp/shop-detail/3181/,3181,2018-04-27,34.644856,135.511340,https://network.mobile.rakuten.co.jp/shopmaster-public/v1/shops,2026-08-17
rakuten,近畿,大阪府,楽天モバイル 難波なんさん通り店,556-0011 大阪府大阪市浪速区難波中2丁目2-15 高砂ビル 1F,https://network.mobile.rakuten.co.jp/shop-detail/8297/,8297,2022-04-08,34.66320029,135.5032434,https://network.mobile.rakuten.co.jp/shopmaster-public/v1/shops,2026-08-17
rakuten,近畿,大阪府,楽天モバイル 梅田阪急三番街店,530-0012 大阪府大阪市北区芝田1丁目1-3 阪急三番街北館地上1F,https://network.mobile.rakuten.co.jp/shop-detail/2171/,2171,2017-04-27,34.706214,135.498547,https://network.mobile.rakuten.co.jp/shopmaster-public/v1/shops,2026-08-17
rakuten,近畿,大阪府,楽天モバイル 梅田茶屋町店,530-0013 大阪府大阪市北区茶屋町14-4 BUZZ CHAYAMACHI 1F,https://network.mobile.rakuten.co.jp/shop-detail/8269/,8269,2022-04-15,34.70734047,135.4988268,https://network.mobile.rakuten.co.jp/shopmaster-public/v1/shops,2026-08-17
rakuten,近畿,大阪府,楽天モバイル 八戸ノ里駅前店,577-0801 大阪府東大阪市小阪2丁目13-16 W-4区画,https://network.mobile.rakuten.co.jp/shop-detail/1088/,1088,2025-12-17,34.663965471776955,135.58858536409014,https://network.mobile.rakuten.co.jp/shopmaster-public/v1/shops,2026-08-17
rakuten,近畿,大阪府,楽天モバイル 瓢箪山店,579-8051 大阪府東大阪市瓢箪山町1-30 御神田ビル1F,https://network.mobile.rakuten.co.jp/shop-detail/1235/,1235,2025-12-12,34.66190987,135.6402393,https://network.mobile.rakuten.co.jp/shopmaster-public/v1/shops,2026-08-17
rakuten,近畿,大阪府,楽天モバイル 豊中店,560-0021 大阪府豊中市本町1丁目9-10 マストモール 1F 108,https://network.mobile.rakuten.co.jp/shop-detail/1294/,1294,2025-12-18,34.787917707186594,135.46274783205033,https://network.mobile.rakuten.co.jp/shopmaster-public/v1/shops,2026-08-17
rakuten,近畿,大阪府,楽天モバイル 枚方ビオルネ店,573-0031 大阪府枚方市岡本町7-1 ビオルネ枚方 2F 206区画,https://network.mobile.rakuten.co.jp/shop-detail/1328/,1328,2025-12-24,34.81596696,135.6465081,https://network.mobile.rakuten.co.jp/shopmaster-public/v1/shops,2026-08-17
rakuten,近畿,大阪府,楽天モバイル 和泉観音寺店,594-0065 大阪府和泉市観音寺町173-1,https://network.mobile.rakuten.co.jp/shop-detail/8224/,8224,2022-03-08,34.47493712,135.4382708,https://network.mobile.rakuten.co.jp/shopmaster-public/v1/shops,2026-08-17
rakuten,九州,大分県,YAMADA web.com 大分本店,870-0927 大分県大分市北下郡11-5A,https://network.mobile.rakuten.co.jp/shop-detail/8658/,8658,2025-08-23,33.23287466234625,131.6305149844553,https://network.mobile.rakuten.co.jp/shopmaster-public/v1/shops,2026-08-17
rakuten,九州,大分県,エディオン トキハ別府店,874-0920 大分県別府市北浜2丁目9-1 トキハ別府 3F,https://network.mobile.rakuten.co.jp/shop-detail/8381/,8381,2022-06-10,33.28056559,131.5053408,https://network.mobile.rakuten.co.jp/shopmaster-public/v1/shops,2026-08-17
rakuten,九州,大分県,エディオン 大分本店,870-1132 大分県大分市大字光吉963-1,https://network.mobile.rakuten.co.jp/shop-detail/1048/,1048,2025-11-28,33.19867358,131.6004268,https://network.mobile.rakuten.co.jp/shopmaster-public/v1/shops,2026-08-17
rakuten,九州,大分県,ケーズデンキ パークプレイス大分本店,870-0174 大分県大分市公園通り西2丁目2,https://network.mobile.rakuten.co.jp/shop-detail/2911/,2911,2018-03-01,33.194948,131.660683,https://network.mobile.rakuten.co.jp/shopmaster-public/v1/shops,2026-08-17
rakuten,九州,大分県,ケーズデンキ わさだタウン店,870-1155 大分県大分市玉沢755-1,https://network.mobile.rakuten.co.jp/shop-detail/8283/,8283,2022-04-01,33.18965803,131.5845438,https://network.mobile.rakuten.co.jp/shopmaster-public/v1/shops,2026-08-17
rakuten,九州,大分県,ケーズデンキ 佐伯店,876-0047 大分県佐伯市鶴岡西町1丁目287,https://network.mobile.rakuten.co.jp/shop-detail/8462/,8462,2022-12-01,32.96259,131.867506,https://network.mobile.rakuten.co.jp/shopmaster-public/v1/shops,2026-08-17
rakuten,九州,大分県,ケーズデンキ 春日浦店,870-0005 大分県大分市王子北町3-55,https://network.mobile.rakuten.co.jp/shop-detail/8571/,8571,2025-07-04,33.24510742,131.5938822,https://network.mobile.rakuten.co.jp/shopmaster-public/v1/shops,2026-08-17
rakuten,九州,大分県,ケーズデンキ 中津店,871-0007 大分県中津市蛎瀬1105,https://network.mobile.rakuten.co.jp/shop-detail/4031/,4031,2018-08-02,33.605406,131.206547,https://network.mobile.rakuten.co.jp/shopmaster-public/v1/shops,2026-08-17
rakuten,九州,大分県,ベスト電器 大分別府店,874-0845 大分県別府市北中7-2,https://network.mobile.rakuten.co.jp/shop-detail/8594/,8594,2025-07-19,33.31165290225825,131.48076213674298,https://network.mobile.rakuten.co.jp/shopmaster-public/v1/shops,2026-08-17
rakuten,九州,大分県,楽天モバイル あけのアクロスタウン店,870-0161 大分県大分市明野東1丁目1-1 あけのアクロスタウン B1F,https://network.mobile.rakuten.co.jp/shop-detail/1336/,1336,2025-12-25,33.2240833,131.652358,https://network.mobile.rakuten.co.jp/shopmaster-public/v1/shops,2026-08-17
rakuten,九州,大分県,楽天モバイル アミュプラザおおいた店,870-0831 大分県大分市要町1-14 アミュプラザおおいた 250区画,https://network.mobile.rakuten.co.jp/shop-detail/1284/,1284,2025-12-17,33.23331638134912,131.60634695318882,https://network.mobile.rakuten.co.jp/shopmaster-public/v1/shops,2026-08-17
rakuten,九州,大分県,楽天モバイル イオンモール三光店,871-0111 大分県中津市三光佐知1032 イオンモール三光店 1F,https://network.mobile.rakuten.co.jp/shop-detail/8914/,8914,2025-10-30,33.55876548398272,131.19312310176974,https://network.mobile.rakuten.co.jp/shopmaster-public/v1/shops,2026-08-17
rakuten,九州,大分県,楽天モバイル イオン挾間ショッピングセンター店,879-5518 大分県由布市挾間町北方77 イオン挾間ショッピングセンター 1F,https://network.mobile.rakuten.co.jp/shop-detail/1165/,1165,2025-11-29,33.206544233541,131.5221592391202,https://network.mobile.rakuten.co.jp/shopmaster-public/v1/shops,2026-08-17
rakuten,九州,大分県,楽天モバイル えきマチ1丁目別府店,874-0935 大分県別府市駅前町12-13 えきマチ1丁目別府 1F 40120区画,https://network.mobile.rakuten.co.jp/shop-detail/8895/,8895,2025-10-23,33.2800414980969,131.50036803784815,https://network.mobile.rakuten.co.jp/shopmaster-public/v1/shops,2026-08-17
rakuten,九州,大分県,楽天モバイル トキハインダストリー佐伯店,876-0025 大分県佐伯市池田2064番地 トキハインダストリー佐伯店,https://network.mobile.rakuten.co.jp/shop-detail/8881/,8881,2025-10-22,32.94442254623975,131.90163625317578,https://network.mobile.rakuten.co.jp/shopmaster-public/v1/shops,2026-08-17
rakuten,九州,大分県,楽天モバイル トキハわさだタウン店,870-1198 大分県大分市大字玉沢字楠本755-1外 3街区1F,https://network.mobile.rakuten.co.jp/shop-detail/8144/,8144,2022-02-25,33.189,131.5824,https://network.mobile.rakuten.co.jp/shopmaster-public/v1/shops,2026-08-17
rakuten,九州,大分県,楽天モバイル パークプレイス大分店,870-0174 大分県大分市公園通り西2丁目1,https://network.mobile.rakuten.co.jp/shop-detail/6211/,6211,2019-04-26,33.194988,131.657778,https://network.mobile.rakuten.co.jp/shopmaster-public/v1/shops,2026-08-17
rakuten,九州,大分県,楽天モバイル ミスターマックス宇佐店,879-0454 大分県宇佐市法鏡寺500 ミスターマックス宇佐店 1F B棟,https://network.mobile.rakuten.co.jp/shop-detail/1188/,1188,2025-12-04,33.52603839614456,131.34979883785928,https://network.mobile.rakuten.co.jp/shopmaster-public/v1/shops,2026-08-17
rakuten,九州,大分県,楽天モバイル ゆめタウン中津店,871-0065 大分県中津市蛭子町3丁目99 ゆめタウン中津 2F,https://network.mobile.rakuten.co.jp/shop-detail/1280/,1280,2025-12-17,33.60250054536921,131.19428101002913,https://network.mobile.rakuten.co.jp/shopmaster-public/v1/shops,2026-08-17
rakuten,九州,大分県,楽天モバイル 大分中央店,870-0035 大分県大分市中央町2丁目7-34,https://network.mobile.rakuten.co.jp/shop-detail/1446/,1446,2026-04-15,33.23763158085884,131.60642720338788,https://network.mobile.rakuten.co.jp/shopmaster-public/v1/shops,2026-08-17
rakuten,九州,長崎県,エディオン アミュプラザ長崎,850-0058 長崎県長崎市尾上町1-1 アミュプラザ長崎新館4F,https://network.mobile.rakuten.co.jp/shop-detail/2351/,2351,2017-05-19,32.75187104,129.8708371,https://network.mobile.rakuten.co.jp/shopmaster-public/v1/shops,2026-08-17
rakuten,九州,長崎県,エディオン 佐世保店,857-1151 長崎県佐世保市日宇町2855-7,https://network.mobile.rakuten.co.jp/shop-detail/5431/,5431,2018-12-25,33.156626,129.769197,https://network.mobile.rakuten.co.jp/shopmaster-public/v1/shops,2026-08-17
rakuten,九州,長崎県,エディオン 諫早店,854-0036 長崎県諫早市長野町1628-1,https://network.mobile.rakuten.co.jp/shop-detail/7131/,7131,2019-09-09,32.832500,130.079367,https://network.mobile.rakuten.co.jp/shopmaster-public/v1/shops,2026-08-17
rakuten,九州,長崎県,ケーズデンキ 佐世保店,857-1161 長崎県佐世保市大塔町666-10,https://network.mobile.rakuten.co.jp/shop-detail/8284/,8284,2022-04-01,33.14760447,129.7806351,https://network.mobile.rakuten.co.jp/shopmaster-public/v1/shops,2026-08-17
rakuten,九州,長崎県,ケーズデンキ 諫早店,854-0036 長崎県諫早市長野町1615-1,https://network.mobile.rakuten.co.jp/shop-detail/8286/,8286,2022-04-15,32.83248124380064,130.08157551780994,https://network.mobile.rakuten.co.jp/shopmaster-public/v1/shops,2026-08-17
rakuten,九州,長崎県,テックランド時津店,851-2104 長崎県西彼杵郡時津町野田郷32-1,https://network.mobile.rakuten.co.jp/shop-detail/8860/,8860,2025-10-25,32.82670012,129.8476504,https://network.mobile.rakuten.co.jp/shopmaster-public/v1/shops,2026-08-17
rakuten,九州,長崎県,テックランド大村店,856-0836 長崎県大村市幸町25-224,https://network.mobile.rakuten.co.jp/shop-detail/8976/,8976,2025-11-15,32.9024221,129.9565938,https://network.mobile.rakuten.co.jp/shopmaster-public/v1/shops,2026-08-17
rakuten,九州,長崎県,テックランド長崎本店,852-8031 長崎県長崎市三芳町2-1,https://network.mobile.rakuten.co.jp/shop-detail/6781/,6781,2019-06-28,32.778397,129.859702,https://network.mobile.rakuten.co.jp/shopmaster-public/v1/shops,2026-08-17
rakuten,九州,長崎県,ベスト電器 長崎夢彩都店,850-0035 長崎県長崎市元船町10-1 ゆめタウン夢彩都 3F,https://network.mobile.rakuten.co.jp/shop-detail/8595/,8595,2025-07-19,32.74660242866332,129.86976348515108,https://network.mobile.rakuten.co.jp/shopmaster-public/v1/shops,2026-08-17
rakuten,九州,長崎県,ベスト電器 諫早店,854-0036 長崎県諫早市長野町1640-1,https://network.mobile.rakuten.co.jp/shop-detail/8596/,8596,2025-07-18,32.83219787169516,130.07950505754374,https://network.mobile.rakuten.co.jp/shopmaster-public/v1/shops,2026-08-17
rakuten,九州,長崎県,楽天モバイル エレナ大塔店,857-1161 長崎県佐世保市大塔町6-1 エレナ大塔店 1F,https://network.mobile.rakuten.co.jp/shop-detail/1448/,1448,2026-03-11,33.14798812592623,129.78219511940557,https://network.mobile.rakuten.co.jp/shopmaster-public/v1/shops,2026-08-17
rakuten,九州,長崎県,楽天モバイル エレナ島原店,855-0036 長崎県島原市城内3-1263 エレナ島原店 1F,https://network.mobile.rakuten.co.jp/shop-detail/1434/,1434,2026-05-28,32.79899308967903,130.36262115841427,https://network.mobile.rakuten.co.jp/shopmaster-public/v1/shops,2026-08-17
rakuten,九州,長崎県,楽天モバイル させぼ5番街店,857-0855 長崎県佐世保市新港町2-1 テラスゾーン1F,https://network.mobile.rakuten.co.jp/shop-detail/7719/,7719,2020-11-22,33.165282,129.723169,https://network.mobile.rakuten.co.jp/shopmaster-public/v1/shops,2026-08-17
rakuten,九州,長崎県,楽天モバイル チトセピア店,852-8135 長崎県長崎市千歳町5-1 チトセピア2F,https://network.mobile.rakuten.co.jp/shop-detail/1003/,1003,2025-11-17,32.79063818123454,129.86157236068794,https://network.mobile.rakuten.co.jp/shopmaster-public/v1/shops,2026-08-17
rakuten,九州,長崎県,楽天モバイル ハマクロス411店,850-0853 長崎県長崎市浜町4-11 ハマクロス411 3F,https://network.mobile.rakuten.co.jp/shop-detail/8810/,8810,2025-10-08,32.744054329538685,129.87806685222137,https://network.mobile.rakuten.co.jp/shopmaster-public/v1/shops,2026-08-17
rakuten,九州,長崎県,楽天モバイル マックスバリュ琴海店,851-3102 長崎県長崎市琴海村松町714 マックスバリュ琴海 1F,https://network.mobile.rakuten.co.jp/shop-detail/1167/,1167,2025-11-30,32.86516755839659,129.7862175624221,https://network.mobile.rakuten.co.jp/shopmaster-public/v1/shops,2026-08-17
rakuten,九州,長崎県,楽天モバイル 五島シティモール店,853-0031 長崎県五島市吉久木町731 五島シティモール 1F,https://network.mobile.rakuten.co.jp/shop-detail/8563/,8563,2025-06-13,32.69536763,128.813896,https://network.mobile.rakuten.co.jp/shopmaster-public/v1/shops,2026-08-17
rakuten,九州,長崎県,楽天モバイル 大村店,856-0831 長崎県大村市東本町3-3 さくらハウス 1F,https://network.mobile.rakuten.co.jp/shop-detail/8987/,8987,2025-11-14,32.9090595086393,129.9593542067064,https://network.mobile.rakuten.co.jp/shopmaster-public/v1/shops,2026-08-17
rakuten,九州,長崎県,楽天モバイル 長崎浜町店,850-0851 長崎県長崎市古川町6-39 松尾ビル1F,https://network.mobile.rakuten.co.jp/shop-detail/7381/,7381,2019-11-18,32.7456570,129.8797669,https://network.mobile.rakuten.co.jp/shopmaster-public/v1/shops,2026-08-17
rakuten,甲信越,長野県,Tecc LIFE SELECT 松本本店,390-0827 長野県松本市出川二丁目3-1,https://network.mobile.rakuten.co.jp/shop-detail/8371/,8371,2022-06-10,36.21773549,137.9719347,https://network.mobile.rakuten.co.jp/shopmaster-public/v1/shops,2026-08-17
rakuten,甲信越,長野県,Tecc LIFE SELECT 須坂店,382-0045 長野県須坂市大字井上882-1,https://network.mobile.rakuten.co.jp/shop-detail/8633/,8633,2025-08-29,36.641891267482215,138.27173886268514,https://network.mobile.rakuten.co.jp/shopmaster-public/v1/shops,2026-08-17
rakuten,甲信越,長野県,Tecc LIFE SELECT 長野SBC通り店,381-0043 長野県長野市吉田1丁目21-33,https://network.mobile.rakuten.co.jp/shop-detail/7822/,7822,2021-11-01,36.6698903,138.2101076,https://network.mobile.rakuten.co.jp/shopmaster-public/v1/shops,2026-08-17
rakuten,甲信越,長野県,エディオン 塩尻店,399-0703 長野県塩尻市大字広丘高出1788,https://network.mobile.rakuten.co.jp/shop-detail/1036/,1036,2025-11-28,36.127742,137.9574135,https://network.mobile.rakuten.co.jp/shopmaster-public/v1/shops,2026-08-17
rakuten,甲信越,長野県,エディオン 松本なぎさ店,390-0841 長野県松本市渚1丁目7-1 なぎさライフサイト内,https://network.mobile.rakuten.co.jp/shop-detail/5481/,5481,2018-12-21,36.234543,137.955179,https://network.mobile.rakuten.co.jp/shopmaster-public/v1/shops,2026-08-17
rakuten,甲信越,長野県,エディオン 諏訪インター店,392-0013 長野県諏訪市沖田町5-3 諏訪ステーションパーク内,https://network.mobile.rakuten.co.jp/shop-detail/8738/,8738,2025-10-01,36.00419922,138.1290031,https://network.mobile.rakuten.co.jp/shopmaster-public/v1/shops,2026-08-17
rakuten,甲信越,長野県,エディオン 飯田インター店,395-0152 長野県飯田市育良町1丁目2-1,https://network.mobile.rakuten.co.jp/shop-detail/3771/,3771,2018-07-13,35.50157471561928,137.79867882016853,https://network.mobile.rakuten.co.jp/shopmaster-public/v1/shops,2026-08-17
rakuten,甲信越,長野県,ケーズデンキ 松本宮田店,399-0001 長野県松本市宮田2-9,https://network.mobile.rakuten.co.jp/shop-detail/8436/,8436,2022-09-30,36.20684296,137.9621178,https://network.mobile.rakuten.co.jp/shopmaster-public/v1/shops,2026-08-17
rakuten,甲信越,長野県,ケーズデンキ 松本本店,390-0863 長野県松本市白板2丁目4-14,https://network.mobile.rakuten.co.jp/shop-detail/8508/,8508,2024-05-08,36.2383857,137.9569214,https://network.mobile.rakuten.co.jp/shopmaster-public/v1/shops,2026-08-17
rakuten,甲信越,長野県,ケーズデンキ 上田店,386-0016 長野県上田市国分80-12,https://network.mobile.rakuten.co.jp/shop-detail/1240/,1240,2025-12-19,36.38740308065163,138.27341240518075,https://network.mobile.rakuten.co.jp/shopmaster-public/v1/shops,2026-08-17
rakuten,甲信越,長野県,ケーズデンキ 長野西和田店,381-0037 長野県長野市西和田1丁目29-32,https://network.mobile.rakuten.co.jp/shop-detail/8955/,8955,2025-10-31,36.65356868192191,138.2203041412662,https://network.mobile.rakuten.co.jp/shopmaster-public/v1/shops,2026-08-17
rakuten,甲信越,長野県,ケーズデンキ 長野本店,380-0928 長野県長野市若里3丁目22-1,https://network.mobile.rakuten.co.jp/shop-detail/1381/,1381,2016-06-16,36.631390,138.196420,https://network.mobile.rakuten.co.jp/shopmaster-public/v1/shops,2026-08-17
rakuten,甲信越,長野県,テックランドNew佐久店,385-0029 長野県佐久市佐久平駅南25-3,https://network.mobile.rakuten.co.jp/shop-detail/8983/,8983,2025-11-22,36.274798,138.4688872,https://network.mobile.rakuten.co.jp/shopmaster-public/v1/shops,2026-08-17
rakuten,甲信越,長野県,楽天モバイル アリオ上田店,386-0025 長野県上田市天神3丁目5-1 アリオ上田 2F,https://network.mobile.rakuten.co.jp/shop-detail/1466/,1466,2022-01-28,36.39944013,138.2446031,https://network.mobile.rakuten.co.jp/shopmaster-public/v1/shops,2026-08-17
rakuten,甲信越,長野県,楽天モバイル アルピア梓川ショッピングセンター店,390-1701 長野県松本市梓川倭532-1,https://network.mobile.rakuten.co.jp/shop-detail/8795/,8795,2025-09-29,36.23381465558443,137.89028525826754,https://network.mobile.rakuten.co.jp/shopmaster-public/v1/shops,2026-08-17
rakuten,甲信越,長野県,楽天モバイル イオンタウン長野三輪店,380-0803 長野県長野市三輪9丁目43-24 イオンタウン長野三輪 2F,https://network.mobile.rakuten.co.jp/shop-detail/8902/,8902,2025-11-01,36.6697370323906,138.20743199325466,https://network.mobile.rakuten.co.jp/shopmaster-public/v1/shops,2026-08-17
rakuten,甲信越,長野県,楽天モバイル イオンモール松本店,390-8560 長野県松本市中央4丁目9-51 イオンモール松本　晴庭3F 2F無印良品近くエスカレーターを上がって右手方向,https://network.mobile.rakuten.co.jp/shop-detail/5661/,5661,2019-02-27,36.234258,137.977818,https://network.mobile.rakuten.co.jp/shopmaster-public/v1/shops,2026-08-17
rakuten,甲信越,長野県,楽天モバイル イオンモール須坂店,382-8501 長野県須坂市大字福島386-1 イオンモール須坂 2F,https://network.mobile.rakuten.co.jp/shop-detail/8645/,8645,2025-09-26,36.64093408019246,138.27337192404775,https://network.mobile.rakuten.co.jp/shopmaster-public/v1/shops,2026-08-17
rakuten,甲信越,長野県,楽天モバイル イオン箕輪店,399-4601 長野県上伊那郡箕輪町中箕輪 9025 イオン箕輪店 1F,https://network.mobile.rakuten.co.jp/shop-detail/1190/,1190,2025-12-04,35.90978971,137.9928948,https://network.mobile.rakuten.co.jp/shopmaster-public/v1/shops,2026-08-17
rakuten,甲信越,長野県,楽天モバイル ウイングロード塩尻店,399-0736 長野県塩尻市大門一番町7-1 ウイングロード塩尻 1F,https://network.mobile.rakuten.co.jp/shop-detail/8689/,8689,2025-08-31,36.111181,137.9528689,https://network.mobile.rakuten.co.jp/shopmaster-public/v1/shops,2026-08-17
rakuten,甲信越,長野県,楽天モバイル シーワンビル長野駅前店,380-0822 長野県長野市鶴賀南千歳町826 アールエフ C-ONE 1F,https://network.mobile.rakuten.co.jp/shop-detail/8755/,8755,2025-09-22,36.64486854581272,138.1880214223273,https://network.mobile.rakuten.co.jp/shopmaster-public/v1/shops,2026-08-17
rakuten,甲信越,長野県,楽天モバイル フォレストモール岡谷店,394-0004 長野県岡谷市神明町3丁目1-3 フォレストモール岡谷,https://network.mobile.rakuten.co.jp/shop-detail/8871/,8871,2025-10-22,36.079361963795996,138.04700519535552,https://network.mobile.rakuten.co.jp/shopmaster-public/v1/shops,2026-08-17
rakuten,甲信越,長野県,楽天モバイル ベルシャイン伊那店,396-0009 長野県伊那市日影435-1 ベルシャイン伊那 1F,https://network.mobile.rakuten.co.jp/shop-detail/8973/,8973,2025-11-12,35.8375272,137.9735022,https://network.mobile.rakuten.co.jp/shopmaster-public/v1/shops,2026-08-17
rakuten,甲信越,長野県,楽天モバイル 青木島ショッピングパーク店,381-2247 長野県長野市青木島4丁目4-5 青木島ショッピングパーク 2F,https://network.mobile.rakuten.co.jp/shop-detail/8930/,8930,2025-11-12,36.6138481,138.1775302,https://network.mobile.rakuten.co.jp/shopmaster-public/v1/shops,2026-08-17
rakuten,甲信越,長野県,楽天モバイル 蔦屋書店フォレストモール佐久平店,385-0022 長野県佐久市岩村田字押出シ1555番1 フォレストモール佐久平蔦屋書店内,https://network.mobile.rakuten.co.jp/shop-detail/8438/,8438,2022-09-29,36.27263907,138.4613695,https://network.mobile.rakuten.co.jp/shopmaster-public/v1/shops,2026-08-17
rakuten,甲信越,長野県,楽天モバイル 蔦屋書店大町店,398-0004 長野県大町市常盤5868,https://network.mobile.rakuten.co.jp/shop-detail/8786/,8786,2025-09-26,36.48136984376199,137.85264765334315,https://network.mobile.rakuten.co.jp/shopmaster-public/v1/shops,2026-08-17
rakuten,中国,鳥取県,エディオン 新鳥取本店,680-0913 鳥取県鳥取市安長71-1,https://network.mobile.rakuten.co.jp/shop-detail/7101/,7101,2019-08-30,35.511215,134.201269,https://network.mobile.rakuten.co.jp/shopmaster-public/v1/shops,2026-08-17
rakuten,中国,鳥取県,エディオン 倉吉本店,682-0041 鳥取県倉吉市河北町162,https://network.mobile.rakuten.co.jp/shop-detail/8905/,8905,2025-10-30,35.467797,133.845156,https://network.mobile.rakuten.co.jp/shopmaster-public/v1/shops,2026-08-17
rakuten,中国,鳥取県,エディオン 米子店,683-0804 鳥取県米子市米原5丁目6-31,https://network.mobile.rakuten.co.jp/shop-detail/2991/,2991,2018-02-23,35.4447983,133.329910,https://network.mobile.rakuten.co.jp/shopmaster-public/v1/shops,2026-08-17
rakuten,中国,鳥取県,テックランド New米子店,683-0803 鳥取県米子市日ﾉ出町1丁目8-1,https://network.mobile.rakuten.co.jp/shop-detail/8610/,8610,2025-07-26,35.43814639556628,133.33870123624138,https://network.mobile.rakuten.co.jp/shopmaster-public/v1/shops,2026-08-17
rakuten,中国,鳥取県,楽天モバイル イオンモール鳥取北店,680-0904 鳥取県鳥取市晩稲348 イオンモール鳥取北店,https://network.mobile.rakuten.co.jp/shop-detail/8925/,8925,2025-10-31,35.524595,134.2015159,https://network.mobile.rakuten.co.jp/shopmaster-public/v1/shops,2026-08-17
rakuten,中国,鳥取県,楽天モバイル イオンモール日吉津店,689-3553 鳥取県西伯郡日吉津村日吉津1160-1 イオンモール日吉津 東館 2F,https://network.mobile.rakuten.co.jp/shop-detail/8098/,8098,2022-02-18,35.44596863,133.3873149,https://network.mobile.rakuten.co.jp/shopmaster-public/v1/shops,2026-08-17
rakuten,中国,鳥取県,楽天モバイル パープルタウンSC店,682-0023 鳥取県倉吉市山根557-1 パープルタウン 1F,https://network.mobile.rakuten.co.jp/shop-detail/8870/,8870,2025-10-25,35.44827060200736,133.847965893581,https://network.mobile.rakuten.co.jp/shopmaster-public/v1/shops,2026-08-17
rakuten,中国,鳥取県,楽天モバイル 鳥取緑ケ丘店,680-0915 鳥取県鳥取市緑ケ丘3丁目21-3 1F,https://network.mobile.rakuten.co.jp/shop-detail/1005/,1005,2025-11-15,35.509618,134.202165,https://network.mobile.rakuten.co.jp/shopmaster-public/v1/shops,2026-08-17
rakuten,中国,鳥取県,楽天モバイル 米子しんまち天満屋店,683-8510 鳥取県米子市西福原2丁目1-10 米子しんまち天満屋 1F 20.86T 区画,https://network.mobile.rakuten.co.jp/shop-detail/1387/,1387,2026-01-26,35.4405483,133.3411295,https://network.mobile.rakuten.co.jp/shopmaster-public/v1/shops,2026-08-17
rakuten,中国,島根県,エディオン 益田店,698-0041 島根県益田市高津7丁目10-3,https://network.mobile.rakuten.co.jp/shop-detail/8540/,8540,2025-09-02,34.6896664,131.8181411,https://network.mobile.rakuten.co.jp/shopmaster-public/v1/shops,2026-08-17
rakuten,中国,島根県,エディオン 松江本店,690-0045 島根県松江市乃白町496-4,https://network.mobile.rakuten.co.jp/shop-detail/2871/,2871,2018-02-09,35.436319,133.049752,https://network.mobile.rakuten.co.jp/shopmaster-public/v1/shops,2026-08-17
rakuten,中国,島根県,テックランドNew出雲店,693-0063 島根県出雲市大塚町731-1,https://network.mobile.rakuten.co.jp/shop-detail/8216/,8216,2022-03-04,35.37824498,132.7520812,https://network.mobile.rakuten.co.jp/shopmaster-public/v1/shops,2026-08-17
rakuten,中国,島根県,楽天モバイル イオンモール出雲店,693-0004 島根県出雲市渡橋町1066 イオンモール出雲店 3F,https://network.mobile.rakuten.co.jp/shop-detail/8740/,8740,2025-10-31,35.36818045,132.7386544,https://network.mobile.rakuten.co.jp/shopmaster-public/v1/shops,2026-08-17
rakuten,中国,島根県,楽天モバイル イオン松江店,690-0001 島根県松江市東朝日町151,https://network.mobile.rakuten.co.jp/shop-detail/1430/,1430,2026-08-01,35.46371532264523,133.06937683752142,https://network.mobile.rakuten.co.jp/shopmaster-public/v1/shops,2026-08-17
rakuten,中国,島根県,楽天モバイル ゆめタウン出雲店,693-0063 島根県出雲市大塚町650-1 ゆめタウン出雲 2F,https://network.mobile.rakuten.co.jp/shop-detail/6971/,6971,2019-08-30,35.377331,132.754923,https://network.mobile.rakuten.co.jp/shopmaster-public/v1/shops,2026-08-17
rakuten,中国,島根県,楽天モバイル ゆめタウン浜田店,697-0052 島根県浜田市港町227-1 ゆめタウン浜田 1F 37.34T区画,https://network.mobile.rakuten.co.jp/shop-detail/1208/,1208,2025-12-06,34.90043115237223,132.071504394732,https://network.mobile.rakuten.co.jp/shopmaster-public/v1/shops,2026-08-17
rakuten,中国,島根県,楽天モバイル 安来プラーナ店,692-0011 島根県安来市安来町761-4 プラーナ 1F 112区画,https://network.mobile.rakuten.co.jp/shop-detail/8993/,8993,2025-12-17,35.4266322,133.247467,https://network.mobile.rakuten.co.jp/shopmaster-public/v1/shops,2026-08-17
rakuten,中国,島根県,楽天モバイル 松江西津田店,690-0017 島根県松江市西津田6丁目14-22,https://network.mobile.rakuten.co.jp/shop-detail/1064/,1064,2025-11-19,35.455115637648525,133.06843455776539,https://network.mobile.rakuten.co.jp/shopmaster-public/v1/shops,2026-08-17
rakuten,中国,島根県,楽天モバイル 松江島大通り店,690-0824 島根県松江市菅田町180 1F,https://network.mobile.rakuten.co.jp/shop-detail/1130/,1130,2025-11-29,35.484081,133.065195,https://network.mobile.rakuten.co.jp/shopmaster-public/v1/shops,2026-08-17
rakuten,関東,東京都,LABI LIFE SELECT 品川大井町,140-0011 東京都品川区東大井5丁目20-1,https://network.mobile.rakuten.co.jp/shop-detail/5851/,5851,2019-03-21,35.605932,139.735239,https://network.mobile.rakuten.co.jp/shopmaster-public/v1/shops,2026-08-17
rakuten,関東,東京都,LABI 池袋本店,170-0013 東京都豊島区東池袋1丁目5-7,https://network.mobile.rakuten.co.jp/shop-detail/5831/,5831,2019-03-15,35.731020,139.713703,https://network.mobile.rakuten.co.jp/shopmaster-public/v1/shops,2026-08-17
rakuten,関東,東京都,LABI自由が丘,152-0034 東京都目黒区緑が丘2丁目17-9,https://network.mobile.rakuten.co.jp/shop-detail/6311/,6311,2019-04-25,35.609085,139.672739,https://network.mobile.rakuten.co.jp/shopmaster-public/v1/shops,2026-08-17
rakuten,関東,東京都,LABI立川,190-0012 東京都立川市曙町2丁目2-25,https://network.mobile.rakuten.co.jp/shop-detail/6941/,6941,2019-08-03,35.698657,139.411711,https://network.mobile.rakuten.co.jp/shopmaster-public/v1/shops,2026-08-17
rakuten,関東,東京都,T&T MOBILE 大塚,170-0004 東京都豊島区北大塚2丁目17-4 大塚キャリアビル 7F,https://network.mobile.rakuten.co.jp/shop-detail/8510/,8510,2024-03-01,35.7338992067104,139.72780345468,https://network.mobile.rakuten.co.jp/shopmaster-public/v1/shops,2026-08-17
rakuten,関東,東京都,Tecc LIFE SELECT 足立竹の塚店,121-0813 東京都足立区竹の塚5丁目17-10,https://network.mobile.rakuten.co.jp/shop-detail/8560/,8560,2025-06-27,35.795444513661884,139.79539868517614,https://network.mobile.rakuten.co.jp/shopmaster-public/v1/shops,2026-08-17
rakuten,関東,東京都,ケーズデンキ 稲城若葉台店,206-0824 東京都稲城市若葉台2丁目10-2,https://network.mobile.rakuten.co.jp/shop-detail/2931/,2931,2018-02-13,35.621141,139.472909,https://network.mobile.rakuten.co.jp/shopmaster-public/v1/shops,2026-08-17
rakuten,関東,東京都,ケーズデンキ 青梅店,198-0021 東京都青梅市今寺5丁目13-1 外4筆,https://network.mobile.rakuten.co.jp/shop-detail/3051/,3051,2018-03-21,35.794077,139.302909,https://network.mobile.rakuten.co.jp/shopmaster-public/v1/shops,2026-08-17
rakuten,関東,東京都,ケーズデンキ 足立店,120-0046 東京都足立区小台1丁目20-6,https://network.mobile.rakuten.co.jp/shop-detail/3411/,3411,2018-06-01,35.754660,139.770997,https://network.mobile.rakuten.co.jp/shopmaster-public/v1/shops,2026-08-17
rakuten,関東,東京都,ケーズデンキ 多摩ニュータウン店,192-0363 東京都八王子市別所2丁目39-5,https://network.mobile.rakuten.co.jp/shop-detail/4011/,4011,2018-07-26,35.613770,139.398733,https://network.mobile.rakuten.co.jp/shopmaster-public/v1/shops,2026-08-17
rakuten,関東,東京都,ケーズデンキ 府中本店,183-0044 東京都府中市日鋼町1-4,https://network.mobile.rakuten.co.jp/shop-detail/2921/,2921,2018-02-13,35.674504,139.473126,https://network.mobile.rakuten.co.jp/shopmaster-public/v1/shops,2026-08-17
rakuten,関東,東京都,コジマ×ビックカメラ KAMEIDO CLOCK店,136-0071 東京都江東区亀戸6丁目31-6,https://network.mobile.rakuten.co.jp/shop-detail/8321/,8321,2022-04-26,35.69611856,139.8288071,https://network.mobile.rakuten.co.jp/shopmaster-public/v1/shops,2026-08-17
rakuten,関東,東京都,コジマ×ビックカメラ 葛飾店,124-0012 東京都葛飾区立石4丁目10-1,https://network.mobile.rakuten.co.jp/shop-detail/4281/,4281,2018-08-30,35.741908,139.846405,https://network.mobile.rakuten.co.jp/shopmaster-public/v1/shops,2026-08-17
rakuten,関東,東京都,コジマ×ビックカメラ 江戸川店,132-0021 東京都江戸川区中央1丁目8-4,https://network.mobile.rakuten.co.jp/shop-detail/4291/,4291,2018-08-30,35.709684,139.868917,https://network.mobile.rakuten.co.jp/shopmaster-public/v1/shops,2026-08-17
rakuten,関東,東京都,コジマ×ビックカメラ 江北駅前店,123-0845 東京都足立区西新井本町2丁目31-20,https://network.mobile.rakuten.co.jp/shop-detail/1490/,1490,2026-05-08,35.774675897760154,139.77123941165118,https://network.mobile.rakuten.co.jp/shopmaster-public/v1/shops,2026-08-17
rakuten,関東,東京都,コジマ×ビックカメラ 志村店,174-0056 東京都板橋区志村3丁目26-4,https://network.mobile.rakuten.co.jp/shop-detail/4331/,4331,2018-12-20,35.778374,139.686526,https://network.mobile.rakuten.co.jp/shopmaster-public/v1/shops,2026-08-17
rakuten,関東,東京都,コジマ×ビックカメラ 西友ひばりヶ丘店,202-0005 東京都西東京市住吉町3丁目9-8 SEIYU 2F,https://network.mobile.rakuten.co.jp/shop-detail/1510/,1510,2026-08-07,35.75092315021383,139.54523687790936,https://network.mobile.rakuten.co.jp/shopmaster-public/v1/shops,2026-08-17
rakuten,関東,東京都,コジマ×ビックカメラ 足立加平店,121-0055 東京都足立区加平3丁目1-15,https://network.mobile.rakuten.co.jp/shop-detail/7718/,7718,2020-11-01,35.7779782,139.8287694,https://network.mobile.rakuten.co.jp/shopmaster-public/v1/shops,2026-08-17
rakuten,関東,東京都,コジマ×ビックカメラ 池上店,146-0082 東京都大田区池上3丁目2-1,https://network.mobile.rakuten.co.jp/shop-detail/4261/,4261,2018-08-31,35.577904,139.700442,https://network.mobile.rakuten.co.jp/shopmaster-public/v1/shops,2026-08-17
rakuten,関東,東京都,コジマ×ビックカメラ 南砂町SUNAMO店,136-0075 東京都江東区新砂3丁目4-31,https://network.mobile.rakuten.co.jp/shop-detail/3671/,3671,2018-06-30,35.664597,139.835361,https://network.mobile.rakuten.co.jp/shopmaster-public/v1/shops,2026-08-17
rakuten,関東,東京都,コジマ×ビックカメラ 福生店,197-0022 東京都福生市本町36-1,https://network.mobile.rakuten.co.jp/shop-detail/1497/,1497,2026-05-15,35.74029249128848,139.33056639140463,https://network.mobile.rakuten.co.jp/shopmaster-public/v1/shops,2026-08-17
rakuten,関東,東京都,ジョーシン 王子店,114-0004 東京都北区堀船1丁目23-13 ホームセンターコーナン2F,https://network.mobile.rakuten.co.jp/shop-detail/7810/,7810,2021-07-29,35.751926,139.744211,https://network.mobile.rakuten.co.jp/shopmaster-public/v1/shops,2026-08-17
rakuten,関東,東京都,テックランド ビバホーム八王子多摩美大前店,192-0375 東京都八王子市鑓水2丁目108番1,https://network.mobile.rakuten.co.jp/shop-detail/8431/,8431,2022-09-23,35.61076,139.35274,https://network.mobile.rakuten.co.jp/shopmaster-public/v1/shops,2026-08-17
rakuten,関東,東京都,テックランド 聖蹟桜ヶ丘店,206-0011 東京都多摩市関戸4丁目72 ヴィータモールせいせき 2F～4F,https://network.mobile.rakuten.co.jp/shop-detail/8856/,8856,2025-10-31,35.64972668,139.4470191,https://network.mobile.rakuten.co.jp/shopmaster-public/v1/shops,2026-08-17
rakuten,関東,東京都,テックランドNew葛西店,134-0083 東京都江戸川区中葛西4丁目8-1,https://network.mobile.rakuten.co.jp/shop-detail/8654/,8654,2025-08-30,35.66778317839671,139.86600672249088,https://network.mobile.rakuten.co.jp/shopmaster-public/v1/shops,2026-08-17
rakuten,関東,東京都,テックランド錦糸町店,130-0012 東京都墨田区太平4丁目1-5 2F,https://network.mobile.rakuten.co.jp/shop-detail/8834/,8834,2025-10-11,35.70052200555625,139.817247768062,https://network.mobile.rakuten.co.jp/shopmaster-public/v1/shops,2026-08-17
rakuten,関東,東京都,テックランド狛江店,201-0005 東京都狛江市岩戸南2丁目4-3,https://network.mobile.rakuten.co.jp/shop-detail/8857/,8857,2025-10-25,35.6320933,139.5877267,https://network.mobile.rakuten.co.jp/shopmaster-public/v1/shops,2026-08-17
rakuten,関東,東京都,テックランド東京本店,156-0057 東京都世田谷区上北沢5丁目37-18,https://network.mobile.rakuten.co.jp/shop-detail/8706/,8706,2025-09-06,35.67376101,139.6140114,https://network.mobile.rakuten.co.jp/shopmaster-public/v1/shops,2026-08-17
rakuten,関東,東京都,ビックカメラ AKIBA,101-0021 東京都千代田区外神田4丁目1-1,https://network.mobile.rakuten.co.jp/shop-detail/2411/,2411,2017-06-12,35.699815,139.771783,https://network.mobile.rakuten.co.jp/shopmaster-public/v1/shops,2026-08-17
rakuten,関東,東京都,ビックカメラ JR八王子駅店,192-0083 東京都八王子市旭町1-17 セレオ八王子南館(1F～5F),https://network.mobile.rakuten.co.jp/shop-detail/7501/,7501,2020-02-20,35.654779,139.339003,https://network.mobile.rakuten.co.jp/shopmaster-public/v1/shops,2026-08-17
rakuten,関東,東京都,ビックカメラ 京王調布店,182-0026 東京都調布市小島町2丁目48-6 トリエ京王調布 B館 1～4F,https://network.mobile.rakuten.co.jp/shop-detail/6291/,6291,2019-04-25,35.652251,139.543164,https://network.mobile.rakuten.co.jp/shopmaster-public/v1/shops,2026-08-17
rakuten,関東,東京都,ビックカメラ 渋谷東口店,150-0002 東京都渋谷区渋谷1丁目24-10,https://network.mobile.rakuten.co.jp/shop-detail/6071/,6071,2019-03-29,35.660240,139.702012,https://network.mobile.rakuten.co.jp/shopmaster-public/v1/shops,2026-08-17
rakuten,関東,東京都,ビックカメラ 新宿西口店,160-0023 東京都新宿区西新宿1丁目5-1 新宿西口ハルク 2F～6F,https://network.mobile.rakuten.co.jp/shop-detail/6371/,6371,2019-05-16,35.692683,139.698842,https://network.mobile.rakuten.co.jp/shopmaster-public/v1/shops,2026-08-17
rakuten,関東,東京都,ビックカメラ 新宿東口店,160-0022 東京都新宿区新宿3丁目29-1,https://network.mobile.rakuten.co.jp/shop-detail/7111/,7111,2019-08-31,35.691648,139.703125,https://network.mobile.rakuten.co.jp/shopmaster-public/v1/shops,2026-08-17
rakuten,関東,東京都,ビックカメラ 赤坂見附駅店,107-0052 東京都港区赤坂3丁目1-6,https://network.mobile.rakuten.co.jp/shop-detail/6451/,6451,2019-05-31,35.677139,139.736715,https://network.mobile.rakuten.co.jp/shopmaster-public/v1/shops,2026-08-17
rakuten,関東,東京都,ビックカメラ 池袋西口店,171-0021 東京都豊島区西池袋1丁目16-3,https://network.mobile.rakuten.co.jp/shop-detail/6271/,6271,2019-04-26,35.730945,139.708957,https://network.mobile.rakuten.co.jp/shopmaster-public/v1/shops,2026-08-17
rakuten,関東,東京都,ビックカメラ 池袋本店,170-0013 東京都豊島区東池袋1丁目41-5 2F,https://network.mobile.rakuten.co.jp/shop-detail/7491/,7491,2020-03-02,35.731719,139.712875,https://network.mobile.rakuten.co.jp/shopmaster-public/v1/shops,2026-08-17
rakuten,関東,東京都,ビックカメラ 有楽町店,100-0006 東京都千代田区有楽町1丁目11-1,https://network.mobile.rakuten.co.jp/shop-detail/7421/,7421,2019-11-16,35.675405,139.762902,https://network.mobile.rakuten.co.jp/shopmaster-public/v1/shops,2026-08-17
rakuten,関東,東京都,ビックカメラ 立川店,190-0012 東京都立川市曙町2丁目12-2,https://network.mobile.rakuten.co.jp/shop-detail/6401/,6401,2019-05-30,35.699495,139.414444,https://network.mobile.rakuten.co.jp/shopmaster-public/v1/shops,2026-08-17
rakuten,関東,東京都,みんなのモバイル 高田馬場店,169-0075 東京都新宿区高田馬場1丁目17-17 山口ビル 1F,https://network.mobile.rakuten.co.jp/shop-detail/8522/,8522,2025-01-17,35.71225307845385,139.70739229999995,https://network.mobile.rakuten.co.jp/shopmaster-public/v1/shops,2026-08-17
rakuten,関東,東京都,みんなのモバイル 大久保店,169-0073 東京都新宿区百人町1丁目17-4 SAビル 2F,https://network.mobile.rakuten.co.jp/shop-detail/8523/,8523,2025-01-17,35.70178418811739,139.69709185767235,https://network.mobile.rakuten.co.jp/shopmaster-public/v1/shops,2026-08-17
rakuten,関東,東京都,みんなのモバイル 池袋北口店,171-0021 東京都豊島区西池袋1丁目25-1 恩田ビル 1F,https://network.mobile.rakuten.co.jp/shop-detail/8521/,8521,2025-01-10,35.73189751538793,139.71079450550633,https://network.mobile.rakuten.co.jp/shopmaster-public/v1/shops,2026-08-17
rakuten,関東,東京都,ヤマダデンキ LABI 吉祥寺,180-0003 東京都武蔵野市吉祥寺南町2丁目3-13,https://network.mobile.rakuten.co.jp/shop-detail/7021/,7021,2019-08-23,35.702579,139.580853,https://network.mobile.rakuten.co.jp/shopmaster-public/v1/shops,2026-08-17
rakuten,関東,東京都,ヤマダデンキ LABI 渋谷,150-0043 東京都渋谷区道玄坂2丁目29-20,https://network.mobile.rakuten.co.jp/shop-detail/6641/,6641,2019-06-14,35.659810,139.698147,https://network.mobile.rakuten.co.jp/shopmaster-public/v1/shops,2026-08-17
rakuten,関東,東京都,ヤマダデンキ LABI 新宿西口館,163-0023 東京都新宿区西新宿1丁目18-8,https://network.mobile.rakuten.co.jp/shop-detail/7661/,7661,2020-08-26,35.688529,139.697918,https://network.mobile.rakuten.co.jp/shopmaster-public/v1/shops,2026-08-17
rakuten,関東,東京都,ヤマダデンキ LABI 東京八重洲,103-0028 東京都中央区八重洲1丁目5-22,https://network.mobile.rakuten.co.jp/shop-detail/6701/,6701,2019-06-27,35.682187,139.770662,https://network.mobile.rakuten.co.jp/shopmaster-public/v1/shops,2026-08-17
rakuten,関東,東京都,ヤマダデンキ テックランド平和台駅前店,179-0081 東京都練馬区北町6丁目32-5,https://network.mobile.rakuten.co.jp/shop-detail/7241/,7241,2019-09-14,35.758167,139.651856,https://network.mobile.rakuten.co.jp/shopmaster-public/v1/shops,2026-08-17
rakuten,関東,東京都,ヨドバシカメラ マルチメディアAKIBA,101-0028 東京都千代田区神田花岡町1-1,https://network.mobile.rakuten.co.jp/shop-detail/7591/,7591,2020-08-20,35.699211,139.774692,https://network.mobile.rakuten.co.jp/shopmaster-public/v1/shops,2026-08-17
rakuten,関東,東京都,ヨドバシカメラ マルチメディア吉祥寺,180-0004 東京都武蔵野市吉祥寺本町1丁目19-1,https://network.mobile.rakuten.co.jp/shop-detail/7705/,7705,2020-09-23,35.70474,139.581562,https://network.mobile.rakuten.co.jp/shopmaster-public/v1/shops,2026-08-17
rakuten,関東,東京都,ヨドバシカメラ マルチメディア錦糸町,130-8580 東京都墨田区江東橋3丁目14-5 テルミナ1F,https://network.mobile.rakuten.co.jp/shop-detail/7715/,7715,2020-11-12,35.69723,139.813576,https://network.mobile.rakuten.co.jp/shopmaster-public/v1/shops,2026-08-17
rakuten,関東,東京都,ヨドバシカメラ マルチメディア上野,110-0005 東京都台東区上野4丁目10-10,https://network.mobile.rakuten.co.jp/shop-detail/7726/,7726,2020-12-01,35.711288,139.774476,https://network.mobile.rakuten.co.jp/shopmaster-public/v1/shops,2026-08-17
rakuten,関東,東京都,ヨドバシカメラ マルチメディア新宿東口,160-0022 東京都新宿区新宿3丁目26-7 マルチメディア新宿東口4F,https://network.mobile.rakuten.co.jp/shop-detail/7728/,7728,2020-12-02,35.691827,139.701904,https://network.mobile.rakuten.co.jp/shopmaster-public/v1/shops,2026-08-17
rakuten,関東,東京都,ヨドバシカメラ マルチメディア池袋店,171-0022 東京都豊島区南池袋1丁目28-1,https://network.mobile.rakuten.co.jp/shop-detail/1503/,1503,2026-06-30,35.72882503,139.7118824,https://network.mobile.rakuten.co.jp/shopmaster-public/v1/shops,2026-08-17
rakuten,関東,東京都,ヨドバシカメラ マルチメディア町田,194-0013 東京都町田市原町田1丁目1-11,https://network.mobile.rakuten.co.jp/shop-detail/7703/,7703,2020-09-28,35.542198,139.444811,https://network.mobile.rakuten.co.jp/shopmaster-public/v1/shops,2026-08-17
rakuten,関東,東京都,ヨドバシカメラ 新宿西口本店,160-0023 東京都新宿区西新宿1丁目11-1,https://network.mobile.rakuten.co.jp/shop-detail/7621/,7621,2020-08-26,35.690011,139.697939,https://network.mobile.rakuten.co.jp/shopmaster-public/v1/shops,2026-08-17
rakuten,関東,東京都,ヨドバシカメラ 八王子店,192-0082 東京都八王子市東町7-4,https://network.mobile.rakuten.co.jp/shop-detail/7727/,7727,2020-11-27,35.658376,139.339687,https://network.mobile.rakuten.co.jp/shopmaster-public/v1/shops,2026-08-17
rakuten,関東,東京都,楽天モバイル MARK IS 葛飾かなまち店,125-0041 東京都葛飾区東金町1丁目10-1 MARK IS 葛飾かなまち 3F,https://network.mobile.rakuten.co.jp/shop-detail/8644/,8644,2025-09-02,35.7705085801156,139.86715776528,https://network.mobile.rakuten.co.jp/shopmaster-public/v1/shops,2026-08-17
rakuten,関東,東京都,楽天モバイル アリオ西新井店,123-0843 東京都足立区西新井栄町1丁目20-1 アリオ西新井2F　210-2,https://network.mobile.rakuten.co.jp/shop-detail/7401/,7401,2019-11-29,35.774883,139.786227,https://network.mobile.rakuten.co.jp/shopmaster-public/v1/shops,2026-08-17
rakuten,関東,東京都,楽天モバイル アリオ北砂店,136-0073 東京都江東区北砂2丁目17-1 アリオ北砂2F,https://network.mobile.rakuten.co.jp/shop-detail/7211/,7211,2019-09-30,35.683205,139.825562,https://network.mobile.rakuten.co.jp/shopmaster-public/v1/shops,2026-08-17
rakuten,関東,東京都,楽天モバイル イーアス高尾店,193-0834 東京都八王子市東浅川町550-1 イーアス高尾 2F,https://network.mobile.rakuten.co.jp/shop-detail/1468/,1468,2019-04-12,35.6433858,139.2889768,https://network.mobile.rakuten.co.jp/shopmaster-public/v1/shops,2026-08-17
rakuten,関東,東京都,楽天モバイル イオンモールむさし村山店,208-0022 東京都武蔵村山市榎1丁目1-3 イオンモールむさし村山 3F,https://network.mobile.rakuten.co.jp/shop-detail/1467/,1467,2019-03-20,35.7464534,139.3852562,https://network.mobile.rakuten.co.jp/shopmaster-public/v1/shops,2026-08-17
rakuten,関東,東京都,楽天モバイル イオンモール多摩平の森店,191-0062 東京都日野市多摩平2丁目4-1 イオンモール多摩平の森 2F,https://network.mobile.rakuten.co.jp/shop-detail/1400/,1400,2019-02-15,35.66196,139.38056,https://network.mobile.rakuten.co.jp/shopmaster-public/v1/shops,2026-08-17
rakuten,関東,東京都,楽天モバイル イオンモール東久留米店,203-0023 東京都東久留米市南沢5丁目17-62 イオンモール東久留米 307,https://network.mobile.rakuten.co.jp/shop-detail/7781/,7781,2021-07-01,35.744949,139.527215,https://network.mobile.rakuten.co.jp/shopmaster-public/v1/shops,2026-08-17
rakuten,関東,東京都,楽天モバイル イオンモール日の出店,190-0182 東京都西多摩郡日の出町平井字三吉野桜木237-3,https://network.mobile.rakuten.co.jp/shop-detail/4771/,4771,2018-10-19,35.734962,139.274850,https://network.mobile.rakuten.co.jp/shopmaster-public/v1/shops,2026-08-17
rakuten,関東,東京都,楽天モバイル イトーヨーカドー武蔵境店,180-0023 東京都武蔵野市境南町2丁目3-6 イトーヨーカドー武蔵境店 西館4F,https://network.mobile.rakuten.co.jp/shop-detail/7932/,7932,2021-12-10,35.70130224,139.545095,https://network.mobile.rakuten.co.jp/shopmaster-public/v1/shops,2026-08-17
rakuten,関東,東京都,楽天モバイル オリナス錦糸町店,130-0012 東京都墨田区太平4丁目1-2 オリナス錦糸町 2F,https://network.mobile.rakuten.co.jp/shop-detail/1417/,1417,2026-03-20,35.7007641,139.8160288,https://network.mobile.rakuten.co.jp/shopmaster-public/v1/shops,2026-08-17
rakuten,関東,東京都,楽天モバイル ココリア多摩センター店,206-0033 東京都多摩市落合1丁目46-1 ココリア多摩センター 1F 106号室,https://network.mobile.rakuten.co.jp/shop-detail/8966/,8966,2025-11-01,35.62230466,139.4249582,https://network.mobile.rakuten.co.jp/shopmaster-public/v1/shops,2026-08-17
rakuten,関東,東京都,楽天モバイル コビルナ町田店,194-0013 東京都町田市原町田6丁目9-19 covirna machida 1F,https://network.mobile.rakuten.co.jp/shop-detail/7857/,7857,2021-11-01,35.54330601,139.4464575,https://network.mobile.rakuten.co.jp/shopmaster-public/v1/shops,2026-08-17
rakuten,関東,東京都,楽天モバイル ハッピーロード大山店,173-0023 東京都板橋区大山町31-2,https://network.mobile.rakuten.co.jp/shop-detail/7772/,7772,2019-11-29,35.749009,139.700990,https://network.mobile.rakuten.co.jp/shopmaster-public/v1/shops,2026-08-17
rakuten,関東,東京都,楽天モバイル ひばりが丘北口店,202-0002 東京都西東京市ひばりが丘北3丁目3-20 1F,https://network.mobile.rakuten.co.jp/shop-detail/1307/,1307,2025-12-20,35.752122829012706,139.54519379413526,https://network.mobile.rakuten.co.jp/shopmaster-public/v1/shops,2026-08-17
rakuten,関東,東京都,楽天モバイル ミーツ国分寺店,185-0012 東京都国分寺市本町3丁目1-1 ミーツ国分寺 4F,https://network.mobile.rakuten.co.jp/shop-detail/7941/,7941,2022-01-12,35.70082176,139.4804412,https://network.mobile.rakuten.co.jp/shopmaster-public/v1/shops,2026-08-17
rakuten,関東,東京都,楽天モバイル ヤエチカ店,104-0028 東京都中央区八重洲2丁目1 八重洲地下街中三号八重洲地下街,https://network.mobile.rakuten.co.jp/shop-detail/8480/,8480,2023-04-01,35.67993982,139.7705592,https://network.mobile.rakuten.co.jp/shopmaster-public/v1/shops,2026-08-17
rakuten,関東,東京都,楽天モバイル ららぽーと立川立飛店,190-0015 東京都立川市泉町935-1 ららぽーと立川立飛　3F　3250号室,https://network.mobile.rakuten.co.jp/shop-detail/7341/,7341,2019-11-08,35.712883,139.417415,https://network.mobile.rakuten.co.jp/shopmaster-public/v1/shops,2026-08-17
rakuten,関東,東京都,楽天モバイル 阿佐ヶ谷店,166-0004 東京都杉並区阿佐谷南1丁目35-17 KYOEPLAZA阿佐ヶ谷1F,https://network.mobile.rakuten.co.jp/shop-detail/1085/,1085,2025-12-12,35.702841070461936,139.6365759591606,https://network.mobile.rakuten.co.jp/shopmaster-public/v1/shops,2026-08-17
rakuten,関東,東京都,楽天モバイル 綾瀬店,120-0005 東京都足立区綾瀬3丁目1-6 綾瀬高架下区画,https://network.mobile.rakuten.co.jp/shop-detail/7793/,7793,2021-07-01,35.76243705,139.8261216,https://network.mobile.rakuten.co.jp/shopmaster-public/v1/shops,2026-08-17
rakuten,関東,東京都,楽天モバイル 荻窪店,167-0051 東京都杉並区荻窪5丁目28-12 サカエビル,https://network.mobile.rakuten.co.jp/shop-detail/7827/,7827,2021-09-01,35.70409633,139.6210817,https://network.mobile.rakuten.co.jp/shopmaster-public/v1/shops,2026-08-17
rakuten,関東,東京都,楽天モバイル 下北沢店,155-0031 東京都世田谷区北沢2丁目10-10 いさみやビル1F,https://network.mobile.rakuten.co.jp/shop-detail/6141/,6141,2019-03-29,35.661936,139.668035,https://network.mobile.rakuten.co.jp/shopmaster-public/v1/shops,2026-08-17
rakuten,関東,東京都,楽天モバイル 河辺店,198-0036 東京都青梅市河辺町10丁目11-4 橋本ビル 1F,https://network.mobile.rakuten.co.jp/shop-detail/8643/,8643,2025-09-01,35.7869913442237,139.286277391194,https://network.mobile.rakuten.co.jp/shopmaster-public/v1/shops,2026-08-17
rakuten,関東,東京都,楽天モバイル 学芸大学店,152-0004 東京都目黒区鷹番3丁目8-6 パロ学芸大学,https://network.mobile.rakuten.co.jp/shop-detail/8509/,8509,2021-08-17,35.62953257,139.685245,https://network.mobile.rakuten.co.jp/shopmaster-public/v1/shops,2026-08-17
rakuten,関東,東京都,楽天モバイル 葛西店,134-0083 東京都江戸川区中葛西3丁目29-15 i-GATE　1F,https://network.mobile.rakuten.co.jp/shop-detail/7764/,7764,2017-06-30,35.665708,139.872926,https://network.mobile.rakuten.co.jp/shopmaster-public/v1/shops,2026-08-17
rakuten,関東,東京都,楽天モバイル 蒲田店,144-0052 東京都大田区蒲田5丁目38-1 第一美須ビル,https://network.mobile.rakuten.co.jp/shop-detail/2751/,2751,2017-10-13,35.56161207,139.7170963,https://network.mobile.rakuten.co.jp/shopmaster-public/v1/shops,2026-08-17
rakuten,関東,東京都,楽天モバイル 亀有店,125-0061 東京都葛飾区亀有3丁目29-1 リリオ弐番館 1F 109区画,https://network.mobile.rakuten.co.jp/shop-detail/8745/,8745,2025-11-14,35.7659262166849,139.848890066109,https://network.mobile.rakuten.co.jp/shopmaster-public/v1/shops,2026-08-17
rakuten,関東,東京都,楽天モバイル 吉祥寺駅前店,180-0004 東京都武蔵野市吉祥寺本町1丁目1-1 吉祥寺富士ビル 1F,https://network.mobile.rakuten.co.jp/shop-detail/2071/,2071,2017-03-24,35.70356464212612,139.57950928440144,https://network.mobile.rakuten.co.jp/shopmaster-public/v1/shops,2026-08-17
rakuten,関東,東京都,楽天モバイル 京王聖蹟桜ヶ丘店,206-0002 東京都多摩市一ノ宮2丁目11-32 京王聖蹟桜ヶ丘西側高架下建物 1F 第D号区画,https://network.mobile.rakuten.co.jp/shop-detail/1363/,1363,2025-12-26,35.65062838109712,139.446390306363,https://network.mobile.rakuten.co.jp/shopmaster-public/v1/shops,2026-08-17
rakuten,関東,東京都,楽天モバイル 銀座店,104-0061 東京都中央区銀座5丁目1 銀座ファイブ 1F<br> <custom-txt-cap>※最寄り出口 東京メトロC1出口</custom-txt-cap>,https://network.mobile.rakuten.co.jp/shop-detail/0181/,0181,2015-10-29,35.672710,139.761949,https://network.mobile.rakuten.co.jp/shopmaster-public/v1/shops,2026-08-17
rakuten,関東,東京都,楽天モバイル 駒込店,170-0003 東京都豊島区駒込2丁目15-9 D・B駒込II　1F,https://network.mobile.rakuten.co.jp/shop-detail/7913/,7913,2021-12-10,35.73773417,139.7494164,https://network.mobile.rakuten.co.jp/shopmaster-public/v1/shops,2026-08-17
rakuten,関東,東京都,楽天モバイル 経堂店,156-0052 東京都世田谷区経堂2丁目2ｰ10 PLUM BOX 8 101番区画,https://network.mobile.rakuten.co.jp/shop-detail/1080/,1080,2021-08-06,35.65195589,139.6368619,https://network.mobile.rakuten.co.jp/shopmaster-public/v1/shops,2026-08-17
rakuten,関東,東京都,楽天モバイル 五反田駅前店,141-0022 東京都品川区東五反田1丁目13-8,https://network.mobile.rakuten.co.jp/shop-detail/6991/,6991,2019-08-31,35.626374,139.724506,https://network.mobile.rakuten.co.jp/shopmaster-public/v1/shops,2026-08-17
rakuten,関東,東京都,楽天モバイル 光が丘IMA店,179-0072 東京都練馬区光が丘5丁目1-1 光が丘IMA3F,https://network.mobile.rakuten.co.jp/shop-detail/7723/,7723,2020-12-08,35.7596188,139.6284627,https://network.mobile.rakuten.co.jp/shopmaster-public/v1/shops,2026-08-17
rakuten,関東,東京都,楽天モバイル 高円寺店,166-0002 東京都杉並区高円寺北2丁目7-6 1F,https://network.mobile.rakuten.co.jp/shop-detail/7867/,7867,2021-11-26,35.70656462177447,139.64980143849547,https://network.mobile.rakuten.co.jp/shopmaster-public/v1/shops,2026-08-17
rakuten,関東,東京都,楽天モバイル 高田馬場店,169-0075 東京都新宿区高田馬場1丁目25-31 総生軒ビル,https://network.mobile.rakuten.co.jp/shop-detail/7842/,7842,2021-10-05,35.71225691,139.7066702,https://network.mobile.rakuten.co.jp/shopmaster-public/v1/shops,2026-08-17
rakuten,関東,東京都,楽天モバイル 三軒茶屋店,154-0024 東京都世田谷区三軒茶屋2丁目14-12,https://network.mobile.rakuten.co.jp/shop-detail/7141/,7141,2019-09-12,35.643247,139.669620,https://network.mobile.rakuten.co.jp/shopmaster-public/v1/shops,2026-08-17
rakuten,関東,東京都,楽天モバイル 三鷹コラル店,181-0013 東京都三鷹市下連雀3丁目35-1 三鷹コラル 2F,https://network.mobile.rakuten.co.jp/shop-detail/1245/,1245,2025-12-20,35.70183869924791,139.5608288972229,https://network.mobile.rakuten.co.jp/shopmaster-public/v1/shops,2026-08-17
rakuten,関東,東京都,楽天モバイル 自由が丘店,152-0035 東京都目黒区自由が丘1丁目12-5 美観ビル 1F,https://network.mobile.rakuten.co.jp/shop-detail/2591/,2591,2017-08-01,35.607961,139.669756,https://network.mobile.rakuten.co.jp/shopmaster-public/v1/shops,2026-08-17
rakuten,関東,東京都,楽天モバイル 秋葉原店,101-0021 東京都千代田区外神田1丁目13-1 Akiba1131.bldg,https://network.mobile.rakuten.co.jp/shop-detail/7834/,7834,2021-09-24,35.69907811,139.771643,https://network.mobile.rakuten.co.jp/shopmaster-public/v1/shops,2026-08-17
rakuten,関東,東京都,楽天モバイル 十条店,114-0031 東京都北区十条仲原1丁目8-28,https://network.mobile.rakuten.co.jp/shop-detail/8493/,8493,2021-08-27,35.7620731,139.7211161,https://network.mobile.rakuten.co.jp/shopmaster-public/v1/shops,2026-08-17
rakuten,関東,東京都,楽天モバイル 渋谷公園通り店,150-0041 東京都渋谷区神南1丁目20-6 マ・メゾンしぶや公園通りビル,https://network.mobile.rakuten.co.jp/shop-detail/0111/,0111,2020-05-16,35.661853,139.700184,https://network.mobile.rakuten.co.jp/shopmaster-public/v1/shops,2026-08-17
rakuten,関東,東京都,楽天モバイル 昭島モリタウン店,196-0005 東京都昭島市代官山2丁目3-1 ショッピングセンターモリタウン,https://network.mobile.rakuten.co.jp/shop-detail/7774/,7774,2021-06-25,35.71411231,139.3621547,https://network.mobile.rakuten.co.jp/shopmaster-public/v1/shops,2026-08-17
rakuten,関東,東京都,楽天モバイル 上野広小路店,110-0005 東京都台東区上野4丁目5-4 宮田ビル1F,https://network.mobile.rakuten.co.jp/shop-detail/7754/,7754,2021-04-30,35.708752,139.77351,https://network.mobile.rakuten.co.jp/shopmaster-public/v1/shops,2026-08-17
rakuten,関東,東京都,楽天モバイル 新宿サブナード店,160-0021 東京都新宿区歌舞伎町1丁目2-2 （地下新宿サブナード内）,https://network.mobile.rakuten.co.jp/shop-detail/2681/,2681,2017-09-11,35.693422,139.702297,https://network.mobile.rakuten.co.jp/shopmaster-public/v1/shops,2026-08-17
rakuten,関東,東京都,楽天モバイル 新小岩ルミエール店,124-0024 東京都葛飾区新小岩1丁目42-8 1F ケンコクドアネックス,https://network.mobile.rakuten.co.jp/shop-detail/5691/,5691,2019-03-01,35.715913,139.859205,https://network.mobile.rakuten.co.jp/shopmaster-public/v1/shops,2026-08-17
rakuten,関東,東京都,楽天モバイル 瑞江店,132-0011 東京都江戸川区瑞江2丁目4-3 プラウド瑞江,https://network.mobile.rakuten.co.jp/shop-detail/8292/,8292,2022-03-31,35.69372,139.89844,https://network.mobile.rakuten.co.jp/shopmaster-public/v1/shops,2026-08-17
rakuten,関東,東京都,楽天モバイル 成増店,175-0094 東京都板橋区成増2丁目17-19 長太郎第15ビル　1F,https://network.mobile.rakuten.co.jp/shop-detail/8798/,8798,2025-11-28,35.77762990856252,139.6304609862677,https://network.mobile.rakuten.co.jp/shopmaster-public/v1/shops,2026-08-17
rakuten,関東,東京都,楽天モバイル 清瀬店,204-0022 東京都清瀬市松山1丁目11-16 1F,https://network.mobile.rakuten.co.jp/shop-detail/1394/,1394,2026-02-21,35.771262431017135,139.5191040510603,https://network.mobile.rakuten.co.jp/shopmaster-public/v1/shops,2026-08-17
rakuten,関東,東京都,楽天モバイル 西葛西店,134-0088 東京都江戸川区西葛西6丁目12-7 ミルメゾン1F,https://network.mobile.rakuten.co.jp/shop-detail/8215/,8215,2022-03-01,35.6630066,139.8594498,https://network.mobile.rakuten.co.jp/shopmaster-public/v1/shops,2026-08-17
rakuten,関東,東京都,楽天モバイル 石神井公園店,177-0041 東京都練馬区石神井町3丁目25-21 1F 106区画,https://network.mobile.rakuten.co.jp/shop-detail/1406/,1406,2026-02-04,35.74333,139.60438,https://network.mobile.rakuten.co.jp/shopmaster-public/v1/shops,2026-08-17
rakuten,関東,東京都,楽天モバイル 赤羽店,115-0045 東京都北区赤羽2丁目16-1 スズオリビル 1F,https://network.mobile.rakuten.co.jp/shop-detail/1398/,1398,2019-05-31,35.77965,139.72308,https://network.mobile.rakuten.co.jp/shopmaster-public/v1/shops,2026-08-17
rakuten,関東,東京都,楽天モバイル 仙川店,182-0002 東京都調布市仙川町1丁目18-7 清心堂ビル 1F,https://network.mobile.rakuten.co.jp/shop-detail/1030/,1030,2025-12-05,35.661529964388286,139.5848703672175,https://network.mobile.rakuten.co.jp/shopmaster-public/v1/shops,2026-08-17
rakuten,関東,東京都,楽天モバイル 浅草店,111-0032 東京都台東区浅草1丁目5-2 ライオンズマンション浅草雷門 1F,https://network.mobile.rakuten.co.jp/shop-detail/8398/,8398,2022-06-10,35.71129166,139.7943297,https://network.mobile.rakuten.co.jp/shopmaster-public/v1/shops,2026-08-17
rakuten,関東,東京都,楽天モバイル 船堀店,134-0091 東京都江戸川区船堀3丁目5-7 船堀トキビル 1F,https://network.mobile.rakuten.co.jp/shop-detail/8527/,8527,2022-04-01,35.68311583,139.8639003,https://network.mobile.rakuten.co.jp/shopmaster-public/v1/shops,2026-08-17
rakuten,関東,東京都,楽天モバイル 巣鴨店,170-0002 東京都豊島区巣鴨3丁目27-7 保坂ビル,https://network.mobile.rakuten.co.jp/shop-detail/7792/,7792,2021-07-01,35.73335053,139.7382518,https://network.mobile.rakuten.co.jp/shopmaster-public/v1/shops,2026-08-17
rakuten,関東,東京都,楽天モバイル 大井町店,140-0014 東京都品川区大井1丁目11-4 光陽産業大井ガスビル 1F,https://network.mobile.rakuten.co.jp/shop-detail/7942/,7942,2022-01-11,35.60770814,139.7326165,https://network.mobile.rakuten.co.jp/shopmaster-public/v1/shops,2026-08-17
rakuten,関東,東京都,楽天モバイル 大森駅前店,143-0016 東京都大田区大森北1-34-3 T･YビルII 1F,https://network.mobile.rakuten.co.jp/shop-detail/5531/,5531,2019-02-01,35.586458,139.727498,https://network.mobile.rakuten.co.jp/shopmaster-public/v1/shops,2026-08-17
rakuten,関東,東京都,楽天モバイル 大泉学園店,178-0063 東京都練馬区東大泉1丁目28-1 1F,https://network.mobile.rakuten.co.jp/shop-detail/2011/,2011,2017-03-04,35.749620,139.587705,https://network.mobile.rakuten.co.jp/shopmaster-public/v1/shops,2026-08-17
rakuten,関東,東京都,楽天モバイル 大塚店,170-0005 東京都豊島区南大塚3丁目55-3 光伸遠藤ビル 1F,https://network.mobile.rakuten.co.jp/shop-detail/8314/,8314,2022-04-15,35.730791,139.728110,https://network.mobile.rakuten.co.jp/shopmaster-public/v1/shops,2026-08-17
rakuten,関東,東京都,楽天モバイル 池袋西口店,171-0021 東京都豊島区西池袋1丁目16-1 新東第二ビル,https://network.mobile.rakuten.co.jp/shop-detail/7866/,7866,2021-11-05,35.730817,139.7092022,https://network.mobile.rakuten.co.jp/shopmaster-public/v1/shops,2026-08-17
rakuten,関東,東京都,楽天モバイル 池袋東口店,171-0022 東京都豊島区南池袋1丁目19-5　Gビル南池袋01 1F,https://network.mobile.rakuten.co.jp/shop-detail/6231/,6231,2019-04-25,35.727639,139.712278,https://network.mobile.rakuten.co.jp/shopmaster-public/v1/shops,2026-08-17
rakuten,関東,東京都,楽天モバイル 竹ノ塚店,121-0813 東京都足立区竹の塚6丁目3-15 ラヤマビル1F,https://network.mobile.rakuten.co.jp/shop-detail/5321/,5321,2018-12-13,35.794216,139.793844,https://network.mobile.rakuten.co.jp/shopmaster-public/v1/shops,2026-08-17
rakuten,関東,東京都,楽天モバイル 中野サンモール店,164-0001 東京都中野区中野5丁目64-10 サンモール中野ビル1F,https://network.mobile.rakuten.co.jp/shop-detail/2221/,2221,2017-04-28,35.706586,139.665708,https://network.mobile.rakuten.co.jp/shopmaster-public/v1/shops,2026-08-17
rakuten,関東,東京都,楽天モバイル 町屋店,116-0001 東京都荒川区町屋1丁目4-3,https://network.mobile.rakuten.co.jp/shop-detail/1377/,1377,2026-01-16,35.744299715547626,139.78165057383848,https://network.mobile.rakuten.co.jp/shopmaster-public/v1/shops,2026-08-17
rakuten,関東,東京都,楽天モバイル 調布駅前店,182-0024 東京都調布市布田4丁目17-10 セントラルレジデンス調布102号,https://network.mobile.rakuten.co.jp/shop-detail/1951/,1951,2017-02-02,35.650884,139.543678,https://network.mobile.rakuten.co.jp/shopmaster-public/v1/shops,2026-08-17
rakuten,関東,東京都,楽天モバイル 蔦屋書店八王子みなみ野店,192-0916 東京都八王子市みなみ野1-7-7,https://network.mobile.rakuten.co.jp/shop-detail/8765/,8765,2025-09-25,35.63246617448523,139.32709960912288,https://network.mobile.rakuten.co.jp/shopmaster-public/v1/shops,2026-08-17
rakuten,関東,東京都,楽天モバイル 鶴川駅前店,195-0053 東京都町田市能ヶ谷1丁目5-2 アップルスタジオフラッツ 2F A区画,https://network.mobile.rakuten.co.jp/shop-detail/1135/,1135,2025-11-29,35.583412359583214,139.48036385100065,https://network.mobile.rakuten.co.jp/shopmaster-public/v1/shops,2026-08-17
rakuten,関東,東京都,楽天モバイル 田無アスタ店,188-0011 東京都西東京市田無町2丁目1-1 アスタ田無専門店街 2F,https://network.mobile.rakuten.co.jp/shop-detail/8732/,8732,2025-10-01,35.728,139.540,https://network.mobile.rakuten.co.jp/shopmaster-public/v1/shops,2026-08-17
rakuten,関東,東京都,楽天モバイル 東京ソラマチ店,131-0045 東京都墨田区押上1丁目1-2 東京ソラマチ 3F<br><custom-txt-cap>※ウエストヤード 2番地　フードコート奥<br>※東武スカイツリー駅側入り口からすぐ</custom-txt-cap>,https://network.mobile.rakuten.co.jp/shop-detail/8415/,8415,2022-07-15,35.71050862,139.8107731,https://network.mobile.rakuten.co.jp/shopmaster-public/v1/shops,2026-08-17
rakuten,関東,東京都,楽天モバイル 東中野店,164-0003 東京都中野区東中野3丁目8-3 1F,https://network.mobile.rakuten.co.jp/shop-detail/1207/,1207,2025-12-05,35.7069674482224,139.68267942206685,https://network.mobile.rakuten.co.jp/shopmaster-public/v1/shops,2026-08-17
rakuten,関東,東京都,楽天モバイル 東陽町東京イースト21店,135-0016 東京都江東区東陽6丁目3-2 東京イースト 1F 127-A区画,https://network.mobile.rakuten.co.jp/shop-detail/8820/,8820,2025-10-09,35.67544538,139.8153725,https://network.mobile.rakuten.co.jp/shopmaster-public/v1/shops,2026-08-17
rakuten,関東,東京都,楽天モバイル 二子玉川店,158-0094 東京都世田谷区玉川1丁目14-1 二子玉川ライズ・ショッピングセンター テラスマーケットE2020,https://network.mobile.rakuten.co.jp/shop-detail/0131/,0131,2020-05-15,35.61034421822453,139.6299438888889,https://network.mobile.rakuten.co.jp/shopmaster-public/v1/shops,2026-08-17
rakuten,関東,東京都,楽天モバイル 日暮里店,116-0013 東京都荒川区西日暮里2丁目20-1 サンマークシティ日暮里ステーションポートタワー108,https://network.mobile.rakuten.co.jp/shop-detail/7800/,7800,2021-08-01,35.72902676,139.7707717,https://network.mobile.rakuten.co.jp/shopmaster-public/v1/shops,2026-08-17
rakuten,関東,東京都,楽天モバイル 白山駅前店,113-0001 東京都文京区白山1丁目33-21 白山田澤ビル 1F,https://network.mobile.rakuten.co.jp/shop-detail/1327/,1327,2025-12-24,35.72136228354002,139.7524456450534,https://network.mobile.rakuten.co.jp/shopmaster-public/v1/shops,2026-08-17
rakuten,関東,東京都,楽天モバイル 八王子店,192-0084 東京都八王子市三崎町4-12,https://network.mobile.rakuten.co.jp/shop-detail/7231/,7231,2019-09-20,35.657619,139.337235,https://network.mobile.rakuten.co.jp/shopmaster-public/v1/shops,2026-08-17
rakuten,関東,東京都,楽天モバイル 表参道店,150-0001 東京都渋谷区神宮前5丁目50-6 表参道TWビル1F,https://network.mobile.rakuten.co.jp/shop-detail/8412/,8412,2022-07-01,35.66298255587107,139.7099580421032,https://network.mobile.rakuten.co.jp/shopmaster-public/v1/shops,2026-08-17
rakuten,関東,東京都,楽天モバイル 府中店,183-0056 東京都府中市寿町1丁目1-19 山三第6ビル,https://network.mobile.rakuten.co.jp/shop-detail/7830/,7830,2021-09-24,35.67265343,139.4789082,https://network.mobile.rakuten.co.jp/shopmaster-public/v1/shops,2026-08-17
rakuten,関東,東京都,楽天モバイル 武蔵小山店,142-0062 東京都品川区小山3丁目15-1 パークシティ武蔵小山　ザ モール1F,https://network.mobile.rakuten.co.jp/shop-detail/7773/,7773,2020-02-14,35.620528,139.704896,https://network.mobile.rakuten.co.jp/shopmaster-public/v1/shops,2026-08-17
rakuten,関東,東京都,楽天モバイル 福生店,197-0011 東京都福生市福生1044,https://network.mobile.rakuten.co.jp/shop-detail/8804/,8804,2025-10-17,35.74164868981907,139.32668543298576,https://network.mobile.rakuten.co.jp/shopmaster-public/v1/shops,2026-08-17
rakuten,関東,東京都,楽天モバイル 北千住店,120-0034 東京都足立区千住3丁目75-3 千樹ビル,https://network.mobile.rakuten.co.jp/shop-detail/5641/,5641,2019-02-15,35.750664,139.803493,https://network.mobile.rakuten.co.jp/shopmaster-public/v1/shops,2026-08-17
rakuten,関東,東京都,楽天モバイル 目黒店,141-0021 東京都品川区上大崎2丁目15-15 伊多喜ビル,https://network.mobile.rakuten.co.jp/shop-detail/7832/,7832,2021-09-30,35.63423106,139.7168302,https://network.mobile.rakuten.co.jp/shopmaster-public/v1/shops,2026-08-17
rakuten,関東,東京都,楽天モバイル 有明ガーデン店,135-0063 東京都江東区有明2丁目1-8 住友不動産ショッピングシティ有明ガーデン 4F 440区画,https://network.mobile.rakuten.co.jp/shop-detail/8894/,8894,2025-10-31,35.63822673,139.7929229,https://network.mobile.rakuten.co.jp/shopmaster-public/v1/shops,2026-08-17
rakuten,関東,東京都,楽天モバイル 立川フロム中武店,190-0012 東京都立川市曙町2丁目11-2 フロム中武1F,https://network.mobile.rakuten.co.jp/shop-detail/8478/,8478,2023-04-01,35.69977837635718,139.4148903,https://network.mobile.rakuten.co.jp/shopmaster-public/v1/shops,2026-08-17
rakuten,関東,東京都,楽天モバイル 練馬店,176-0001 東京都練馬区練馬1丁目4-3 福丸ビル 1F,https://network.mobile.rakuten.co.jp/shop-detail/8336/,8336,2022-04-28,35.73752345,139.654436,https://network.mobile.rakuten.co.jp/shopmaster-public/v1/shops,2026-08-17
rakuten,関東,東京都,楽天モバイル 六本木店,106-0032 東京都港区六本木5丁目1-3 六本木ゴトウビルディング1st 2F,https://network.mobile.rakuten.co.jp/shop-detail/7752/,7752,2021-04-30,35.66286774,139.7327649,https://network.mobile.rakuten.co.jp/shopmaster-public/v1/shops,2026-08-17
rakuten,四国,徳島県,Tecc LIFE SELECT 徳島本店,770-0804 徳島県徳島市中吉野町4丁目1-1,https://network.mobile.rakuten.co.jp/shop-detail/7862/,7862,2021-10-19,34.08711323,134.5497765,https://network.mobile.rakuten.co.jp/shopmaster-public/v1/shops,2026-08-17
rakuten,四国,徳島県,ケーズデンキ 沖浜店,770-8053 徳島県徳島市沖浜東3丁目62,https://network.mobile.rakuten.co.jp/shop-detail/8328/,8328,2022-05-01,34.04995034,134.552772,https://network.mobile.rakuten.co.jp/shopmaster-public/v1/shops,2026-08-17
rakuten,四国,徳島県,ケーズデンキ 藍住店,771-1265 徳島県板野郡藍住町住吉字千鳥ヶ浜17-1,https://network.mobile.rakuten.co.jp/shop-detail/1057/,1057,2025-12-05,34.11639532233498,134.50421747256036,https://network.mobile.rakuten.co.jp/shopmaster-public/v1/shops,2026-08-17
rakuten,四国,徳島県,楽天モバイル イオンモール徳島店,770-0865 徳島県徳島市南末広町4-1 イオンモール徳島 4F,https://network.mobile.rakuten.co.jp/shop-detail/8558/,8558,2025-05-01,34.06268377,134.5732608,https://network.mobile.rakuten.co.jp/shopmaster-public/v1/shops,2026-08-17
rakuten,四国,徳島県,楽天モバイル ザ・ビッグエクストラ阿南店,774-0011 徳島県阿南市領家町天神前432-1 ザ・ビッグエクストラ阿南 1F,https://network.mobile.rakuten.co.jp/shop-detail/1286/,1286,2025-12-18,33.926389420376076,134.67025217250392,https://network.mobile.rakuten.co.jp/shopmaster-public/v1/shops,2026-08-17
rakuten,四国,徳島県,楽天モバイル フジグラン石井店,779-3222 徳島県名西郡石井町高川原天神544-1,https://network.mobile.rakuten.co.jp/shop-detail/8768/,8768,2025-09-25,34.08389235,134.4422947,https://network.mobile.rakuten.co.jp/shopmaster-public/v1/shops,2026-08-17
rakuten,四国,徳島県,楽天モバイル ゆめタウン徳島店,771-1202 徳島県板野郡藍住町奥字東中須88-1 ゆめタウン徳島,https://network.mobile.rakuten.co.jp/shop-detail/8165/,8165,2022-02-17,34.1188206,134.5003936,https://network.mobile.rakuten.co.jp/shopmaster-public/v1/shops,2026-08-17
rakuten,四国,徳島県,楽天モバイル 徳島アミコ店,770-0834 徳島県徳島市元町1丁目24 1F,https://network.mobile.rakuten.co.jp/shop-detail/8778/,8778,2025-09-27,34.0734566,134.5491934,https://network.mobile.rakuten.co.jp/shopmaster-public/v1/shops,2026-08-17
rakuten,関東,栃木県,YAMADA web.com 宇都宮本店,321-0954 栃木県宇都宮市元今泉3丁目1-14,https://network.mobile.rakuten.co.jp/shop-detail/7818/,7818,2021-12-18,36.56298339,139.904967,https://network.mobile.rakuten.co.jp/shopmaster-public/v1/shops,2026-08-17
rakuten,関東,栃木県,ケーズデンキ インターパーク宇都宮店,321-0118 栃木県宇都宮市インターパーク5丁目1-6,https://network.mobile.rakuten.co.jp/shop-detail/1391/,1391,2016-06-23,36.491356,139.903844,https://network.mobile.rakuten.co.jp/shopmaster-public/v1/shops,2026-08-17
rakuten,関東,栃木県,ケーズデンキ 小山店,323-0831 栃木県小山市雨ケ谷町12,https://network.mobile.rakuten.co.jp/shop-detail/8824/,8824,2025-10-03,36.28517375962081,139.8101995171965,https://network.mobile.rakuten.co.jp/shopmaster-public/v1/shops,2026-08-17
rakuten,関東,栃木県,ケーズデンキ 西那須野店,329-2735 栃木県那須塩原市太夫塚1丁目194-24,https://network.mobile.rakuten.co.jp/shop-detail/8875/,8875,2025-10-17,36.88351215840701,139.97714478501072,https://network.mobile.rakuten.co.jp/shopmaster-public/v1/shops,2026-08-17
rakuten,関東,栃木県,コジマ×ビックカメラ 宇都宮本店,321-0962 栃木県宇都宮市今泉町2996-1,https://network.mobile.rakuten.co.jp/shop-detail/4991/,4991,2018-10-27,36.572190,139.915912,https://network.mobile.rakuten.co.jp/shopmaster-public/v1/shops,2026-08-17
rakuten,関東,栃木県,テックランド 宇都宮インターパーク店,321-0118 栃木県宇都宮市インターパーク4丁目1-2,https://network.mobile.rakuten.co.jp/shop-detail/8855/,8855,2025-10-24,36.49518555,139.9060342,https://network.mobile.rakuten.co.jp/shopmaster-public/v1/shops,2026-08-17
rakuten,関東,栃木県,テックランド 小山店,323-0022 栃木県小山市駅東通り2丁目3-8,https://network.mobile.rakuten.co.jp/shop-detail/8433/,8433,2022-09-02,36.31285,139.80784,https://network.mobile.rakuten.co.jp/shopmaster-public/v1/shops,2026-08-17
rakuten,関東,栃木県,テックランドイオンモール小山店,323-0806 栃木県小山市中久喜1341-13,https://network.mobile.rakuten.co.jp/shop-detail/1026/,1026,2025-12-05,36.31946802788154,139.83875689548935,https://network.mobile.rakuten.co.jp/shopmaster-public/v1/shops,2026-08-17
rakuten,関東,栃木県,テックランド駒生店,320-0065 栃木県宇都宮市駒生町字東高田3363-1,https://network.mobile.rakuten.co.jp/shop-detail/8846/,8846,2025-10-18,36.58104561829764,139.85044968485388,https://network.mobile.rakuten.co.jp/shopmaster-public/v1/shops,2026-08-17
rakuten,関東,栃木県,ヨドバシカメラ マルチメディア宇都宮,321-0964 栃木県宇都宮市駅前通り1丁目4-6 宇都宮西口ビル,https://network.mobile.rakuten.co.jp/shop-detail/7713/,7713,2020-10-29,36.560531,139.896909,https://network.mobile.rakuten.co.jp/shopmaster-public/v1/shops,2026-08-17
rakuten,関東,栃木県,楽天モバイル アピタ宇都宮店,321-0101 栃木県宇都宮市江曽島本町22-7 アピタ宇都宮店 2F,https://network.mobile.rakuten.co.jp/shop-detail/8736/,8736,2025-09-18,36.5315585,139.8670476,https://network.mobile.rakuten.co.jp/shopmaster-public/v1/shops,2026-08-17
rakuten,関東,栃木県,楽天モバイル イオンタウン真岡店,321-4306 栃木県真岡市台町2668 イオンタウン真岡,https://network.mobile.rakuten.co.jp/shop-detail/8789/,8789,2025-09-30,36.43265800847839,140.00161085268564,https://network.mobile.rakuten.co.jp/shopmaster-public/v1/shops,2026-08-17
rakuten,関東,栃木県,楽天モバイル イオンタウン那須塩原店,329-3152 栃木県那須塩原市島方 455 イオンタウン那須塩原 1F,https://network.mobile.rakuten.co.jp/shop-detail/1247/,1247,2025-12-11,36.929196641936585,140.00606779311892,https://network.mobile.rakuten.co.jp/shopmaster-public/v1/shops,2026-08-17
rakuten,関東,栃木県,楽天モバイル イオンモール佐野新都市店,327-0821 栃木県佐野市高萩町1324-1 イオンモール佐野新都市1F,https://network.mobile.rakuten.co.jp/shop-detail/8208/,8208,2022-02-26,36.29983201,139.6066422,https://network.mobile.rakuten.co.jp/shopmaster-public/v1/shops,2026-08-17
rakuten,関東,栃木県,楽天モバイル イオンモール小山店,323-0806 栃木県小山市中久喜1467-1 イオンモール小山,https://network.mobile.rakuten.co.jp/shop-detail/1050/,1050,2025-11-14,36.3221032751677,139.8409811284929,https://network.mobile.rakuten.co.jp/shopmaster-public/v1/shops,2026-08-17
rakuten,関東,栃木県,楽天モバイル イオン栃木店,328-8501 栃木県栃木市箱森町 37-9 イオン栃木店 1F,https://network.mobile.rakuten.co.jp/shop-detail/1178/,1178,2025-12-01,36.3949509,139.7239569,https://network.mobile.rakuten.co.jp/shopmaster-public/v1/shops,2026-08-17
rakuten,関東,栃木県,楽天モバイル イオン日光今市店,321-2493 栃木県日光市豊田79-1 イオン今市 1F,https://network.mobile.rakuten.co.jp/shop-detail/1170/,1170,2025-11-29,36.7305265,139.7039462,https://network.mobile.rakuten.co.jp/shopmaster-public/v1/shops,2026-08-17
rakuten,関東,栃木県,楽天モバイル ハーヴェストウォーク店,323-0014 栃木県小山市喜沢1475 おやまゆうえんハーヴェストウォーク メリーゴーラウンドタウン M20,https://network.mobile.rakuten.co.jp/shop-detail/8262/,8262,2022-04-01,36.3353121,139.8074157,https://network.mobile.rakuten.co.jp/shopmaster-public/v1/shops,2026-08-17
rakuten,関東,栃木県,楽天モバイル ベイシアさくら氏家店,329-1311 栃木県さくら市氏家725 ベイシアさくら氏家 1F,https://network.mobile.rakuten.co.jp/shop-detail/1127/,1127,2025-11-30,36.666663,139.960966,https://network.mobile.rakuten.co.jp/shopmaster-public/v1/shops,2026-08-17
rakuten,関東,栃木県,楽天モバイル ヨークベニマル御幸ヶ原店,321-0982 栃木県宇都宮市御幸ヶ原町50-1 ヨークベニマル御幸ヶ原 1F,https://network.mobile.rakuten.co.jp/shop-detail/1125/,1125,2025-11-29,36.592671555888586,139.92812446991206,https://network.mobile.rakuten.co.jp/shopmaster-public/v1/shops,2026-08-17
rakuten,関東,栃木県,楽天モバイル 宇都宮インターパークビレッジ店,321-0118 栃木県宇都宮市インターパーク4丁目1-3,https://network.mobile.rakuten.co.jp/shop-detail/5881/,5881,2019-03-20,36.494151,139.906692,https://network.mobile.rakuten.co.jp/shopmaster-public/v1/shops,2026-08-17
rakuten,関東,栃木県,楽天モバイル 宇都宮宿郷店,321-0953 栃木県宇都宮市東宿郷2丁目18-2 1F,https://network.mobile.rakuten.co.jp/shop-detail/1313/,1313,2025-12-23,36.556993,139.903206,https://network.mobile.rakuten.co.jp/shopmaster-public/v1/shops,2026-08-17
rakuten,関東,栃木県,楽天モバイル 足利コムファースト店,326-8550 栃木県足利市朝倉町245-5 コムファーストショッピングセンター3F,https://network.mobile.rakuten.co.jp/shop-detail/7945/,7945,2021-12-24,36.3206108,139.4497102,https://network.mobile.rakuten.co.jp/shopmaster-public/v1/shops,2026-08-17
rakuten,近畿,奈良県,エディオン イオンモール橿原店,634-0837 奈良県橿原市曲川町7丁目20-1,https://network.mobile.rakuten.co.jp/shop-detail/6321/,6321,2019-04-26,34.505490,135.762414,https://network.mobile.rakuten.co.jp/shopmaster-public/v1/shops,2026-08-17
rakuten,近畿,奈良県,エディオン おしくま店,631-0011 奈良県奈良市押熊町605,https://network.mobile.rakuten.co.jp/shop-detail/4231/,4231,2018-08-18,34.7174574,135.772461,https://network.mobile.rakuten.co.jp/shopmaster-public/v1/shops,2026-08-17
rakuten,近畿,奈良県,ケーズデンキ 高の原店,631-0805 奈良県奈良市右京1丁目1-2,https://network.mobile.rakuten.co.jp/shop-detail/8613/,8613,2025-08-08,34.72157714,135.7907837,https://network.mobile.rakuten.co.jp/shopmaster-public/v1/shops,2026-08-17
rakuten,近畿,奈良県,ジョーシン 郡山イオンモール店,639-1101 奈良県大和郡山市下三橋町741-170 イオンモール大和郡山 1F,https://network.mobile.rakuten.co.jp/shop-detail/0591/,0591,2015-11-24,34.650191,135.802807,https://network.mobile.rakuten.co.jp/shopmaster-public/v1/shops,2026-08-17
rakuten,近畿,奈良県,ジョーシン 郡山店,639-1115 奈良県大和郡山市横田町693-1,https://network.mobile.rakuten.co.jp/shop-detail/8884/,8884,2025-11-20,34.6187038,135.800043,https://network.mobile.rakuten.co.jp/shopmaster-public/v1/shops,2026-08-17
rakuten,近畿,奈良県,ジョーシン 新庄店,639-2113 奈良県葛城市北花内40-1,https://network.mobile.rakuten.co.jp/shop-detail/8760/,8760,2025-10-10,34.4832337,135.7329266,https://network.mobile.rakuten.co.jp/shopmaster-public/v1/shops,2026-08-17
rakuten,近畿,奈良県,ジョーシン 登美ヶ丘イオンモール店,630-0115 奈良県生駒市鹿畑町3027 イオンモール奈良登美ヶ丘 3F,https://network.mobile.rakuten.co.jp/shop-detail/0601/,0601,2015-11-24,34.726253,135.750482,https://network.mobile.rakuten.co.jp/shopmaster-public/v1/shops,2026-08-17
rakuten,近畿,奈良県,ジョーシン 東生駒店,630-0201 奈良県生駒市小明町745-1,https://network.mobile.rakuten.co.jp/shop-detail/8553/,8553,2025-06-19,34.7051338,135.7063854,https://network.mobile.rakuten.co.jp/shopmaster-public/v1/shops,2026-08-17
rakuten,近畿,奈良県,ジョーシン 斑鳩店,636-0154 奈良県生駒郡斑鳩町龍田西5丁目4-14,https://network.mobile.rakuten.co.jp/shop-detail/3241/,3241,2018-04-12,34.605652,135.713974,https://network.mobile.rakuten.co.jp/shopmaster-public/v1/shops,2026-08-17
rakuten,近畿,奈良県,楽天モバイル アントレいこま店,630-0298 奈良県生駒市谷田町1600 アントレいこま 203号 2F 206区画,https://network.mobile.rakuten.co.jp/shop-detail/8843/,8843,2025-10-16,34.69381121397974,135.6986259087052,https://network.mobile.rakuten.co.jp/shopmaster-public/v1/shops,2026-08-17
rakuten,近畿,奈良県,楽天モバイル イオンモール橿原店,634-0837 奈良県橿原市曲川町7丁目20-1 イオンモール橿原3F,https://network.mobile.rakuten.co.jp/shop-detail/7741/,7741,2021-03-19,34.5061344,135.7639918,https://network.mobile.rakuten.co.jp/shopmaster-public/v1/shops,2026-08-17
rakuten,近畿,奈良県,楽天モバイル イオンモール大和郡山店,639-1101 奈良県大和郡山市下三橋町741 イオンモール大和郡山1F,https://network.mobile.rakuten.co.jp/shop-detail/7871/,7871,2021-11-18,34.65167186,135.8018293,https://network.mobile.rakuten.co.jp/shopmaster-public/v1/shops,2026-08-17
rakuten,近畿,奈良県,楽天モバイル イオンモール奈良登美ヶ丘店,630-0115 奈良県生駒市鹿畑町3027 イオンモール奈良登美ヶ丘3F,https://network.mobile.rakuten.co.jp/shop-detail/8210/,8210,2022-03-04,34.72585947,135.7504633,https://network.mobile.rakuten.co.jp/shopmaster-public/v1/shops,2026-08-17
rakuten,近畿,奈良県,楽天モバイル じゃんぼスクエア香芝店,639-0236 奈良県香芝市磯壁3丁目401 1F,https://network.mobile.rakuten.co.jp/shop-detail/8726/,8726,2025-09-19,34.539092149308935,135.70311279934396,https://network.mobile.rakuten.co.jp/shopmaster-public/v1/shops,2026-08-17
rakuten,近畿,奈良県,楽天モバイル トナリエ大和高田店,635-0015 奈良県大和高田市幸町3-18 トナリエ大和高田 2F,https://network.mobile.rakuten.co.jp/shop-detail/8634/,8634,2025-07-31,34.51906641114548,135.74515209736543,https://network.mobile.rakuten.co.jp/shopmaster-public/v1/shops,2026-08-17
rakuten,近畿,奈良県,楽天モバイル ならファミリー店,631-0821 奈良県奈良市西大寺東町2丁目4-1 ならファミリー4F　416区画,https://network.mobile.rakuten.co.jp/shop-detail/6351/,6351,2019-05-31,34.695425,135.785132,https://network.mobile.rakuten.co.jp/shopmaster-public/v1/shops,2026-08-17
rakuten,近畿,奈良県,楽天モバイル ラスパ西大和店,639-0218 奈良県北葛城郡上牧町ささゆり台1丁目1-1 ラスパ西大和店1F,https://network.mobile.rakuten.co.jp/shop-detail/8131/,8131,2022-02-25,34.56627473,135.7215011,https://network.mobile.rakuten.co.jp/shopmaster-public/v1/shops,2026-08-17
rakuten,近畿,奈良県,楽天モバイル 学園前店,631-0036 奈良県奈良市学園北2丁目5-1 1F,https://network.mobile.rakuten.co.jp/shop-detail/1234/,1234,2025-12-10,34.69918342073322,135.75107334838523,https://network.mobile.rakuten.co.jp/shopmaster-public/v1/shops,2026-08-17
rakuten,北陸,富山県,Tecc LIFE SELECT 高岡店,933-0852 富山県高岡市下黒田1811,https://network.mobile.rakuten.co.jp/shop-detail/8849/,8849,2025-10-18,36.7248489,137.010858,https://network.mobile.rakuten.co.jp/shopmaster-public/v1/shops,2026-08-17
rakuten,北陸,富山県,ケーズデンキ 高岡店,933-0954 富山県高岡市美幸町1丁目1-17,https://network.mobile.rakuten.co.jp/shop-detail/8589/,8589,2025-07-21,36.75527881763166,136.99761004750124,https://network.mobile.rakuten.co.jp/shopmaster-public/v1/shops,2026-08-17
rakuten,北陸,富山県,ケーズデンキ 富山本店,939-8272 富山県富山市太郎丸本町1丁目2-1,https://network.mobile.rakuten.co.jp/shop-detail/8437/,8437,2022-09-30,36.67883799,137.2124625,https://network.mobile.rakuten.co.jp/shopmaster-public/v1/shops,2026-08-17
rakuten,北陸,富山県,ジョーシン 高岡店,933-0904 富山県高岡市新成町1-12,https://network.mobile.rakuten.co.jp/shop-detail/3261/,3261,2018-04-12,36.759777,137.017044,https://network.mobile.rakuten.co.jp/shopmaster-public/v1/shops,2026-08-17
rakuten,北陸,富山県,ジョーシン 富山南店,939-8073 富山県富山市大町137-8,https://network.mobile.rakuten.co.jp/shop-detail/2831/,2831,2018-01-27,36.664584,137.225517,https://network.mobile.rakuten.co.jp/shopmaster-public/v1/shops,2026-08-17
rakuten,北陸,富山県,ジョーシン 富山本店,930-0985 富山県富山市田中町4丁目14-83,https://network.mobile.rakuten.co.jp/shop-detail/1191/,1191,2016-03-09,36.696193,137.238078,https://network.mobile.rakuten.co.jp/shopmaster-public/v1/shops,2026-08-17
rakuten,北陸,富山県,格安スマホの窓口 アピタ富山東店,930-0835 富山県富山市上冨居3丁目8-38 アピタ富山東店 2F,https://network.mobile.rakuten.co.jp/shop-detail/8803/,8803,2025-10-03,36.7088085899573,137.240560502917,https://network.mobile.rakuten.co.jp/shopmaster-public/v1/shops,2026-08-17
rakuten,北陸,富山県,楽天モバイル アピタ富山店,939-8071 富山県富山市上袋100-68 アピタ富山店 1F,https://network.mobile.rakuten.co.jp/shop-detail/1450/,1450,2026-03-25,36.660864674776825,137.2116527846605,https://network.mobile.rakuten.co.jp/shopmaster-public/v1/shops,2026-08-17
rakuten,北陸,富山県,楽天モバイル アピタ富山東店,930-0835 富山県富山市上冨居3丁目8-38 アピタ富山東 1F,https://network.mobile.rakuten.co.jp/shop-detail/8970/,8970,2025-12-03,36.7087869,137.2409233,https://network.mobile.rakuten.co.jp/shopmaster-public/v1/shops,2026-08-17
rakuten,北陸,富山県,楽天モバイル アル・プラザ小杉店,939-0341 富山県射水市三ケ2602 アル・プラザ小杉 1F,https://network.mobile.rakuten.co.jp/shop-detail/1154/,1154,2025-11-30,36.72004057,137.093802,https://network.mobile.rakuten.co.jp/shopmaster-public/v1/shops,2026-08-17
rakuten,北陸,富山県,楽天モバイル イオンモールとなみ店,939-1344 富山県砺波市中神1丁目174 イオンモールとなみ,https://network.mobile.rakuten.co.jp/shop-detail/8992/,8992,2025-11-14,36.64173621,136.9480307,https://network.mobile.rakuten.co.jp/shopmaster-public/v1/shops,2026-08-17
rakuten,北陸,富山県,楽天モバイル イオンモール高岡店,933-0813 富山県高岡市下伏間江383 イオンモール高岡東館2F,https://network.mobile.rakuten.co.jp/shop-detail/6611/,6611,2019-07-03,36.724214,137.016675,https://network.mobile.rakuten.co.jp/shopmaster-public/v1/shops,2026-08-17
rakuten,北陸,富山県,楽天モバイル グリーンモール山室店,939-8005 富山県富山市山室226-2 グリーンモール山室,https://network.mobile.rakuten.co.jp/shop-detail/8669/,8669,2025-08-22,36.6780468,137.2357648,https://network.mobile.rakuten.co.jp/shopmaster-public/v1/shops,2026-08-17
rakuten,北陸,富山県,楽天モバイル ファボーレ店,939-2716 富山県富山市婦中町下轡田165-1 フューチャーシティ　ファボーレ2F,https://network.mobile.rakuten.co.jp/shop-detail/7321/,7321,2019-10-19,36.662264,137.171347,https://network.mobile.rakuten.co.jp/shopmaster-public/v1/shops,2026-08-17
rakuten,北陸,富山県,楽天モバイル 五福アリスショッピングセンター店,930-0884 富山県富山市五福末広町1143-1 アリスショッピングセンター 1F,https://network.mobile.rakuten.co.jp/shop-detail/8713/,8713,2025-09-04,36.6955808,137.1925912,https://network.mobile.rakuten.co.jp/shopmaster-public/v1/shops,2026-08-17
rakuten,北陸,福井県,エディオン 越前店,915-0092 福井県越前市塚町27字3-1,https://network.mobile.rakuten.co.jp/shop-detail/1037/,1037,2025-11-28,35.912706600773134,136.19233990989056,https://network.mobile.rakuten.co.jp/shopmaster-public/v1/shops,2026-08-17
rakuten,北陸,福井県,エディオン 福井南本店,918-8025 福井県福井市江守中7-35-1,https://network.mobile.rakuten.co.jp/shop-detail/8349/,8349,2022-04-25,36.03566917,136.1997944,https://network.mobile.rakuten.co.jp/shopmaster-public/v1/shops,2026-08-17
rakuten,北陸,福井県,エディオン 福井本店,910-0838 福井県福井市新保北1丁目601,https://network.mobile.rakuten.co.jp/shop-detail/3761/,3761,2018-07-06,36.0888635,136.249191,https://network.mobile.rakuten.co.jp/shopmaster-public/v1/shops,2026-08-17
rakuten,北陸,福井県,ケーズデンキ 越前店,915-0096 福井県越前市瓜生町23-1-1,https://network.mobile.rakuten.co.jp/shop-detail/8951/,8951,2025-10-31,35.92704946507245,136.1887756898484,https://network.mobile.rakuten.co.jp/shopmaster-public/v1/shops,2026-08-17
rakuten,北陸,福井県,ケーズデンキ 福井空港前店,919-0412 福井県坂井市春江町江留中37-6,https://network.mobile.rakuten.co.jp/shop-detail/1487/,1487,2026-04-24,36.1398719,136.2181366,https://network.mobile.rakuten.co.jp/shopmaster-public/v1/shops,2026-08-17
rakuten,北陸,福井県,ジョーシン 福井本店,910-0837 福井県福井市高柳1丁目201,https://network.mobile.rakuten.co.jp/shop-detail/1581/,1581,2016-07-28,36.089481,136.242095,https://network.mobile.rakuten.co.jp/shopmaster-public/v1/shops,2026-08-17
rakuten,北陸,福井県,テックランド 福井本店,918-8026 福井県福井市渕3丁目411,https://network.mobile.rakuten.co.jp/shop-detail/8423/,8423,2022-08-05,36.04256323,136.1870354,https://network.mobile.rakuten.co.jp/shopmaster-public/v1/shops,2026-08-17
rakuten,北陸,福井県,楽天モバイル MEGAドン・キホーテUNY敦賀店,914-0811 福井県敦賀市中央町1丁目5-5 MEGAドン・キホーテUNY敦賀店,https://network.mobile.rakuten.co.jp/shop-detail/1147/,1147,2025-11-30,35.64366339,136.0591774,https://network.mobile.rakuten.co.jp/shopmaster-public/v1/shops,2026-08-17
rakuten,北陸,福井県,楽天モバイル アル・プラザアミ春江店,919-0413 福井県坂井市春江町随応寺 第16-11 アル・プラザアミ,https://network.mobile.rakuten.co.jp/shop-detail/8999/,8999,2025-11-28,36.13506716,136.2189609,https://network.mobile.rakuten.co.jp/shopmaster-public/v1/shops,2026-08-17
rakuten,北陸,福井県,楽天モバイル アル・プラザ武生店,915-0071 福井県越前市府中1丁目11-2 アル・プラザ武生 1F,https://network.mobile.rakuten.co.jp/shop-detail/1390/,1390,2026-01-30,35.90471610717777,136.17031666861192,https://network.mobile.rakuten.co.jp/shopmaster-public/v1/shops,2026-08-17
rakuten,北陸,福井県,楽天モバイル フェアモール福井大和田店,910-0836 福井県福井市大和田2丁目1230 アピタ福井大和田 1F,https://network.mobile.rakuten.co.jp/shop-detail/7151/,7151,2019-09-13,36.096409,136.250166,https://network.mobile.rakuten.co.jp/shopmaster-public/v1/shops,2026-08-17
rakuten,九州,福岡県,FUKUOKA MOBILE大橋,815-0033 福岡県福岡市南区大橋1丁目15-1 大橋西ビル 4F,https://network.mobile.rakuten.co.jp/shop-detail/8514/,8514,2024-10-01,33.5586,130.42593,https://network.mobile.rakuten.co.jp/shopmaster-public/v1/shops,2026-08-17
rakuten,九州,福岡県,Tecc LIFE SELECT福岡志免本店,811-2207 福岡県糟屋郡志免町南里5丁目2-1,https://network.mobile.rakuten.co.jp/shop-detail/7251/,7251,2019-09-14,33.599771,130.472373,https://network.mobile.rakuten.co.jp/shopmaster-public/v1/shops,2026-08-17
rakuten,九州,福岡県,エディオン イオンモール八幡東店,805-0071 福岡県北九州市八幡東区東田3丁目2-102 イオンモール八幡東 1F,https://network.mobile.rakuten.co.jp/shop-detail/8826/,8826,2025-10-01,33.87016517,130.8122523,https://network.mobile.rakuten.co.jp/shopmaster-public/v1/shops,2026-08-17
rakuten,九州,福岡県,エディオン イオンモール福津店,811-3209 福岡県福津市日蒔野6丁目16-1 イオンモール福津,https://network.mobile.rakuten.co.jp/shop-detail/8916/,8916,2025-11-01,33.7535973,130.4940995,https://network.mobile.rakuten.co.jp/shopmaster-public/v1/shops,2026-08-17
rakuten,九州,福岡県,エディオン イオン原店,814-0022 福岡県福岡市早良区原6丁目27-52,https://network.mobile.rakuten.co.jp/shop-detail/7721/,7721,2020-11-17,33.564568,130.342175,https://network.mobile.rakuten.co.jp/shopmaster-public/v1/shops,2026-08-17
rakuten,九州,福岡県,エディオン ガーデンズ千早東店,813-0044 福岡県福岡市東区千早3丁目6-36 ガーデンズ千早東 2F,https://network.mobile.rakuten.co.jp/shop-detail/8505/,8505,2024-04-19,33.65015448646438,130.43632015303584,https://network.mobile.rakuten.co.jp/shopmaster-public/v1/shops,2026-08-17
rakuten,九州,福岡県,エディオン ゆめタウン久留米南店,839-0865 福岡県久留米市新合川1丁目5-8,https://network.mobile.rakuten.co.jp/shop-detail/8994/,8994,2025-11-21,33.32092153583659,130.54115696769014,https://network.mobile.rakuten.co.jp/shopmaster-public/v1/shops,2026-08-17
rakuten,九州,福岡県,エディオン 伊都店,819-0379 福岡県福岡市西区北原1丁目3-1 イオン福岡伊都SC内別館2F,https://network.mobile.rakuten.co.jp/shop-detail/8250/,8250,2022-03-15,33.57736681,130.2570005,https://network.mobile.rakuten.co.jp/shopmaster-public/v1/shops,2026-08-17
rakuten,九州,福岡県,エディオン 八幡西店,807-0856 福岡県北九州市八幡西区枝3丁目13-15,https://network.mobile.rakuten.co.jp/shop-detail/4471/,4471,2018-09-07,33.845668,130.728314,https://network.mobile.rakuten.co.jp/shopmaster-public/v1/shops,2026-08-17
rakuten,九州,福岡県,エディオン 飯塚店,820-0088 福岡県飯塚市弁分16-1,https://network.mobile.rakuten.co.jp/shop-detail/8749/,8749,2025-09-16,33.62305803,130.6689464,https://network.mobile.rakuten.co.jp/shopmaster-public/v1/shops,2026-08-17
rakuten,九州,福岡県,エディオン 福岡西店,819-0022 福岡県福岡市西区福重2丁目26-3,https://network.mobile.rakuten.co.jp/shop-detail/8276/,8276,2022-05-09,33.56559642,130.3188784,https://network.mobile.rakuten.co.jp/shopmaster-public/v1/shops,2026-08-17
rakuten,九州,福岡県,ケーズデンキ ＢＲＡＮＣＨ博多店,812-0044 福岡県福岡市博多区千代1丁目2-1,https://network.mobile.rakuten.co.jp/shop-detail/7561/,7561,2020-05-07,33.601447,130.419794,https://network.mobile.rakuten.co.jp/shopmaster-public/v1/shops,2026-08-17
rakuten,九州,福岡県,ケーズデンキ 久留米店,839-0809 福岡県久留米市東合川5丁目3-26,https://network.mobile.rakuten.co.jp/shop-detail/3861/,3861,2018-07-19,33.320449,130.554135,https://network.mobile.rakuten.co.jp/shopmaster-public/v1/shops,2026-08-17
rakuten,九州,福岡県,ケーズデンキ 行橋店,824-0032 福岡県行橋市南大橋6丁目9-1,https://network.mobile.rakuten.co.jp/shop-detail/8329/,8329,2022-05-19,33.71847138,130.9697153,https://network.mobile.rakuten.co.jp/shopmaster-public/v1/shops,2026-08-17
rakuten,九州,福岡県,ケーズデンキ 春日店,816-0849 福岡県春日市星見ヶ丘4丁目17,https://network.mobile.rakuten.co.jp/shop-detail/4301/,4301,2018-08-21,33.506886,130.452140,https://network.mobile.rakuten.co.jp/shopmaster-public/v1/shops,2026-08-17
rakuten,九州,福岡県,ケーズデンキ 水巻店,807-0002 福岡県遠賀郡水巻町樋口3-1,https://network.mobile.rakuten.co.jp/shop-detail/8570/,8570,2025-07-07,33.87290974079758,130.68941256803004,https://network.mobile.rakuten.co.jp/shopmaster-public/v1/shops,2026-08-17
rakuten,九州,福岡県,ケーズデンキ 博多半道橋店,812-0897 福岡県福岡市博多区半道橋2丁目2-48,https://network.mobile.rakuten.co.jp/shop-detail/8561/,8561,2025-06-20,33.58303745,130.4391467,https://network.mobile.rakuten.co.jp/shopmaster-public/v1/shops,2026-08-17
rakuten,九州,福岡県,コジマ×ビックカメラ マークイズ福岡ももち店,810-0065 福岡県福岡市中央区地行浜2丁目2-1 MARK IS 福岡ももち 4F,https://network.mobile.rakuten.co.jp/shop-detail/8579/,8579,2025-07-15,33.59285014794398,130.36342156931488,https://network.mobile.rakuten.co.jp/shopmaster-public/v1/shops,2026-08-17
rakuten,九州,福岡県,コジマ×ビックカメラ 小倉店,800-0255 福岡県北九州市小倉南区上葛原2丁目18-1,https://network.mobile.rakuten.co.jp/shop-detail/8585/,8585,2025-08-06,33.83772808827821,130.90946508681657,https://network.mobile.rakuten.co.jp/shopmaster-public/v1/shops,2026-08-17
rakuten,九州,福岡県,コジマ×ビックカメラ 八幡店,805-0071 福岡県北九州市八幡東区東田1丁目7-21,https://network.mobile.rakuten.co.jp/shop-detail/1498/,1498,2026-05-29,33.87072875075884,130.79568969155872,https://network.mobile.rakuten.co.jp/shopmaster-public/v1/shops,2026-08-17
rakuten,九州,福岡県,コジマ×ビックカメラ 福岡春日店,816-0864 福岡県春日市須玖北1-1-1,https://network.mobile.rakuten.co.jp/shop-detail/8586/,8586,2025-08-07,33.54651538432544,130.44447702639314,https://network.mobile.rakuten.co.jp/shopmaster-public/v1/shops,2026-08-17
rakuten,九州,福岡県,コジマ×ビックカメラ 福岡西店,819-0031 福岡県福岡市西区橋本1丁目12-3,https://network.mobile.rakuten.co.jp/shop-detail/8587/,8587,2025-08-08,33.56106873617101,130.31835912883562,https://network.mobile.rakuten.co.jp/shopmaster-public/v1/shops,2026-08-17
rakuten,九州,福岡県,テックランド New久留米中央店,830-0003 福岡県久留米市東櫛原町2859-2,https://network.mobile.rakuten.co.jp/shop-detail/8565/,8565,2025-06-28,33.32588221938089,130.52329812338095,https://network.mobile.rakuten.co.jp/shopmaster-public/v1/shops,2026-08-17
rakuten,九州,福岡県,テックランド New筑紫野基山店,818-0024 福岡県筑紫野市大字原田836-7,https://network.mobile.rakuten.co.jp/shop-detail/8577/,8577,2025-06-28,33.442673376918854,130.53639779651766,https://network.mobile.rakuten.co.jp/shopmaster-public/v1/shops,2026-08-17
rakuten,九州,福岡県,テックランド ららぽーと福岡店,812-8627 福岡県福岡市博多区那珂6丁目23-1 ららぽーと福岡3F,https://network.mobile.rakuten.co.jp/shop-detail/8341/,8341,2022-04-25,33.56534268,130.4385339,https://network.mobile.rakuten.co.jp/shopmaster-public/v1/shops,2026-08-17
rakuten,九州,福岡県,テックランド 宗像店,811-3422 福岡県宗像市王丸517-8,https://network.mobile.rakuten.co.jp/shop-detail/8628/,8628,2025-08-02,33.783180102327286,130.5455302281143,https://network.mobile.rakuten.co.jp/shopmaster-public/v1/shops,2026-08-17
rakuten,九州,福岡県,テックランド 新宮店,811-0117 福岡県糟屋郡新宮町大字上府659,https://network.mobile.rakuten.co.jp/shop-detail/8566/,8566,2025-06-28,33.70873126,130.4559256,https://network.mobile.rakuten.co.jp/shopmaster-public/v1/shops,2026-08-17
rakuten,九州,福岡県,テックランド 飯塚店,820-0083 福岡県飯塚市秋松837,https://network.mobile.rakuten.co.jp/shop-detail/8627/,8627,2025-08-02,33.617597548281374,130.67157488230615,https://network.mobile.rakuten.co.jp/shopmaster-public/v1/shops,2026-08-17
rakuten,九州,福岡県,テックランド 福岡春日店,816-0846 福岡県春日市下白水南1丁目1,https://network.mobile.rakuten.co.jp/shop-detail/8567/,8567,2025-06-28,33.52676372,130.4460717,https://network.mobile.rakuten.co.jp/shopmaster-public/v1/shops,2026-08-17
rakuten,九州,福岡県,テックランド 北九州八幡店,807-0823 福岡県北九州市八幡西区中須2丁目7-23,https://network.mobile.rakuten.co.jp/shop-detail/8564/,8564,2025-06-28,33.86486823046189,130.72248729163542,https://network.mobile.rakuten.co.jp/shopmaster-public/v1/shops,2026-08-17
rakuten,九州,福岡県,テックランド 門司店,800-0063 福岡県北九州市門司区大里本町3丁目10-40,https://network.mobile.rakuten.co.jp/shop-detail/8629/,8629,2025-08-09,33.90351834025474,130.92861511990662,https://network.mobile.rakuten.co.jp/shopmaster-public/v1/shops,2026-08-17
rakuten,九州,福岡県,テックランド行橋店,824-0038 福岡県行橋市西泉6丁目1-1,https://network.mobile.rakuten.co.jp/shop-detail/8814/,8814,2025-10-04,33.71758935,130.9732074,https://network.mobile.rakuten.co.jp/shopmaster-public/v1/shops,2026-08-17
rakuten,九州,福岡県,テックランド博多本店,812-0007 福岡県福岡市博多区東比恵3丁目33-16,https://network.mobile.rakuten.co.jp/shop-detail/7861/,7861,2021-10-19,33.59083649,130.4365652,https://network.mobile.rakuten.co.jp/shopmaster-public/v1/shops,2026-08-17
rakuten,九州,福岡県,テックランド福岡賀茂店,814-0164 福岡県福岡市早良区賀茂3丁目24-33,https://network.mobile.rakuten.co.jp/shop-detail/8830/,8830,2025-10-04,33.5499339,130.3379598,https://network.mobile.rakuten.co.jp/shopmaster-public/v1/shops,2026-08-17
rakuten,九州,福岡県,テックランド福岡香椎店,813-0044 福岡県福岡市東区千早5丁目4-8,https://network.mobile.rakuten.co.jp/shop-detail/7761/,7761,2021-06-01,33.65349386,130.4400013,https://network.mobile.rakuten.co.jp/shopmaster-public/v1/shops,2026-08-17
rakuten,九州,福岡県,テックランド福岡西店,819-0379 福岡県福岡市西区北原2丁目25-10,https://network.mobile.rakuten.co.jp/shop-detail/8660/,8660,2025-08-23,33.58197291213136,130.25311472342227,https://network.mobile.rakuten.co.jp/shopmaster-public/v1/shops,2026-08-17
rakuten,九州,福岡県,テックランド北九州小倉店,800-0206 福岡県北九州市小倉南区葛原東1丁目1-30,https://network.mobile.rakuten.co.jp/shop-detail/8659/,8659,2025-08-23,33.83862554834668,130.92724566421487,https://network.mobile.rakuten.co.jp/shopmaster-public/v1/shops,2026-08-17
rakuten,九州,福岡県,ビックカメラ 天神1号館,810-0021 福岡県福岡市中央区今泉1丁目25-1,https://network.mobile.rakuten.co.jp/shop-detail/6731/,6731,2019-06-19,33.586906,130.401044,https://network.mobile.rakuten.co.jp/shopmaster-public/v1/shops,2026-08-17
rakuten,九州,福岡県,ビックカメラ 天神2号館,810-0001 福岡県福岡市中央区天神2丁目4-5,https://network.mobile.rakuten.co.jp/shop-detail/3631/,3631,2018-06-28,33.587712,130.398606,https://network.mobile.rakuten.co.jp/shopmaster-public/v1/shops,2026-08-17
rakuten,九州,福岡県,ベスト電器 イオン若松店,808-0103 福岡県北九州市若松区二島1丁目3-1 イオン若松ショッピングセンター 1F,https://network.mobile.rakuten.co.jp/shop-detail/8576/,8576,2025-06-20,33.89220208499176,130.74326801002866,https://network.mobile.rakuten.co.jp/shopmaster-public/v1/shops,2026-08-17
rakuten,九州,福岡県,ベスト電器 小倉南店,800-0206 福岡県北九州市小倉南区葛原東2丁目-1-1,https://network.mobile.rakuten.co.jp/shop-detail/8593/,8593,2025-07-05,33.83949760302795,130.93124838229087,https://network.mobile.rakuten.co.jp/shopmaster-public/v1/shops,2026-08-17
rakuten,九州,福岡県,ベスト電器 福岡伊都店,819-0379 福岡県福岡市西区北原1丁目15-30,https://network.mobile.rakuten.co.jp/shop-detail/8405/,8405,2022-07-01,33.57979973,130.2550468,https://network.mobile.rakuten.co.jp/shopmaster-public/v1/shops,2026-08-17
rakuten,九州,福岡県,ベスト電器 福岡太宰府店,818-0135 福岡県太宰府市向佐野4丁目8-47,https://network.mobile.rakuten.co.jp/shop-detail/8406/,8406,2022-07-01,33.50926977,130.4945139,https://network.mobile.rakuten.co.jp/shopmaster-public/v1/shops,2026-08-17
rakuten,九州,福岡県,ヨドバシカメラ マルチメディア博多,812-0012 福岡県福岡市博多区博駅中央街6-12,https://network.mobile.rakuten.co.jp/shop-detail/7708/,7708,2020-09-29,33.5881745,130.4217431,https://network.mobile.rakuten.co.jp/shopmaster-public/v1/shops,2026-08-17
rakuten,九州,福岡県,楽天モバイル MARK IS 福岡ももち店,810-8639 福岡県福岡市中央区地行浜2丁目2-1 MARK IS 福岡ももち1F,https://network.mobile.rakuten.co.jp/shop-detail/8272/,8272,2022-03-25,33.59244881,130.3645455,https://network.mobile.rakuten.co.jp/shopmaster-public/v1/shops,2026-08-17
rakuten,九州,福岡県,楽天モバイル PRALIVA店,814-0002 福岡県福岡市早良区西新4丁目1-1 PRALIVA 2F,https://network.mobile.rakuten.co.jp/shop-detail/8668/,8668,2025-08-22,33.583696,130.3603298,https://network.mobile.rakuten.co.jp/shopmaster-public/v1/shops,2026-08-17
rakuten,九州,福岡県,楽天モバイル アクロスモール春日店,816-0814 福岡県春日市春日5丁目17 アクロスモール春日店,https://network.mobile.rakuten.co.jp/shop-detail/1140/,1140,2025-11-30,33.51636685,130.4707491,https://network.mobile.rakuten.co.jp/shopmaster-public/v1/shops,2026-08-17
rakuten,九州,福岡県,楽天モバイル イオンモール大牟田店,836-0037 福岡県大牟田市岬町3-4 イオンモール大牟田店 1F,https://network.mobile.rakuten.co.jp/shop-detail/8915/,8915,2025-11-12,33.03084942864229,130.42753939667028,https://network.mobile.rakuten.co.jp/shopmaster-public/v1/shops,2026-08-17
rakuten,九州,福岡県,楽天モバイル イオンモール筑紫野店,818-0042 福岡県筑紫野市立明寺434-1 イオンモール筑紫野2F,https://network.mobile.rakuten.co.jp/shop-detail/6171/,6171,2019-04-26,33.481378,130.526811,https://network.mobile.rakuten.co.jp/shopmaster-public/v1/shops,2026-08-17
rakuten,九州,福岡県,楽天モバイル イオンモール直方店,822-0008 福岡県直方市湯野原2丁目1-1 イオンモール直方 1F,https://network.mobile.rakuten.co.jp/shop-detail/8332/,8332,2022-04-22,33.76837,130.75025,https://network.mobile.rakuten.co.jp/shopmaster-public/v1/shops,2026-08-17
rakuten,九州,福岡県,楽天モバイル イオンモール八幡東店,805-0071 福岡県北九州市八幡東区東田3丁目2-102 イオンモール八幡東,https://network.mobile.rakuten.co.jp/shop-detail/7934/,7934,2022-01-14,33.87068254,130.8107623,https://network.mobile.rakuten.co.jp/shopmaster-public/v1/shops,2026-08-17
rakuten,九州,福岡県,楽天モバイル イオンモール福岡店,811-2303 福岡県糟屋郡粕屋町大字酒殿字老ﾉ木192-1 イオンモール福岡1F,https://network.mobile.rakuten.co.jp/shop-detail/7796/,7796,2021-07-21,33.59673,130.47937,https://network.mobile.rakuten.co.jp/shopmaster-public/v1/shops,2026-08-17
rakuten,九州,福岡県,楽天モバイル イオンモール福津店,811-3209 福岡県福津市日蒔野(ヒマキノ)6丁目16-1 3F,https://network.mobile.rakuten.co.jp/shop-detail/6011/,6011,2019-03-29,33.753618,130.494023,https://network.mobile.rakuten.co.jp/shopmaster-public/v1/shops,2026-08-17
rakuten,九州,福岡県,楽天モバイル イオン岡垣店,811-4212 福岡県遠賀郡岡垣町黒山338-1 イオン岡垣ショッピングセンター,https://network.mobile.rakuten.co.jp/shop-detail/1116/,1116,2025-11-28,33.862123,130.6314921,https://network.mobile.rakuten.co.jp/shopmaster-public/v1/shops,2026-08-17
rakuten,九州,福岡県,楽天モバイル イオン甘木ショッピングセンター店,838-0068 福岡県朝倉市甘木380 イオン甘木ショッピングセンター 1F,https://network.mobile.rakuten.co.jp/shop-detail/1110/,1110,2025-11-27,33.405038436912726,130.65388932861129,https://network.mobile.rakuten.co.jp/shopmaster-public/v1/shops,2026-08-17
rakuten,九州,福岡県,楽天モバイル イオン戸畑ショッピングセンター店,804-0067 福岡県北九州市戸畑区汐井町2-2 イオン戸畑ショッピングセンター,https://network.mobile.rakuten.co.jp/shop-detail/1108/,1108,2025-11-27,33.895904,130.819853,https://network.mobile.rakuten.co.jp/shopmaster-public/v1/shops,2026-08-17
rakuten,九州,福岡県,楽天モバイル イオン糸島ショッピングセンター店,819-1311 福岡県糸島市志摩津和崎29-1 イオン糸島ショッピングセンター,https://network.mobile.rakuten.co.jp/shop-detail/1107/,1107,2025-11-27,33.5801559,130.1866163,https://network.mobile.rakuten.co.jp/shopmaster-public/v1/shops,2026-08-17
rakuten,九州,福岡県,楽天モバイル イオン小郡ショッピングセンター店,838-0115 福岡県小郡市大保弓場110 イオン小郡ショッピングセンター,https://network.mobile.rakuten.co.jp/shop-detail/1017/,1017,2025-11-30,33.40895550612894,130.56482799652773,https://network.mobile.rakuten.co.jp/shopmaster-public/v1/shops,2026-08-17
rakuten,九州,福岡県,楽天モバイル イオン穂波店,820-0081 福岡県飯塚市枝国長浦666ｰ48 イオン穂波 1F,https://network.mobile.rakuten.co.jp/shop-detail/1138/,1138,2025-11-30,33.63718945972305,130.67372233766375,https://network.mobile.rakuten.co.jp/shopmaster-public/v1/shops,2026-08-17
rakuten,九州,福岡県,楽天モバイル えきマチ1丁目千早店,813-0041 福岡県福岡市東区水谷2丁目50-1 えきマチ1丁目千早 1F,https://network.mobile.rakuten.co.jp/shop-detail/1454/,1454,2026-03-18,33.64849442008498,130.44041082908305,https://network.mobile.rakuten.co.jp/shopmaster-public/v1/shops,2026-08-17
rakuten,九州,福岡県,楽天モバイル えきマチ1丁目門司店,800-0039 福岡県北九州市門司区中町2-1 えきマチ１丁目門司 1F,https://network.mobile.rakuten.co.jp/shop-detail/1353/,1353,2025-12-25,33.9039877074155,130.93291187094118,https://network.mobile.rakuten.co.jp/shopmaster-public/v1/shops,2026-08-17
rakuten,九州,福岡県,楽天モバイル サニーサイドモール小倉店,800-0221 福岡県北九州市小倉南区下曽根新町10-1 サニーサイドモール小倉 1F,https://network.mobile.rakuten.co.jp/shop-detail/1223/,1223,2025-12-08,33.83197345563888,130.93350227105913,https://network.mobile.rakuten.co.jp/shopmaster-public/v1/shops,2026-08-17
rakuten,九州,福岡県,楽天モバイル セントシティ北九州小倉店,802-0002 福岡県北九州市小倉北区京町3丁目1-1 セントシティ北九州3F,https://network.mobile.rakuten.co.jp/shop-detail/7746/,7746,2021-04-09,33.885113,130.882523,https://network.mobile.rakuten.co.jp/shopmaster-public/v1/shops,2026-08-17
rakuten,九州,福岡県,楽天モバイル トリアス久山店,811-2502 福岡県糟屋郡久山町山田1111 トリアスモール,https://network.mobile.rakuten.co.jp/shop-detail/8715/,8715,2025-10-23,33.65228,130.48915,https://network.mobile.rakuten.co.jp/shopmaster-public/v1/shops,2026-08-17
rakuten,九州,福岡県,楽天モバイル ハローデイ 柏の森店,820-0011 福岡県飯塚市柏の森72 ハローデイ 柏の森店 1F,https://network.mobile.rakuten.co.jp/shop-detail/1375/,1375,2026-01-16,33.642830209107416,130.70543623230768,https://network.mobile.rakuten.co.jp/shopmaster-public/v1/shops,2026-08-17
rakuten,九州,福岡県,楽天モバイル フォレオ博多店,812-0892 福岡県福岡市博多区東那珂1丁目14-46 フォレオ博多 1F,https://network.mobile.rakuten.co.jp/shop-detail/1180/,1180,2025-12-01,33.57432895222429,130.44000293951197,https://network.mobile.rakuten.co.jp/shopmaster-public/v1/shops,2026-08-17
rakuten,九州,福岡県,楽天モバイル プラザモールなかま店,809-0013 福岡県中間市上蓮花寺3丁目1-1 プラザモールなかま 1F,https://network.mobile.rakuten.co.jp/shop-detail/1283/,1283,2025-12-19,33.82314088272373,130.72197352377026,https://network.mobile.rakuten.co.jp/shopmaster-public/v1/shops,2026-08-17
rakuten,九州,福岡県,楽天モバイル ミスターマックス八幡西店,807-1144 福岡県北九州市八幡西区真名子2丁目4-1 ミスターマックス八幡西 1F,https://network.mobile.rakuten.co.jp/shop-detail/1355/,1355,2025-12-26,33.78398039247376,130.72870376842667,https://network.mobile.rakuten.co.jp/shopmaster-public/v1/shops,2026-08-17
rakuten,九州,福岡県,楽天モバイル ゆめタウン遠賀店,811-4305 福岡県遠賀郡遠賀町松の本1丁目1-1 ゆめタウン遠賀 1F,https://network.mobile.rakuten.co.jp/shop-detail/1368/,1368,2026-01-23,33.85246299,130.6699512,https://network.mobile.rakuten.co.jp/shopmaster-public/v1/shops,2026-08-17
rakuten,九州,福岡県,楽天モバイル ゆめタウン久留米店,839-0865 福岡県久留米市新合川1丁目2-1 ゆめタウン久留米 1F,https://network.mobile.rakuten.co.jp/shop-detail/8364/,8364,2022-05-27,33.32215442,130.5386138,https://network.mobile.rakuten.co.jp/shopmaster-public/v1/shops,2026-08-17
rakuten,九州,福岡県,楽天モバイル ゆめタウン行橋店,824-0031 福岡県行橋市西宮市3丁目8-1 ゆめタウン行橋 1F,https://network.mobile.rakuten.co.jp/shop-detail/8833/,8833,2025-10-24,33.72006841,130.9663936,https://network.mobile.rakuten.co.jp/shopmaster-public/v1/shops,2026-08-17
rakuten,九州,福岡県,楽天モバイル ゆめタウン大川店,831-0031 福岡県大川市上巻字野口430-1 ゆめタウン大川 1F,https://network.mobile.rakuten.co.jp/shop-detail/1233/,1233,2025-12-10,33.20321877160895,130.38809236768645,https://network.mobile.rakuten.co.jp/shopmaster-public/v1/shops,2026-08-17
rakuten,九州,福岡県,楽天モバイル ゆめタウン大牟田店,836-0807 福岡県大牟田市旭町2丁目28-1 ゆめタウン大牟田店1F,https://network.mobile.rakuten.co.jp/shop-detail/7872/,7872,2021-11-19,33.03717025,130.4539039,https://network.mobile.rakuten.co.jp/shopmaster-public/v1/shops,2026-08-17
rakuten,九州,福岡県,楽天モバイル ゆめタウン博多店,812-0055 福岡県福岡市東区東浜1丁目1-1 ゆめタウン博多1F,https://network.mobile.rakuten.co.jp/shop-detail/7804/,7804,2021-08-04,33.611388,130.411467,https://network.mobile.rakuten.co.jp/shopmaster-public/v1/shops,2026-08-17
rakuten,九州,福岡県,楽天モバイル ららぽーと福岡店,812-8627 福岡県福岡市博多区那珂6丁目23-1 ららぽーと福岡 1F,https://network.mobile.rakuten.co.jp/shop-detail/8542/,8542,2025-03-28,33.56536882749031,130.4412635355817,https://network.mobile.rakuten.co.jp/shopmaster-public/v1/shops,2026-08-17
rakuten,九州,福岡県,楽天モバイル 久留米花畑店,830-0039 福岡県久留米市花畑1丁目23-2 1F,https://network.mobile.rakuten.co.jp/shop-detail/1396/,1396,2026-01-30,33.30613967243942,130.51513778142547,https://network.mobile.rakuten.co.jp/shopmaster-public/v1/shops,2026-08-17
rakuten,九州,福岡県,楽天モバイル 高宮店,815-0083 福岡県福岡市南区高宮3丁目-7-4 アキヤマビル,https://network.mobile.rakuten.co.jp/shop-detail/1028/,1028,2025-11-21,33.56726538698681,130.4132702599248,https://network.mobile.rakuten.co.jp/shopmaster-public/v1/shops,2026-08-17
rakuten,九州,福岡県,楽天モバイル 周船寺店,819-0373 福岡県福岡市西区周船寺2丁目9-12 1F,https://network.mobile.rakuten.co.jp/shop-detail/1348/,1348,2025-12-25,33.57340218066959,130.24620392725936,https://network.mobile.rakuten.co.jp/shopmaster-public/v1/shops,2026-08-17
rakuten,九州,福岡県,楽天モバイル 春日光町店,816-0806 福岡県春日市光町3丁目16 1F,https://network.mobile.rakuten.co.jp/shop-detail/1317/,1317,2025-12-19,33.53194345524358,130.46105098151676,https://network.mobile.rakuten.co.jp/shopmaster-public/v1/shops,2026-08-17
rakuten,九州,福岡県,楽天モバイル 新宮中央駅前店,811-0120 福岡県糟屋郡新宮町中央駅前2丁目1-3 1F,https://network.mobile.rakuten.co.jp/shop-detail/1338/,1338,2025-12-25,33.71133345954313,130.4491231112569,https://network.mobile.rakuten.co.jp/shopmaster-public/v1/shops,2026-08-17
rakuten,九州,福岡県,楽天モバイル 相生店,806-0044 福岡県北九州市八幡西区相生町14-11 NBビル1F A-1号室,https://network.mobile.rakuten.co.jp/shop-detail/8775/,8775,2025-09-26,33.84967646,130.7484732,https://network.mobile.rakuten.co.jp/shopmaster-public/v1/shops,2026-08-17
rakuten,九州,福岡県,楽天モバイル 筑紫野ベレッサ店,818-0034 福岡県筑紫野市美しが丘南1丁目12-1 筑紫野ベレッサ,https://network.mobile.rakuten.co.jp/shop-detail/8751/,8751,2025-09-22,33.44582466,130.5416258,https://network.mobile.rakuten.co.jp/shopmaster-public/v1/shops,2026-08-17
rakuten,九州,福岡県,楽天モバイル 博多駅地下街店,812-0012 福岡県福岡市博多区中央街1-1,https://network.mobile.rakuten.co.jp/shop-detail/3201/,3201,2018-04-20,33.590982,130.419052,https://network.mobile.rakuten.co.jp/shopmaster-public/v1/shops,2026-08-17
rakuten,九州,福岡県,楽天モバイル 福岡天神西通り店,810-0001 福岡県福岡市中央区天神2丁目3-24 天神ルーチェ,https://network.mobile.rakuten.co.jp/shop-detail/7581/,7581,2020-07-15,33.586600,130.397552,https://network.mobile.rakuten.co.jp/shopmaster-public/v1/shops,2026-08-17
rakuten,九州,福岡県,楽天モバイル 木の葉モール橋本店,819-0031 福岡県福岡市西区橋本2丁目27-2 木の葉モール橋本 1F,https://network.mobile.rakuten.co.jp/shop-detail/8278/,8278,2022-03-30,33.55542,130.32232,https://network.mobile.rakuten.co.jp/shopmaster-public/v1/shops,2026-08-17
rakuten,東北,福島県,YAMADA web.com 郡山本店,963-8053 福島県郡山市八山田西1丁目273-2,https://network.mobile.rakuten.co.jp/shop-detail/7819/,7819,2021-12-18,37.42779102,140.3574576,https://network.mobile.rakuten.co.jp/shopmaster-public/v1/shops,2026-08-17
rakuten,東北,福島県,ケーズデンキ いわき本店,970-8036 福島県いわき市平谷川瀬3丁目20-16,https://network.mobile.rakuten.co.jp/shop-detail/7845/,7845,2021-10-23,37.04477369,140.899799,https://network.mobile.rakuten.co.jp/shopmaster-public/v1/shops,2026-08-17
rakuten,東北,福島県,ケーズデンキ 会津若松本店,965-0057 福島県会津若松市町北町大字藤室道下84-1,https://network.mobile.rakuten.co.jp/shop-detail/2121/,2121,2017-03-23,37.518503,139.914166,https://network.mobile.rakuten.co.jp/shopmaster-public/v1/shops,2026-08-17
rakuten,東北,福島県,ケーズデンキ 郡山本店,963-8022 福島県郡山市西ノ内2丁目11-35,https://network.mobile.rakuten.co.jp/shop-detail/6741/,6741,2019-06-21,37.407878,140.362752,https://network.mobile.rakuten.co.jp/shopmaster-public/v1/shops,2026-08-17
rakuten,東北,福島県,ケーズデンキ 白河店,961-0852 福島県白河市転坂128-1,https://network.mobile.rakuten.co.jp/shop-detail/1224/,1224,2026-01-30,37.11840005533307,140.19835739766393,https://network.mobile.rakuten.co.jp/shopmaster-public/v1/shops,2026-08-17
rakuten,東北,福島県,ケーズデンキ 福島南本店,960-8151 福島県福島市太平寺字児子塚87,https://network.mobile.rakuten.co.jp/shop-detail/4221/,4221,2018-08-09,37.727966,140.453430,https://network.mobile.rakuten.co.jp/shopmaster-public/v1/shops,2026-08-17
rakuten,東北,福島県,コジマ×ビックカメラ いわき店,970-8026 福島県いわき市平菱川町3−１,https://network.mobile.rakuten.co.jp/shop-detail/8582/,8582,2025-08-28,37.05080052639887,140.89254049586833,https://network.mobile.rakuten.co.jp/shopmaster-public/v1/shops,2026-08-17
rakuten,東北,福島県,コジマ×ビックカメラ 会津若松店,965-0804 福島県会津若松市花春町4-1,https://network.mobile.rakuten.co.jp/shop-detail/8581/,8581,2025-08-27,37.49088983849687,139.94195479588944,https://network.mobile.rakuten.co.jp/shopmaster-public/v1/shops,2026-08-17
rakuten,東北,福島県,コジマ×ビックカメラ 福島店,960-0111 福島県福島市丸子字広町12-1,https://network.mobile.rakuten.co.jp/shop-detail/8580/,8580,2025-08-26,37.7897599231918,140.4872175265892,https://network.mobile.rakuten.co.jp/shopmaster-public/v1/shops,2026-08-17
rakuten,東北,福島県,テックランド福島店,960-8252 福島県福島市御山三本松46,https://network.mobile.rakuten.co.jp/shop-detail/8977/,8977,2025-11-15,37.7801523,140.4637067,https://network.mobile.rakuten.co.jp/shopmaster-public/v1/shops,2026-08-17
rakuten,東北,福島県,ヨドバシカメラ マルチメディア郡山,963-8002 福島県郡山市駅前1丁目16-7,https://network.mobile.rakuten.co.jp/shop-detail/7724/,7724,2020-11-28,37.397606,140.387668,https://network.mobile.rakuten.co.jp/shopmaster-public/v1/shops,2026-08-17
rakuten,東北,福島県,楽天モバイル LATOV店,970-8026 福島県いわき市平田町120 Latov店3F,https://network.mobile.rakuten.co.jp/shop-detail/8725/,8725,2025-10-01,37.05706650712826,140.8918224711643,https://network.mobile.rakuten.co.jp/shopmaster-public/v1/shops,2026-08-17
rakuten,東北,福島県,楽天モバイル MAXふくしま店,960-8051 福島県福島市曽根田町1-18 ダイユーエイトMAX福島店 2F,https://network.mobile.rakuten.co.jp/shop-detail/8842/,8842,2025-10-16,37.75872721,140.460402,https://network.mobile.rakuten.co.jp/shopmaster-public/v1/shops,2026-08-17
rakuten,東北,福島県,楽天モバイル SASYU鎌田店,960-0102 福島県福島市鎌田下釜16-１,https://network.mobile.rakuten.co.jp/shop-detail/8868/,8868,2025-10-20,37.79668347607329,140.48650063534578,https://network.mobile.rakuten.co.jp/shopmaster-public/v1/shops,2026-08-17
rakuten,東北,福島県,楽天モバイル イオンスーパーセンター鏡石店,969-0403 福島県岩瀬郡鏡石町桜岡375-9 イオンスーパーセンター鏡石 1F,https://network.mobile.rakuten.co.jp/shop-detail/1200/,1200,2025-12-04,37.2426388,140.3338149,https://network.mobile.rakuten.co.jp/shopmaster-public/v1/shops,2026-08-17
rakuten,東北,福島県,楽天モバイル イオンモールいわき小名浜店,971-8555 福島県いわき市小名浜辰巳町79番地,https://network.mobile.rakuten.co.jp/shop-detail/6891/,6891,2018-06-12,36.947716,140.903813,https://network.mobile.rakuten.co.jp/shopmaster-public/v1/shops,2026-08-17
rakuten,東北,福島県,楽天モバイル いわきエブリア店,971-8133 福島県いわき市鹿島町米田字日渡5 1F,https://network.mobile.rakuten.co.jp/shop-detail/8727/,8727,2025-09-26,36.9941284,140.9051891,https://network.mobile.rakuten.co.jp/shopmaster-public/v1/shops,2026-08-17
rakuten,東北,福島県,楽天モバイル ザ・モール郡山店,963-8017 福島県郡山市長者1丁目1-56 ザ・モール郡山店 2F,https://network.mobile.rakuten.co.jp/shop-detail/8807/,8807,2025-10-08,37.3976568592866,140.37044813936652,https://network.mobile.rakuten.co.jp/shopmaster-public/v1/shops,2026-08-17
rakuten,東北,福島県,楽天モバイル ベイシア安達店,969-1404 福島県二本松市油井字福岡140 ベイシア安達 1F,https://network.mobile.rakuten.co.jp/shop-detail/8829/,8829,2025-11-17,37.61322718762692,140.46275034192098,https://network.mobile.rakuten.co.jp/shopmaster-public/v1/shops,2026-08-17
rakuten,東北,福島県,楽天モバイル ベイシア白河モール店,961-0831 福島県白河市老久保61-1 ベイシア白河モール 別棟 1F,https://network.mobile.rakuten.co.jp/shop-detail/1374/,1374,2026-01-15,37.11571340580713,140.19880465740567,https://network.mobile.rakuten.co.jp/shopmaster-public/v1/shops,2026-08-17
rakuten,東北,福島県,楽天モバイル ヨークベニマル喜多方店,966-0057 福島県喜多方市井戸尻4129-1 ヨークベニマル喜多方店 1F,https://network.mobile.rakuten.co.jp/shop-detail/8811/,8811,2025-10-22,37.64988754,139.881516,https://network.mobile.rakuten.co.jp/shopmaster-public/v1/shops,2026-08-17
rakuten,東北,福島県,楽天モバイル ヨークベニマル須賀川西店,962-0062 福島県須賀川市山寺町53 ヨークベニマル須賀川西 1F,https://network.mobile.rakuten.co.jp/shop-detail/1076/,1076,2025-11-27,37.30084642,140.3664649,https://network.mobile.rakuten.co.jp/shopmaster-public/v1/shops,2026-08-17
rakuten,東北,福島県,楽天モバイル ヨークベニマル平野店,960-0231 福島県福島市飯坂町平野字上前田3番-1 ヨークベニマル平野 1F,https://network.mobile.rakuten.co.jp/shop-detail/8841/,8841,2025-11-20,37.80677140920415,140.44844872883488,https://network.mobile.rakuten.co.jp/shopmaster-public/v1/shops,2026-08-17
rakuten,東北,福島県,楽天モバイル ヨークベニマル門田店,965-0832 福島県会津若松市天神町22-11 ヨークベニマル門田 1F,https://network.mobile.rakuten.co.jp/shop-detail/1308/,1308,2025-12-22,37.47983414,139.9341531,https://network.mobile.rakuten.co.jp/shopmaster-public/v1/shops,2026-08-17
rakuten,近畿,兵庫県,KOBE MOBILE高速神戸,652-0035 兵庫県神戸市兵庫区西多聞通1丁目1-15 ピースフルライフワコー 1F,https://network.mobile.rakuten.co.jp/shop-detail/8604/,8604,2025-08-01,34.679055129259815,135.17288086124026,https://network.mobile.rakuten.co.jp/shopmaster-public/v1/shops,2026-08-17
rakuten,近畿,兵庫県,Tecc LIFE SELECT 加古川本店,675-0115 兵庫県加古川市平岡町一色100-1,https://network.mobile.rakuten.co.jp/shop-detail/7855/,7855,2021-10-08,34.73635562,134.8525085,https://network.mobile.rakuten.co.jp/shopmaster-public/v1/shops,2026-08-17
rakuten,近畿,兵庫県,Tecc LIFE SELECT 神戸垂水店,655-0001 兵庫県神戸市垂水区多聞町字小束山868-6,https://network.mobile.rakuten.co.jp/shop-detail/8421/,8421,2022-07-22,34.67125,135.05997,https://network.mobile.rakuten.co.jp/shopmaster-public/v1/shops,2026-08-17
rakuten,近畿,兵庫県,Tecc LIFE SELECT 神戸本店,651-0073 兵庫県神戸市中央区脇浜海岸通2丁目3-1,https://network.mobile.rakuten.co.jp/shop-detail/7806/,7806,2021-09-15,34.69873094,135.2127387,https://network.mobile.rakuten.co.jp/shopmaster-public/v1/shops,2026-08-17
rakuten,近畿,兵庫県,Tecc LIFE SELECT 尼崎店,661-0965 兵庫県尼崎市次屋3丁目13-18,https://network.mobile.rakuten.co.jp/shop-detail/8474/,8474,2023-03-17,34.74205557,135.442472,https://network.mobile.rakuten.co.jp/shopmaster-public/v1/shops,2026-08-17
rakuten,近畿,兵庫県,Tecc LIFE SELECT 姫路本店,670-0971 兵庫県姫路市西延末字五反田123-1,https://network.mobile.rakuten.co.jp/shop-detail/7779/,7779,2021-06-05,34.82675992,134.6731393,https://network.mobile.rakuten.co.jp/shopmaster-public/v1/shops,2026-08-17
rakuten,近畿,兵庫県,エディオン イオン三田ウッディタウン店,669-1321 兵庫県三田市けやき台1-6-2,https://network.mobile.rakuten.co.jp/shop-detail/8799/,8799,2025-10-01,34.9083327821108,135.18655790191025,https://network.mobile.rakuten.co.jp/shopmaster-public/v1/shops,2026-08-17
rakuten,近畿,兵庫県,エディオン オアシスタウンキセラ川西店,666-0017 兵庫県川西市火打1丁目16-6,https://network.mobile.rakuten.co.jp/shop-detail/8617/,8617,2025-08-01,34.83647375946096,135.4193400017374,https://network.mobile.rakuten.co.jp/shopmaster-public/v1/shops,2026-08-17
rakuten,近畿,兵庫県,エディオン ニッケパークタウン店,675-0066 兵庫県加古川市加古川町寺家町173-1 ニッケパークタウン2F,https://network.mobile.rakuten.co.jp/shop-detail/4181/,4181,2018-08-24,34.770061,134.835886,https://network.mobile.rakuten.co.jp/shopmaster-public/v1/shops,2026-08-17
rakuten,近畿,兵庫県,エディオン ブルメールHAT神戸店,651-0073 兵庫県神戸市中央区脇浜海岸通2丁目2-2,https://network.mobile.rakuten.co.jp/shop-detail/8616/,8616,2025-08-01,34.69979243,135.2142558,https://network.mobile.rakuten.co.jp/shopmaster-public/v1/shops,2026-08-17
rakuten,近畿,兵庫県,エディオン 伊丹店,664-0831 兵庫県伊丹市北伊丹5丁目70-1,https://network.mobile.rakuten.co.jp/shop-detail/0751/,0751,2015-11-17,34.7979954,135.421494,https://network.mobile.rakuten.co.jp/shopmaster-public/v1/shops,2026-08-17
rakuten,近畿,兵庫県,エディオン 御影店,658-0046 兵庫県神戸市東灘区御影本町4丁目2-1,https://network.mobile.rakuten.co.jp/shop-detail/3841/,3841,2018-07-06,34.7121045,135.256509,https://network.mobile.rakuten.co.jp/shopmaster-public/v1/shops,2026-08-17
rakuten,近畿,兵庫県,エディオン 垂水店,655-0052 兵庫県神戸市垂水区舞多聞東2丁目1-45,https://network.mobile.rakuten.co.jp/shop-detail/4171/,4171,2018-08-10,34.664244,135.054673,https://network.mobile.rakuten.co.jp/shopmaster-public/v1/shops,2026-08-17
rakuten,近畿,兵庫県,エディオン 西宮店,662-0842 兵庫県西宮市芦原町9-23,https://network.mobile.rakuten.co.jp/shop-detail/3561/,3561,2018-06-15,34.7418947,135.353961,https://network.mobile.rakuten.co.jp/shopmaster-public/v1/shops,2026-08-17
rakuten,近畿,兵庫県,エディオン 赤穂店,678-0232 兵庫県赤穂市中広2-8,https://network.mobile.rakuten.co.jp/shop-detail/8541/,8541,2025-05-01,34.7528532,134.3967997,https://network.mobile.rakuten.co.jp/shopmaster-public/v1/shops,2026-08-17
rakuten,近畿,兵庫県,エディオン 姫路花田店,671-0218 兵庫県姫路市飾東町庄字宮ノ前273,https://network.mobile.rakuten.co.jp/shop-detail/8748/,8748,2025-09-16,34.83876548,134.7317351,https://network.mobile.rakuten.co.jp/shopmaster-public/v1/shops,2026-08-17
rakuten,近畿,兵庫県,ケーズデンキ ガーデンシティ垂水店,655-0052 兵庫県神戸市垂水区舞多聞東3丁目1-1,https://network.mobile.rakuten.co.jp/shop-detail/1761/,1761,2016-09-07,34.665388,135.055513,https://network.mobile.rakuten.co.jp/shopmaster-public/v1/shops,2026-08-17
rakuten,近畿,兵庫県,ケーズデンキ 加古川店,675-0034 兵庫県加古川市加古川町稲屋917-1,https://network.mobile.rakuten.co.jp/shop-detail/8615/,8615,2025-08-22,34.76165611435169,134.81465755454207,https://network.mobile.rakuten.co.jp/shopmaster-public/v1/shops,2026-08-17
rakuten,近畿,兵庫県,ケーズデンキ 三田ウッディタウン店,669-1321 兵庫県三田市けやき台1丁目2-2,https://network.mobile.rakuten.co.jp/shop-detail/8636/,8636,2025-08-22,34.9060374630211,135.18930469073044,https://network.mobile.rakuten.co.jp/shopmaster-public/v1/shops,2026-08-17
rakuten,近畿,兵庫県,ケーズデンキ 西宮えびす南店,662-0942 兵庫県西宮市浜町14-23,https://network.mobile.rakuten.co.jp/shop-detail/8470/,8470,2023-02-23,34.73068688,135.3363263,https://network.mobile.rakuten.co.jp/shopmaster-public/v1/shops,2026-08-17
rakuten,近畿,兵庫県,ケーズデンキ 西神戸店,651-2135 兵庫県神戸市西区王塚台7丁目131-1,https://network.mobile.rakuten.co.jp/shop-detail/8280/,8280,2022-04-01,34.67206707,134.9807129,https://network.mobile.rakuten.co.jp/shopmaster-public/v1/shops,2026-08-17
rakuten,近畿,兵庫県,ケーズデンキ 大久保店,651-2414 兵庫県神戸市西区大沢1丁目5-2,https://network.mobile.rakuten.co.jp/shop-detail/8872/,8872,2025-10-17,34.70850375870993,134.93760853859254,https://network.mobile.rakuten.co.jp/shopmaster-public/v1/shops,2026-08-17
rakuten,近畿,兵庫県,ケーズデンキ 東加古川店,675-0104 兵庫県加古川市平岡町土山850-11,https://network.mobile.rakuten.co.jp/shop-detail/1486/,1486,2026-04-17,34.7313009,134.8806133,https://network.mobile.rakuten.co.jp/shopmaster-public/v1/shops,2026-08-17
rakuten,近畿,兵庫県,ケーズデンキ 尼崎浜田店,660-0072 兵庫県尼崎市大庄川田町77,https://network.mobile.rakuten.co.jp/shop-detail/8282/,8282,2022-04-15,34.72651829,135.3964673,https://network.mobile.rakuten.co.jp/shopmaster-public/v1/shops,2026-08-17
rakuten,近畿,兵庫県,ジョーシン コープリビング甲南店,658-0084 兵庫県神戸市東灘区甲南町2丁目1-20 コープリビング甲南2F,https://network.mobile.rakuten.co.jp/shop-detail/8355/,8355,2022-05-20,34.72226014,135.2761902,https://network.mobile.rakuten.co.jp/shopmaster-public/v1/shops,2026-08-17
rakuten,近畿,兵庫県,ジョーシン つかしん店,661-0001 兵庫県尼崎市塚口本町4丁目8-1 つかしんひがしまち南館 5F,https://network.mobile.rakuten.co.jp/shop-detail/8312/,8312,2022-04-26,34.76096653,135.4196629,https://network.mobile.rakuten.co.jp/shopmaster-public/v1/shops,2026-08-17
rakuten,近畿,兵庫県,ジョーシン 伊丹昆陽イオンモール店,664-0027 兵庫県伊丹市池尻4丁目1-1 イオンモール伊丹昆陽3F,https://network.mobile.rakuten.co.jp/shop-detail/3401/,3401,2018-05-30,34.784412,135.381470,https://network.mobile.rakuten.co.jp/shopmaster-public/v1/shops,2026-08-17
rakuten,近畿,兵庫県,ジョーシン 加古川店,675-0131 兵庫県加古川市別府町新野辺440-1,https://network.mobile.rakuten.co.jp/shop-detail/3381/,3381,2018-05-30,34.742573,134.841309,https://network.mobile.rakuten.co.jp/shopmaster-public/v1/shops,2026-08-17
rakuten,近畿,兵庫県,ジョーシン 三田ウッディタウン店,669-1321 兵庫県三田市けやき台1丁目5,https://network.mobile.rakuten.co.jp/shop-detail/5181/,5181,2018-11-16,34.9065890,135.1885340,https://network.mobile.rakuten.co.jp/shopmaster-public/v1/shops,2026-08-17
rakuten,近畿,兵庫県,ジョーシン 社店,673-1431 兵庫県加東市社1102-1,https://network.mobile.rakuten.co.jp/shop-detail/8886/,8886,2025-11-21,34.9152213,134.9595474,https://network.mobile.rakuten.co.jp/shopmaster-public/v1/shops,2026-08-17
rakuten,近畿,兵庫県,ジョーシン 神戸南イオンモール店,652-0844 兵庫県神戸市兵庫区中之島2丁目1-1 イオンモール神戸南2F,https://network.mobile.rakuten.co.jp/shop-detail/2661/,2661,2017-09-20,34.665674,135.174523,https://network.mobile.rakuten.co.jp/shopmaster-public/v1/shops,2026-08-17
rakuten,近畿,兵庫県,ジョーシン 神戸北町店,651-1233 兵庫県神戸市北区日の峰2丁目9-1 ミリオンタウン神戸北町1F,https://network.mobile.rakuten.co.jp/shop-detail/4781/,4781,2018-10-19,34.753548,135.14064,https://network.mobile.rakuten.co.jp/shopmaster-public/v1/shops,2026-08-17
rakuten,近畿,兵庫県,ジョーシン 西宮ガーデンズ店,663-8204 兵庫県西宮市高松町14-2 阪急西宮ガーデンズ 4F,https://network.mobile.rakuten.co.jp/shop-detail/0611/,0611,2015-11-17,34.743605,135.361165,https://network.mobile.rakuten.co.jp/shopmaster-public/v1/shops,2026-08-17
rakuten,近畿,兵庫県,ジョーシン 西宮今津店,663-8226 兵庫県西宮市今津港町1-26 ホームセンターコーナン2F,https://network.mobile.rakuten.co.jp/shop-detail/3101/,3101,2018-03-28,34.723820,135.349548,https://network.mobile.rakuten.co.jp/shopmaster-public/v1/shops,2026-08-17
rakuten,近畿,兵庫県,ジョーシン 川西イオンタウン店,666-0124 兵庫県川西市多田桜木1丁目4-1,https://network.mobile.rakuten.co.jp/shop-detail/5201/,5201,2018-11-21,34.855545,135.417358,https://network.mobile.rakuten.co.jp/shopmaster-public/v1/shops,2026-08-17
rakuten,近畿,兵庫県,ジョーシン 淡路店,656-0122 兵庫県南あわじ市広田広田117-1,https://network.mobile.rakuten.co.jp/shop-detail/8887/,8887,2025-12-05,34.3199639,134.8293055,https://network.mobile.rakuten.co.jp/shopmaster-public/v1/shops,2026-08-17
rakuten,近畿,兵庫県,ジョーシン 中山寺店,665-0874 兵庫県宝塚市中筋5丁目10-27 マーケットスクエア中山寺,https://network.mobile.rakuten.co.jp/shop-detail/2461/,2461,2017-07-11,34.816028,135.373580,https://network.mobile.rakuten.co.jp/shopmaster-public/v1/shops,2026-08-17
rakuten,近畿,兵庫県,ジョーシン 姫路大津イオンモール店,671-1146 兵庫県姫路市大津区大津町2丁目5 イオンモール姫路大津1F,https://network.mobile.rakuten.co.jp/shop-detail/1561/,1561,2016-07-15,34.80675447306118,134.60812852706937,https://network.mobile.rakuten.co.jp/shopmaster-public/v1/shops,2026-08-17
rakuten,近畿,兵庫県,ジョーシン 宝塚店,665-0845 兵庫県宝塚市栄町1丁目8-35,https://network.mobile.rakuten.co.jp/shop-detail/7869/,7869,2021-11-26,34.808204,135.347001,https://network.mobile.rakuten.co.jp/shopmaster-public/v1/shops,2026-08-17
rakuten,近畿,兵庫県,ジョーシン 豊岡店,668-0013 兵庫県豊岡市中陰553,https://network.mobile.rakuten.co.jp/shop-detail/4761/,4761,2018-10-12,35.552883,134.81134,https://network.mobile.rakuten.co.jp/shopmaster-public/v1/shops,2026-08-17
rakuten,近畿,兵庫県,ジョーシン 名谷ダイエー店,654-0154 兵庫県神戸市須磨区中落合2丁目2-2 ダイエー名谷店3F,https://network.mobile.rakuten.co.jp/shop-detail/4091/,4091,2018-08-10,34.678406,135.095673,https://network.mobile.rakuten.co.jp/shopmaster-public/v1/shops,2026-08-17
rakuten,近畿,兵庫県,ジョーシン 明石大久保店,674-0068 兵庫県明石市大久保町ゆりのき通3丁目2,https://network.mobile.rakuten.co.jp/shop-detail/8308/,8308,2022-04-22,34.6778516,134.9353464,https://network.mobile.rakuten.co.jp/shopmaster-public/v1/shops,2026-08-17
rakuten,近畿,兵庫県,ジョーシン 明石店,673-0028 兵庫県明石市硯町3丁目12-50,https://network.mobile.rakuten.co.jp/shop-detail/4211/,4211,2018-08-24,34.651036,134.974122,https://network.mobile.rakuten.co.jp/shopmaster-public/v1/shops,2026-08-17
rakuten,近畿,兵庫県,テックランド 芦屋店,659-0092 兵庫県芦屋市大原町9-1 ラポルテ東館1-2F,https://network.mobile.rakuten.co.jp/shop-detail/8410/,8410,2022-07-08,34.73533065,135.3077686,https://network.mobile.rakuten.co.jp/shopmaster-public/v1/shops,2026-08-17
rakuten,近畿,兵庫県,テックランドムサシ姫路店,671-1122 兵庫県姫路市広畑区夢前町3丁目1-7 ホームセンタームサシ姫路店2F,https://network.mobile.rakuten.co.jp/shop-detail/7852/,7852,2021-11-27,34.79649533,134.6411578,https://network.mobile.rakuten.co.jp/shopmaster-public/v1/shops,2026-08-17
rakuten,近畿,兵庫県,テックランド竜野店,679-4167 兵庫県たつの市龍野町富永字才の木582,https://network.mobile.rakuten.co.jp/shop-detail/8947/,8947,2025-11-01,34.85338235,134.5469717,https://network.mobile.rakuten.co.jp/shopmaster-public/v1/shops,2026-08-17
rakuten,近畿,兵庫県,ヤマダデンキ LABI 三宮,650-0021 兵庫県神戸市中央区三宮1丁目5-8,https://network.mobile.rakuten.co.jp/shop-detail/6441/,6441,2019-05-23,34.691746,135.194047,https://network.mobile.rakuten.co.jp/shopmaster-public/v1/shops,2026-08-17
rakuten,近畿,兵庫県,楽天モバイル MOLTI たるみ店,655-0027 兵庫県神戸市垂水区神田町1-20 MOLTIたるみ 1F,https://network.mobile.rakuten.co.jp/shop-detail/8782/,8782,2025-09-27,34.62957571810483,135.05366142698364,https://network.mobile.rakuten.co.jp/shopmaster-public/v1/shops,2026-08-17
rakuten,近畿,兵庫県,楽天モバイル あまがさきキューズモール店,661-0976 兵庫県尼崎市潮江1丁目3-1 あまがさきキューズモール3F,https://network.mobile.rakuten.co.jp/shop-detail/5291/,5291,2018-12-19,34.733604,135.430630,https://network.mobile.rakuten.co.jp/shopmaster-public/v1/shops,2026-08-17
rakuten,近畿,兵庫県,楽天モバイル アリオ加古川店,675-0124 兵庫県加古川市別府町緑町2 3F,https://network.mobile.rakuten.co.jp/shop-detail/7853/,7853,2021-10-28,34.72846985,134.8492496,https://network.mobile.rakuten.co.jp/shopmaster-public/v1/shops,2026-08-17
rakuten,近畿,兵庫県,楽天モバイル イオンジェームス山店,655-0873 兵庫県神戸市垂水区青山台7丁目7-1 イオンジェームス山店 2F,https://network.mobile.rakuten.co.jp/shop-detail/1143/,1143,2025-11-30,34.64628496,135.0763183,https://network.mobile.rakuten.co.jp/shopmaster-public/v1/shops,2026-08-17
rakuten,近畿,兵庫県,楽天モバイル イオンスタイル洲本店,656-0021 兵庫県洲本市塩屋1丁目1-8 イオンスタイル洲本 1F,https://network.mobile.rakuten.co.jp/shop-detail/1146/,1146,2025-11-30,34.34498057,134.8929092,https://network.mobile.rakuten.co.jp/shopmaster-public/v1/shops,2026-08-17
rakuten,近畿,兵庫県,楽天モバイル イオンモール伊丹昆陽店,664-0027 兵庫県伊丹市池尻4丁目1-1,https://network.mobile.rakuten.co.jp/shop-detail/6871/,6871,2019-07-26,34.785542,135.381509,https://network.mobile.rakuten.co.jp/shopmaster-public/v1/shops,2026-08-17
rakuten,近畿,兵庫県,楽天モバイル イオンモール伊丹店,664-0847 兵庫県伊丹市藤ノ木1丁目1-1 イオンモール伊丹 3F,https://network.mobile.rakuten.co.jp/shop-detail/8533/,8533,2025-03-07,34.78115406503823,135.42433265362624,https://network.mobile.rakuten.co.jp/shopmaster-public/v1/shops,2026-08-17
rakuten,近畿,兵庫県,楽天モバイル イオンモール加西北条店,675-2312 兵庫県加西市北条町北条308-1 イオンモール加西北条店 1F,https://network.mobile.rakuten.co.jp/shop-detail/8910/,8910,2025-11-15,34.93055172,134.8282783,https://network.mobile.rakuten.co.jp/shopmaster-public/v1/shops,2026-08-17
rakuten,近畿,兵庫県,楽天モバイル イオンモール神戸南店,652-0844 兵庫県神戸市兵庫区中之島2丁目1-1 イオンモール神戸南2F,https://network.mobile.rakuten.co.jp/shop-detail/8512/,8512,2024-10-15,34.66589997090951,135.17460072516758,https://network.mobile.rakuten.co.jp/shopmaster-public/v1/shops,2026-08-17
rakuten,近畿,兵庫県,楽天モバイル イオンモール神戸北店,651-1515 兵庫県神戸市北区上津台8丁目1-1 イオンモール神戸北2F211-B区画,https://network.mobile.rakuten.co.jp/shop-detail/5731/,5731,2019-03-01,34.861302,135.194940,https://network.mobile.rakuten.co.jp/shopmaster-public/v1/shops,2026-08-17
rakuten,近畿,兵庫県,楽天モバイル イオンモール猪名川店,666-0257 兵庫県川辺郡猪名川町白金2丁目1 イオンモール猪名川 3F,https://network.mobile.rakuten.co.jp/shop-detail/8333/,8333,2022-04-22,34.90193336,135.3647667,https://network.mobile.rakuten.co.jp/shopmaster-public/v1/shops,2026-08-17
rakuten,近畿,兵庫県,楽天モバイル イオンモール姫路リバーシティ店,672-8064 兵庫県姫路市飾磨区細江2560 イオンモール姫路リバーシティ 2F,https://network.mobile.rakuten.co.jp/shop-detail/7863/,7863,2021-11-12,34.79859,134.66823,https://network.mobile.rakuten.co.jp/shopmaster-public/v1/shops,2026-08-17
rakuten,近畿,兵庫県,楽天モバイル イオンモール姫路大津店,671-1146 兵庫県姫路市大津区大津町 2丁目5 イオンモール姫路大津店　2F イオンモール2F　フードコート近く,https://network.mobile.rakuten.co.jp/shop-detail/7311/,7311,2019-10-25,34.806440,134.607240,https://network.mobile.rakuten.co.jp/shopmaster-public/v1/shops,2026-08-17
rakuten,近畿,兵庫県,楽天モバイル イオン三木店,673-0404 兵庫県三木市大村字砂163 イオン三木 3F,https://network.mobile.rakuten.co.jp/shop-detail/1103/,1103,2025-11-26,34.8055337,134.972273,https://network.mobile.rakuten.co.jp/shopmaster-public/v1/shops,2026-08-17
rakuten,近畿,兵庫県,楽天モバイル イオン赤穂店,678-0232 兵庫県赤穂市中広字別所55-3 イオン赤穂店 2F 205区画,https://network.mobile.rakuten.co.jp/shop-detail/8892/,8892,2025-12-26,34.75567259097422,134.40070800461652,https://network.mobile.rakuten.co.jp/shopmaster-public/v1/shops,2026-08-17
rakuten,近畿,兵庫県,楽天モバイル カピル21加古川店,675-0065 兵庫県加古川市加古川町篠原町21-8 カピル21 1F,https://network.mobile.rakuten.co.jp/shop-detail/8697/,8697,2025-08-29,34.76666631508666,134.8392260403548,https://network.mobile.rakuten.co.jp/shopmaster-public/v1/shops,2026-08-17
rakuten,近畿,兵庫県,楽天モバイル セルバ甲南山手店,658-0011 兵庫県神戸市東灘区森南町1丁目5-1 セルバ甲南山手 B1F 031区画,https://network.mobile.rakuten.co.jp/shop-detail/1333/,1333,2025-12-24,34.729792187547716,135.29427325461364,https://network.mobile.rakuten.co.jp/shopmaster-public/v1/shops,2026-08-17
rakuten,近畿,兵庫県,楽天モバイル ソリオ宝塚店,665-0845 兵庫県宝塚市栄町2丁目1-1 ソリオ宝塚 1F 119区画,https://network.mobile.rakuten.co.jp/shop-detail/1330/,1330,2025-12-24,34.80957418556116,135.34185365508455,https://network.mobile.rakuten.co.jp/shopmaster-public/v1/shops,2026-08-17
rakuten,近畿,兵庫県,楽天モバイル つかしん店,661-0001 兵庫県尼崎市塚口本町4丁目8-1 グンゼタウンセンターつかしん2F,https://network.mobile.rakuten.co.jp/shop-detail/4811/,4811,2018-11-09,34.761655,135.419539,https://network.mobile.rakuten.co.jp/shopmaster-public/v1/shops,2026-08-17
rakuten,近畿,兵庫県,楽天モバイル ノエビアスタジアム神戸店,652-0855 兵庫県神戸市兵庫区御崎町1丁目2-2 ノエビアスタジアム神戸,https://network.mobile.rakuten.co.jp/shop-detail/8247/,8247,2022-02-28,34.65701827,135.1696712,https://network.mobile.rakuten.co.jp/shopmaster-public/v1/shops,2026-08-17
rakuten,近畿,兵庫県,楽天モバイル バザールタウン篠山 NEWS館店,669-2204 兵庫県丹波篠山市杉265 バザールタウン篠山 NEWS館 2F,https://network.mobile.rakuten.co.jp/shop-detail/1215/,1215,2025-12-05,35.063932852008676,135.18404492699074,https://network.mobile.rakuten.co.jp/shopmaster-public/v1/shops,2026-08-17
rakuten,近畿,兵庫県,楽天モバイル ブルメール舞多聞店,655-0052 兵庫県神戸市垂水区舞多聞東2丁目1-45,https://network.mobile.rakuten.co.jp/shop-detail/7780/,7780,2021-08-02,34.6632572,135.0531858,https://network.mobile.rakuten.co.jp/shopmaster-public/v1/shops,2026-08-17
rakuten,近畿,兵庫県,楽天モバイル ゆめタウン姫路店,670-0055 兵庫県姫路市神子岡前3丁目12-17 ゆめタウン姫路 2F,https://network.mobile.rakuten.co.jp/shop-detail/1113/,1113,2025-11-28,34.840786,134.669869,https://network.mobile.rakuten.co.jp/shopmaster-public/v1/shops,2026-08-17
rakuten,近畿,兵庫県,楽天モバイル ららぽーと甲子園店,663-8178 兵庫県西宮市甲子園八番町1-100 ららぽーと甲子園2F,https://network.mobile.rakuten.co.jp/shop-detail/6851/,6851,2019-08-09,34.717416,135.364108,https://network.mobile.rakuten.co.jp/shopmaster-public/v1/shops,2026-08-17
rakuten,近畿,兵庫県,楽天モバイル 御影クラッセ店,658-0054 兵庫県神戸市東灘区御影中町3丁目2-1 御影クラッセ 2F,https://network.mobile.rakuten.co.jp/shop-detail/8434/,8434,2022-09-09,34.71586623,135.2550307,https://network.mobile.rakuten.co.jp/shopmaster-public/v1/shops,2026-08-17
rakuten,近畿,兵庫県,楽天モバイル 阪急西宮ガーデンズ店,663-8204 兵庫県西宮市高松町14-2 阪急西宮ガーデンズ 5F,https://network.mobile.rakuten.co.jp/shop-detail/8127/,8127,2022-02-01,34.74395,135.35925,https://network.mobile.rakuten.co.jp/shopmaster-public/v1/shops,2026-08-17
rakuten,近畿,兵庫県,楽天モバイル 社店,673-1431 兵庫県加東市社1205-1,https://network.mobile.rakuten.co.jp/shop-detail/8690/,8690,2025-08-29,34.916375833769976,134.959272410633,https://network.mobile.rakuten.co.jp/shopmaster-public/v1/shops,2026-08-17
rakuten,近畿,兵庫県,楽天モバイル 夙川店,662-0051 兵庫県西宮市羽衣町7-30 夙川グリーンタウン 1F 104,https://network.mobile.rakuten.co.jp/shop-detail/1418/,1418,2026-04-06,34.741289850348984,135.32739617102118,https://network.mobile.rakuten.co.jp/shopmaster-public/v1/shops,2026-08-17
rakuten,近畿,兵庫県,楽天モバイル 神戸三宮センタープラザ店,650-0021 兵庫県神戸市中央区三宮町1丁目9-1 センタープラザ1F,https://network.mobile.rakuten.co.jp/shop-detail/7750/,7750,2021-04-22,34.691692,135.192245,https://network.mobile.rakuten.co.jp/shopmaster-public/v1/shops,2026-08-17
rakuten,近畿,兵庫県,楽天モバイル 神戸三宮センター街2丁目店,650-0021 兵庫県神戸市中央区三宮町2丁目10-7 グレースコウベビル1F,https://network.mobile.rakuten.co.jp/shop-detail/0161/,0161,2015-08-28,34.6909301,135.1914949,https://network.mobile.rakuten.co.jp/shopmaster-public/v1/shops,2026-08-17
rakuten,近畿,兵庫県,楽天モバイル 神戸親和大学店,651-1111 兵庫県神戸市北区鈴蘭台北町7丁目13-1 神戸親和大学 学生会館,https://network.mobile.rakuten.co.jp/shop-detail/8458/,8458,2022-10-18,34.72816781,135.1544449,https://network.mobile.rakuten.co.jp/shopmaster-public/v1/shops,2026-08-17
rakuten,近畿,兵庫県,楽天モバイル 川西店,666-0033 兵庫県川西市栄町11-1 1F 103号室,https://network.mobile.rakuten.co.jp/shop-detail/8766/,8766,2025-09-24,34.828504638155124,135.41324797089783,https://network.mobile.rakuten.co.jp/shopmaster-public/v1/shops,2026-08-17
rakuten,近畿,兵庫県,楽天モバイル 尼崎中央商店街店,660-0884 兵庫県尼崎市神田中通5丁目199 1F,https://network.mobile.rakuten.co.jp/shop-detail/1145/,1145,2025-11-30,34.72129413616072,135.40965292427236,https://network.mobile.rakuten.co.jp/shopmaster-public/v1/shops,2026-08-17
rakuten,近畿,兵庫県,楽天モバイル 姫路グランフェスタ店,670-0927 兵庫県姫路市駅前町188-1 姫路地下街グランフェスタ1番館 1番街 E区画,https://network.mobile.rakuten.co.jp/shop-detail/1851/,1851,2016-12-15,34.827907,134.690526,https://network.mobile.rakuten.co.jp/shopmaster-public/v1/shops,2026-08-17
rakuten,近畿,兵庫県,楽天モバイル 豊岡アイティ店,668-0031 兵庫県豊岡市大手町4-5 Aity 1F,https://network.mobile.rakuten.co.jp/shop-detail/1136/,1136,2025-11-29,35.544484,134.814924,https://network.mobile.rakuten.co.jp/shopmaster-public/v1/shops,2026-08-17
rakuten,近畿,兵庫県,楽天モバイル 明石ビブレ店,674-0068 兵庫県明石市大久保町ゆりのき通1丁目3-2 明石ビブレ 4F,https://network.mobile.rakuten.co.jp/shop-detail/8938/,8938,2026-04-10,34.68128346737207,134.9378122971889,https://network.mobile.rakuten.co.jp/shopmaster-public/v1/shops,2026-08-17
rakuten,北海道,北海道,Tecc LIFE SELECT 旭川店,070-0823 北海道旭川市緑町12丁目2719-1,https://network.mobile.rakuten.co.jp/shop-detail/8246/,8246,2022-02-25,43.7838916,142.3360739,https://network.mobile.rakuten.co.jp/shopmaster-public/v1/shops,2026-08-17
rakuten,北海道,北海道,Tecc LIFE SELECT 札幌北33条店,001-0033 北海道札幌市北区北三十三条西5丁目1-1,https://network.mobile.rakuten.co.jp/shop-detail/8989/,8989,2025-11-28,43.099917780017435,141.33941381319406,https://network.mobile.rakuten.co.jp/shopmaster-public/v1/shops,2026-08-17
rakuten,北海道,北海道,Tecc LIFE SELECT 札幌本店,060-0001 北海道札幌市中央区北一条西8丁目1-2,https://network.mobile.rakuten.co.jp/shop-detail/7787/,7787,2021-06-11,43.06182484,141.3439788,https://network.mobile.rakuten.co.jp/shopmaster-public/v1/shops,2026-08-17
rakuten,北海道,北海道,Tecc LIFE SELECT 清田店,004-0841 北海道札幌市清田区清田一条1丁目1-1,https://network.mobile.rakuten.co.jp/shop-detail/8370/,8370,2022-06-03,43.00546764,141.4322637,https://network.mobile.rakuten.co.jp/shopmaster-public/v1/shops,2026-08-17
rakuten,北海道,北海道,Tecc LIFE SELECT 函館本店,041-0806 北海道函館市美原2丁目14-1,https://network.mobile.rakuten.co.jp/shop-detail/8416/,8416,2022-07-08,41.81546,140.75481,https://network.mobile.rakuten.co.jp/shopmaster-public/v1/shops,2026-08-17
rakuten,北海道,北海道,エディオン 旭川豊岡店,078-8235 北海道旭川市豊岡5条4丁目4 フレスポ旭川龍谷,https://network.mobile.rakuten.co.jp/shop-detail/8903/,8903,2025-10-30,43.76104225,142.4022566,https://network.mobile.rakuten.co.jp/shopmaster-public/v1/shops,2026-08-17
rakuten,北海道,北海道,エディオン 札幌清田店,004-0839 北海道札幌市清田区真栄56,https://network.mobile.rakuten.co.jp/shop-detail/4161/,4161,2018-08-10,42.9900410,141.439709,https://network.mobile.rakuten.co.jp/shopmaster-public/v1/shops,2026-08-17
rakuten,北海道,北海道,エディオン 帯広本店,080-0831 北海道帯広市稲田町南9線西11-1,https://network.mobile.rakuten.co.jp/shop-detail/5331/,5331,2018-12-14,42.888469,143.197302,https://network.mobile.rakuten.co.jp/shopmaster-public/v1/shops,2026-08-17
rakuten,北海道,北海道,エディオン 東苗穂店,007-0803 北海道札幌市東区苗穂3条2丁目5-20,https://network.mobile.rakuten.co.jp/shop-detail/8263/,8263,2022-03-16,43.08561259,141.4051897,https://network.mobile.rakuten.co.jp/shopmaster-public/v1/shops,2026-08-17
rakuten,北海道,北海道,ケーズデンキ インターヴィレッジ大曲店,061-1278 北海道北広島市大曲幸町6丁目1,https://network.mobile.rakuten.co.jp/shop-detail/7071/,7071,2019-09-05,42.970300,141.468890,https://network.mobile.rakuten.co.jp/shopmaster-public/v1/shops,2026-08-17
rakuten,北海道,北海道,ケーズデンキ 旭川春光店,070-0871 北海道旭川市春光1条7丁目2-10,https://network.mobile.rakuten.co.jp/shop-detail/8460/,8460,2022-11-17,43.79778352,142.3746642,https://network.mobile.rakuten.co.jp/shopmaster-public/v1/shops,2026-08-17
rakuten,北海道,北海道,ケーズデンキ 旭川大雪通店,070-0010 北海道旭川市大雪通1丁目482-27,https://network.mobile.rakuten.co.jp/shop-detail/2801/,2801,2017-11-23,43.774027,142.383633,https://network.mobile.rakuten.co.jp/shopmaster-public/v1/shops,2026-08-17
rakuten,北海道,北海道,ケーズデンキ 岩見沢店,068-0854 北海道岩見沢市大和四条7-17,https://network.mobile.rakuten.co.jp/shop-detail/1055/,1055,2025-12-05,43.1859366557202,141.7425446040151,https://network.mobile.rakuten.co.jp/shopmaster-public/v1/shops,2026-08-17
rakuten,北海道,北海道,ケーズデンキ 釧路本店,084-0906 北海道釧路市鳥取大通3丁目5-1,https://network.mobile.rakuten.co.jp/shop-detail/8326/,8326,2022-04-28,43.01267021,144.3583774,https://network.mobile.rakuten.co.jp/shopmaster-public/v1/shops,2026-08-17
rakuten,北海道,北海道,ケーズデンキ 恵庭店,061-1376 北海道恵庭市恵み野里美2丁目16-22,https://network.mobile.rakuten.co.jp/shop-detail/8443/,8443,2022-10-29,42.90367073,141.5703456,https://network.mobile.rakuten.co.jp/shopmaster-public/v1/shops,2026-08-17
rakuten,北海道,北海道,ケーズデンキ 月寒店,062-0055 北海道札幌市豊平区月寒東5条13丁目3-1,https://network.mobile.rakuten.co.jp/shop-detail/1361/,1361,2016-05-26,43.030947,141.414926,https://network.mobile.rakuten.co.jp/shopmaster-public/v1/shops,2026-08-17
rakuten,北海道,北海道,ケーズデンキ 厚別店,004-0005 北海道札幌市厚別区厚別東5条8丁目7-1,https://network.mobile.rakuten.co.jp/shop-detail/8360/,8360,2022-07-01,43.05771449,141.4840599,https://network.mobile.rakuten.co.jp/shopmaster-public/v1/shops,2026-08-17
rakuten,北海道,北海道,ケーズデンキ 江別店,067-0064 北海道江別市上江別430-3,https://network.mobile.rakuten.co.jp/shop-detail/8357/,8357,2022-06-01,43.0991757,141.5475204,https://network.mobile.rakuten.co.jp/shopmaster-public/v1/shops,2026-08-17
rakuten,北海道,北海道,ケーズデンキ 札幌麻生店,001-0036 北海道札幌市北区北36条西10丁目1-5,https://network.mobile.rakuten.co.jp/shop-detail/1351/,1351,2016-05-26,43.105718,141.332269,https://network.mobile.rakuten.co.jp/shopmaster-public/v1/shops,2026-08-17
rakuten,北海道,北海道,ケーズデンキ 室蘭モルエ店,050-0075 北海道室蘭市中島本町1丁目1-6,https://network.mobile.rakuten.co.jp/shop-detail/8363/,8363,2022-08-11,42.35086613,141.0091158,https://network.mobile.rakuten.co.jp/shopmaster-public/v1/shops,2026-08-17
rakuten,北海道,北海道,ケーズデンキ 小樽店,047-0005 北海道小樽市勝納町7-3,https://network.mobile.rakuten.co.jp/shop-detail/1033/,1033,2025-12-01,43.184362469290924,141.01556019677167,https://network.mobile.rakuten.co.jp/shopmaster-public/v1/shops,2026-08-17
rakuten,北海道,北海道,ケーズデンキ 千歳店,066-0075 北海道千歳市北信濃867-1,https://network.mobile.rakuten.co.jp/shop-detail/8605/,8605,2025-08-01,42.84371503578281,141.61989607356622,https://network.mobile.rakuten.co.jp/shopmaster-public/v1/shops,2026-08-17
rakuten,北海道,北海道,ケーズデンキ 帯広店,080-0028 北海道帯広市西十八条南1丁目4-1 ケーズデンキ帯広店,https://network.mobile.rakuten.co.jp/shop-detail/8537/,8537,2025-03-20,42.92834443743483,143.1626821488489,https://network.mobile.rakuten.co.jp/shopmaster-public/v1/shops,2026-08-17
rakuten,北海道,北海道,ケーズデンキ 滝川店,073-0024 北海道滝川市東町2丁目31-5,https://network.mobile.rakuten.co.jp/shop-detail/8444/,8444,2022-10-29,43.55413326,141.9300915,https://network.mobile.rakuten.co.jp/shopmaster-public/v1/shops,2026-08-17
rakuten,北海道,北海道,ケーズデンキ 東苗穂店,007-0801 北海道札幌市東区東苗穂一条3丁目1-15,https://network.mobile.rakuten.co.jp/shop-detail/8574/,8574,2025-07-01,43.07785195801726,141.40082744246862,https://network.mobile.rakuten.co.jp/shopmaster-public/v1/shops,2026-08-17
rakuten,北海道,北海道,ケーズデンキ 苫小牧店,053-0052 北海道苫小牧市新開町4丁目1-2,https://network.mobile.rakuten.co.jp/shop-detail/8361/,8361,2022-08-01,42.65976333,141.6448067,https://network.mobile.rakuten.co.jp/shopmaster-public/v1/shops,2026-08-17
rakuten,北海道,北海道,ケーズデンキ 屯田店,002-0858 北海道札幌市北区屯田8条10丁目1-1,https://network.mobile.rakuten.co.jp/shop-detail/8575/,8575,2025-07-01,43.14123725900223,141.32245837493718,https://network.mobile.rakuten.co.jp/shopmaster-public/v1/shops,2026-08-17
rakuten,北海道,北海道,ケーズデンキ 函館本店,041-0806 北海道函館市美原3丁目52-1,https://network.mobile.rakuten.co.jp/shop-detail/3321/,3321,2018-05-01,41.821873,140.741784,https://network.mobile.rakuten.co.jp/shopmaster-public/v1/shops,2026-08-17
rakuten,北海道,北海道,ケーズデンキ 発寒店,063-0833 北海道札幌市西区発寒13条14丁目1078-15,https://network.mobile.rakuten.co.jp/shop-detail/8358/,8358,2022-06-01,43.10770297,141.2766527,https://network.mobile.rakuten.co.jp/shopmaster-public/v1/shops,2026-08-17
rakuten,北海道,北海道,ケーズデンキ 平岸店,062-0931 北海道札幌市豊平区岸一条12丁目1-55,https://network.mobile.rakuten.co.jp/shop-detail/8359/,8359,2022-06-25,43.02760851,141.3632872,https://network.mobile.rakuten.co.jp/shopmaster-public/v1/shops,2026-08-17
rakuten,北海道,北海道,ケーズデンキ 北見店,090-0051 北海道北見市高栄東町1丁目1-1,https://network.mobile.rakuten.co.jp/shop-detail/8327/,8327,2022-04-28,43.80984131,143.8753641,https://network.mobile.rakuten.co.jp/shopmaster-public/v1/shops,2026-08-17
rakuten,北海道,北海道,コジマ×ビックカメラ CiiNA CiiNA 屯田店,002-0858 北海道札幌市北区屯田8条3丁目5-1,https://network.mobile.rakuten.co.jp/shop-detail/8518/,8518,2024-11-30,43.140524746364584,141.3409188480906,https://network.mobile.rakuten.co.jp/shopmaster-public/v1/shops,2026-08-17
rakuten,北海道,北海道,コジマ×ビックカメラ イオン西岡店,062-0033 北海道札幌市豊平区西岡3条3丁目4-1 イオン札幌西岡ショッピングセンター,https://network.mobile.rakuten.co.jp/shop-detail/6251/,6251,2019-04-18,43.018931,141.387337,https://network.mobile.rakuten.co.jp/shopmaster-public/v1/shops,2026-08-17
rakuten,北海道,北海道,コジマ×ビックカメラ 函館店,041-0813 北海道函館市亀田本町55-8,https://network.mobile.rakuten.co.jp/shop-detail/6111/,6111,2019-03-27,41.802984,140.735072,https://network.mobile.rakuten.co.jp/shopmaster-public/v1/shops,2026-08-17
rakuten,北海道,北海道,テックランド ジョイフルタウン釧路店,084-0905 北海道釧路市鳥取南4丁目1-83,https://network.mobile.rakuten.co.jp/shop-detail/8611/,8611,2025-08-22,43.008954867884576,144.3473435288359,https://network.mobile.rakuten.co.jp/shopmaster-public/v1/shops,2026-08-17
rakuten,北海道,北海道,テックランド札幌琴似店,063-0802 北海道札幌市西区二十四軒二条1丁目2-46,https://network.mobile.rakuten.co.jp/shop-detail/8835/,8835,2025-10-11,43.07571648083608,141.31551207475627,https://network.mobile.rakuten.co.jp/shopmaster-public/v1/shops,2026-08-17
rakuten,北海道,北海道,テックランド札幌月寒店,062-0051 北海道札幌市豊平区月寒東一条12丁目1-1,https://network.mobile.rakuten.co.jp/shop-detail/8815/,8815,2025-10-04,43.02308565375378,141.4022635002831,https://network.mobile.rakuten.co.jp/shopmaster-public/v1/shops,2026-08-17
rakuten,北海道,北海道,テックランド千歳店,066-0037 北海道千歳市新富1丁目1-9,https://network.mobile.rakuten.co.jp/shop-detail/8838/,8838,2025-10-17,42.829114857242935,141.63620114884063,https://network.mobile.rakuten.co.jp/shopmaster-public/v1/shops,2026-08-17
rakuten,北海道,北海道,テックランド苫小牧本店,053-0053 北海道苫小牧市柳町4丁目3-23,https://network.mobile.rakuten.co.jp/shop-detail/8978/,8978,2025-11-15,42.6554877,141.6368429,https://network.mobile.rakuten.co.jp/shopmaster-public/v1/shops,2026-08-17
rakuten,北海道,北海道,ビックカメラ 札幌店,060-0005 北海道札幌市中央区北4条西2丁目1 東急百貨店さっぽろ店5F,https://network.mobile.rakuten.co.jp/shop-detail/1921/,1921,2017-01-26,43.066511744553004,141.35340388021672,https://network.mobile.rakuten.co.jp/shopmaster-public/v1/shops,2026-08-17
rakuten,北海道,北海道,ヤマダデンキ テックランド札幌発寒店,063-0831 北海道札幌市西区発寒11条14丁目1069-21,https://network.mobile.rakuten.co.jp/shop-detail/5871/,5871,2019-03-29,43.105593,141.274674,https://network.mobile.rakuten.co.jp/shopmaster-public/v1/shops,2026-08-17
rakuten,北海道,北海道,ヨドバシカメラ マルチメディア札幌,060-0806 北海道札幌市北区6条西5丁目1-22,https://network.mobile.rakuten.co.jp/shop-detail/7707/,7707,2020-09-30,43.068576,141.347731,https://network.mobile.rakuten.co.jp/shopmaster-public/v1/shops,2026-08-17
rakuten,北海道,北海道,楽天モバイル CAPO大谷地店,004-0041 北海道札幌市厚別区大谷地東3丁目3-20 CAPO大谷地 2F,https://network.mobile.rakuten.co.jp/shop-detail/1156/,1156,2025-11-30,43.02657439,141.4535193,https://network.mobile.rakuten.co.jp/shopmaster-public/v1/shops,2026-08-17
rakuten,北海道,北海道,楽天モバイル CiiNA CiiNA 福住店,062-0042 北海道札幌市豊平区福住二条1丁目2-5 シーナシーナ福住 1F,https://network.mobile.rakuten.co.jp/shop-detail/1213/,1213,2025-12-05,43.02029347135709,141.40360235023118,https://network.mobile.rakuten.co.jp/shopmaster-public/v1/shops,2026-08-17
rakuten,北海道,北海道,楽天モバイル MEGAドン・キホーテ旭川店,070-0871 北海道旭川市春光1条8丁目1-65 MEGAドン・キホーテ旭川店 1F,https://network.mobile.rakuten.co.jp/shop-detail/8844/,8844,2025-10-16,43.79874464025916,142.3782084834825,https://network.mobile.rakuten.co.jp/shopmaster-public/v1/shops,2026-08-17
rakuten,北海道,北海道,楽天モバイル MEGAドン・キホーテ室蘭中島店,050-0074 北海道室蘭市中島町1丁目19-11 MEGAドン・キホーテ室蘭中島店 1F,https://network.mobile.rakuten.co.jp/shop-detail/8867/,8867,2025-10-20,42.35378393446262,141.01757051788564,https://network.mobile.rakuten.co.jp/shopmaster-public/v1/shops,2026-08-17
rakuten,北海道,北海道,楽天モバイル MEGAドン・キホーテ西帯広店,080-2471 北海道帯広市西21条南4丁目1 MEGAドン・キホーテ西帯広,https://network.mobile.rakuten.co.jp/shop-detail/8967/,8967,2025-11-08,42.911903254147994,143.14360029962722,https://network.mobile.rakuten.co.jp/shopmaster-public/v1/shops,2026-08-17
rakuten,北海道,北海道,楽天モバイル MEGAドン・キホーテ苫小牧店,053-0033 北海道苫小牧市木場町１丁目6-1 MEGAドン・キホーテ苫小牧店 2F,https://network.mobile.rakuten.co.jp/shop-detail/8845/,8845,2025-10-16,42.64120867039282,141.59529726450904,https://network.mobile.rakuten.co.jp/shopmaster-public/v1/shops,2026-08-17
rakuten,北海道,北海道,楽天モバイル MEGAドン・キホーテ函館店,041-0806 北海道函館市美原1丁目7-1 MEGAドン・キホーテ函館店 B1F,https://network.mobile.rakuten.co.jp/shop-detail/1104/,1104,2025-11-28,41.81353572872299,140.75615413930439,https://network.mobile.rakuten.co.jp/shopmaster-public/v1/shops,2026-08-17
rakuten,北海道,北海道,楽天モバイル アモールショッピングセンター店,078-8233 北海道旭川市豊岡3条2丁目2-19 アモールショッピングセンター 1F,https://network.mobile.rakuten.co.jp/shop-detail/1198/,1198,2025-12-04,43.76001234,142.3933593,https://network.mobile.rakuten.co.jp/shopmaster-public/v1/shops,2026-08-17
rakuten,北海道,北海道,楽天モバイル アリオ札幌店,065-8518 北海道札幌市東区北7条東9丁目2-20 アリオ札幌 3F,https://network.mobile.rakuten.co.jp/shop-detail/8248/,8248,2022-03-11,43.07138963,141.3703197,https://network.mobile.rakuten.co.jp/shopmaster-public/v1/shops,2026-08-17
rakuten,北海道,北海道,楽天モバイル イオンタウン江別店,069-0813 北海道江別市野幌町10-1 イオンタウン江別店 2F,https://network.mobile.rakuten.co.jp/shop-detail/8753/,8753,2025-09-22,43.09516645,141.5255173,https://network.mobile.rakuten.co.jp/shopmaster-public/v1/shops,2026-08-17
rakuten,北海道,北海道,楽天モバイル イオンモール旭川駅前店,070-0030 北海道旭川市宮下通7丁目2-5 イオンモール旭川駅前　3F,https://network.mobile.rakuten.co.jp/shop-detail/8320/,8320,2022-04-28,43.76472318,142.3578939,https://network.mobile.rakuten.co.jp/shopmaster-public/v1/shops,2026-08-17
rakuten,北海道,北海道,楽天モバイル イオン岩見沢店,068-0854 北海道岩見沢市大和4条8丁目1 イオン岩見沢店 1F,https://network.mobile.rakuten.co.jp/shop-detail/8941/,8941,2025-10-30,43.18455175,141.7411725,https://network.mobile.rakuten.co.jp/shopmaster-public/v1/shops,2026-08-17
rakuten,北海道,北海道,楽天モバイル イオン釧路店,088-0621 北海道釧路郡釧路町桂木1丁目1-7 イオン釧路 1F,https://network.mobile.rakuten.co.jp/shop-detail/1155/,1155,2025-12-01,43.00928883,144.4047088,https://network.mobile.rakuten.co.jp/shopmaster-public/v1/shops,2026-08-17
rakuten,北海道,北海道,楽天モバイル イオン上磯店,049-0111 北海道北斗市七重浜4丁目44-1 イオン上磯店 1F,https://network.mobile.rakuten.co.jp/shop-detail/8958/,8958,2025-10-30,41.82199323399978,140.71192418650028,https://network.mobile.rakuten.co.jp/shopmaster-public/v1/shops,2026-08-17
rakuten,北海道,北海道,楽天モバイル イオン静内店,056-0026 北海道日高郡新ひだか町静内末広町2丁目2-1 イオン静内店 1F,https://network.mobile.rakuten.co.jp/shop-detail/8957/,8957,2025-10-29,42.34309453,142.3555324,https://network.mobile.rakuten.co.jp/shopmaster-public/v1/shops,2026-08-17
rakuten,北海道,北海道,楽天モバイル イオン登別店,059-0026 北海道登別市若山町4丁目33-1 イオン登別店 1F,https://network.mobile.rakuten.co.jp/shop-detail/8959/,8959,2025-10-31,42.38149985,141.0688108,https://network.mobile.rakuten.co.jp/shopmaster-public/v1/shops,2026-08-17
rakuten,北海道,北海道,楽天モバイル イオン北郷店,003-0832 北海道札幌市白石区北郷二条7丁目6-25 2F,https://network.mobile.rakuten.co.jp/shop-detail/8773/,8773,2025-09-22,43.05265324855317,141.4233090109063,https://network.mobile.rakuten.co.jp/shopmaster-public/v1/shops,2026-08-17
rakuten,北海道,北海道,楽天モバイル イオン名寄ショッピングセンター店,096-0071 北海道名寄市徳田80-1 2F,https://network.mobile.rakuten.co.jp/shop-detail/8699/,8699,2025-08-30,44.33866416,142.452756,https://network.mobile.rakuten.co.jp/shopmaster-public/v1/shops,2026-08-17
rakuten,北海道,北海道,楽天モバイル コープさっぽろプラザ店,099-0404 北海道紋別郡遠軽町大通北2丁目 コープさっぽろプラザ 2F,https://network.mobile.rakuten.co.jp/shop-detail/8696/,8696,2025-08-28,44.06100366873282,143.5236038775001,https://network.mobile.rakuten.co.jp/shopmaster-public/v1/shops,2026-08-17
rakuten,北海道,北海道,楽天モバイル コープさっぽろ平岡店,004-0882 北海道札幌市清田区平岡公園東3丁目1-5 コープさっぽろ平岡店 1F,https://network.mobile.rakuten.co.jp/shop-detail/8792/,8792,2025-09-24,43.0098226,141.4733046,https://network.mobile.rakuten.co.jp/shopmaster-public/v1/shops,2026-08-17
rakuten,北海道,北海道,楽天モバイル ザ・ビッグ元町店,065-0024 北海道札幌市東区北二十四条東20丁目4-1 ザ・ビッグ元町店 2F,https://network.mobile.rakuten.co.jp/shop-detail/8812/,8812,2025-09-29,43.0950723516336,141.38312667116392,https://network.mobile.rakuten.co.jp/shopmaster-public/v1/shops,2026-08-17
rakuten,北海道,北海道,楽天モバイル ザ・ビッグ西岡店,062-0033 北海道札幌市豊平区西岡三条7-220 ザ・ビッグ西岡 1F,https://network.mobile.rakuten.co.jp/shop-detail/8813/,8813,2025-11-28,43.011667043538054,141.38683219926904,https://network.mobile.rakuten.co.jp/shopmaster-public/v1/shops,2026-08-17
rakuten,北海道,北海道,楽天モバイル サッポロファクトリー店,060-0032 北海道札幌市中央区北2条東4丁目 サッポロファクトリー 3条館1F,https://network.mobile.rakuten.co.jp/shop-detail/8692/,8692,2025-09-01,43.0654276,141.3624495,https://network.mobile.rakuten.co.jp/shopmaster-public/v1/shops,2026-08-17
rakuten,北海道,北海道,楽天モバイル スーパーアークスアドマーニ店,041-0806 北海道函館市美原3丁目13-15 スーパーアークスアドマーニ 1F,https://network.mobile.rakuten.co.jp/shop-detail/1024/,1024,2025-11-20,41.81911564112862,140.7512328857399,https://network.mobile.rakuten.co.jp/shopmaster-public/v1/shops,2026-08-17
rakuten,北海道,北海道,楽天モバイル スーパーアークス桜町店,090-0804 北海道北見市桜町6丁目2-4 スーパーアークス桜町店 1F,https://network.mobile.rakuten.co.jp/shop-detail/8929/,8929,2025-10-31,43.805761009370094,143.90731307602917,https://network.mobile.rakuten.co.jp/shopmaster-public/v1/shops,2026-08-17
rakuten,北海道,北海道,楽天モバイル ちとせモール店,066-0078 北海道千歳市勇舞8丁目1-1 ちとせモール 1F,https://network.mobile.rakuten.co.jp/shop-detail/8972/,8972,2025-11-12,42.85434916760271,141.6265617612952,https://network.mobile.rakuten.co.jp/shopmaster-public/v1/shops,2026-08-17
rakuten,北海道,北海道,楽天モバイル ドン・キホーテ手稲店,006-0815 北海道札幌市手稲区前田五条11丁目7-10 ドン・キホーテ手稲店 1F,https://network.mobile.rakuten.co.jp/shop-detail/1203/,1203,2025-12-09,43.12587642865729,141.2530615859834,https://network.mobile.rakuten.co.jp/shopmaster-public/v1/shops,2026-08-17
rakuten,北海道,北海道,楽天モバイル ぴあざフクハラ音更店,080-0111 北海道河東郡音更町木野大通東16-1 ぴあざフクハラ音更 1F,https://network.mobile.rakuten.co.jp/shop-detail/1464/,1464,2026-03-20,42.96833604643295,143.20784716934114,https://network.mobile.rakuten.co.jp/shopmaster-public/v1/shops,2026-08-17
rakuten,北海道,北海道,楽天モバイル フレスポスズランプラザ店,080-0831 北海道帯広市稲田町南8線西10-1 フレスポスズランプラザ 1F 1-14-1区画,https://network.mobile.rakuten.co.jp/shop-detail/1445/,1445,2026-06-24,42.89010647516219,143.19805702494347,https://network.mobile.rakuten.co.jp/shopmaster-public/v1/shops,2026-08-17
rakuten,北海道,北海道,楽天モバイル ポールタウン札幌店,060-0063 北海道札幌市中央区南3条西3丁目 札幌地下街ポールタウン,https://network.mobile.rakuten.co.jp/shop-detail/5821/,5821,2017-09-22,43.056343,141.353248,https://network.mobile.rakuten.co.jp/shopmaster-public/v1/shops,2026-08-17
rakuten,北海道,北海道,楽天モバイル マックスバリュ若松店,040-0063 北海道函館市若松町25-1 マックスバリュ若松 2F,https://network.mobile.rakuten.co.jp/shop-detail/8784/,8784,2025-09-18,41.77431629459902,140.73039649551285,https://network.mobile.rakuten.co.jp/shopmaster-public/v1/shops,2026-08-17
rakuten,北海道,北海道,楽天モバイル マックスバリュ滝川店,073-0013 北海道滝川市南滝の川115-4 マックスバリュ滝川 1F,https://network.mobile.rakuten.co.jp/shop-detail/1465/,1465,2026-05-15,43.57055841,141.9315984,https://network.mobile.rakuten.co.jp/shopmaster-public/v1/shops,2026-08-17
rakuten,北海道,北海道,楽天モバイル 西條稚内店,097-0005 北海道稚内市大黒4丁目7-1 2F,https://network.mobile.rakuten.co.jp/shop-detail/8777/,8777,2025-10-23,45.39752851,141.6920757,https://network.mobile.rakuten.co.jp/shopmaster-public/v1/shops,2026-08-17
rakuten,北海道,北海道,楽天モバイル 地下鉄琴似駅前店,063-0812 北海道札幌市西区琴似二条5丁目1-24 1F,https://network.mobile.rakuten.co.jp/shop-detail/8788/,8788,2025-09-29,43.07629423564778,141.30267801383903,https://network.mobile.rakuten.co.jp/shopmaster-public/v1/shops,2026-08-17
rakuten,北海道,北海道,楽天モバイル 長崎屋小樽店,047-0032 北海道小樽市稲穂2丁目20-1 長崎屋小樽店（小樽駅前第二ビル）1F,https://network.mobile.rakuten.co.jp/shop-detail/1073/,1073,2025-11-24,43.19745658778661,140.99530782883588,https://network.mobile.rakuten.co.jp/shopmaster-public/v1/shops,2026-08-17
rakuten,北海道,北海道,楽天モバイル 文教堂琴似駅前店,063-0812 北海道札幌市西区琴似二条1丁目1-20 琴似タワープラザ 1F 文教堂内,https://network.mobile.rakuten.co.jp/shop-detail/1295/,1295,2025-12-18,43.08159665,141.3064537,https://network.mobile.rakuten.co.jp/shopmaster-public/v1/shops,2026-08-17
rakuten,近畿,和歌山県,YAMADA web.com 和歌山店,641-0011 和歌山県和歌山市三葛339-1,https://network.mobile.rakuten.co.jp/shop-detail/8303/,8303,2022-03-25,34.19400788,135.1849707,https://network.mobile.rakuten.co.jp/shopmaster-public/v1/shops,2026-08-17
rakuten,近畿,和歌山県,エディオン イオンモール和歌山店,640-8454 和歌山県和歌山市ふじと台23 イオンモール和歌山店 2F,https://network.mobile.rakuten.co.jp/shop-detail/1046/,1046,2025-11-28,34.27640648,135.149501,https://network.mobile.rakuten.co.jp/shopmaster-public/v1/shops,2026-08-17
rakuten,近畿,和歌山県,ケーズデンキ 田辺店,646-0051 和歌山県田辺市稲成町260,https://network.mobile.rakuten.co.jp/shop-detail/1485/,1485,2026-04-17,33.7423452,135.374705,https://network.mobile.rakuten.co.jp/shopmaster-public/v1/shops,2026-08-17
rakuten,近畿,和歌山県,ケーズデンキ 和歌山店,640-8319 和歌山県和歌山市手平1丁目5-2,https://network.mobile.rakuten.co.jp/shop-detail/8783/,8783,2025-10-03,34.219297772686346,135.18706064234388,https://network.mobile.rakuten.co.jp/shopmaster-public/v1/shops,2026-08-17
rakuten,近畿,和歌山県,ジョーシン 岩出店,649-6235 和歌山県岩出市西野25,https://network.mobile.rakuten.co.jp/shop-detail/8764/,8764,2025-10-30,34.26081,135.30648,https://network.mobile.rakuten.co.jp/shopmaster-public/v1/shops,2026-08-17
rakuten,近畿,和歌山県,ジョーシン 和歌山店,640-8319 和歌山県和歌山市手平3丁目1-43 ジョーシン和歌山店3F,https://network.mobile.rakuten.co.jp/shop-detail/8461/,8461,2022-11-12,34.21689294,135.1881782,https://network.mobile.rakuten.co.jp/shopmaster-public/v1/shops,2026-08-17
rakuten,近畿,和歌山県,ジョーシン 和歌山北店,640-8442 和歌山県和歌山市平井120-1,https://network.mobile.rakuten.co.jp/shop-detail/2441/,2441,2017-07-11,34.259185,135.167992,https://network.mobile.rakuten.co.jp/shopmaster-public/v1/shops,2026-08-17
rakuten,近畿,和歌山県,楽天モバイル JR和歌山駅前店,640-8331 和歌山県和歌山市美園町5丁目3-1 1F,https://network.mobile.rakuten.co.jp/shop-detail/8720/,8720,2025-09-11,34.230720723059875,135.1897216672934,https://network.mobile.rakuten.co.jp/shopmaster-public/v1/shops,2026-08-17
rakuten,近畿,和歌山県,楽天モバイル WAY書店岩出店,649-6235 和歌山県岩出市西野30,https://network.mobile.rakuten.co.jp/shop-detail/8132/,8132,2022-03-11,34.25967038,135.304422,https://network.mobile.rakuten.co.jp/shopmaster-public/v1/shops,2026-08-17
rakuten,近畿,和歌山県,楽天モバイル イオンモール和歌山店,640-8451 和歌山県和歌山市ふじと台23番地 イオンモール和歌山2F,https://network.mobile.rakuten.co.jp/shop-detail/6341/,6341,2019-05-31,34.275902,135.149138,https://network.mobile.rakuten.co.jp/shopmaster-public/v1/shops,2026-08-17
rakuten,近畿,和歌山県,楽天モバイル イズミヤショッピングセンター和歌山店,640-8325 和歌山県和歌山市新生町7-20 1F,https://network.mobile.rakuten.co.jp/shop-detail/8728/,8728,2025-09-16,34.22188035598222,135.1873522,https://network.mobile.rakuten.co.jp/shopmaster-public/v1/shops,2026-08-17
rakuten,近畿,和歌山県,楽天モバイル ダイエー田辺ショッピングセンター店,646-0026 和歌山県田辺市宝来町24-26 1F,https://network.mobile.rakuten.co.jp/shop-detail/8711/,8711,2025-09-04,33.73500089640612,135.38815146807372,https://network.mobile.rakuten.co.jp/shopmaster-public/v1/shops,2026-08-17
rakuten,近畿,和歌山県,楽天モバイル 海南店,642-0031 和歌山県海南市築地1-35,https://network.mobile.rakuten.co.jp/shop-detail/8635/,8635,2025-07-31,34.152704480734855,135.20686314984042,https://network.mobile.rakuten.co.jp/shopmaster-public/v1/shops,2026-08-17
