URL,slug,name,locality
https://shop.smt.docomo.ne.jp/shop_detail/0100100005700/index.html,docomo-shop-nemuro,ドコモショップ根室店,根室市
https://shop.smt.docomo.ne.jp/shop_detail/0100100007200/index.html,docomo-shop-date,ドコモショップ伊達店（北海道）,伊達市
https://shop.smt.docomo.ne.jp/shop_detail/0100100034500/index.html,docomo-shop-noboribetsu,ドコモショップ登別店,登別市
https://shop.smt.docomo.ne.jp/shop_detail/0100100035200/index.html,docomo-shop-shinashina-fukusumi,ドコモショップシーナシーナ福住店,札幌市豊平区
https://shop.smt.docomo.ne.jp/shop_detail/0100100035300/index.html,docomo-shop-shinkotoni,ドコモショップ新琴似店,札幌市北区
https://shop.smt.docomo.ne.jp/shop_detail/0100100035500/index.html,docomo-shop-nakajimakoen,ドコモショップ中島公園店,札幌市中央区
https://shop.smt.docomo.ne.jp/shop_detail/0100100035600/index.html,docomo-shop-tomakomai-akenoshin-machi,ドコモショップ苫小牧明野新町店,苫小牧市
https://shop.smt.docomo.ne.jp/shop_detail/0100100045900/index.html,docomo-shop-furesupo-megumino,ドコモショップフレスポ恵み野店,恵庭市
https://shop.smt.docomo.ne.jp/shop_detail/0100100046700/index.html,docomo-shop-shizunai,ドコモショップ静内店,日高郡新ひだか町
https://shop.smt.docomo.ne.jp/shop_detail/0100100047500/index.html,docomo-shop-nakashibetsu,ドコモショップ中標津店,標津郡中標津町
https://shop.smt.docomo.ne.jp/shop_detail/0100100052800/index.html,docomo-shop-urakawa,ドコモショップ浦河店,浦河郡浦河町
https://shop.smt.docomo.ne.jp/shop_detail/0100100053400/index.html,docomo-shop-hakodate-hondori,ドコモショップ函館本通店,函館市
https://shop.smt.docomo.ne.jp/shop_detail/0100100053900/index.html,docomo-shop-you-te-i,ドコモショップようてい店,虻田郡倶知安町
https://shop.smt.docomo.ne.jp/shop_detail/0100100074000/index.html,docomo-shop-maruyama,ドコモショップ円山店,札幌市中央区
https://shop.smt.docomo.ne.jp/shop_detail/0100100074100/index.html,docomo-shop-kushiro-showa,ドコモショップ釧路昭和店,釧路市
https://shop.smt.docomo.ne.jp/shop_detail/0100100077500/index.html,docomo-shop-obihiro-keiba-jo-dori,ドコモショップ帯広競馬場通店,帯広市
https://shop.smt.docomo.ne.jp/shop_detail/0100100079400/index.html,docomo-shop-miyanosawa,ドコモショップ宮の沢店,札幌市西区
https://shop.smt.docomo.ne.jp/shop_detail/0100100081600/index.html,docomo-shop-sumikawa,ドコモショップ澄川店,札幌市南区
https://shop.smt.docomo.ne.jp/shop_detail/0100100082100/index.html,docomo-shop-tanno,ドコモショップ端野店,北見市端野町三区
https://shop.smt.docomo.ne.jp/shop_detail/0100100084400/index.html,docomo-shop-shimbashi-omagari,ドコモショップ新橋大曲店（北海道）,釧路市
https://shop.smt.docomo.ne.jp/shop_detail/0100100084800/index.html,docomo-shop-shin-sapporo,ドコモショップ新札幌店,札幌市厚別区
https://shop.smt.docomo.ne.jp/shop_detail/0100100087200/index.html,docomo-shop-obihiro-odoriminami-28-chome,ドコモショップ帯広大通南２８丁目店,帯広市
https://shop.smt.docomo.ne.jp/shop_detail/0100100090300/index.html,docomo-shop-apia,ドコモショップＡＰｉＡ店（北海道）,札幌市中央区
https://shop.smt.docomo.ne.jp/shop_detail/0100100092700/index.html,docomo-shop-yakumo,ドコモショップ八雲店,二海郡八雲町
https://shop.smt.docomo.ne.jp/shop_detail/0100100094100/index.html,docomo-shop-asahikawa-nagayama,ドコモショップ旭川永山店,旭川市
https://shop.smt.docomo.ne.jp/shop_detail/0100100094300/index.html,docomo-shop-hakodate-ekimae,ドコモショップ函館駅前店,函館市
https://shop.smt.docomo.ne.jp/shop_detail/0100100111500/index.html,docomo-shop-iwamizawa,ドコモショップ岩見沢店,岩見沢市
https://shop.smt.docomo.ne.jp/shop_detail/0100100115500/index.html,docomo-shop-asahikawa-toko,ドコモショップ旭川東光店,旭川市
https://shop.smt.docomo.ne.jp/shop_detail/0100100117100/index.html,docomo-shop-ainosato,ドコモショップあいの里店,札幌市北区
https://shop.smt.docomo.ne.jp/shop_detail/0100100117200/index.html,docomo-shop-nissenren-harutori,ドコモショップ日専連春採店,釧路市
https://shop.smt.docomo.ne.jp/shop_detail/0100100124700/index.html,docomo-shop-hiraoka,ドコモショップ平岡店,札幌市清田区
https://shop.smt.docomo.ne.jp/shop_detail/0100100128700/index.html,docomo-shop-memuro,ドコモショップ芽室店,河西郡芽室町
https://shop.smt.docomo.ne.jp/shop_detail/0100100133400/index.html,docomo-shop-ashoro,ドコモショップ足寄店,足寄郡足寄町
https://shop.smt.docomo.ne.jp/shop_detail/0100100148900/index.html,docomo-shop-shin-hida-ka,ドコモショップ新ひだか店,日高郡新ひだか町
https://shop.smt.docomo.ne.jp/shop_detail/0100100149900/index.html,docomo-shop-tsuin-hapu-kyokushin,ドコモショップツインハープ旭神店,旭川市
https://shop.smt.docomo.ne.jp/shop_detail/0100100150400/index.html,docomo-shop-satsunai,ドコモショップ札内店,中川郡幕別町
https://shop.smt.docomo.ne.jp/shop_detail/0100100152000/index.html,docomo-shop-kitahiroshima,ドコモショップ北広島店,北広島市
https://shop.smt.docomo.ne.jp/shop_detail/0100100152200/index.html,docomo-shop-tomikawa,ドコモショップ富川店,沙流郡日高町
https://shop.smt.docomo.ne.jp/shop_detail/0100100153300/index.html,docomo-shop-eniwa,ドコモショップ恵庭店,恵庭市
https://shop.smt.docomo.ne.jp/shop_detail/0100100155100/index.html,docomo-shop-obihiro-inada,ドコモショップ帯広稲田店,帯広市
https://shop.smt.docomo.ne.jp/shop_detail/0100100158000/index.html,docomo-shop-ebetsu,ドコモショップ江別店,江別市
https://shop.smt.docomo.ne.jp/shop_detail/0100100158200/index.html,docomo-shop-sapporo-hokudai-dori,ドコモショップ札幌北大通り店,札幌市北区
https://shop.smt.docomo.ne.jp/shop_detail/0100100190200/index.html,docomo-shop-utsukushigaoka,ドコモショップ美しが丘店,札幌市清田区
https://shop.smt.docomo.ne.jp/shop_detail/0100100197700/index.html,docomo-shop-aeon-asahikawa-nagayama,ドコモショップイオン旭川永山店,旭川市
https://shop.smt.docomo.ne.jp/shop_detail/0100100201300/index.html,docomo-shop-asahikawa-chuo,ドコモショップ旭川中央店,旭川市
https://shop.smt.docomo.ne.jp/shop_detail/0100100205000/index.html,docomo-shop-ishikari,ドコモショップ石狩店,石狩市
https://shop.smt.docomo.ne.jp/shop_detail/0100100205400/index.html,docomo-shop-hakodate-shindo,ドコモショップ函館新道店,函館市
https://shop.smt.docomo.ne.jp/shop_detail/0100100215800/index.html,docomo-shop-hokuto,ドコモショップ北斗店,北斗市
https://shop.smt.docomo.ne.jp/shop_detail/0100100216100/index.html,docomo-shop-minamidaira-kishi,ドコモショップ南平岸店,札幌市豊平区
https://shop.smt.docomo.ne.jp/shop_detail/0100100220000/index.html,docomo-shop-hakodate-tokura,ドコモショップ函館戸倉店,函館市
https://shop.smt.docomo.ne.jp/shop_detail/0100100226900/index.html,docomo-shop-aeon-kamiiso,ドコモショップイオン上磯店,北斗市
https://shop.smt.docomo.ne.jp/shop_detail/0100100236400/index.html,docomo-shop-aeon-mall-asahikawa-ekimae,ドコモショップイオンモール旭川駅前店,旭川市
https://shop.smt.docomo.ne.jp/shop_detail/0100100236600/index.html,docomo-shop-uingu-bei-otaru,ドコモショップウイングベイ小樽店,小樽市
https://shop.smt.docomo.ne.jp/shop_detail/0100100267900/index.html,docomo-shop-asari,ドコモショップ朝里店,小樽市
https://shop.smt.docomo.ne.jp/shop_detail/0100100273900/index.html,docomo-shop-obihiro-jiyugaoka,ドコモショップ帯広自由が丘店,帯広市
https://shop.smt.docomo.ne.jp/shop_detail/0100100274600/index.html,docomo-shop-otofuke-kino,ドコモショップ音更木野店,河東郡音更町
https://shop.smt.docomo.ne.jp/shop_detail/0100100275300/index.html,docomo-shop-yoichi,ドコモショップ余市店,余市
https://shop.smt.docomo.ne.jp/shop_detail/0100100276500/index.html,docomo-shop-kitago,ドコモショップ北郷店,札幌市白石区
https://shop.smt.docomo.ne.jp/shop_detail/0100100276900/index.html,docomo-shop-sapporo-hachi-ken,ドコモショップ札幌八軒店,札幌市西区
https://shop.smt.docomo.ne.jp/shop_detail/0100100279900/index.html,docomo-shop-makomanai-kawazoe,ドコモショップ真駒内川沿店,札幌市南区
https://shop.smt.docomo.ne.jp/shop_detail/0100100283100/index.html,docomo-shop-tomakomai-baipasu,ドコモショップ苫小牧バイパス店,苫小牧市
https://shop.smt.docomo.ne.jp/shop_detail/0100100429400/index.html,docomo-shop-branch-sapporo-tsukisappu,ドコモショップＢＲＡＮＣＨ札幌月寒店,札幌市豊平区
https://shop.smt.docomo.ne.jp/shop_detail/0100100436700/index.html,docomo-shop-sapporo-kanjodorihigashi,ドコモショップ札幌環状通東店,札幌市東区
https://shop.smt.docomo.ne.jp/shop_detail/0100100436800/index.html,docomo-shop-sapporo-kita-1-jo-higashi,ドコモショップ札幌北１条東店,札幌市中央区
https://shop.smt.docomo.ne.jp/shop_detail/0131120100100/index.html,docomo-shop-sapporo,ドコモショップ札幌店,札幌市中央区
https://shop.smt.docomo.ne.jp/shop_detail/0131120103500/index.html,docomo-shop-shinoro,ドコモショップ篠路店,札幌市北区
https://shop.smt.docomo.ne.jp/shop_detail/0131120103600/index.html,docomo-shop-kyapo-oyachi,ドコモショップキャポ大谷地店,札幌市厚別区
https://shop.smt.docomo.ne.jp/shop_detail/0131120106800/index.html,docomo-shop-ashibetsu-nishi,ドコモショップ厚別西店,札幌市厚別区
https://shop.smt.docomo.ne.jp/shop_detail/0131120107200/index.html,docomo-shop-teine,ドコモショップ手稲店,札幌市手稲区
https://shop.smt.docomo.ne.jp/shop_detail/0131120107300/index.html,docomo-shop-susuki-no-jujigai,ドコモショップススキノ十字街店,札幌市中央区
https://shop.smt.docomo.ne.jp/shop_detail/0131120108100/index.html,docomo-shop-toyohira,ドコモショップ豊平店,札幌市豊平区
https://shop.smt.docomo.ne.jp/shop_detail/0131120108300/index.html,docomo-shop-minamiodori,ドコモショップ南大通店,札幌市中央区
https://shop.smt.docomo.ne.jp/shop_detail/0131120108400/index.html,docomo-shop-sapporo-ko-boshi,ドコモショップ札幌光星店,札幌市東区
https://shop.smt.docomo.ne.jp/shop_detail/0131120200100/index.html,docomo-shop-shiraishi-chuo,ドコモショップ白石中央店,札幌市白石区
https://shop.smt.docomo.ne.jp/shop_detail/0131120200700/index.html,docomo-shop-aku-rosu-puraza-minami-22-jo,ドコモショップアクロスプラザ南２２条店,札幌市中央区
https://shop.smt.docomo.ne.jp/shop_detail/0131120201400/index.html,docomo-shop-sapporo-san-hana,ドコモショップ札幌山鼻店,札幌市中央区
https://shop.smt.docomo.ne.jp/shop_detail/0131120202900/index.html,docomo-shop-fushiko,ドコモショップ伏古店,札幌市東区
https://shop.smt.docomo.ne.jp/shop_detail/0131120209200/index.html,docomo-shop-soen,ドコモショップ桑園店,札幌市中央区
https://shop.smt.docomo.ne.jp/shop_detail/0131120300300/index.html,docomo-shop-chitose-fuji,ドコモショップ千歳富士店,千歳市
https://shop.smt.docomo.ne.jp/shop_detail/0131120303400/index.html,docomo-shop-nishimachi,ドコモショップ西町店,札幌市西区
https://shop.smt.docomo.ne.jp/shop_detail/0131120303600/index.html,docomo-shop-shinashina-kotoni,ドコモショップシーナシーナ琴似店,札幌市西区
https://shop.smt.docomo.ne.jp/shop_detail/0131120400200/index.html,docomo-shop-sorachi,ドコモショップ空知店,岩見沢市
https://shop.smt.docomo.ne.jp/shop_detail/0131120700400/index.html,docomo-shop-hanazono,ドコモショップ花園店（北海道）,小樽市
https://shop.smt.docomo.ne.jp/shop_detail/0131120801300/index.html,docomo-shop-takigawa,ドコモショップ滝川店,滝川市
https://shop.smt.docomo.ne.jp/shop_detail/0131130601800/index.html,docomo-shop-muroran,ドコモショップ室蘭店,室蘭市
https://shop.smt.docomo.ne.jp/shop_detail/0131130603000/index.html,docomo-shop-ebetsu-nopporo,ドコモショップ江別野幌店,江別市
https://shop.smt.docomo.ne.jp/shop_detail/0131150001900/index.html,docomo-shop-kita-34-jo-higashi,ドコモショップ北３４条東店,札幌市東区
https://shop.smt.docomo.ne.jp/shop_detail/0131150002800/index.html,docomo-shop-sakae-machi,ドコモショップ栄町店,札幌市東区
https://shop.smt.docomo.ne.jp/shop_detail/0132108502800/index.html,docomo-shop-esashi,ドコモショップ江差店,檜山郡江差町
https://shop.smt.docomo.ne.jp/shop_detail/0132120101100/index.html,docomo-shop-mihara,ドコモショップ美原店,函館市
https://shop.smt.docomo.ne.jp/shop_detail/0132120201000/index.html,docomo-shop-hakodate,ドコモショップ函館店,函館市
https://shop.smt.docomo.ne.jp/shop_detail/0133108601600/index.html,docomo-shop-kushiro-kowa,ドコモショップ釧路光和店,釧路郡釧路町
https://shop.smt.docomo.ne.jp/shop_detail/0133120101000/index.html,docomo-shop-to-kachi,ドコモショップとかち店,帯広市
https://shop.smt.docomo.ne.jp/shop_detail/0133120101100/index.html,docomo-shop-obihiro,ドコモショップ帯広店,帯広市
https://shop.smt.docomo.ne.jp/shop_detail/0133120101400/index.html,docomo-shop-kushiro,ドコモショップ釧路店,釧路市
https://shop.smt.docomo.ne.jp/shop_detail/0133120102000/index.html,docomo-shop-hoshigaura,ドコモショップ星が浦店,釧路市
https://shop.smt.docomo.ne.jp/shop_detail/0134108700900/index.html,docomo-shop-ohotsuku-abashiri,ドコモショップオホーツク網走店,網走市
https://shop.smt.docomo.ne.jp/shop_detail/0134108701000/index.html,docomo-shop-ohotsuku-mombetsu,ドコモショップオホーツク紋別店,紋別市
https://shop.smt.docomo.ne.jp/shop_detail/0134108701100/index.html,docomo-shop-ohotsuku-engaru,ドコモショップオホーツク遠軽店,紋別郡遠軽町
https://shop.smt.docomo.ne.jp/shop_detail/0134108701200/index.html,docomo-shop-ohotsuku-bihoro,ドコモショップオホーツク美幌店,網走郡美幌町
https://shop.smt.docomo.ne.jp/shop_detail/0134108701300/index.html,docomo-shop-ohotsuku-shari,ドコモショップオホーツク斜里店,斜里郡斜里町
https://shop.smt.docomo.ne.jp/shop_detail/0134112200100/index.html,docomo-shop-ohotsuku,ドコモショップオホーツク店,北見市
https://shop.smt.docomo.ne.jp/shop_detail/0135108801700/index.html,docomo-shop-rumoi,ドコモショップ留萌店,留萌市
https://shop.smt.docomo.ne.jp/shop_detail/0135108801800/index.html,docomo-shop-furano,ドコモショップ富良野店,富良野市
https://shop.smt.docomo.ne.jp/shop_detail/0135108801900/index.html,docomo-shop-nayose,ドコモショップ名寄店,名寄市
https://shop.smt.docomo.ne.jp/shop_detail/0135108802000/index.html,docomo-shop-fukawa,ドコモショップ深川店,深川市
https://shop.smt.docomo.ne.jp/shop_detail/0135108802100/index.html,docomo-shop-uruka,ドコモショップ砂川店,砂川市
https://shop.smt.docomo.ne.jp/shop_detail/0135120100700/index.html,docomo-shop-asahikawa-suehiro,ドコモショップ旭川末広店,旭川市
https://shop.smt.docomo.ne.jp/shop_detail/0135120101000/index.html,docomo-shop-asahikawa-kanjodorihigashi-ko,ドコモショップ旭川環状通東光店,旭川市
https://shop.smt.docomo.ne.jp/shop_detail/0135130103700/index.html,docomo-shop-wakkanai-daikoku,ドコモショップ稚内大黒店,稚内市
https://shop.smt.docomo.ne.jp/shop_detail/0191101130100/index.html,docomo-shop-tomakomai,ドコモショップ苫小牧店,苫小牧市
https://shop.smt.docomo.ne.jp/shop_detail/0200200339800/index.html,docomo-shop-shiogama,ドコモショップ塩釜店,塩竈市
https://shop.smt.docomo.ne.jp/shop_detail/0200200346600/index.html,docomo-shop-tagajo,ドコモショップ多賀城店,多賀城市
https://shop.smt.docomo.ne.jp/shop_detail/0200200346700/index.html,docomo-shop-aeon-mall-ishinomaki,ドコモショップイオンモール石巻店,石巻市
https://shop.smt.docomo.ne.jp/shop_detail/0200200361200/index.html,docomo-shop-shinashina-aomori,ドコモショップシーナシーナ青森店,青森市
https://shop.smt.docomo.ne.jp/shop_detail/0200200369000/index.html,docomo-shop-yoshinari,ドコモショップ吉成店,仙台市青葉区
https://shop.smt.docomo.ne.jp/shop_detail/0200200371800/index.html,docomo-shop-aizu-inter,ドコモショップ会津インター店,会津若松市
https://shop.smt.docomo.ne.jp/shop_detail/0200200371900/index.html,docomo-shop-mura-ya-ma,ドコモショップむらやま店,村山市
https://shop.smt.docomo.ne.jp/shop_detail/0200200380000/index.html,docomo-shop-hokujo-chuo,ドコモショップ北上中央店,北上市
https://shop.smt.docomo.ne.jp/shop_detail/0200200382900/index.html,docomo-shop-aeon-taun-shinjo,ドコモショップイオンタウン新庄店,新庄市
https://shop.smt.docomo.ne.jp/shop_detail/0200200383000/index.html,docomo-shop-minami-fukushima,ドコモショップ南福島店,福島市
https://shop.smt.docomo.ne.jp/shop_detail/0200200392800/index.html,docomo-shop-minamisendai,ドコモショップ南仙台店,仙台市太白区
https://shop.smt.docomo.ne.jp/shop_detail/0200200392900/index.html,docomo-shop-shin-shirakawa,ドコモショップ新白河店,白河市
https://shop.smt.docomo.ne.jp/shop_detail/0200200395100/index.html,docomo-shop-izumi-menkyo-senta-mae,ドコモショップ泉免許センター前店,仙台市泉区
https://shop.smt.docomo.ne.jp/shop_detail/0200200395200/index.html,docomo-shop-sendai-nakada,ドコモショップ仙台中田店,仙台市太白区
https://shop.smt.docomo.ne.jp/shop_detail/0200200396200/index.html,docomo-shop-oshu-esa-shi,ドコモショップ奥州えさし店,奥州市
https://shop.smt.docomo.ne.jp/shop_detail/0200200396400/index.html,docomo-shop-yamagata-minami,ドコモショップ山形南店,山形市
https://shop.smt.docomo.ne.jp/shop_detail/0200200398900/index.html,docomo-shop-sendai-nishitaga,ドコモショップ仙台西多賀店,仙台市太白区
https://shop.smt.docomo.ne.jp/shop_detail/0200200409200/index.html,docomo-shop-akita-minami,ドコモショップ秋田南店,秋田市
https://shop.smt.docomo.ne.jp/shop_detail/0200200412400/index.html,docomo-shop-aeon-mall-iwaki-onahama,ドコモショップイオンモールいわき小名浜店,いわき市
https://shop.smt.docomo.ne.jp/shop_detail/0200200414600/index.html,docomo-shop-kaminoyama,ドコモショップ上山店,上山市
https://shop.smt.docomo.ne.jp/shop_detail/0200200415900/index.html,docomo-shop-fukushima-nishi,ドコモショップ福島西店,福島市
https://shop.smt.docomo.ne.jp/shop_detail/0200200424800/index.html,docomo-shop-aeon-mall-tendo,ドコモショップイオンモール天童店,天童市
https://shop.smt.docomo.ne.jp/shop_detail/0200200455100/index.html,docomo-shop-oga,ドコモショップ男鹿店,男鹿市
https://shop.smt.docomo.ne.jp/shop_detail/0200200472000/index.html,docomo-shop-aeon-higashine,ドコモショップイオン東根店,東根市
https://shop.smt.docomo.ne.jp/shop_detail/0200200473200/index.html,docomo-shop-aeon-mall-shimoda,ドコモショップイオンモール下田店,上北郡おいらせ町
https://shop.smt.docomo.ne.jp/shop_detail/0200200493000/index.html,docomo-shop-higashisendai-foreo,ドコモショップ東仙台フォレオ店,仙台市宮城野区
https://shop.smt.docomo.ne.jp/shop_detail/0200200536400/index.html,docomo-shop-aeon-mall-tomiya,ドコモショップイオンモール富谷店,富谷市
https://shop.smt.docomo.ne.jp/shop_detail/0200200538300/index.html,docomo-shop-aeon-mall-natori,ドコモショップイオンモール名取店,名取市
https://shop.smt.docomo.ne.jp/shop_detail/0200200538400/index.html,docomo-shop-yuzawa,ドコモショップ湯沢店,湯沢市
https://shop.smt.docomo.ne.jp/shop_detail/0200200538500/index.html,docomo-shop-honjo,ドコモショップ本荘店,由利本荘市
https://shop.smt.docomo.ne.jp/shop_detail/0200200538600/index.html,docomo-shop-iwanuma,ドコモショップ岩沼店,岩沼市
https://shop.smt.docomo.ne.jp/shop_detail/0200200538700/index.html,docomo-shop-shiraishi,ドコモショップ白石店,白石市
https://shop.smt.docomo.ne.jp/shop_detail/0200200543400/index.html,docomo-shop-tomizawa-nishi,ドコモショップ富沢西店,仙台市太白区
https://shop.smt.docomo.ne.jp/shop_detail/0200200544900/index.html,docomo-shop-furukawa-chuo,ドコモショップ古川中央店,大崎市
https://shop.smt.docomo.ne.jp/shop_detail/0200200545100/index.html,docomo-shop-kurihara,ドコモショップ栗原店,栗原市
https://shop.smt.docomo.ne.jp/shop_detail/0200200548200/index.html,docomo-shop-aomori-nishi,ドコモショップ青森西店,青森市
https://shop.smt.docomo.ne.jp/shop_detail/0200200553000/index.html,docomo-shop-date,ドコモショップ伊達店（福島県）,伊達市
https://shop.smt.docomo.ne.jp/shop_detail/0200200553100/index.html,docomo-shop-aeon-shirakawa-saigo,ドコモショップイオン白河西郷店,西白河郡西郷村
https://shop.smt.docomo.ne.jp/shop_detail/0200200553200/index.html,docomo-shop-funehiki,ドコモショップ船引店,田村市
https://shop.smt.docomo.ne.jp/shop_detail/0200200553300/index.html,docomo-shop-aeon-mall-morioka,ドコモショップイオンモール盛岡店,盛岡市
https://shop.smt.docomo.ne.jp/shop_detail/0200200553400/index.html,docomo-shop-morioka-motomiya,ドコモショップ盛岡本宮店,盛岡市
https://shop.smt.docomo.ne.jp/shop_detail/0200200553500/index.html,docomo-shop-sakata-kita,ドコモショップ酒田北店,酒田市
https://shop.smt.docomo.ne.jp/shop_detail/0200200553600/index.html,docomo-shop-higashine,ドコモショップ東根店,東根市
https://shop.smt.docomo.ne.jp/shop_detail/0200200553700/index.html,docomo-shop-yonezawa-higashi-paku,ドコモショップ米沢東パーク店,米沢市
https://shop.smt.docomo.ne.jp/shop_detail/0200200553900/index.html,docomo-shop-kakunodate,ドコモショップ角館店,仙北市
https://shop.smt.docomo.ne.jp/shop_detail/0200200554600/index.html,docomo-shop-ni-ka-ho,ドコモショップにかほ店,にかほ市
https://shop.smt.docomo.ne.jp/shop_detail/0200200554700/index.html,docomo-shop-aeon-mall-sendai-kamisugi,ドコモショップイオンモール仙台上杉店,仙台市青葉区
https://shop.smt.docomo.ne.jp/shop_detail/0200200556400/index.html,docomo-shop-iwaki-yumoto,ドコモショップいわき湯本店,いわき市
https://shop.smt.docomo.ne.jp/shop_detail/0200201010800/index.html,docomo-shop-morioka-chabatake,ドコモショップ盛岡茶畑店,盛岡市
https://shop.smt.docomo.ne.jp/shop_detail/0200201053500/index.html,docomo-shop-hachinohe-chuo,ドコモショップ八戸中央店,八戸市
https://shop.smt.docomo.ne.jp/shop_detail/0200201054000/index.html,docomo-shop-aeon-taun-hirosaki-hinokuchi,ドコモショップイオンタウン弘前樋の口店,弘前市
https://shop.smt.docomo.ne.jp/shop_detail/0200201054200/index.html,docomo-shop-sanuma-umenoki,ドコモショップ佐沼梅ノ木店,登米市
https://shop.smt.docomo.ne.jp/shop_detail/0200201054300/index.html,docomo-shop-taka-wa-ta,ドコモショップたかはた店,東置賜郡高畠町
https://shop.smt.docomo.ne.jp/shop_detail/0200201054400/index.html,docomo-shop-hachinohe-minatotakadai,ドコモショップ八戸湊高台店,八戸市
https://shop.smt.docomo.ne.jp/shop_detail/0200201054600/index.html,docomo-shop-aizubange,ドコモショップ会津坂下店,河沼郡会津坂下町
https://shop.smt.docomo.ne.jp/shop_detail/0200201054900/index.html,docomo-shop-no-e-ji,ドコモショップのへじ店,上北郡野辺地町
https://shop.smt.docomo.ne.jp/shop_detail/0200201055700/index.html,docomo-shop-morioka-mitake,ドコモショップ盛岡みたけ店,盛岡市
https://shop.smt.docomo.ne.jp/shop_detail/0200201055800/index.html,docomo-shop-semmaya,ドコモショップ千厩店,一関市
https://shop.smt.docomo.ne.jp/shop_detail/0200201055900/index.html,docomo-shop-fukushima-kuko-nishi,ドコモショップ福島空港西店,石川郡玉川村
https://shop.smt.docomo.ne.jp/shop_detail/0200201056100/index.html,docomo-shop-nishine,ドコモショップ西根店,八幡平市
https://shop.smt.docomo.ne.jp/shop_detail/0200201056400/index.html,docomo-shop-amarume,ドコモショップ余目店,東田川郡庄内町
https://shop.smt.docomo.ne.jp/shop_detail/0200201056600/index.html,docomo-shop-aeon-sendai-chuzan,ドコモショップイオン仙台中山店,仙台市泉区
https://shop.smt.docomo.ne.jp/shop_detail/0200201057300/index.html,docomo-shop-yamoto-aeon-taun,ドコモショップ矢本イオンタウン店,東松島市
https://shop.smt.docomo.ne.jp/shop_detail/0200201057600/index.html,docomo-shop-shiwa,ドコモショップ紫波店,紫波郡紫波町
https://shop.smt.docomo.ne.jp/shop_detail/0200201057700/index.html,docomo-shop-iwaki-yotsukura,ドコモショップいわき四倉店,いわき市
https://shop.smt.docomo.ne.jp/shop_detail/0200201075400/index.html,docomo-shop-aeon-mall-akita,ドコモショップイオンモール秋田店,秋田市
https://shop.smt.docomo.ne.jp/shop_detail/0200201075500/index.html,docomo-shop-shindenhigashi,ドコモショップ新田東店,仙台市宮城野区
https://shop.smt.docomo.ne.jp/shop_detail/0200201075600/index.html,docomo-shop-furukawaminami,ドコモショップ古川南店,大崎市
https://shop.smt.docomo.ne.jp/shop_detail/0200201075700/index.html,docomo-shop-koriyama-hachi-yamada,ドコモショップ郡山八山田店,郡山市
https://shop.smt.docomo.ne.jp/shop_detail/0200201075800/index.html,docomo-shop-fukushima-shiyakushomae,ドコモショップ福島市役所前店,福島市
https://shop.smt.docomo.ne.jp/shop_detail/0200201086000/index.html,docomo-shop-motomiya,ドコモショップ本宮店（福島県）,本宮市
https://shop.smt.docomo.ne.jp/shop_detail/0200201090100/index.html,docomo-shop-tanagura,ドコモショップ棚倉店,東白川郡棚倉町
https://shop.smt.docomo.ne.jp/shop_detail/0200201097100/index.html,docomo-shop-aeon-mall-shin-rifu-minamitate,ドコモショップイオンモール新利府南館店,宮城郡利府町
https://shop.smt.docomo.ne.jp/shop_detail/0200201098800/index.html,docomo-shop-katagami,ドコモショップ潟上店,潟上市
https://shop.smt.docomo.ne.jp/shop_detail/0200201120800/index.html,docomo-shop-iwaki-chuo,ドコモショップいわき中央店,いわき市
https://shop.smt.docomo.ne.jp/shop_detail/0200201121700/index.html,docomo-shop-hirosaki-waseda,ドコモショップ弘前早稲田店,弘前市
https://shop.smt.docomo.ne.jp/shop_detail/0200201180000/index.html,docomo-shop-nagai,ドコモショップ長井店,長井市
https://shop.smt.docomo.ne.jp/shop_detail/0200201225500/index.html,docomo-shop-aeon-taun-noshiro,ドコモショップイオンタウン能代店,能代市
https://shop.smt.docomo.ne.jp/shop_detail/0200201226000/index.html,docomo-shop-yabuki,ドコモショップ矢吹店,西白河郡矢吹町
https://shop.smt.docomo.ne.jp/shop_detail/0200201255300/index.html,docomo-shop-aizu-minami,ドコモショップ会津南店,会津若松市
https://shop.smt.docomo.ne.jp/shop_detail/0200201257100/index.html,docomo-shop-koriyama-higashi,ドコモショップ郡山東店,郡山市
https://shop.smt.docomo.ne.jp/shop_detail/0200201260200/index.html,docomo-shop-oashisu-taun-ya-wa-ba,ドコモショップオアシスタウンやはば店,紫波郡矢巾町
https://shop.smt.docomo.ne.jp/shop_detail/0200201260400/index.html,docomo-shop-odate-minami,ドコモショップ大館南店,大館市
https://shop.smt.docomo.ne.jp/shop_detail/0200201301300/index.html,docomo-shop-hachinohe-rapia,ドコモショップ八戸ラピア店,八戸市
https://shop.smt.docomo.ne.jp/shop_detail/0200201304300/index.html,docomo-shop-hokujo-aeon-taun,ドコモショップ北上イオンタウン店,北上市
https://shop.smt.docomo.ne.jp/shop_detail/0200201304600/index.html,docomo-shop-miyafuru-sentoku,ドコモショップ宮古千徳店,宮古市
https://shop.smt.docomo.ne.jp/shop_detail/0200201328800/index.html,docomo-shop-shinashina-hanamaki,ドコモショップシーナシーナ花巻店,花巻市
https://shop.smt.docomo.ne.jp/shop_detail/0200201383400/index.html,docomo-shop-ichizeki-higashi,ドコモショップ一関東店,一関市
https://shop.smt.docomo.ne.jp/shop_detail/0200201388700/index.html,docomo-shop-sanrodo-aomori,ドコモショップサンロード青森店,青森市
https://shop.smt.docomo.ne.jp/shop_detail/0200201392000/index.html,docomo-shop-kesennuma-baipasu,ドコモショップ気仙沼バイパス店,気仙沼市
https://shop.smt.docomo.ne.jp/shop_detail/0200201405200/index.html,docomo-shop-sendai-roku-cho-no-me,ドコモショップ仙台六丁の目店,仙台市若林区
https://shop.smt.docomo.ne.jp/shop_detail/0200201658700/index.html,docomo-shop-sateraito-sannohe-baipasu,ドコモショップサテライト三戸バイパス店,三戸郡三戸町
https://shop.smt.docomo.ne.jp/shop_detail/0200201660500/index.html,docomo-shop-sateraito-kuroishi,ドコモショップサテライト黒石店,黒石市
https://shop.smt.docomo.ne.jp/shop_detail/0200201662800/index.html,docomo-shop-sateraito-dainome,ドコモショップサテライト大野目店,山形市
https://shop.smt.docomo.ne.jp/shop_detail/0200201662900/index.html,docomo-shop-sateraito-hachinohe-shimonaga,ドコモショップサテライト八戸下長店,八戸市
https://shop.smt.docomo.ne.jp/shop_detail/0200201663000/index.html,docomo-shop-sateraito-hanamaki-sakuradai,ドコモショップサテライト花巻桜台店,花巻市
https://shop.smt.docomo.ne.jp/shop_detail/0200201664300/index.html,docomo-shop-aizutajima,ドコモショップ会津田島店,南会津郡南会津町
https://shop.smt.docomo.ne.jp/shop_detail/0291110118700/index.html,docomo-shop-sendai-rofuto,ドコモショップ仙台ロフト店,仙台市青葉区
https://shop.smt.docomo.ne.jp/shop_detail/0291110119900/index.html,docomo-shop-aer,ドコモショップＡＥＲ（アエル）店,仙台市青葉区
https://shop.smt.docomo.ne.jp/shop_detail/0291110128400/index.html,docomo-shop-sendai-aiko,ドコモショップ仙台愛子店,仙台市青葉区
https://shop.smt.docomo.ne.jp/shop_detail/0291110128600/index.html,docomo-shop-sendai-izumi-baipasu,ドコモショップ仙台泉バイパス店,仙台市泉区
https://shop.smt.docomo.ne.jp/shop_detail/0291110128700/index.html,docomo-shop-tsunoda,ドコモショップ角田店,角田市
https://shop.smt.docomo.ne.jp/shop_detail/0291110141000/index.html,docomo-shop-asu-to-nagamachi,ドコモショップあすと長町店,仙台市太白区
https://shop.smt.docomo.ne.jp/shop_detail/0291110143500/index.html,docomo-shop-ishinomaki,ドコモショップ石巻店,石巻市
https://shop.smt.docomo.ne.jp/shop_detail/0291110144200/index.html,docomo-shop-izumi-chuo,ドコモショップ泉中央店,仙台市泉区
https://shop.smt.docomo.ne.jp/shop_detail/0291110144700/index.html,docomo-shop-aeon-furukawa,ドコモショップ　イオン古川店,大崎市
https://shop.smt.docomo.ne.jp/shop_detail/0291110145000/index.html,docomo-shop-sendai-ichibancho,ドコモショップ仙台一番町店,仙台市青葉区
https://shop.smt.docomo.ne.jp/shop_detail/0291110220400/index.html,docomo-shop-ogawara-kana-ga-se,ドコモショップ大河原かながせ店,柴田郡大河原町
https://shop.smt.docomo.ne.jp/shop_detail/0291110222900/index.html,docomo-shop-kesennuma,ドコモショップ気仙沼店,気仙沼市
https://shop.smt.docomo.ne.jp/shop_detail/0291110247400/index.html,docomo-shop-miyagi-no-hagi-odori,ドコモショップ宮城の萩大通り店,仙台市若林区
https://shop.smt.docomo.ne.jp/shop_detail/0292120106700/index.html,docomo-shop-yonezawa-shunjitsu,ドコモショップ米沢春日店,米沢市
https://shop.smt.docomo.ne.jp/shop_detail/0292120113800/index.html,docomo-shop-yamagata-nambara,ドコモショップ山形南原店,山形市
https://shop.smt.docomo.ne.jp/shop_detail/0292120119200/index.html,docomo-shop-sakata-mizuho,ドコモショップ酒田みずほ店,酒田市
https://shop.smt.docomo.ne.jp/shop_detail/0292120119300/index.html,docomo-shop-tsuruoka-minami,ドコモショップ鶴岡南店,鶴岡市
https://shop.smt.docomo.ne.jp/shop_detail/0292120120600/index.html,docomo-shop-tendo,ドコモショップ天童店,天童市
https://shop.smt.docomo.ne.jp/shop_detail/0292120120700/index.html,docomo-shop-sagae,ドコモショップ寒河江店,寒河江市
https://shop.smt.docomo.ne.jp/shop_detail/0292120120800/index.html,docomo-shop-shinjo-minami,ドコモショップ新庄南店,新庄市
https://shop.smt.docomo.ne.jp/shop_detail/0292120121300/index.html,docomo-shop-nan-yo,ドコモショップ南陽店,南陽市
https://shop.smt.docomo.ne.jp/shop_detail/0292120121500/index.html,docomo-shop-yamagata-kita,ドコモショップ山形北店,山形市
https://shop.smt.docomo.ne.jp/shop_detail/0292120121600/index.html,docomo-shop-yamagata-nishi,ドコモショップ山形西店,山形市
https://shop.smt.docomo.ne.jp/shop_detail/0292120153500/index.html,docomo-shop-tsuruoka-shin-toki,ドコモショップ鶴岡新斎店,鶴岡市
https://shop.smt.docomo.ne.jp/shop_detail/0293130105600/index.html,docomo-shop-koriyama-uneme-dori,ドコモショップ郡山うねめ通り店,郡山市
https://shop.smt.docomo.ne.jp/shop_detail/0293130107500/index.html,docomo-shop-fukushima-noda,ドコモショップ福島野田店,福島市
https://shop.smt.docomo.ne.jp/shop_detail/0293130110300/index.html,docomo-shop-fukushima-kita,ドコモショップ福島北店,福島市
https://shop.smt.docomo.ne.jp/shop_detail/0293130111100/index.html,docomo-shop-kitakata,ドコモショップ喜多方店,喜多方市
https://shop.smt.docomo.ne.jp/shop_detail/0293130111200/index.html,docomo-shop-nihommatsu,ドコモショップ二本松店,二本松市
https://shop.smt.docomo.ne.jp/shop_detail/0293130111300/index.html,docomo-shop-so-ma,ドコモショップそうま店,相馬市
https://shop.smt.docomo.ne.jp/shop_detail/0293230203100/index.html,docomo-shop-iwaki-taira,ドコモショップいわき平店,いわき市
https://shop.smt.docomo.ne.jp/shop_detail/0293230207200/index.html,docomo-shop-haramachi,ドコモショップ原町店（福島県）,南相馬市原町区
https://shop.smt.docomo.ne.jp/shop_detail/0293230207300/index.html,docomo-shop-iwaki-na-koso,ドコモショップいわきなこそ店,いわき市
https://shop.smt.docomo.ne.jp/shop_detail/0293330310800/index.html,docomo-shop-aizuwakamatsu,ドコモショップ会津若松店,会津若松市
https://shop.smt.docomo.ne.jp/shop_detail/0293330312600/index.html,docomo-shop-koriyama-sakura-dori,ドコモショップ郡山さくら通り店,郡山市
https://shop.smt.docomo.ne.jp/shop_detail/0293330313400/index.html,docomo-shop-sukagawa,ドコモショップ須賀川店,須賀川市
https://shop.smt.docomo.ne.jp/shop_detail/0293330316400/index.html,docomo-shop-koriyama-otsuki,ドコモショップ郡山大槻店,郡山市
https://shop.smt.docomo.ne.jp/shop_detail/0293330346600/index.html,docomo-shop-iwaki-onahama,ドコモショップいわき小名浜店,いわき市
https://shop.smt.docomo.ne.jp/shop_detail/0294140109500/index.html,docomo-shop-hirosaki-joto,ドコモショップ弘前城東店,弘前市
https://shop.smt.docomo.ne.jp/shop_detail/0294140109600/index.html,docomo-shop-aomori-shimmachi,ドコモショップ青森新町店,青森市
https://shop.smt.docomo.ne.jp/shop_detail/0294140111800/index.html,docomo-shop-hirosaki-ekimae,ドコモショップ弘前駅前店,弘前市
https://shop.smt.docomo.ne.jp/shop_detail/0294140115400/index.html,docomo-shop-goshogawara,ドコモショップ五所川原店,五所川原市
https://shop.smt.docomo.ne.jp/shop_detail/0294140116500/index.html,docomo-shop-aomori-higashi,ドコモショップ青森東店,青森市
https://shop.smt.docomo.ne.jp/shop_detail/0294140116600/index.html,docomo-shop-aeon-mall-tsu-garu-kashiwa,ドコモショップイオンモールつがる柏店,つがる市
https://shop.smt.docomo.ne.jp/shop_detail/0294140148000/index.html,docomo-shop-mutsu,ドコモショップむつ店,むつ市
https://shop.smt.docomo.ne.jp/shop_detail/0294240203400/index.html,docomo-shop-hachinohe-nejiro,ドコモショップ八戸根城店,八戸市
https://shop.smt.docomo.ne.jp/shop_detail/0294240206000/index.html,docomo-shop-towada,ドコモショップ十和田店,十和田市
https://shop.smt.docomo.ne.jp/shop_detail/0294240206100/index.html,docomo-shop-misawa,ドコモショップ三沢店,三沢市
https://shop.smt.docomo.ne.jp/shop_detail/0294240206400/index.html,docomo-shop-hachinohe-minamiruike,ドコモショップ八戸南類家店,八戸市
https://shop.smt.docomo.ne.jp/shop_detail/0295150111000/index.html,docomo-shop-akita-higashi,ドコモショップ秋田東店,秋田市
https://shop.smt.docomo.ne.jp/shop_detail/0295150112400/index.html,docomo-shop-akita-asahiminami,ドコモショップ秋田旭南店,秋田市
https://shop.smt.docomo.ne.jp/shop_detail/0295150117900/index.html,docomo-shop-kazuno,ドコモショップ鹿角店,鹿角市
https://shop.smt.docomo.ne.jp/shop_detail/0295150118100/index.html,docomo-shop-akita-shin-kokudo,ドコモショップ秋田新国道店,秋田市
https://shop.smt.docomo.ne.jp/shop_detail/0295150119200/index.html,docomo-shop-noshiro,ドコモショップ能代店,能代市
https://shop.smt.docomo.ne.jp/shop_detail/0295150119300/index.html,docomo-shop-aeon-mall-omagari,ドコモショップイオンモール大曲店,大仙市
https://shop.smt.docomo.ne.jp/shop_detail/0295150152300/index.html,docomo-shop-odate,ドコモショップ大館店,大館市
https://shop.smt.docomo.ne.jp/shop_detail/0295150152900/index.html,docomo-shop-yokote,ドコモショップ横手店,横手市
https://shop.smt.docomo.ne.jp/shop_detail/0296160112400/index.html,docomo-shop-morioka-daitsu,ドコモショップ盛岡大通店,盛岡市
https://shop.smt.docomo.ne.jp/shop_detail/0296160115600/index.html,docomo-shop-morioka-baipasu,ドコモショップ盛岡バイパス店,盛岡市
https://shop.smt.docomo.ne.jp/shop_detail/0296160117000/index.html,docomo-shop-hanamaki,ドコモショップ花巻店,花巻市
https://shop.smt.docomo.ne.jp/shop_detail/0296160117600/index.html,docomo-shop-hokujo,ドコモショップ北上店,北上市
https://shop.smt.docomo.ne.jp/shop_detail/0296160183000/index.html,docomo-shop-oshu-mi-zu-sa-wa,ドコモショップ奥州みずさわ店,奥州市
https://shop.smt.docomo.ne.jp/shop_detail/0296160190000/index.html,docomo-shop-ichizeki,ドコモショップ一関店,一関市
https://shop.smt.docomo.ne.jp/shop_detail/0296160192400/index.html,docomo-shop-miyafuru,ドコモショップ宮古店,宮古市
https://shop.smt.docomo.ne.jp/shop_detail/0296160192500/index.html,docomo-shop-aeon-taun-kamaishi,ドコモショップイオンタウン釜石店,釜石市
https://shop.smt.docomo.ne.jp/shop_detail/0296160192600/index.html,docomo-shop-morioka-minami-sansa,ドコモショップ盛岡南サンサ店,盛岡市
https://shop.smt.docomo.ne.jp/shop_detail/0296160192800/index.html,docomo-shop-ofunato,ドコモショップ大船渡店（岩手県）,大船渡市
https://shop.smt.docomo.ne.jp/shop_detail/0296160193600/index.html,docomo-shop-futado,ドコモショップ二戸店,二戸市
https://shop.smt.docomo.ne.jp/shop_detail/0296160194000/index.html,docomo-shop-kuji,ドコモショップ久慈店,久慈市
https://shop.smt.docomo.ne.jp/shop_detail/0300300052800/index.html,docomo-shop-kashiwazaki,ドコモショップ柏崎店,柏崎市
https://shop.smt.docomo.ne.jp/shop_detail/0300300344600/index.html,docomo-shop-nirasaki,ドコモショップ韮崎店,韮崎市
https://shop.smt.docomo.ne.jp/shop_detail/0300301098600/index.html,docomo-shop-joihompaku-yoshioka,ドコモショップジョイホンパーク吉岡店,北群馬郡吉岡町
https://shop.smt.docomo.ne.jp/shop_detail/0300301165000/index.html,docomo-shop-takenotsuka,ドコモショップ竹の塚店,足立区
https://shop.smt.docomo.ne.jp/shop_detail/0300301190500/index.html,docomo-shop-fujioka,ドコモショップ藤岡店,藤岡市
https://shop.smt.docomo.ne.jp/shop_detail/0300301209900/index.html,docomo-shop-sakai,ドコモショップ境店,猿島郡境町
https://shop.smt.docomo.ne.jp/shop_detail/0300301218400/index.html,docomo-shop-nagano-shinonoi,ドコモショップ長野篠ノ井店,長野市
https://shop.smt.docomo.ne.jp/shop_detail/0300301228100/index.html,docomo-shop-higashimurayama,ドコモショップ東村山店,東村山市
https://shop.smt.docomo.ne.jp/shop_detail/0300301250100/index.html,docomo-shop-sebumpakuario-kashiwa,ドコモショップセブンパークアリオ柏店,柏市
https://shop.smt.docomo.ne.jp/shop_detail/0300301256100/index.html,docomo-shop-shonandai,ドコモショップ湘南台店,藤沢市
https://shop.smt.docomo.ne.jp/shop_detail/0300301405500/index.html,docomo-shop-minami-arupusu,ドコモショップ南アルプス店,南アルプス市
https://shop.smt.docomo.ne.jp/shop_detail/0300301435000/index.html,docomo-shop-oizumigakuen,ドコモショップ大泉学園店（東京都）,練馬区
https://shop.smt.docomo.ne.jp/shop_detail/0300301444400/index.html,docomo-shop-fusato,ドコモショップ富里店,富里市
https://shop.smt.docomo.ne.jp/shop_detail/0300301459800/index.html,docomo-shop-ina,ドコモショップ伊那店,伊那市
https://shop.smt.docomo.ne.jp/shop_detail/0300301584000/index.html,docomo-shop-yokaichiba,ドコモショップ八日市場店,匝瑳市
https://shop.smt.docomo.ne.jp/shop_detail/0300301592300/index.html,docomo-shop-sakura-shizu,ドコモショップ佐倉志津店,佐倉市
https://shop.smt.docomo.ne.jp/shop_detail/0300301594700/index.html,docomo-shop-ichihara,ドコモショップ市原店,市原市
https://shop.smt.docomo.ne.jp/shop_detail/0300301639800/index.html,docomo-shop-anezaki,ドコモショップ姉崎店,市原市
https://shop.smt.docomo.ne.jp/shop_detail/0300301709600/index.html,docomo-shop-soka-baipasu,ドコモショップ草加バイパス店,草加市
https://shop.smt.docomo.ne.jp/shop_detail/0300301766100/index.html,docomo-shop-keio-seiseki-sakuragaoka,ドコモショップ京王聖蹟桜ヶ丘店,多摩市
https://shop.smt.docomo.ne.jp/shop_detail/0300301806800/index.html,docomo-shop-motoyawata,ドコモショップ本八幡店,市川市
https://shop.smt.docomo.ne.jp/shop_detail/0300301815600/index.html,docomo-shop-funabashi,ドコモショップ船橋店,船橋市
https://shop.smt.docomo.ne.jp/shop_detail/0300301884800/index.html,docomo-shop-ishioka,ドコモショップ石岡店,石岡市
https://shop.smt.docomo.ne.jp/shop_detail/0300301894500/index.html,docomo-shop-sangenjaya,ドコモショップ三軒茶屋店,世田谷区
https://shop.smt.docomo.ne.jp/shop_detail/0300301923700/index.html,docomo-shop-ushiku,ドコモショップ牛久店,牛久市
https://shop.smt.docomo.ne.jp/shop_detail/0300301935000/index.html,docomo-shop-shibuya-miya-masuzaka,ドコモショップ渋谷宮益坂店,渋谷区
https://shop.smt.docomo.ne.jp/shop_detail/0300302005300/index.html,docomo-shop-kamatori,ドコモショップ鎌取店,千葉市緑区
https://shop.smt.docomo.ne.jp/shop_detail/0300302009700/index.html,docomo-shop-nagano-minami-baipasu,ドコモショップ長野南バイパス店,長野市
https://shop.smt.docomo.ne.jp/shop_detail/0300302014900/index.html,docomo-shop-chigasaki,ドコモショップ茅ヶ崎店,茅ヶ崎市
https://shop.smt.docomo.ne.jp/shop_detail/0300302070400/index.html,docomo-shop-yokosuka,ドコモショップ横須賀店,横須賀市
https://shop.smt.docomo.ne.jp/shop_detail/0300302173000/index.html,docomo-shop-hitachinaka,ドコモショップひたちなか店,ひたちなか市
https://shop.smt.docomo.ne.jp/shop_detail/0300302316100/index.html,docomo-shop-murakami,ドコモショップ村上店,村上市
https://shop.smt.docomo.ne.jp/shop_detail/0300303403900/index.html,docomo-shop-bo-no-sagamiono,ドコモショップボーノ相模大野店,相模原市南区
https://shop.smt.docomo.ne.jp/shop_detail/0300303516500/index.html,docomo-shop-otsuki,ドコモショップ大月店,都留市
https://shop.smt.docomo.ne.jp/shop_detail/0300303532100/index.html,docomo-shop-hanno,ドコモショップ飯能店,飯能市
https://shop.smt.docomo.ne.jp/shop_detail/0300303541100/index.html,docomo-shop-kirara-shiti-nagasaka,ドコモショップきららシティ長坂店,北杜市
https://shop.smt.docomo.ne.jp/shop_detail/0300303543000/index.html,docomo-shop-matsumoto,ドコモショップ松本店,松本市
https://shop.smt.docomo.ne.jp/shop_detail/0300303682100/index.html,docomo-shop-inoyama,ドコモショップ飯山店,飯山市
https://shop.smt.docomo.ne.jp/shop_detail/0300303682400/index.html,docomo-shop-kiso,ドコモショップ木曽店,木曽郡木曽町
https://shop.smt.docomo.ne.jp/shop_detail/0300303755800/index.html,docomo-shop-minobu,ドコモショップ身延店,南巨摩郡身延町
https://shop.smt.docomo.ne.jp/shop_detail/0300303880200/index.html,docomo-shop-shin-hyaku-go-ke-oka,ドコモショップ新百合ヶ丘店,川崎市麻生区
https://shop.smt.docomo.ne.jp/shop_detail/0300304013600/index.html,docomo-shop-shimotakaido,ドコモショップ下高井戸店,世田谷区
https://shop.smt.docomo.ne.jp/shop_detail/0300304052000/index.html,docomo-shop-ryugasaki,ドコモショップ竜ヶ崎店,龍ケ崎市
https://shop.smt.docomo.ne.jp/shop_detail/0300304066900/index.html,docomo-shop-miura,ドコモショップ三浦店,三浦市
https://shop.smt.docomo.ne.jp/shop_detail/0300304100400/index.html,docomo-shop-komagane,ドコモショップ駒ヶ根店,駒ヶ根市
https://shop.smt.docomo.ne.jp/shop_detail/0300304163300/index.html,docomo-shop-takahatafudo,ドコモショップ高幡不動店,日野市
https://shop.smt.docomo.ne.jp/shop_detail/0300304330800/index.html,docomo-shop-ueno-hirokoji,ドコモショップ上野広小路店,台東区
https://shop.smt.docomo.ne.jp/shop_detail/0300305110000/index.html,docomo-shop-fujimino-eki-mae,ドコモショップふじみ野駅前店,富士見市
https://shop.smt.docomo.ne.jp/shop_detail/0300305367400/index.html,docomo-shop-furukawa,ドコモショップ古河店,古河市
https://shop.smt.docomo.ne.jp/shop_detail/0300305372000/index.html,docomo-shop-hitachi-omiya,ドコモショップ常陸大宮店,常陸大宮市
https://shop.smt.docomo.ne.jp/shop_detail/0300305415500/index.html,docomo-shop-lalaport-tokyo-bay,ドコモショップららぽーとＴＯＫＹＯ－ＢＡＹ店,船橋市
https://shop.smt.docomo.ne.jp/shop_detail/0300305415600/index.html,docomo-shop-yotsukaido,ドコモショップ四街道店,四街道市
https://shop.smt.docomo.ne.jp/shop_detail/0300305419000/index.html,docomo-shop-ikebukuro-sanshain-dori,ドコモショップ池袋サンシャイン通り店,豊島区
https://shop.smt.docomo.ne.jp/shop_detail/0300305437800/index.html,docomo-shop-utsunomiya-kamitomatsuri,ドコモショップ宇都宮上戸祭店,宇都宮市
https://shop.smt.docomo.ne.jp/shop_detail/0300305437900/index.html,docomo-shop-havesutowoku-oyama,ドコモショップハーヴェストウォーク小山店,小山市
https://shop.smt.docomo.ne.jp/shop_detail/0300305446200/index.html,docomo-shop-ayase-ekimae,ドコモショップ綾瀬駅前店,足立区
https://shop.smt.docomo.ne.jp/shop_detail/0300305447700/index.html,docomo-shop-monzennaka-machi,ドコモショップ門前仲町店,江東区
https://shop.smt.docomo.ne.jp/shop_detail/0300305455800/index.html,docomo-shop-oi-machi,ドコモショップ大井町店,品川区
https://shop.smt.docomo.ne.jp/shop_detail/0300305456200/index.html,docomo-shop-gakugei-daigaku,ドコモショップ学芸大学店,目黒区
https://shop.smt.docomo.ne.jp/shop_detail/0300305456400/index.html,docomo-shop-tatsukawa-eki-minamiguchi,ドコモショップ立川駅南口店,立川市
https://shop.smt.docomo.ne.jp/shop_detail/0300305456500/index.html,docomo-shop-jichiidai,ドコモショップ自治医大店,下野市
https://shop.smt.docomo.ne.jp/shop_detail/0300305457300/index.html,docomo-shop-aku-rosu-moru-shinkamagaya,ドコモショップアクロスモール新鎌ヶ谷店,鎌ケ谷市
https://shop.smt.docomo.ne.jp/shop_detail/0300305458000/index.html,docomo-shop-shin-matsudo,ドコモショップ新松戸店,松戸市
https://shop.smt.docomo.ne.jp/shop_detail/0300305458200/index.html,docomo-shop-ario-soga,ドコモショップアリオ蘇我店,千葉市中央区
https://shop.smt.docomo.ne.jp/shop_detail/0300305458300/index.html,docomo-shop-yachiyo-chuo,ドコモショップ八千代中央店,八千代市
https://shop.smt.docomo.ne.jp/shop_detail/0300305458400/index.html,docomo-shop-hommoku,ドコモショップ本牧店,横浜市中区
https://shop.smt.docomo.ne.jp/shop_detail/0300305458800/index.html,docomo-shop-obune,ドコモショップ大船店,鎌倉市
https://shop.smt.docomo.ne.jp/shop_detail/0300305461900/index.html,docomo-shop-sengawa,ドコモショップ仙川店,調布市
https://shop.smt.docomo.ne.jp/shop_detail/0300305472600/index.html,docomo-shop-isezaki-machi,ドコモショップ伊勢佐木町店,横浜市中区
https://shop.smt.docomo.ne.jp/shop_detail/0300305472700/index.html,docomo-shop-tsunajima,ドコモショップ綱島店,横浜市港北区
https://shop.smt.docomo.ne.jp/shop_detail/0300305485300/index.html,docomo-shop-karuizawa,ドコモショップ軽井沢店,北佐久郡軽井沢町
https://shop.smt.docomo.ne.jp/shop_detail/0300305487800/index.html,docomo-shop-shakujiikoen,ドコモショップ石神井公園店,練馬区
https://shop.smt.docomo.ne.jp/shop_detail/0300305682900/index.html,docomo-shop-kanamachi-ekimae,ドコモショップ金町駅前店,葛飾区
https://shop.smt.docomo.ne.jp/shop_detail/0300305686200/index.html,docomo-shop-kofu-isawa,ドコモショップ甲府石和店,笛吹市
https://shop.smt.docomo.ne.jp/shop_detail/0300305982400/index.html,docomo-shop-nerima-kitamachi,ドコモショップ練馬北町店,練馬区
https://shop.smt.docomo.ne.jp/shop_detail/0300305996300/index.html,docomo-shop-tsuchiura,ドコモショップ土浦店,土浦市
https://shop.smt.docomo.ne.jp/shop_detail/0300305996700/index.html,docomo-shop-kandatsu,ドコモショップ神立店,土浦市
https://shop.smt.docomo.ne.jp/shop_detail/0300306032400/index.html,docomo-shop-adachi,ドコモショップ足立店,足立区
https://shop.smt.docomo.ne.jp/shop_detail/0300306032600/index.html,docomo-shop-tachiba,ドコモショップ立場店,横浜市泉区
https://shop.smt.docomo.ne.jp/shop_detail/0300306038300/index.html,docomo-shop-mukogaoka-yuen,ドコモショップ向ヶ丘遊園店,川崎市多摩区
https://shop.smt.docomo.ne.jp/shop_detail/0300306046900/index.html,docomo-shop-fujiyoshida,ドコモショップ富士吉田店,富士吉田市
https://shop.smt.docomo.ne.jp/shop_detail/0300306063500/index.html,docomo-shop-nagano-toigo,ドコモショップ長野ＴＯｉＧＯ店,長野市
https://shop.smt.docomo.ne.jp/shop_detail/0300306063900/index.html,docomo-shop-shiojiri-yoshida-ss,ドコモショップ塩尻吉田ＳＳ店,塩尻市
https://shop.smt.docomo.ne.jp/shop_detail/0300306064100/index.html,docomo-shop-reikuwoku-okaya,ドコモショップレイクウォーク岡谷店,岡谷市
https://shop.smt.docomo.ne.jp/shop_detail/0300306064200/index.html,docomo-shop-tateyama,ドコモショップ館山店,館山市
https://shop.smt.docomo.ne.jp/shop_detail/0300306104700/index.html,docomo-shop-kirari-na-keio-kichijoji,ドコモショップキラリナ京王吉祥寺店,武蔵野市
https://shop.smt.docomo.ne.jp/shop_detail/0300306111200/index.html,docomo-shop-aeon-mall-tamadaira-no-mori,ドコモショップイオンモール多摩平の森店,日野市
https://shop.smt.docomo.ne.jp/shop_detail/0300306113100/index.html,docomo-shop-okegawa,ドコモショップ桶川店,桶川市
https://shop.smt.docomo.ne.jp/shop_detail/0300306115200/index.html,docomo-shop-konan-tai-bazu,ドコモショップ港南台バーズ店,横浜市港南区
https://shop.smt.docomo.ne.jp/shop_detail/0300306117000/index.html,docomo-shop-kainzumoru-otone,ドコモショップカインズモール大利根店,加須市
https://shop.smt.docomo.ne.jp/shop_detail/0300306117200/index.html,docomo-shop-asahi,ドコモショップ旭店（千葉県）,旭市
https://shop.smt.docomo.ne.jp/shop_detail/0300306119500/index.html,docomo-shop-asagaya,ドコモショップ阿佐ヶ谷店,杉並区
https://shop.smt.docomo.ne.jp/shop_detail/0300306126400/index.html,docomo-shop-minami-machida-guramberipaku,ドコモショップ南町田グランベリーパーク店,町田市
https://shop.smt.docomo.ne.jp/shop_detail/0300306127900/index.html,docomo-shop-kofu-chuo,ドコモショップ甲府中央店,甲府市
https://shop.smt.docomo.ne.jp/shop_detail/0300306133000/index.html,docomo-shop-lalaport-toyosu,ドコモショップららぽーと豊洲店,江東区
https://shop.smt.docomo.ne.jp/shop_detail/0300306142000/index.html,docomo-shop-yashio-ekimae,ドコモショップ八潮駅前店,八潮市
https://shop.smt.docomo.ne.jp/shop_detail/0300306142300/index.html,docomo-shop-shinjuku-kodaki-kyo-dori,ドコモショップ新宿小滝橋通り店,新宿区
https://shop.smt.docomo.ne.jp/shop_detail/0300306143300/index.html,docomo-shop-shinjuku-san-chome,ドコモショップ新宿三丁目店,新宿区
https://shop.smt.docomo.ne.jp/shop_detail/0300306153100/index.html,docomo-shop-tatsukawa-ekikita-guchi,ドコモショップ立川駅北口店,立川市
https://shop.smt.docomo.ne.jp/shop_detail/0300306158200/index.html,docomo-shop-higashi-totsuka,ドコモショップ東戸塚店,横浜市戸塚区
https://shop.smt.docomo.ne.jp/shop_detail/0300306159200/index.html,docomo-shop-sen-kyoku,ドコモショップ千曲店,千曲市
https://shop.smt.docomo.ne.jp/shop_detail/0300306159500/index.html,docomo-shop-nishiogi-kubo,ドコモショップ西荻窪店,杉並区
https://shop.smt.docomo.ne.jp/shop_detail/0300306162700/index.html,docomo-shop-kiryu,ドコモショップ桐生店,桐生市
https://shop.smt.docomo.ne.jp/shop_detail/0300306163500/index.html,docomo-shop-oyama-happirodo,ドコモショップ大山ハッピーロード店,板橋区
https://shop.smt.docomo.ne.jp/shop_detail/0300306165200/index.html,docomo-shop-komae,ドコモショップ狛江店,狛江市
https://shop.smt.docomo.ne.jp/shop_detail/0300306167700/index.html,docomo-shop-minami-koshigaya,ドコモショップ南越谷店,越谷市
https://shop.smt.docomo.ne.jp/shop_detail/0300306168500/index.html,docomo-shop-ka-wa-machi-yasaku-moru,ドコモショップかわまち矢作モール店,千葉市中央区
https://shop.smt.docomo.ne.jp/shop_detail/0300306169500/index.html,docomo-shop-minowa-baipasu,ドコモショップ箕輪バイパス店,上伊那郡箕輪町
https://shop.smt.docomo.ne.jp/shop_detail/0300306170700/index.html,docomo-shop-ekoda,ドコモショップ江古田店,練馬区
https://shop.smt.docomo.ne.jp/shop_detail/0300306171300/index.html,docomo-shop-itabashi,ドコモショップ板橋店,板橋区
https://shop.smt.docomo.ne.jp/shop_detail/0300306171400/index.html,docomo-shop-maki,ドコモショップ巻店,新潟市西蒲区
https://shop.smt.docomo.ne.jp/shop_detail/0300306171600/index.html,docomo-shop-tsurumi-shikurein,ドコモショップ鶴見シークレイン店,横浜市鶴見区
https://shop.smt.docomo.ne.jp/shop_detail/0300306178400/index.html,docomo-shop-urawa,ドコモショップ浦和店,さいたま市浦和区
https://shop.smt.docomo.ne.jp/shop_detail/0300306180600/index.html,docomo-shop-aeon-mall-kawaguchi-maekawa,ドコモショップイオンモール川口前川店,川口市
https://shop.smt.docomo.ne.jp/shop_detail/0300306180700/index.html,docomo-shop-nonowa-higashi-koganei,ドコモショップｎｏｎｏｗａ東小金井店,小金井市
https://shop.smt.docomo.ne.jp/shop_detail/0300306182700/index.html,docomo-shop-akaba,ドコモショップ赤羽店,北区
https://shop.smt.docomo.ne.jp/shop_detail/0300306186200/index.html,docomo-shop-mafu-ju-ban,ドコモショップ麻布十番店,港区
https://shop.smt.docomo.ne.jp/shop_detail/0300306188700/index.html,docomo-shop-naka,ドコモショップ那珂店,那珂市
https://shop.smt.docomo.ne.jp/shop_detail/0300306189800/index.html,docomo-shop-soka-varie,ドコモショップ草加ＶＡＲＩＥ店,草加市
https://shop.smt.docomo.ne.jp/shop_detail/0300306190600/index.html,docomo-shop-aeon-mall-ota,ドコモショップイオンモール太田店,太田市
https://shop.smt.docomo.ne.jp/shop_detail/0300306191400/index.html,docomo-shop-yoku-taun-bando,ドコモショップヨークタウン坂東店,坂東市
https://shop.smt.docomo.ne.jp/shop_detail/0300306192200/index.html,docomo-shop-oji-kamiya,ドコモショップ王子神谷店,北区
https://shop.smt.docomo.ne.jp/shop_detail/0300306200700/index.html,docomo-shop-hamadayama,ドコモショップ浜田山店,杉並区
https://shop.smt.docomo.ne.jp/shop_detail/0300306203100/index.html,docomo-shop-fukaya,ドコモショップ深谷店（埼玉県）,深谷市
https://shop.smt.docomo.ne.jp/shop_detail/0300306205300/index.html,docomo-shop-hasuda,ドコモショップ蓮田店,蓮田市
https://shop.smt.docomo.ne.jp/shop_detail/0300306207500/index.html,docomo-shop-hikarigaoka-ima,ドコモショップ光が丘ＩＭＡ店,練馬区
https://shop.smt.docomo.ne.jp/shop_detail/0300306208300/index.html,docomo-shop-komoro,ドコモショップ小諸店,小諸市
https://shop.smt.docomo.ne.jp/shop_detail/0300306209200/index.html,docomo-shop-naruse,ドコモショップ成瀬店,町田市
https://shop.smt.docomo.ne.jp/shop_detail/0300306211300/index.html,docomo-shop-higashi-kawaguchi,ドコモショップ東川口店,川口市
https://shop.smt.docomo.ne.jp/shop_detail/0300306211600/index.html,docomo-shop-zushi,ドコモショップ逗子店,逗子市
https://shop.smt.docomo.ne.jp/shop_detail/0300306212600/index.html,docomo-shop-harenoterasu-higashiomiya,ドコモショップハレノテラス東大宮店,さいたま市見沼区
https://shop.smt.docomo.ne.jp/shop_detail/0300306213000/index.html,docomo-shop-ke-yaki-woku-maebashi,ドコモショップけやきウォーク前橋店,前橋市
https://shop.smt.docomo.ne.jp/shop_detail/0300306216200/index.html,docomo-shop-myogatani,ドコモショップ茗荷谷店,文京区
https://shop.smt.docomo.ne.jp/shop_detail/0300306227100/index.html,docomo-shop-minamisenju,ドコモショップ南千住店,荒川区
https://shop.smt.docomo.ne.jp/shop_detail/0300306227700/index.html,docomo-shop-kofu-baipasu,ドコモショップ甲府バイパス店,甲府市
https://shop.smt.docomo.ne.jp/shop_detail/0300306229800/index.html,docomo-shop-aeon-mall-suzaka,ドコモショップイオンモール須坂店,須坂市
https://shop.smt.docomo.ne.jp/shop_detail/0300306230200/index.html,docomo-shop-yasunaka,ドコモショップ安中店,安中市
https://shop.smt.docomo.ne.jp/shop_detail/0300306230400/index.html,docomo-shop-tsuchike-asumigaoka,ドコモショップ土気あすみが丘店,千葉市緑区
https://shop.smt.docomo.ne.jp/shop_detail/0300306233500/index.html,docomo-shop-nigata-shirane,ドコモショップ新潟白根店,新潟市南区
https://shop.smt.docomo.ne.jp/shop_detail/0300306234400/index.html,docomo-shop-kurihama,ドコモショップ久里浜店,横須賀市
https://shop.smt.docomo.ne.jp/shop_detail/0300306237200/index.html,docomo-shop-hino,ドコモショップ日野店（東京都）,日野市
https://shop.smt.docomo.ne.jp/shop_detail/0300306237600/index.html,docomo-shop-naka-meguro,ドコモショップ中目黒店,目黒区
https://shop.smt.docomo.ne.jp/shop_detail/0300306238300/index.html,docomo-shop-aeon-mall-urawa-misono,ドコモショップイオンモール浦和美園店,さいたま市緑区
https://shop.smt.docomo.ne.jp/shop_detail/0300306242700/index.html,docomo-shop-mitaka,ドコモショップ三鷹店,三鷹市
https://shop.smt.docomo.ne.jp/shop_detail/0300306242900/index.html,docomo-shop-iruma-sayama,ドコモショップ入間狭山店,狭山市
https://shop.smt.docomo.ne.jp/shop_detail/0300306243100/index.html,docomo-shop-choshi,ドコモショップ銚子店,銚子市
https://shop.smt.docomo.ne.jp/shop_detail/0300306243200/index.html,docomo-shop-shimozuma,ドコモショップ下妻店,下妻市
https://shop.smt.docomo.ne.jp/shop_detail/0300306243300/index.html,docomo-shop-azumi-noichi-inter,ドコモショップ安曇野インター店,安曇野市
https://shop.smt.docomo.ne.jp/shop_detail/0300306280500/index.html,docomo-shop-omigawa,ドコモショップ小見川店,香取市
https://shop.smt.docomo.ne.jp/shop_detail/0300306286900/index.html,docomo-shop-omachi,ドコモショップ大町店,大町市
https://shop.smt.docomo.ne.jp/shop_detail/0300306288700/index.html,docomo-shop-lalaport-kashiwanoha,ドコモショップららぽーと柏の葉店,柏市
https://shop.smt.docomo.ne.jp/shop_detail/0300306296400/index.html,docomo-shop-tsurukawa-ekimae,ドコモショップ鶴川駅前店,町田市
https://shop.smt.docomo.ne.jp/shop_detail/0300306299200/index.html,docomo-shop-ida-appuru-rodo,ドコモショップ飯田アップルロード店,飯田市
https://shop.smt.docomo.ne.jp/shop_detail/0300306304300/index.html,docomo-shop-kawagoe-yoshidashin-machi,ドコモショップ川越吉田新町店,川越市
https://shop.smt.docomo.ne.jp/shop_detail/0300306307700/index.html,docomo-shop-aeon-mall-kita-toda,ドコモショップイオンモール北戸田店,戸田市
https://shop.smt.docomo.ne.jp/shop_detail/0300306316900/index.html,docomo-shop-sumaku-isezaki,ドコモショップスマーク伊勢崎店,伊勢崎市
https://shop.smt.docomo.ne.jp/shop_detail/0300306317000/index.html,docomo-shop-ra-bisuta-shinsugita,ドコモショップらびすた新杉田店,横浜市磯子区
https://shop.smt.docomo.ne.jp/shop_detail/0300306319700/index.html,docomo-shop-shimura-sakagami,ドコモショップ志村坂上店,板橋区
https://shop.smt.docomo.ne.jp/shop_detail/0300306323500/index.html,docomo-shop-terasu-moru-matsudo,ドコモショップテラスモール松戸店,松戸市
https://shop.smt.docomo.ne.jp/shop_detail/0300306329600/index.html,docomo-shop-aoyama,ドコモショップ青山店,港区
https://shop.smt.docomo.ne.jp/shop_detail/0300306337000/index.html,docomo-shop-iasu-takao,ドコモショップイーアス高尾店,八王子市
https://shop.smt.docomo.ne.jp/shop_detail/0300306339700/index.html,docomo-shop-gurinado-nagayama,ドコモショップグリナード永山店,多摩市
https://shop.smt.docomo.ne.jp/shop_detail/0300306340300/index.html,docomo-shop-tatomi,ドコモショップ田富店,中巨摩郡昭和町
https://shop.smt.docomo.ne.jp/shop_detail/0300306344300/index.html,docomo-shop-ishige,ドコモショップ石下店,常総市
https://shop.smt.docomo.ne.jp/shop_detail/0300306347600/index.html,docomo-shop-sakura,ドコモショップさくら店,さくら市
https://shop.smt.docomo.ne.jp/shop_detail/0300306349000/index.html,docomo-shop-tama-puraza,ドコモショップたまプラーザ店,横浜市青葉区
https://shop.smt.docomo.ne.jp/shop_detail/0300306349200/index.html,docomo-shop-kiyose,ドコモショップ清瀬店,清瀬市
https://shop.smt.docomo.ne.jp/shop_detail/0300306352600/index.html,docomo-shop-joifuru-honda-shinden,ドコモショップジョイフル本田新田店,太田市
https://shop.smt.docomo.ne.jp/shop_detail/0300306357100/index.html,docomo-shop-saku-intawebu,ドコモショップ佐久インターウェーブ店,佐久市
https://shop.smt.docomo.ne.jp/shop_detail/0300306358700/index.html,docomo-shop-aeon-mall-takasaki,ドコモショップイオンモール高崎店,高崎市
https://shop.smt.docomo.ne.jp/shop_detail/0300306388500/index.html,docomo-shop-fujishiro,ドコモショップ藤代店,取手市
https://shop.smt.docomo.ne.jp/shop_detail/0300306392900/index.html,docomo-shop-tsukiji,ドコモショップ築地店,中央区
https://shop.smt.docomo.ne.jp/shop_detail/0300306393000/index.html,docomo-shop-mozaiku-moru-kohoku,ドコモショップモザイクモール港北店,横浜市都筑区
https://shop.smt.docomo.ne.jp/shop_detail/0300306409500/index.html,docomo-shop-wako,ドコモショップ和光店,和光市
https://shop.smt.docomo.ne.jp/shop_detail/0300306413700/index.html,docomo-shop-senta-minami,ドコモショップセンター南店,横浜市都筑区
https://shop.smt.docomo.ne.jp/shop_detail/0300306414800/index.html,docomo-shop-niza,ドコモショップ新座店,新座市
https://shop.smt.docomo.ne.jp/shop_detail/0300306416100/index.html,docomo-shop-sado,ドコモショップ佐渡店,佐渡市
https://shop.smt.docomo.ne.jp/shop_detail/0300306416800/index.html,docomo-shop-razawoku-futaba,ドコモショップラザウォーク双葉店,甲斐市
https://shop.smt.docomo.ne.jp/shop_detail/0300306418800/index.html,docomo-shop-isezaki-minami,ドコモショップ伊勢崎南店,伊勢崎市
https://shop.smt.docomo.ne.jp/shop_detail/0300306419000/index.html,docomo-shop-ota-chuo,ドコモショップ太田中央店,太田市
https://shop.smt.docomo.ne.jp/shop_detail/0300306420000/index.html,docomo-shop-shin-maebashi,ドコモショップ新前橋店,前橋市
https://shop.smt.docomo.ne.jp/shop_detail/0300306547200/index.html,docomo-shop-toneri-ekimae,ドコモショップ舎人駅前店,足立区
https://shop.smt.docomo.ne.jp/shop_detail/0300306548800/index.html,docomo-shop-utsunomiya-kita,ドコモショップ宇都宮北店,宇都宮市
https://shop.smt.docomo.ne.jp/shop_detail/0300306549500/index.html,docomo-shop-hachioji-yurodo,ドコモショップ八王子ユーロード店,八王子市
https://shop.smt.docomo.ne.jp/shop_detail/0300306551700/index.html,docomo-shop-kita-urawa,ドコモショップ北浦和店,さいたま市浦和区
https://shop.smt.docomo.ne.jp/shop_detail/0300306552200/index.html,docomo-shop-itoigawa,ドコモショップ糸魚川店,糸魚川市
https://shop.smt.docomo.ne.jp/shop_detail/0300306555700/index.html,docomo-shop-marunouchi,ドコモショップ丸の内店,千代田区
https://shop.smt.docomo.ne.jp/shop_detail/0300306555800/index.html,docomo-shop-ueno-eki-mae,ドコモショップ上野駅前店,台東区
https://shop.smt.docomo.ne.jp/shop_detail/0300306556100/index.html,docomo-shop-tateishi,ドコモショップ立石店,葛飾区
https://shop.smt.docomo.ne.jp/shop_detail/0300306556800/index.html,docomo-shop-mohara,ドコモショップ茂原店,茂原市
https://shop.smt.docomo.ne.jp/shop_detail/0300306559100/index.html,docomo-hatipuraza-marunouchi,ドコモ・ハーティプラザ　丸の内,千代田区
https://shop.smt.docomo.ne.jp/shop_detail/0300306571500/index.html,docomo-shop-kamogawa,ドコモショップ鴨川店,鴨川市
https://shop.smt.docomo.ne.jp/shop_detail/0300306571600/index.html,docomo-shop-isu-mi,ドコモショップいすみ店,いすみ市
https://shop.smt.docomo.ne.jp/shop_detail/0300306575900/index.html,docomo-shop-miwi-hashimoto,ドコモショップミウィ橋本店,相模原市緑区
https://shop.smt.docomo.ne.jp/shop_detail/0300306604300/index.html,docomo-shop-ebina-ekimae,ドコモショップ海老名駅前店,海老名市
https://shop.smt.docomo.ne.jp/shop_detail/0300306604500/index.html,docomo-shop-saginomiya-kitaguchi,ドコモショップ鷺ノ宮北口店,中野区
https://shop.smt.docomo.ne.jp/shop_detail/0300306605900/index.html,docomo-shop-nihombashi-hamacho,ドコモショップ日本橋浜町店,中央区
https://shop.smt.docomo.ne.jp/shop_detail/0300306608400/index.html,docomo-shop-izu-oshima,ドコモショップ伊豆大島店,大島町
https://shop.smt.docomo.ne.jp/shop_detail/0300306608500/index.html,docomo-shop-nagano-wakatsuki,ドコモショップ長野若槻店,長野市
https://shop.smt.docomo.ne.jp/shop_detail/0300306609600/index.html,docomo-shop-takasaki-kita,ドコモショップ高崎北店,高崎市
https://shop.smt.docomo.ne.jp/shop_detail/0300306618400/index.html,docomo-shop-azusagawa,ドコモショップ梓川店,松本市
https://shop.smt.docomo.ne.jp/shop_detail/0300306624500/index.html,docomo-shop-iwatsuki,ドコモショップ岩槻店,さいたま市岩槻区
https://shop.smt.docomo.ne.jp/shop_detail/0300306626000/index.html,docomo-shop-shiki-eki-mae,ドコモショップ志木駅前店,新座市
https://shop.smt.docomo.ne.jp/shop_detail/0300306631600/index.html,docomo-shop-aeon-mall-mito-uchihara,ドコモショップイオンモール水戸内原店,水戸市
https://shop.smt.docomo.ne.jp/shop_detail/0300306633700/index.html,docomo-shop-kazo,ドコモショップ加須店,加須市
https://shop.smt.docomo.ne.jp/shop_detail/0300306634100/index.html,docomo-shop-kaihimmakuhari,ドコモショップ海浜幕張店,千葉市美浜区
https://shop.smt.docomo.ne.jp/shop_detail/0300306634300/index.html,docomo-shop-maketto-shiti-kiryu,ドコモショップマーケットシティ桐生店,桐生市
https://shop.smt.docomo.ne.jp/shop_detail/0300306634800/index.html,docomo-shop-ota-minami,ドコモショップ太田南店,太田市
https://shop.smt.docomo.ne.jp/shop_detail/0300306636000/index.html,docomo-shop-yoshii,ドコモショップ吉井店（群馬県）,高崎市
https://shop.smt.docomo.ne.jp/shop_detail/0300306636100/index.html,docomo-shop-hoei,ドコモショップ豊栄店,新潟市北区
https://shop.smt.docomo.ne.jp/shop_detail/0300306637800/index.html,docomo-shop-maebashi-higashi,ドコモショップ前橋東店,前橋市
https://shop.smt.docomo.ne.jp/shop_detail/0300306643000/index.html,docomo-shop-nagaoka-kawasaki,ドコモショップ長岡川崎店,長岡市
https://shop.smt.docomo.ne.jp/shop_detail/0300306643300/index.html,docomo-shop-hanakoganei,ドコモショップ花小金井店,小平市
https://shop.smt.docomo.ne.jp/shop_detail/0300306643500/index.html,docomo-shop-kashiwa-eki-mae,ドコモショップ柏駅前店,柏市
https://shop.smt.docomo.ne.jp/shop_detail/0300306644700/index.html,docomo-shop-nagareyama,ドコモショップ流山店,流山市
https://shop.smt.docomo.ne.jp/shop_detail/0300306646100/index.html,docomo-shop-itabashi-kuyakusho-mae,ドコモショップ板橋区役所前店,板橋区
https://shop.smt.docomo.ne.jp/shop_detail/0300306648900/index.html,docomo-shop-ashikaga-yamabe,ドコモショップ足利山辺店,足利市
https://shop.smt.docomo.ne.jp/shop_detail/0300306649700/index.html,docomo-shop-ario-kameari,ドコモショップアリオ亀有店,葛飾区
https://shop.smt.docomo.ne.jp/shop_detail/0300306649800/index.html,docomo-shop-minami-saku,ドコモショップ南佐久店,佐久市
https://shop.smt.docomo.ne.jp/shop_detail/0300306656200/index.html,docomo-shop-nishioshima,ドコモショップ西大島店,江東区
https://shop.smt.docomo.ne.jp/shop_detail/0300306660900/index.html,docomo-shop-geto-shiti-osaki,ドコモショップゲートシティ大崎店,品川区
https://shop.smt.docomo.ne.jp/shop_detail/0300306661100/index.html,docomo-shop-komazawadaigaku,ドコモショップ駒沢大学店,世田谷区
https://shop.smt.docomo.ne.jp/shop_detail/0300306661200/index.html,docomo-shop-nakano-sakagami,ドコモショップ中野坂上店,中野区
https://shop.smt.docomo.ne.jp/shop_detail/0300306661400/index.html,docomo-shop-akishima-morita-un,ドコモショップ昭島モリタウン店,昭島市
https://shop.smt.docomo.ne.jp/shop_detail/0300306661500/index.html,docomo-shop-kisarazu,ドコモショップ木更津店,木更津市
https://shop.smt.docomo.ne.jp/shop_detail/0300306661700/index.html,docomo-shop-chichibu,ドコモショップ秩父店,秩父市
https://shop.smt.docomo.ne.jp/shop_detail/0300306661800/index.html,docomo-shop-fuka-ya-hanazono,ドコモショップふかや花園店,深谷市
https://shop.smt.docomo.ne.jp/shop_detail/0300306661900/index.html,docomo-shop-hidaka,ドコモショップ日高店,日高市
https://shop.smt.docomo.ne.jp/shop_detail/0300306662000/index.html,docomo-shop-kashima,ドコモショップ鹿島店（茨城県）,神栖市
https://shop.smt.docomo.ne.jp/shop_detail/0300306662100/index.html,docomo-shop-hokoden,ドコモショップ鉾田店,鉾田市
https://shop.smt.docomo.ne.jp/shop_detail/0300306662200/index.html,docomo-shop-kashima-kyuchu,ドコモショップ鹿嶋宮中店,鹿嶋市
https://shop.smt.docomo.ne.jp/shop_detail/0300306662300/index.html,docomo-shop-itako,ドコモショップ潮来店,潮来市
https://shop.smt.docomo.ne.jp/shop_detail/0300306662400/index.html,docomo-shop-sano,ドコモショップ佐野店,佐野市
https://shop.smt.docomo.ne.jp/shop_detail/0300306662700/index.html,docomo-shop-koenji,ドコモショップ高円寺店,杉並区
https://shop.smt.docomo.ne.jp/shop_detail/0300306678700/index.html,docomo-shop-mizonokuchi,ドコモショップ溝の口店,川崎市高津区
https://shop.smt.docomo.ne.jp/shop_detail/0300306682400/index.html,docomo-shop-chiba-nyutaun,ドコモショップ千葉ニュータウン店,印西市
https://shop.smt.docomo.ne.jp/shop_detail/0300306684000/index.html,docomo-shop-ue-itabashi-ekimae,ドコモショップ上板橋駅前店,板橋区
https://shop.smt.docomo.ne.jp/shop_detail/0300306685300/index.html,docomo-shop-tamamura-chuo,ドコモショップ玉村中央店,佐波郡玉村
https://shop.smt.docomo.ne.jp/shop_detail/0300306685700/index.html,docomo-shop-shinkawasaki-kashimada,ドコモショップ新川崎鹿島田店,川崎市幸区
https://shop.smt.docomo.ne.jp/shop_detail/0300306689600/index.html,docomo-shop-akasaka,ドコモショップ赤坂店,港区
https://shop.smt.docomo.ne.jp/shop_detail/0300306689800/index.html,docomo-shop-bakuro-machi,ドコモショップ馬喰町店,中央区
https://shop.smt.docomo.ne.jp/shop_detail/0300306690200/index.html,docomo-shop-nogata,ドコモショップ野方店,中野区
https://shop.smt.docomo.ne.jp/shop_detail/0300306699600/index.html,docomo-shop-nishi-funabashi,ドコモショップ西船橋店,船橋市
https://shop.smt.docomo.ne.jp/shop_detail/0300306700200/index.html,docomo-shop-chujo,ドコモショップ中条店,胎内市
https://shop.smt.docomo.ne.jp/shop_detail/0300306700300/index.html,docomo-shop-mitsuke,ドコモショップ見附店,見附市
https://shop.smt.docomo.ne.jp/shop_detail/0300306700400/index.html,docomo-shop-nigata-sakai,ドコモショップ新潟坂井店,新潟市西区
https://shop.smt.docomo.ne.jp/shop_detail/0300306702600/index.html,docomo-shop-inagi-yanokuchi,ドコモショップ稲城矢野口店,稲城市
https://shop.smt.docomo.ne.jp/shop_detail/0300306704200/index.html,docomo-shop-sakado-ni-tsu-sai,ドコモショップ坂戸にっさい店,坂戸市
https://shop.smt.docomo.ne.jp/shop_detail/0300306704900/index.html,docomo-shop-ji-autoretto-shonan-hiratsuka,ドコモショップ　ジ　アウトレット湘南平塚店,平塚市
https://shop.smt.docomo.ne.jp/shop_detail/0300306706300/index.html,docomo-shop-omochanomachi,ドコモショップおもちゃのまち店,下都賀郡壬生町
https://shop.smt.docomo.ne.jp/shop_detail/0300306707200/index.html,docomo-shop-yamachi,ドコモショップ八街店,八街市
https://shop.smt.docomo.ne.jp/shop_detail/0300306707700/index.html,docomo-shop-tokyu-puraza-kamata,ドコモショップ東急プラザ蒲田店,大田区
https://shop.smt.docomo.ne.jp/shop_detail/0300306708300/index.html,docomo-shop-yokohama-moazu,ドコモショップ横浜モアーズ店,横浜市西区
https://shop.smt.docomo.ne.jp/shop_detail/0300306711000/index.html,docomo-shop-omiya-owada,ドコモショップ大宮大和田店,さいたま市見沼区
https://shop.smt.docomo.ne.jp/shop_detail/0300306712700/index.html,docomo-shop-utsunomiya-okamoto,ドコモショップ宇都宮岡本店,宇都宮市
https://shop.smt.docomo.ne.jp/shop_detail/0300306713900/index.html,docomo-shop-aeon-taun-fujimino,ドコモショップイオンタウンふじみ野店,ふじみ野市
https://shop.smt.docomo.ne.jp/shop_detail/0300306715700/index.html,docomo-shop-nakayama-tokyu,ドコモショップ中山とうきゅう店,横浜市緑区
https://shop.smt.docomo.ne.jp/shop_detail/0300306718200/index.html,docomo-shop-kameido,ドコモショップ亀戸店,江東区
https://shop.smt.docomo.ne.jp/shop_detail/0300306718700/index.html,docomo-shop-hamamatsu-machi,ドコモショップ浜松町店,港区
https://shop.smt.docomo.ne.jp/shop_detail/0300306718900/index.html,docomo-shop-nishinasuno,ドコモショップ西那須野店,那須塩原市
https://shop.smt.docomo.ne.jp/shop_detail/0300306719000/index.html,docomo-shop-kodaira,ドコモショップ小平店,小平市
https://shop.smt.docomo.ne.jp/shop_detail/0300306723500/index.html,docomo-shop-beishia-uzan,ドコモショップベイシア烏山店,那須烏山市
https://shop.smt.docomo.ne.jp/shop_detail/0300306724200/index.html,docomo-shop-furukawa-jitsuken-doro,ドコモショップ古河十間道路店,古河市
https://shop.smt.docomo.ne.jp/shop_detail/0300306728800/index.html,docomo-shop-koiwa,ドコモショップ小岩店,江戸川区
https://shop.smt.docomo.ne.jp/shop_detail/0300306732400/index.html,docomo-shop-minamiosawa,ドコモショップ南大沢店,八王子市
https://shop.smt.docomo.ne.jp/shop_detail/0300306743500/index.html,docomo-shop-misato-inter,ドコモショップ三郷インター店,三郷市
https://shop.smt.docomo.ne.jp/shop_detail/0300306743900/index.html,docomo-shop-hachijojima,ドコモショップ八丈島店,八丈島八丈町
https://shop.smt.docomo.ne.jp/shop_detail/0300306745500/index.html,docomo-shop-aeon-mall-matsumoto,ドコモショップイオンモール松本店,松本市
https://shop.smt.docomo.ne.jp/shop_detail/0300306745600/index.html,docomo-shop-nakamura-kyo,ドコモショップ中村橋店,練馬区
https://shop.smt.docomo.ne.jp/shop_detail/0300306747500/index.html,docomo-shop-musashi-koganei,ドコモショップ武蔵小金井店,小金井市
https://shop.smt.docomo.ne.jp/shop_detail/0300306748900/index.html,docomo-shop-morishita-ekimae,ドコモショップ森下駅前店,江東区
https://shop.smt.docomo.ne.jp/shop_detail/0300306750200/index.html,docomo-shop-musashisakai,ドコモショップ武蔵境店,武蔵野市
https://shop.smt.docomo.ne.jp/shop_detail/0300306754300/index.html,docomo-shop-lalaport-yokohama,ドコモショップららぽーと横浜店,横浜市都筑区
https://shop.smt.docomo.ne.jp/shop_detail/0300306754800/index.html,docomo-shop-sanwa,ドコモショップ三和店,古河市
https://shop.smt.docomo.ne.jp/shop_detail/0300306755500/index.html,docomo-shop-takashimadaira-eki-mae,ドコモショップ高島平駅前店,板橋区
https://shop.smt.docomo.ne.jp/shop_detail/0300306756400/index.html,docomo-shop-sahara,ドコモショップ佐原店,香取市
https://shop.smt.docomo.ne.jp/shop_detail/0300306758500/index.html,docomo-shop-oume-kawabe,ドコモショップ青梅河辺店,青梅市
https://shop.smt.docomo.ne.jp/shop_detail/0300306759000/index.html,docomo-shop-oizumi,ドコモショップ大泉店,邑楽郡大泉町
https://shop.smt.docomo.ne.jp/shop_detail/0300306763500/index.html,docomo-shop-riba-saido-senshu,ドコモショップリバーサイド千秋店,長岡市
https://shop.smt.docomo.ne.jp/shop_detail/0300306765800/index.html,docomo-shop-aiterasuanekkusu-ochiaiminami-nagasaki,ドコモショップアイテラスアネックス落合南長崎店,豊島区
https://shop.smt.docomo.ne.jp/shop_detail/0300306772000/index.html,docomo-shop-lalaport-shonan-hiratsuka,ドコモショップららぽーと湘南平塚店,平塚市
https://shop.smt.docomo.ne.jp/shop_detail/0300306772100/index.html,docomo-shop-chino,ドコモショップ茅野店,茅野市
https://shop.smt.docomo.ne.jp/shop_detail/0300306773100/index.html,docomo-shop-ohira,ドコモショップ大平店,栃木市
https://shop.smt.docomo.ne.jp/shop_detail/0300306778500/index.html,docomo-shop-kitanarashino,ドコモショップ北習志野店,船橋市
https://shop.smt.docomo.ne.jp/shop_detail/0300306784500/index.html,docomo-shop-aoba-dai,ドコモショップ青葉台店,横浜市青葉区
https://shop.smt.docomo.ne.jp/shop_detail/0300306784800/index.html,docomo-shop-azeriamoru-tatebayashi,ドコモショップアゼリアモール館林店,館林市
https://shop.smt.docomo.ne.jp/shop_detail/0300306786400/index.html,docomo-shop-tatebayashi-nishi,ドコモショップ館林西店,館林市
https://shop.smt.docomo.ne.jp/shop_detail/0300306787000/index.html,docomo-shop-enden,ドコモショップ塩田店,上田市
https://shop.smt.docomo.ne.jp/shop_detail/0300306793300/index.html,docomo-shop-shinagawa-shisaido,ドコモショップ品川シーサイド店,品川区
https://shop.smt.docomo.ne.jp/shop_detail/0300306793700/index.html,docomo-shop-aeon-mall-kawaguchi,ドコモショップイオンモール川口店,川口市
https://shop.smt.docomo.ne.jp/shop_detail/0300306794600/index.html,docomo-shop-ninomiya,ドコモショップ二宮店,真岡市
https://shop.smt.docomo.ne.jp/shop_detail/0300306797200/index.html,docomo-shop-sen-gen-dai,ドコモショップせんげん台店,越谷市
https://shop.smt.docomo.ne.jp/shop_detail/0300306798600/index.html,docomo-shop-omiya-nishi,ドコモショップ大宮西店,さいたま市大宮区
https://shop.smt.docomo.ne.jp/shop_detail/0300306800700/index.html,docomo-shop-nigata-minami,ドコモショップ新潟南店,新潟市中央区
https://shop.smt.docomo.ne.jp/shop_detail/0300306800800/index.html,docomo-shop-nigata-higashi,ドコモショップ新潟東店,新潟市東区
https://shop.smt.docomo.ne.jp/shop_detail/0300306800900/index.html,docomo-shop-nigata-nakanoyama,ドコモショップ新潟中野山店,新潟市東区
https://shop.smt.docomo.ne.jp/shop_detail/0300306801700/index.html,docomo-shop-inage,ドコモショップ稲毛店,千葉市稲毛区
https://shop.smt.docomo.ne.jp/shop_detail/0300306801800/index.html,docomo-shop-minamigyotoku,ドコモショップ南行徳店,市川市
https://shop.smt.docomo.ne.jp/shop_detail/0300306801900/index.html,docomo-shop-shibamata-kaido,ドコモショップ柴又街道店,葛飾区
https://shop.smt.docomo.ne.jp/shop_detail/0300306802100/index.html,docomo-shop-aeon-mall-makuhari-shinto-shin,ドコモショップイオンモール幕張新都心店,千葉市美浜区
https://shop.smt.docomo.ne.jp/shop_detail/0300306802300/index.html,docomo-shop-tsuga,ドコモショップ都賀店,千葉市若葉区
https://shop.smt.docomo.ne.jp/shop_detail/0300306802700/index.html,docomo-shop-aeon-ichikawa-myoden,ドコモショップイオン市川妙典店,市川市
https://shop.smt.docomo.ne.jp/shop_detail/0300306802900/index.html,docomo-shop-shin-urayasu,ドコモショップ新浦安店,浦安市
https://shop.smt.docomo.ne.jp/shop_detail/0300306806300/index.html,docomo-shop-kaminohara,ドコモショップ上野原店,上野原市
https://shop.smt.docomo.ne.jp/shop_detail/0300306810200/index.html,docomo-shop-kamiooka,ドコモショップ上大岡店,横浜市港南区
https://shop.smt.docomo.ne.jp/shop_detail/0300306811100/index.html,docomo-shop-furesupo-inage,ドコモショップフレスポ稲毛店,千葉市稲毛区
https://shop.smt.docomo.ne.jp/shop_detail/0300306811800/index.html,docomo-shop-komagata-inter,ドコモショップ駒形インター店,伊勢崎市
https://shop.smt.docomo.ne.jp/shop_detail/0300306812900/index.html,docomo-shop-tsubame-yoshida,ドコモショップ燕吉田店,燕市
https://shop.smt.docomo.ne.jp/shop_detail/0300306813100/index.html,docomo-shop-pawa-moru-maebashi-minami,ドコモショップパワーモール前橋みなみ店,前橋市
https://shop.smt.docomo.ne.jp/shop_detail/0300306817600/index.html,docomo-shop-aeon-mall-funabashi,ドコモショップイオンモール船橋店,船橋市
https://shop.smt.docomo.ne.jp/shop_detail/0300306818500/index.html,docomo-shop-beishia-maebashi-moru,ドコモショップベイシア前橋モール店,前橋市
https://shop.smt.docomo.ne.jp/shop_detail/0300306818800/index.html,docomo-shop-tsukuba-yatabe,ドコモショップつくば谷田部店,つくば市
https://shop.smt.docomo.ne.jp/shop_detail/0300306819200/index.html,docomo-shop-kameda,ドコモショップ亀田店,新潟市江南区
https://shop.smt.docomo.ne.jp/shop_detail/0300306819400/index.html,docomo-shop-konosu,ドコモショップ鴻巣店,鴻巣市
https://shop.smt.docomo.ne.jp/shop_detail/0300306820100/index.html,docomo-shop-kainzumoru-gyoda,ドコモショップカインズモール行田店,行田市
https://shop.smt.docomo.ne.jp/shop_detail/0300306820400/index.html,docomo-shop-suterataun,ドコモショップステラタウン店,さいたま市北区
https://shop.smt.docomo.ne.jp/shop_detail/0300306820600/index.html,docomo-shop-aga-noichi,ドコモショップ阿賀野店,阿賀野市
https://shop.smt.docomo.ne.jp/shop_detail/0300306820700/index.html,docomo-shop-nitsu,ドコモショップ新津店,新潟市秋葉区
https://shop.smt.docomo.ne.jp/shop_detail/0300306831300/index.html,docomo-shop-shibukawa,ドコモショップ渋川店,渋川市
https://shop.smt.docomo.ne.jp/shop_detail/0300306831500/index.html,docomo-shop-nikko,ドコモショップ日光店,日光市
https://shop.smt.docomo.ne.jp/shop_detail/0300306833900/index.html,docomo-shop-mi-rai-hira-ekimae,ドコモショップみらい平駅前店,つくばみらい市
https://shop.smt.docomo.ne.jp/shop_detail/0300306835100/index.html,docomo-shop-toritsu-daigaku,ドコモショップ都立大学店,目黒区
https://shop.smt.docomo.ne.jp/shop_detail/0300306835300/index.html,docomo-shop-aku-rosu-moru-hachioji-minamino,ドコモショップアクロスモール八王子みなみ野店,八王子市
https://shop.smt.docomo.ne.jp/shop_detail/0300306836700/index.html,docomo-shop-machiya,ドコモショップ町屋店,荒川区
https://shop.smt.docomo.ne.jp/shop_detail/0300306836900/index.html,docomo-shop-licopa-higashiyamato,ドコモショップＬＩＣＯＰＡ東大和店,東大和市
https://shop.smt.docomo.ne.jp/shop_detail/0300306837200/index.html,docomo-shop-utsunomiya-nishikawata,ドコモショップ宇都宮西川田店,宇都宮市
https://shop.smt.docomo.ne.jp/shop_detail/0300306837300/index.html,docomo-shop-utsunomiya-komaoi,ドコモショップ宇都宮駒生店,宇都宮市
https://shop.smt.docomo.ne.jp/shop_detail/0300306837400/index.html,docomo-shop-utsunomiya-terasu,ドコモショップ宇都宮テラス店,宇都宮市
https://shop.smt.docomo.ne.jp/shop_detail/0300306837500/index.html,docomo-shop-ario-nishiarai,ドコモショップアリオ西新井店,足立区
https://shop.smt.docomo.ne.jp/shop_detail/0300306837700/index.html,docomo-shop-noda,ドコモショップ野田店（千葉県）,野田市
https://shop.smt.docomo.ne.jp/shop_detail/0300306837800/index.html,docomo-shop-kimitsu,ドコモショップ君津店,君津市
https://shop.smt.docomo.ne.jp/shop_detail/0300306838000/index.html,docomo-shop-utsunomiya-intapakubirejji,ドコモショップ宇都宮インターパークビレッジ店,宇都宮市
https://shop.smt.docomo.ne.jp/shop_detail/0300306840100/index.html,docomo-shop-inashiki,ドコモショップ稲敷店,稲敷市
https://shop.smt.docomo.ne.jp/shop_detail/0300306842100/index.html,docomo-shop-aeon-mall-yachiyo-midorigaoka,ドコモショップイオンモール八千代緑が丘店,八千代市
https://shop.smt.docomo.ne.jp/shop_detail/0300306845100/index.html,docomo-shop-ichinomiya-ittsumoa,ドコモショップ一宮イッツモア店,笛吹市
https://shop.smt.docomo.ne.jp/shop_detail/0300306846200/index.html,docomo-shop-odawara,ドコモショップ小田原店,小田原市
https://shop.smt.docomo.ne.jp/shop_detail/0300306846600/index.html,docomo-shop-tokorozawa,ドコモショップ所沢店,所沢市
https://shop.smt.docomo.ne.jp/shop_detail/0300306846700/index.html,docomo-shop-higashimatsuyama,ドコモショップ東松山店,東松山市
https://shop.smt.docomo.ne.jp/shop_detail/0300306848900/index.html,docomo-shop-kokunshiti,ドコモショップコクーンシティ店,さいたま市大宮区
https://shop.smt.docomo.ne.jp/shop_detail/0300306849500/index.html,docomo-shop-higashi-tokorozawa,ドコモショップ東所沢店,所沢市
https://shop.smt.docomo.ne.jp/shop_detail/0300306849900/index.html,docomo-shop-odawara-higashi,ドコモショップ小田原東店,小田原市
https://shop.smt.docomo.ne.jp/shop_detail/0300306858400/index.html,docomo-shop-asakusa,ドコモショップ浅草店,台東区
https://shop.smt.docomo.ne.jp/shop_detail/0300306859900/index.html,docomo-shop-rumine-ikebukuro,ドコモショップルミネ池袋店,豊島区
https://shop.smt.docomo.ne.jp/shop_detail/0300306860100/index.html,docomo-shop-aeon-sagamihara,ドコモショップイオン相模原店,相模原市南区
https://shop.smt.docomo.ne.jp/shop_detail/0300306864400/index.html,docomo-shop-aeon-taun-yamanashi-chuo,ドコモショップイオンタウン山梨中央店,中央市
https://shop.smt.docomo.ne.jp/shop_detail/0300306867400/index.html,docomo-shop-komagome,ドコモショップ駒込店,豊島区
https://shop.smt.docomo.ne.jp/shop_detail/0300306867600/index.html,docomo-shop-shimodate,ドコモショップ下館店,筑西市
https://shop.smt.docomo.ne.jp/shop_detail/0300306867700/index.html,docomo-shop-moriya,ドコモショップ守谷店,守谷市
https://shop.smt.docomo.ne.jp/shop_detail/0300306867800/index.html,docomo-shop-hitachi,ドコモショップ日立店,日立市
https://shop.smt.docomo.ne.jp/shop_detail/0300306867900/index.html,docomo-shop-fuchu,ドコモショップ府中店（東京都）,府中市
https://shop.smt.docomo.ne.jp/shop_detail/0300306868000/index.html,docomo-shop-mito,ドコモショップ水戸店,水戸市
https://shop.smt.docomo.ne.jp/shop_detail/0300306868100/index.html,docomo-shop-hadano-shibusawa,ドコモショップ秦野渋沢店,秦野市
https://shop.smt.docomo.ne.jp/shop_detail/0300306868200/index.html,docomo-shop-muikamachi,ドコモショップ六日町店,南魚沼市
https://shop.smt.docomo.ne.jp/shop_detail/0300306868300/index.html,docomo-shop-nagahara-ekimae,ドコモショップ長原駅前店,大田区
https://shop.smt.docomo.ne.jp/shop_detail/0300306868500/index.html,docomo-shop-kasama,ドコモショップ笠間店,笠間市
https://shop.smt.docomo.ne.jp/shop_detail/0300306868600/index.html,docomo-shop-yuki,ドコモショップ結城店,結城市
https://shop.smt.docomo.ne.jp/shop_detail/0300306868700/index.html,docomo-shop-mitsukaido,ドコモショップ水海道店,常総市
https://shop.smt.docomo.ne.jp/shop_detail/0300306868900/index.html,docomo-shop-hitachi-kita,ドコモショップ日立北店,日立市
https://shop.smt.docomo.ne.jp/shop_detail/0300306869000/index.html,docomo-shop-hitachiota,ドコモショップ常陸太田店,常陸太田市
https://shop.smt.docomo.ne.jp/shop_detail/0300306869400/index.html,docomo-shop-seijo,ドコモショップ成城店,世田谷区
https://shop.smt.docomo.ne.jp/shop_detail/0300306869500/index.html,docomo-shop-funabori,ドコモショップ船堀店,江戸川区
https://shop.smt.docomo.ne.jp/shop_detail/0300306870100/index.html,docomo-shop-hongosanchome,ドコモショップ本郷三丁目店,文京区
https://shop.smt.docomo.ne.jp/shop_detail/0300306870200/index.html,docomo-shop-hakusan,ドコモショップ白山店（東京都）,文京区
https://shop.smt.docomo.ne.jp/shop_detail/0300306870600/index.html,docomo-shop-tokamachi-machi,ドコモショップ十日町店,十日町市
https://shop.smt.docomo.ne.jp/shop_detail/0300306872000/index.html,docomo-shop-mito-miwa,ドコモショップ水戸見和店,水戸市
https://shop.smt.docomo.ne.jp/shop_detail/0300306872200/index.html,docomo-shop-isehara,ドコモショップ伊勢原店（神奈川県）,伊勢原市
https://shop.smt.docomo.ne.jp/shop_detail/0300306872300/index.html,docomo-shop-aeon-hadano,ドコモショップイオン秦野店,秦野市
https://shop.smt.docomo.ne.jp/shop_detail/0300306873000/index.html,docomo-shop-mizue,ドコモショップ瑞江店,江戸川区
https://shop.smt.docomo.ne.jp/shop_detail/0300306873100/index.html,docomo-shop-fuchu-honjuku,ドコモショップ府中本宿店,府中市
https://shop.smt.docomo.ne.jp/shop_detail/0300306873200/index.html,docomo-shop-musashi-koyama,ドコモショップ武蔵小山店,品川区
https://shop.smt.docomo.ne.jp/shop_detail/0300306873300/index.html,docomo-shop-kyodo,ドコモショップ経堂店,世田谷区
https://shop.smt.docomo.ne.jp/shop_detail/0300306873400/index.html,docomo-shop-chitose-uzan,ドコモショップ千歳烏山店,世田谷区
https://shop.smt.docomo.ne.jp/shop_detail/0300306874700/index.html,docomo-shop-ojiya,ドコモショップ小千谷店,小千谷市
https://shop.smt.docomo.ne.jp/shop_detail/0300306874800/index.html,docomo-shop-uonuma,ドコモショップ魚沼店,魚沼市
https://shop.smt.docomo.ne.jp/shop_detail/0300306877300/index.html,docomo-shop-higashiura-kazu,ドコモショップ東浦和店,さいたま市緑区
https://shop.smt.docomo.ne.jp/shop_detail/0300306877500/index.html,docomo-shop-aeon-minamisuna,ドコモショップイオン南砂店,江東区
https://shop.smt.docomo.ne.jp/shop_detail/0300306878400/index.html,docomo-shop-wakabawoku,ドコモショップワカバウォーク店,鶴ヶ島市
https://shop.smt.docomo.ne.jp/shop_detail/0300306878900/index.html,docomo-shop-tobu-nerima-ekimae,ドコモショップ東武練馬駅前店,練馬区
https://shop.smt.docomo.ne.jp/shop_detail/0300306886400/index.html,docomo-shop-aeon-mall-yamato,ドコモショップイオンモール大和店,大和市
https://shop.smt.docomo.ne.jp/shop_detail/0300306886500/index.html,docomo-shop-sambichi-oppama,ドコモショップサンビーチ追浜店,横須賀市
https://shop.smt.docomo.ne.jp/shop_detail/0300306886600/index.html,docomo-shop-kamakura,ドコモショップ鎌倉店,鎌倉市
https://shop.smt.docomo.ne.jp/shop_detail/0300306887200/index.html,docomo-shop-musashi-fujisawa,ドコモショップ武蔵藤沢店,入間市
https://shop.smt.docomo.ne.jp/shop_detail/0300306888100/index.html,docomo-shop-kamishakujii,ドコモショップ上石神井店,練馬区
https://shop.smt.docomo.ne.jp/shop_detail/0300306888300/index.html,docomo-shop-aeon-mall-habu,ドコモショップイオンモール羽生店,羽生市
https://shop.smt.docomo.ne.jp/shop_detail/0300306888400/index.html,docomo-shop-satte,ドコモショップ幸手店,幸手市
https://shop.smt.docomo.ne.jp/shop_detail/0300306890100/index.html,docomo-shop-numata,ドコモショップ沼田店,沼田市
https://shop.smt.docomo.ne.jp/shop_detail/0300306891400/index.html,docomo-shop-kitasenju,ドコモショップ北千住店,足立区
https://shop.smt.docomo.ne.jp/shop_detail/0300306892400/index.html,docomo-shop-kawaguchi-r-122-go,ドコモショップ川口Ｒ１２２号店,川口市
https://shop.smt.docomo.ne.jp/shop_detail/0300306894700/index.html,docomo-shop-kasukabe-haku-ren-dori,ドコモショップ春日部ハクレン通り店,春日部市
https://shop.smt.docomo.ne.jp/shop_detail/0300306895700/index.html,docomo-shop-aeon-reikutaun,ドコモショップイオンレイクタウン店,越谷市
https://shop.smt.docomo.ne.jp/shop_detail/0300306896000/index.html,docomo-shop-ueda-oya,ドコモショップ上田大屋店,上田市
https://shop.smt.docomo.ne.jp/shop_detail/0300306896100/index.html,docomo-shop-sobudai,ドコモショップ相武台店,座間市
https://shop.smt.docomo.ne.jp/shop_detail/0300306896800/index.html,docomo-shop-a-biko-shoppingu-puraza,ドコモショップあびこショッピングプラザ店,我孫子市
https://shop.smt.docomo.ne.jp/shop_detail/0300306903500/index.html,docomo-shop-aeon-mall-shimozuma,ドコモショップイオンモール下妻店,下妻市
https://shop.smt.docomo.ne.jp/shop_detail/0300306903600/index.html,docomo-shop-tsukuba-kenkyu-gakuen,ドコモショップつくば研究学園店,つくば市
https://shop.smt.docomo.ne.jp/shop_detail/0300306903700/index.html,docomo-shop-shiojiri,ドコモショップ塩尻店,塩尻市
https://shop.smt.docomo.ne.jp/shop_detail/0300306903800/index.html,docomo-shop-sakura-terasaki,ドコモショップ佐倉寺崎店,佐倉市
https://shop.smt.docomo.ne.jp/shop_detail/0300306904600/index.html,docomo-shop-shimokitazawa,ドコモショップ下北沢店,世田谷区
https://shop.smt.docomo.ne.jp/shop_detail/0300306905600/index.html,docomo-shop-mega-donkihote-uny-takamori,ドコモショップＭＥＧＡドンキホーテＵＮＹ高森店,下伊那郡高森町
https://shop.smt.docomo.ne.jp/shop_detail/0300306905700/index.html,docomo-shop-kanagawa-ayase,ドコモショップ神奈川綾瀬店,綾瀬市
https://shop.smt.docomo.ne.jp/shop_detail/0300306906700/index.html,docomo-shop-moraju-shobu,ドコモショップモラージュ菖蒲店,久喜市
https://shop.smt.docomo.ne.jp/shop_detail/0300306907500/index.html,docomo-shop-narita-tsuchiya,ドコモショップ成田土屋店,成田市
https://shop.smt.docomo.ne.jp/shop_detail/0300306907800/index.html,docomo-shop-kitamoto,ドコモショップ北本店,北本市
https://shop.smt.docomo.ne.jp/shop_detail/0300306908000/index.html,docomo-shop-kotesashi,ドコモショップ小手指店,所沢市
https://shop.smt.docomo.ne.jp/shop_detail/0300306908100/index.html,docomo-shop-zasshoku-ekimae,ドコモショップ雑色駅前店,大田区
https://shop.smt.docomo.ne.jp/shop_detail/0300306908300/index.html,docomo-shop-kamo,ドコモショップ加茂店,加茂市
https://shop.smt.docomo.ne.jp/shop_detail/0300306908500/index.html,docomo-shop-tsuru-ke-ho-ekimae,ドコモショップ鶴ヶ峰駅前店,横浜市旭区
https://shop.smt.docomo.ne.jp/shop_detail/0300306908600/index.html,docomo-shop-ookayama,ドコモショップ大岡山店,大田区
https://shop.smt.docomo.ne.jp/shop_detail/0300306908700/index.html,docomo-shop-kopio-nishi-hachioji-ekimae,ドコモショップコピオ西八王子駅前店,八王子市
https://shop.smt.docomo.ne.jp/shop_detail/0300306908800/index.html,docomo-shop-shinjuku-nishiguchi,ドコモショップ新宿西口店,新宿区
https://shop.smt.docomo.ne.jp/shop_detail/0300306909000/index.html,docomo-shop-shin-hachi-hashira,ドコモショップ新八柱店,松戸市
https://shop.smt.docomo.ne.jp/shop_detail/0300306909100/index.html,docomo-shop-machida-tadao,ドコモショップ町田忠生店,町田市
https://shop.smt.docomo.ne.jp/shop_detail/0300306909700/index.html,docomo-shop-ina-gakuen,ドコモショップ伊奈学園店,北足立郡伊奈町
https://shop.smt.docomo.ne.jp/shop_detail/0300306910400/index.html,docomo-shop-kakizaki,ドコモショップ柿崎店,上越市柿崎区
https://shop.smt.docomo.ne.jp/shop_detail/0300306911400/index.html,docomo-shop-kita-kurihama,ドコモショップ北久里浜店,横須賀市
https://shop.smt.docomo.ne.jp/shop_detail/0300306912700/index.html,docomo-shop-ario-hashimoto,ドコモショップアリオ橋本店,相模原市緑区
https://shop.smt.docomo.ne.jp/shop_detail/0300306913300/index.html,docomo-shop-sambu-naruto,ドコモショップ山武成東店,山武市
https://shop.smt.docomo.ne.jp/shop_detail/0300306913500/index.html,docomo-shop-hirai,ドコモショップ平井店（東京都）,江戸川区
https://shop.smt.docomo.ne.jp/shop_detail/0300306913800/index.html,docomo-shop-lalaport-fujimi,ドコモショップららぽーと富士見店,富士見市
https://shop.smt.docomo.ne.jp/shop_detail/0300306916600/index.html,docomo-shop-aeon-mall-hinode,ドコモショップイオンモール日の出店,西多摩郡日の出町
https://shop.smt.docomo.ne.jp/shop_detail/0300306917000/index.html,docomo-shop-kokuritsu,ドコモショップ国立店,国立市
https://shop.smt.docomo.ne.jp/shop_detail/0300306917400/index.html,docomo-shop-komagane-baipasu,ドコモショップ駒ヶ根バイパス店,駒ヶ根市
https://shop.smt.docomo.ne.jp/shop_detail/0300306917600/index.html,docomo-shop-yoga,ドコモショップ用賀店,世田谷区
https://shop.smt.docomo.ne.jp/shop_detail/0300306918200/index.html,docomo-shop-ogyu-kyo-dori,ドコモショップ尾久橋通り店,足立区
https://shop.smt.docomo.ne.jp/shop_detail/0300306918800/index.html,docomo-shop-mark-is-minatomirai,ドコモショップＭＡＲＫ　ＩＳ　みなとみらい店,横浜市西区
https://shop.smt.docomo.ne.jp/shop_detail/0300306919000/index.html,docomo-shop-iizumi,ドコモショップ五泉店,五泉市
https://shop.smt.docomo.ne.jp/shop_detail/0300306919100/index.html,docomo-shop-yokodai,ドコモショップ洋光台店,横浜市磯子区
https://shop.smt.docomo.ne.jp/shop_detail/0300306919200/index.html,docomo-shop-yokohamabibure,ドコモショップ横浜ビブレ店,横浜市西区
https://shop.smt.docomo.ne.jp/shop_detail/0300306920800/index.html,docomo-shop-chishirodai,ドコモショップ千城台店,千葉市若葉区
https://shop.smt.docomo.ne.jp/shop_detail/0300306923800/index.html,docomo-shop-apita-kanazawa-bunko,ドコモショップアピタ金沢文庫店,横浜市金沢区
https://shop.smt.docomo.ne.jp/shop_detail/0300306926900/index.html,docomo-shop-aeon-mall-tsuchiura,ドコモショップイオンモール土浦店,土浦市
https://shop.smt.docomo.ne.jp/shop_detail/0300306927500/index.html,docomo-shop-midori,ドコモショップみどり店,みどり市
https://shop.smt.docomo.ne.jp/shop_detail/0300306928300/index.html,docomo-shop-kama-shin-yui-no-mori,ドコモショップかましんゆいの杜店,宇都宮市
https://shop.smt.docomo.ne.jp/shop_detail/0300306928700/index.html,docomo-shop-higashi-hachi-mitaka,ドコモショップ東八三鷹店,三鷹市
https://shop.smt.docomo.ne.jp/shop_detail/0300306930600/index.html,docomo-shop-fujisawa-ekikita-guchi,ドコモショップ藤沢駅北口店,藤沢市
https://shop.smt.docomo.ne.jp/shop_detail/0300306931000/index.html,docomo-shop-furesupo-hibarigaoka,ドコモショップフレスポひばりが丘店,西東京市
https://shop.smt.docomo.ne.jp/shop_detail/0300306932900/index.html,docomo-shop-toressa-yokohama,ドコモショップトレッサ横浜店,横浜市港北区
https://shop.smt.docomo.ne.jp/shop_detail/0300306933000/index.html,docomo-shop-kasai,ドコモショップ葛西店（東京都）,江戸川区
https://shop.smt.docomo.ne.jp/shop_detail/0300306937200/index.html,docomo-shop-ashigara-kaisei,ドコモショップ足柄開成店,足柄上郡開成町
https://shop.smt.docomo.ne.jp/shop_detail/0300306937700/index.html,docomo-shop-mizuhodai,ドコモショップみずほ台店,富士見市
https://shop.smt.docomo.ne.jp/shop_detail/0300306941900/index.html,docomo-shop-shiarupuratto-higashi-kanagawa,ドコモショップシァルプラット東神奈川店,横浜市神奈川区
https://shop.smt.docomo.ne.jp/shop_detail/0300306942000/index.html,docomo-shop-ichikawa-inter,ドコモショップ市川インター店,市川市
https://shop.smt.docomo.ne.jp/shop_detail/0300306942700/index.html,docomo-shop-sakuragawa,ドコモショップ桜川店,桜川市
https://shop.smt.docomo.ne.jp/shop_detail/0300306944300/index.html,docomo-shop-lalaport-shin-misato,ドコモショップららぽーと新三郷店,三郷市
https://shop.smt.docomo.ne.jp/shop_detail/0300306944800/index.html,docomo-shop-kita-ibaraki,ドコモショップ北茨城店,北茨城市
https://shop.smt.docomo.ne.jp/shop_detail/0300306946100/index.html,docomo-shop-wakabadai,ドコモショップ若葉台店,稲城市
https://shop.smt.docomo.ne.jp/shop_detail/0300306946200/index.html,docomo-shop-aeon-mall-musashi-murayama,ドコモショップイオンモールむさし村山店,武蔵村山市
https://shop.smt.docomo.ne.jp/shop_detail/0300306975500/index.html,docomo-shop-sanuki,ドコモショップ佐貫店,龍ケ崎市
https://shop.smt.docomo.ne.jp/shop_detail/0300306978500/index.html,docomo-shop-shibukawa-kita,ドコモショップ渋川北店,渋川市
https://shop.smt.docomo.ne.jp/shop_detail/0300306980000/index.html,docomo-shop-yokohama-joinasu,ドコモショップ横浜ジョイナス店,横浜市西区
https://shop.smt.docomo.ne.jp/shop_detail/0300306981700/index.html,docomo-shop-kugayama,ドコモショップ久我山店,杉並区
https://shop.smt.docomo.ne.jp/shop_detail/0300306982600/index.html,docomo-shop-kachidoki,ドコモショップ勝どき店,中央区
https://shop.smt.docomo.ne.jp/shop_detail/0300307016300/index.html,docomo-shop-utsunomiya-tsuruta,ドコモショップ宇都宮鶴田店,宇都宮市
https://shop.smt.docomo.ne.jp/shop_detail/0300307023600/index.html,docomo-shop-terasu-moru-shonan,ドコモショップテラスモール湘南店,藤沢市
https://shop.smt.docomo.ne.jp/shop_detail/0300307027500/index.html,docomo-shop-yatsuka,ドコモショップ谷塚店,草加市
https://shop.smt.docomo.ne.jp/shop_detail/0300307028700/index.html,docomo-shop-ikegami-ekimae,ドコモショップ池上駅前店,大田区
https://shop.smt.docomo.ne.jp/shop_detail/0300307030800/index.html,docomo-shop-sano-nishi,ドコモショップ佐野西店,佐野市
https://shop.smt.docomo.ne.jp/shop_detail/0300307035900/index.html,docomo-shop-o-ta-ka-no-mori,ドコモショップおおたかの森店,流山市
https://shop.smt.docomo.ne.jp/shop_detail/0300307041900/index.html,docomo-shop-shonan-fujisawa-o-pa,ドコモショップ湘南藤沢オーパ店,藤沢市
https://shop.smt.docomo.ne.jp/shop_detail/0300307064900/index.html,docomo-shop-sakurashin-machi,ドコモショップ桜新町店,世田谷区
https://shop.smt.docomo.ne.jp/shop_detail/0300307067800/index.html,docomo-shop-musashi-kosugi-hosei-dori,ドコモショップ武蔵小杉法政通り店,川崎市中原区
https://shop.smt.docomo.ne.jp/shop_detail/0300307067900/index.html,docomo-shop-oshiage,ドコモショップ押上店,墨田区
https://shop.smt.docomo.ne.jp/shop_detail/0300307071900/index.html,docomo-shop-yukigayaotsuka,ドコモショップ雪が谷大塚店,大田区
https://shop.smt.docomo.ne.jp/shop_detail/0300307072000/index.html,docomo-shop-atsugi-hayashi,ドコモショップ厚木林店,厚木市
https://shop.smt.docomo.ne.jp/shop_detail/0300307076300/index.html,docomo-shop-razona-kawasaki,ドコモショップラゾーナ川崎店,川崎市幸区
https://shop.smt.docomo.ne.jp/shop_detail/0300307076400/index.html,docomo-shop-aeon-mall-zama,ドコモショップイオンモール座間店,座間市
https://shop.smt.docomo.ne.jp/shop_detail/0300307076600/index.html,docomo-shop-oyama-minami,ドコモショップ小山南店,小山市
https://shop.smt.docomo.ne.jp/shop_detail/0300307079900/index.html,docomo-shop-kiba,ドコモショップ木場店,江東区
https://shop.smt.docomo.ne.jp/shop_detail/0300307083300/index.html,docomo-shop-nagaoka-kunai,ドコモショップ長岡宮内店,長岡市
https://shop.smt.docomo.ne.jp/shop_detail/0300307083700/index.html,docomo-shop-mito-minami,ドコモショップ水戸南店,水戸市
https://shop.smt.docomo.ne.jp/shop_detail/0300307084700/index.html,docomo-shop-minamiurawa,ドコモショップ南浦和店,さいたま市南区
https://shop.smt.docomo.ne.jp/shop_detail/0300307086000/index.html,docomo-shop-higashikurume,ドコモショップ東久留米店,東久留米市
https://shop.smt.docomo.ne.jp/shop_detail/0300307086600/index.html,docomo-shop-tochigi-baipasu,ドコモショップ栃木バイパス店,栃木市
https://shop.smt.docomo.ne.jp/shop_detail/0300307089500/index.html,docomo-shop-arashiyama-ogawa,ドコモショップ嵐山小川店,比企郡嵐山町
https://shop.smt.docomo.ne.jp/shop_detail/0300307091300/index.html,docomo-shop-hachioji-narahara,ドコモショップ八王子楢原店,八王子市
https://shop.smt.docomo.ne.jp/shop_detail/0300307096600/index.html,docomo-shop-toda-koen,ドコモショップ戸田公園店,戸田市
https://shop.smt.docomo.ne.jp/shop_detail/0300307096700/index.html,docomo-shop-mizuho,ドコモショップ瑞穂店（東京都）,西多摩郡瑞穂町
https://shop.smt.docomo.ne.jp/shop_detail/0300307109200/index.html,docomo-shop-musashi-kosugi,ドコモショップ武蔵小杉店,川崎市中原区
https://shop.smt.docomo.ne.jp/shop_detail/0300307150400/index.html,docomo-shop-koshigaya-yajuro,ドコモショップ越谷弥十郎店,越谷市
https://shop.smt.docomo.ne.jp/shop_detail/0300307156800/index.html,docomo-shop-honjo-wakaizumi,ドコモショップ本庄若泉店,本庄市
https://shop.smt.docomo.ne.jp/shop_detail/0300307165100/index.html,docomo-shop-lalaport-tatsukawa-tatsu-hi,ドコモショップららぽーと立川立飛店,立川市
https://shop.smt.docomo.ne.jp/shop_detail/0300307173100/index.html,docomo-shop-yaoko-kawagoe-yamada,ドコモショップヤオコー川越山田店,川越市
https://shop.smt.docomo.ne.jp/shop_detail/0300307177000/index.html,docomo-shop-hoya-ekimae,ドコモショップ保谷駅前店,練馬区
https://shop.smt.docomo.ne.jp/shop_detail/0300307177100/index.html,docomo-shop-aeon-mall-kisarazu,ドコモショップイオンモール木更津店,木更津市
https://shop.smt.docomo.ne.jp/shop_detail/0300307186000/index.html,docomo-shop-shisaido-hitachinaka,ドコモショップシーサイドひたちなか店,ひたちなか市
https://shop.smt.docomo.ne.jp/shop_detail/0300307199500/index.html,docomo-shop-kamegai-inter,ドコモショップ亀貝インター店,新潟市西区
https://shop.smt.docomo.ne.jp/shop_detail/0300307201100/index.html,docomo-shop-ario-ichihara,ドコモショップアリオ市原店,市原市
https://shop.smt.docomo.ne.jp/shop_detail/0300307201800/index.html,docomo-shop-ebina-nishiguchi,ドコモショップ海老名西口店,海老名市
https://shop.smt.docomo.ne.jp/shop_detail/0300307220600/index.html,docomo-shop-hanamigawa,ドコモショップ花見川店,千葉市花見川区
https://shop.smt.docomo.ne.jp/shop_detail/0300307301600/index.html,docomo-shop-kaminagaya,ドコモショップ上永谷店,横浜市港南区
https://shop.smt.docomo.ne.jp/shop_detail/0300307316400/index.html,docomo-shop-ikuta-fuchu-kaido,ドコモショップ生田府中街道店,川崎市多摩区
https://shop.smt.docomo.ne.jp/shop_detail/0300307323800/index.html,docomo-shop-miyamae-taira,ドコモショップ宮前平店,川崎市宮前区
https://shop.smt.docomo.ne.jp/shop_detail/0300307326300/index.html,docomo-shop-seya,ドコモショップ瀬谷店,横浜市瀬谷区
https://shop.smt.docomo.ne.jp/shop_detail/0300307337800/index.html,docomo-shop-machida-koyama,ドコモショップ町田小山店,町田市
https://shop.smt.docomo.ne.jp/shop_detail/0300307339700/index.html,docomo-shop-tsukuba-umezono,ドコモショップつくば梅園店,つくば市
https://shop.smt.docomo.ne.jp/shop_detail/0300307368000/index.html,docomo-shop-yunimo-chiharadai,ドコモショップユニモちはら台店,市原市
https://shop.smt.docomo.ne.jp/shop_detail/0300307371200/index.html,docomo-shop-sanjo-chuo,ドコモショップ三条中央店,三条市
https://shop.smt.docomo.ne.jp/shop_detail/0300307377400/index.html,docomo-shop-kumekawa,ドコモショップ久米川店,東村山市
https://shop.smt.docomo.ne.jp/shop_detail/0300307378100/index.html,docomo-shop-totsuka-fukaya,ドコモショップ戸塚深谷店,横浜市戸塚区
https://shop.smt.docomo.ne.jp/shop_detail/0300307381600/index.html,docomo-shop-oi-tama,ドコモショップ小美玉店,小美玉市
https://shop.smt.docomo.ne.jp/shop_detail/0300307386300/index.html,docomo-shop-aeon-mall-kasukabe,ドコモショップイオンモール春日部店,春日部市
https://shop.smt.docomo.ne.jp/shop_detail/0300307386600/index.html,docomo-shop-aeon-mall-ageo,ドコモショップイオンモール上尾店,上尾市
https://shop.smt.docomo.ne.jp/shop_detail/0300307447900/index.html,docomo-shop-joetsu-takada,ドコモショップ上越高田店,上越市
https://shop.smt.docomo.ne.jp/shop_detail/0300307448000/index.html,docomo-shop-joetsu,ドコモショップ上越店,上越市
https://shop.smt.docomo.ne.jp/shop_detail/0300307449000/index.html,docomo-shop-narimasu-ekimae,ドコモショップ成増駅前店,板橋区
https://shop.smt.docomo.ne.jp/shop_detail/0300307459100/index.html,docomo-shop-sateraitorabura-man-dai,ドコモショップサテライトラブラ万代店,新潟市中央区
https://shop.smt.docomo.ne.jp/shop_detail/0300307460600/index.html,docomo-shop-sateraito-suzaka,ドコモショップサテライト須坂店,須坂市
https://shop.smt.docomo.ne.jp/shop_detail/0300307464000/index.html,docomo-shop-sateraito-aeon-hachioji-takiyama,ドコモショップサテライトイオン八王子滝山店,八王子市
https://shop.smt.docomo.ne.jp/shop_detail/0320320043200/index.html,ds-marunouchi-ten-iphone-ipad-ripeakona,ＤＳ丸の内店ｉＰｈｏｎｅ／ｉＰａｄリペアコーナー,千代田区
https://shop.smt.docomo.ne.jp/shop_detail/0335115101100/index.html,docomo-shop-ota,ドコモショップ太田店（群馬県）,太田市
https://shop.smt.docomo.ne.jp/shop_detail/0335115102400/index.html,docomo-shop-takasaki-higashi,ドコモショップ高崎東店,高崎市
https://shop.smt.docomo.ne.jp/shop_detail/0335115107500/index.html,docomo-shop-maebashi,ドコモショップ前橋店,前橋市
https://shop.smt.docomo.ne.jp/shop_detail/0337113202100/index.html,docomo-shop-ashikaga,ドコモショップ足利店,足利市
https://shop.smt.docomo.ne.jp/shop_detail/0337113202300/index.html,docomo-shop-to-chigi,ドコモショップとちぎ店,栃木市
https://shop.smt.docomo.ne.jp/shop_detail/0337113302100/index.html,docomo-shop-kanuma,ドコモショップ鹿沼店,鹿沼市
https://shop.smt.docomo.ne.jp/shop_detail/0337113302800/index.html,docomo-shop-nasushiobara,ドコモショップ那須塩原店,那須塩原市
https://shop.smt.docomo.ne.jp/shop_detail/0337113302900/index.html,docomo-shop-utsunomiya-hirade,ドコモショップ宇都宮平出店,宇都宮市
https://shop.smt.docomo.ne.jp/shop_detail/0337113702200/index.html,docomo-shop-oyama-higashi,ドコモショップ小山東店,小山市
https://shop.smt.docomo.ne.jp/shop_detail/0361131350000/index.html,docomo-shop-ikebukuro-nishiguchi,ドコモショップ池袋西口店,豊島区
https://shop.smt.docomo.ne.jp/shop_detail/0361131350100/index.html,docomo-shop-machida,ドコモショップ町田店,町田市
https://shop.smt.docomo.ne.jp/shop_detail/0361131350200/index.html,docomo-shop-fujisawa,ドコモショップ藤沢店,藤沢市
https://shop.smt.docomo.ne.jp/shop_detail/0361131350300/index.html,docomo-shop-shin-yokohama-eki-mae,ドコモショップ新横浜駅前店,横浜市港北区
https://shop.smt.docomo.ne.jp/shop_detail/0361131350400/index.html,docomo-shop-futago-tamagawa,ドコモショップ二子玉川店,世田谷区
https://shop.smt.docomo.ne.jp/shop_detail/0361131350600/index.html,docomo-shop-omiya-takashimaya,ドコモショップ大宮高島屋店,さいたま市大宮区
https://shop.smt.docomo.ne.jp/shop_detail/0361131350700/index.html,docomo-shop-kokubunji,ドコモショップ国分寺店（東京都）,国分寺市
https://shop.smt.docomo.ne.jp/shop_detail/0361131350800/index.html,docomo-shop-futamatagawa,ドコモショップ二俣川店,横浜市旭区
https://shop.smt.docomo.ne.jp/shop_detail/0361131350900/index.html,docomo-shop-tamachi,ドコモショップ田町店,港区
https://shop.smt.docomo.ne.jp/shop_detail/0361131351000/index.html,docomo-shop-fussa,ドコモショップ福生店,福生市
https://shop.smt.docomo.ne.jp/shop_detail/0361131351200/index.html,docomo-shop-kamata,ドコモショップ蒲田店,大田区
https://shop.smt.docomo.ne.jp/shop_detail/0361131351300/index.html,docomo-shop-matsudo,ドコモショップ松戸店,松戸市
https://shop.smt.docomo.ne.jp/shop_detail/0361131351500/index.html,docomo-shop-nishinippori,ドコモショップ西日暮里店,荒川区
https://shop.smt.docomo.ne.jp/shop_detail/0361131351600/index.html,docomo-shop-matsumoto-inter-nagisa,ドコモショップ松本インター渚店,松本市
https://shop.smt.docomo.ne.jp/shop_detail/0361131351700/index.html,docomo-shop-hiratsuka,ドコモショップ平塚店,平塚市
https://shop.smt.docomo.ne.jp/shop_detail/0361131403100/index.html,docomo-shop-akiba,ドコモショップアキバ店（秋葉原）,千代田区
https://shop.smt.docomo.ne.jp/shop_detail/0361131700100/index.html,docomo-shop-tsukuba,ドコモショップつくば店,つくば市
https://shop.smt.docomo.ne.jp/shop_detail/0361131700200/index.html,docomo-shop-isezaki,ドコモショップ伊勢崎店,伊勢崎市
https://shop.smt.docomo.ne.jp/shop_detail/0361131700400/index.html,docomo-shop-shin-oka,ドコモショップ真岡店,真岡市
https://shop.smt.docomo.ne.jp/shop_detail/0361131700600/index.html,docomo-shop-shibata,ドコモショップ新発田店,新発田市
https://shop.smt.docomo.ne.jp/shop_detail/0361131900000/index.html,docomo-shop-kumagaya,ドコモショップ熊谷店,熊谷市
https://shop.smt.docomo.ne.jp/shop_detail/0361131901500/index.html,docomo-shop-honjo,ドコモショップ本庄店,本庄市
https://shop.smt.docomo.ne.jp/shop_detail/0361131990700/index.html,docomo-shop-higashi-yamanashi,ドコモショップ東山梨店,山梨市
https://shop.smt.docomo.ne.jp/shop_detail/0361131992000/index.html,docomo-shop-aeon-mall-kofu-showacho,ドコモショップイオンモール甲府昭和店,中巨摩郡昭和町
https://shop.smt.docomo.ne.jp/shop_detail/0361141140000/index.html,docomo-shop-ichinoe,ドコモショップ一之江店,江戸川区
https://shop.smt.docomo.ne.jp/shop_detail/0361141140100/index.html,docomo-shop-nagano-nagaike,ドコモショップ長野長池店,長野市
https://shop.smt.docomo.ne.jp/shop_detail/0361141141400/index.html,docomo-shop-ueda,ドコモショップ上田店,上田市
https://shop.smt.docomo.ne.jp/shop_detail/0361141141700/index.html,docomo-shop-saku-taira,ドコモショップ佐久平店,佐久市
https://shop.smt.docomo.ne.jp/shop_detail/0361141143500/index.html,docomo-shop-sasazuka,ドコモショップ笹塚店,渋谷区
https://shop.smt.docomo.ne.jp/shop_detail/0361141143600/index.html,docomo-shop-toride,ドコモショップ取手店,取手市
https://shop.smt.docomo.ne.jp/shop_detail/0361141145400/index.html,docomo-shop-nakano,ドコモショップ中野店,中野市
https://shop.smt.docomo.ne.jp/shop_detail/0361141250100/index.html,docomo-shop-kawagoe,ドコモショップ川越店,川越市
https://shop.smt.docomo.ne.jp/shop_detail/0361141250200/index.html,docomo-shop-luz-omori,ドコモショップＬｕｚ大森店,大田区
https://shop.smt.docomo.ne.jp/shop_detail/0361141250300/index.html,docomo-shop-nerima-ekimae,ドコモショップ練馬駅前店,練馬区
https://shop.smt.docomo.ne.jp/shop_detail/0361141251100/index.html,docomo-shop-kanazawa-hakkei,ドコモショップ金沢八景店,横浜市金沢区
https://shop.smt.docomo.ne.jp/shop_detail/0361141251400/index.html,docomo-shop-kokoria-tama-senta,ドコモショップココリア多摩センター店,多摩市
https://shop.smt.docomo.ne.jp/shop_detail/0361141251500/index.html,docomo-shop-musashi-urawa,ドコモショップ武蔵浦和店,さいたま市南区
https://shop.smt.docomo.ne.jp/shop_detail/0361141251900/index.html,docomo-shop-aeon-mall-kashiwa,ドコモショップイオンモール柏店,柏市
https://shop.smt.docomo.ne.jp/shop_detail/0361141268600/index.html,docomo-shop-tomioka,ドコモショップ富岡店,富岡市
https://shop.smt.docomo.ne.jp/shop_detail/0361141711600/index.html,docomo-shop-tsudanuma,ドコモショップ津田沼店,習志野市
https://shop.smt.docomo.ne.jp/shop_detail/0361141982000/index.html,docomo-shop-apita-nigata-nishi,ドコモショップアピタ新潟西店,新潟市西区
https://shop.smt.docomo.ne.jp/shop_detail/0361156900200/index.html,docomo-shop-ario-washimiya,ドコモショップアリオ鷲宮店,久喜市
https://shop.smt.docomo.ne.jp/shop_detail/0361157999700/index.html,docomo-shop-funabashi-ni-wa,ドコモショップ船橋二和店,船橋市
https://shop.smt.docomo.ne.jp/shop_detail/0361164002000/index.html,docomo-shop-yamato,ドコモショップ大和店,大和市
https://shop.smt.docomo.ne.jp/shop_detail/0361164002200/index.html,docomo-shop-hon-atsugi,ドコモショップ本厚木店,厚木市
https://shop.smt.docomo.ne.jp/shop_detail/0361164002700/index.html,docomo-shop-yoyogi,ドコモショップ代々木店,渋谷区
https://shop.smt.docomo.ne.jp/shop_detail/0361164003100/index.html,docomo-shop-kawasaki,ドコモショップ川崎店（神奈川県）,川崎市川崎区
https://shop.smt.docomo.ne.jp/shop_detail/0361164003300/index.html,docomo-shop-roppongi,ドコモショップ六本木店,港区
https://shop.smt.docomo.ne.jp/shop_detail/0361164004500/index.html,docomo-shop-ogikubo-taun-sebun,ドコモショップ荻窪タウンセブン店,杉並区
https://shop.smt.docomo.ne.jp/shop_detail/0361164004900/index.html,docomo-shop-kofu-nishi,ドコモショップ甲府西店,甲府市
https://shop.smt.docomo.ne.jp/shop_detail/0361164005500/index.html,docomo-shop-tsubame-san-jo,ドコモショップ燕三条店,燕市
https://shop.smt.docomo.ne.jp/shop_detail/0361164006000/index.html,docomo-shop-sen-shiti-chiba,ドコモショップセンシティ千葉店,千葉市中央区
https://shop.smt.docomo.ne.jp/shop_detail/0361164006100/index.html,docomo-shop-otsuka,ドコモショップ大塚店,豊島区
https://shop.smt.docomo.ne.jp/shop_detail/0361164006500/index.html,docomo-shop-shinkoiwa-eki-mae,ドコモショップ新小岩駅前店,葛飾区
https://shop.smt.docomo.ne.jp/shop_detail/0361164007000/index.html,docomo-shop-sugamo-ekimae,ドコモショップ巣鴨駅前店,豊島区
https://shop.smt.docomo.ne.jp/shop_detail/0361164008000/index.html,docomo-shop-akihabara-udx,ドコモショップ秋葉原ＵＤＸ店,千代田区
https://shop.smt.docomo.ne.jp/shop_detail/0361164009100/index.html,docomo-shop-suwa,ドコモショップ諏訪店,諏訪市
https://shop.smt.docomo.ne.jp/shop_detail/0361164009500/index.html,docomo-shop-ageo,ドコモショップ上尾店,上尾市
https://shop.smt.docomo.ne.jp/shop_detail/0361164009700/index.html,docomo-shop-asaka-dai,ドコモショップ朝霞台店,朝霞市
https://shop.smt.docomo.ne.jp/shop_detail/0361171499900/index.html,docomo-shop-mito-nishi,ドコモショップ水戸西店,水戸市
https://shop.smt.docomo.ne.jp/shop_detail/0374177000100/index.html,docomo-shop-koshigaya,ドコモショップ越谷店,越谷市
https://shop.smt.docomo.ne.jp/shop_detail/0374177000400/index.html,docomo-shop-kasukabe,ドコモショップ春日部店,春日部市
https://shop.smt.docomo.ne.jp/shop_detail/0377179009100/index.html,docomo-shop-otawara,ドコモショップ大田原店,大田原市
https://shop.smt.docomo.ne.jp/shop_detail/0377179009200/index.html,docomo-shop-yaita,ドコモショップ矢板店,矢板市
https://shop.smt.docomo.ne.jp/shop_detail/0381101007700/index.html,docomo-shop-jiyugaoka,ドコモショップ自由が丘店,目黒区
https://shop.smt.docomo.ne.jp/shop_detail/0381102900100/index.html,docomo-shop-kichijoji,ドコモショップ吉祥寺店,武蔵野市
https://shop.smt.docomo.ne.jp/shop_detail/0381102900200/index.html,docomo-shop-yotsuya,ドコモショップ四谷店,新宿区
https://shop.smt.docomo.ne.jp/shop_detail/0381102900300/index.html,docomo-shop-shibuya,ドコモショップ渋谷店,渋谷区
https://shop.smt.docomo.ne.jp/shop_detail/0381102901300/index.html,docomo-shop-ebisu,ドコモショップ恵比寿店,渋谷区
https://shop.smt.docomo.ne.jp/shop_detail/0381103060000/index.html,docomo-shop-shimbashi,ドコモショップ新橋店,港区
https://shop.smt.docomo.ne.jp/shop_detail/0381103060100/index.html,docomo-shop-kameari,ドコモショップ亀有店,葛飾区
https://shop.smt.docomo.ne.jp/shop_detail/0381103060200/index.html,docomo-shop-toyo-machi,ドコモショップ東陽町店,江東区
https://shop.smt.docomo.ne.jp/shop_detail/0381104200000/index.html,docomo-shop-hatchobori,ドコモショップ八丁堀店,中央区
https://shop.smt.docomo.ne.jp/shop_detail/0381104700000/index.html,docomo-shop-nakano-ekimae,ドコモショップ中野駅前店,中野区
https://shop.smt.docomo.ne.jp/shop_detail/0381105210000/index.html,docomo-shop-kanda,ドコモショップ神田店,千代田区
https://shop.smt.docomo.ne.jp/shop_detail/0381105230000/index.html,docomo-shop-takadanobaba,ドコモショップ高田馬場店,新宿区
https://shop.smt.docomo.ne.jp/shop_detail/0381107000400/index.html,docomo-shop-shinjuku-minamiguchi,ドコモショップ新宿南口店,新宿区
https://shop.smt.docomo.ne.jp/shop_detail/0381108003000/index.html,docomo-shop-kinshi-machi,ドコモショップ錦糸町店,墨田区
https://shop.smt.docomo.ne.jp/shop_detail/0381108003500/index.html,docomo-shop-meguro-eki-mae,ドコモショップ目黒駅前店,品川区
https://shop.smt.docomo.ne.jp/shop_detail/0381108003900/index.html,docomo-shop-takashimadaira,ドコモショップ高島平店,板橋区
https://shop.smt.docomo.ne.jp/shop_detail/0381108007000/index.html,docomo-shop-ochiai,ドコモショップ落合店,中野区
https://shop.smt.docomo.ne.jp/shop_detail/0381108007600/index.html,docomo-shop-nishikasai,ドコモショップ西葛西店,江戸川区
https://shop.smt.docomo.ne.jp/shop_detail/0381604550000/index.html,docomo-shop-chofu,ドコモショップ調布店,調布市
https://shop.smt.docomo.ne.jp/shop_detail/0381608001100/index.html,docomo-shop-hachioji,ドコモショップ八王子店（東京都）,八王子市
https://shop.smt.docomo.ne.jp/shop_detail/0381608007700/index.html,docomo-shop-rivin-tanashi,ドコモショップリヴィン田無店,西東京市
https://shop.smt.docomo.ne.jp/shop_detail/0382108004200/index.html,docomo-shop-nagaoka,ドコモショップ長岡店,長岡市
https://shop.smt.docomo.ne.jp/shop_detail/0382203060300/index.html,docomo-shop-yokohama-sogo,ドコモショップ横浜そごう店,横浜市西区
https://shop.smt.docomo.ne.jp/shop_detail/0382204150000/index.html,docomo-shop-shinjo,ドコモショップ新城店（神奈川県）,川崎市中原区
https://shop.smt.docomo.ne.jp/shop_detail/0382205220000/index.html,docomo-shop-tokyu-hyakkaten-hiyoshi,ドコモショップ東急百貨店日吉店,横浜市港北区
https://shop.smt.docomo.ne.jp/shop_detail/0382208002300/index.html,docomo-shop-sagamihara,ドコモショップ相模原店,相模原市中央区
https://shop.smt.docomo.ne.jp/shop_detail/0382208003200/index.html,docomo-shop-totsuka,ドコモショップ戸塚店,横浜市戸塚区
https://shop.smt.docomo.ne.jp/shop_detail/0382208003700/index.html,docomo-shop-tsurumi,ドコモショップ鶴見店（神奈川県）,横浜市鶴見区
https://shop.smt.docomo.ne.jp/shop_detail/0382208004100/index.html,docomo-shop-yokohama-basha-do,ドコモショップ横浜馬車道店,横浜市中区
https://shop.smt.docomo.ne.jp/shop_detail/0383104600000/index.html,docomo-shop-higashikana,ドコモショップ東金店,東金市
https://shop.smt.docomo.ne.jp/shop_detail/0384104605000/index.html,docomo-shop-misato,ドコモショップ三郷店,三郷市
https://shop.smt.docomo.ne.jp/shop_detail/0384108002600/index.html,docomo-shop-ario-kawaguchi,ドコモショップアリオ川口店,川口市
https://shop.smt.docomo.ne.jp/shop_detail/0400500025100/index.html,docomo-shop-ena,ドコモショップ恵那店,恵那市
https://shop.smt.docomo.ne.jp/shop_detail/0400500091000/index.html,docomo-shop-kanie-inter,ドコモショップ蟹江インター店,津島市
https://shop.smt.docomo.ne.jp/shop_detail/0400500124900/index.html,docomo-shop-matsusaka,ドコモショップ松阪店,松阪市
https://shop.smt.docomo.ne.jp/shop_detail/0400500127800/index.html,docomo-shop-tokai-shi,ドコモショップ東海市店,東海市
https://shop.smt.docomo.ne.jp/shop_detail/0400500127900/index.html,docomo-shop-iga,ドコモショップ伊賀店,伊賀市
https://shop.smt.docomo.ne.jp/shop_detail/0400500136300/index.html,docomo-shop-ito,ドコモショップ伊東店,伊東市
https://shop.smt.docomo.ne.jp/shop_detail/0400500142500/index.html,docomo-shop-owase,ドコモショップ尾鷲店,尾鷲市
https://shop.smt.docomo.ne.jp/shop_detail/0400500155800/index.html,docomo-shop-toyokawa,ドコモショップ豊川店,豊川市
https://shop.smt.docomo.ne.jp/shop_detail/0400500155900/index.html,docomo-shop-kozoji,ドコモショップ高蔵寺店,春日井市
https://shop.smt.docomo.ne.jp/shop_detail/0400500161300/index.html,docomo-shop-seki-mago,ドコモショップ関マーゴ店,関市
https://shop.smt.docomo.ne.jp/shop_detail/0400500169900/index.html,docomo-shop-pure-ha-woku-hamakita,ドコモショッププレ葉ウォーク浜北店,浜松市浜名区
https://shop.smt.docomo.ne.jp/shop_detail/0400500188400/index.html,docomo-shop-takahata,ドコモショップ高畑店,名古屋市中川区
https://shop.smt.docomo.ne.jp/shop_detail/0400500188500/index.html,docomo-shop-inazawa,ドコモショップ稲沢店,稲沢市
https://shop.smt.docomo.ne.jp/shop_detail/0400500255100/index.html,docomo-shop-fujinomiya,ドコモショップ富士宮店,富士宮市
https://shop.smt.docomo.ne.jp/shop_detail/0400500266300/index.html,docomo-shop-fuji-minami,ドコモショップ富士南店,富士市
https://shop.smt.docomo.ne.jp/shop_detail/0400500292500/index.html,docomo-shop-fujieda,ドコモショップ藤枝店,藤枝市
https://shop.smt.docomo.ne.jp/shop_detail/0400500308000/index.html,docomo-shop-hisai,ドコモショップ久居店,津市
https://shop.smt.docomo.ne.jp/shop_detail/0400500309700/index.html,docomo-shop-kitakata,ドコモショップ北方店,本巣郡北方町
https://shop.smt.docomo.ne.jp/shop_detail/0400500325400/index.html,docomo-shop-nishiharu,ドコモショップ西春店,北名古屋市
https://shop.smt.docomo.ne.jp/shop_detail/0400500362100/index.html,docomo-shop-kanayama,ドコモショップ金山店,名古屋市熱田区
https://shop.smt.docomo.ne.jp/shop_detail/0400500362200/index.html,docomo-shop-nagakute,ドコモショップ長久手店,長久手市
https://shop.smt.docomo.ne.jp/shop_detail/0400500363400/index.html,docomo-shop-nagoya-eki-mae,ドコモショップ名古屋駅前店,名古屋市中村区
https://shop.smt.docomo.ne.jp/shop_detail/0400500366200/index.html,docomo-shop-nishio,ドコモショップ西尾店,西尾市
https://shop.smt.docomo.ne.jp/shop_detail/0400500376000/index.html,docomo-shop-sakurayama,ドコモショップ桜山店,名古屋市昭和区
https://shop.smt.docomo.ne.jp/shop_detail/0400500379700/index.html,docomo-shop-kosei,ドコモショップ湖西店,湖西市
https://shop.smt.docomo.ne.jp/shop_detail/0400500381900/index.html,docomo-shop-toyohashi-minami,ドコモショップ豊橋南店,豊橋市
https://shop.smt.docomo.ne.jp/shop_detail/0400500386600/index.html,docomo-shop-shimoda,ドコモショップ下田店,下田市
https://shop.smt.docomo.ne.jp/shop_detail/0400500401300/index.html,docomo-shop-kurokawa,ドコモショップ黒川店,名古屋市北区
https://shop.smt.docomo.ne.jp/shop_detail/0400500408500/index.html,docomo-shop-kasugai-kita,ドコモショップ春日井北店,春日井市
https://shop.smt.docomo.ne.jp/shop_detail/0400500410500/index.html,docomo-shop-numazu-hachi-ken-dori,ドコモショップ沼津八間通り店,沼津市
https://shop.smt.docomo.ne.jp/shop_detail/0400500410600/index.html,docomo-shop-yokkaichi-shi-chuo-dori,ドコモショップ四日市中央通り店,四日市
https://shop.smt.docomo.ne.jp/shop_detail/0400500410700/index.html,docomo-shop-toyohashi-nishi,ドコモショップ豊橋西店,豊橋市
https://shop.smt.docomo.ne.jp/shop_detail/0400500410800/index.html,docomo-shop-hamamatsu-chuo,ドコモショップ浜松中央店,浜松市中央区
https://shop.smt.docomo.ne.jp/shop_detail/0400500442400/index.html,docomo-shop-gotemba,ドコモショップ御殿場店,御殿場市
https://shop.smt.docomo.ne.jp/shop_detail/0400500452100/index.html,docomo-shop-karafuru-taun-gifu,ドコモショップカラフルタウン岐阜店,岐阜市
https://shop.smt.docomo.ne.jp/shop_detail/0400500456600/index.html,docomo-shop-aeon-taun-suzuka-tamagaki,ドコモショップイオンタウン鈴鹿玉垣店,鈴鹿市
https://shop.smt.docomo.ne.jp/shop_detail/0400500484100/index.html,docomo-shop-nigita-kaido,ドコモショップ新北街道店,静岡市葵区
https://shop.smt.docomo.ne.jp/shop_detail/0400500500400/index.html,docomo-shop-mizunami,ドコモショップ瑞浪店,瑞浪市
https://shop.smt.docomo.ne.jp/shop_detail/0400500503700/index.html,docomo-shop-toyoda-nishi,ドコモショップ豊田西店,豊田市
https://shop.smt.docomo.ne.jp/shop_detail/0400500504000/index.html,docomo-shop-hamaoka,ドコモショップ浜岡店,御前崎市
https://shop.smt.docomo.ne.jp/shop_detail/0400500504100/index.html,docomo-shop-jimokuji,ドコモショップ甚目寺店,あま市
https://shop.smt.docomo.ne.jp/shop_detail/0400500506800/index.html,docomo-shop-shima,ドコモショップ志摩店,志摩市
https://shop.smt.docomo.ne.jp/shop_detail/0400500508600/index.html,docomo-shop-nabari-mare-hisashi-dai,ドコモショップ名張希央台店,名張市
https://shop.smt.docomo.ne.jp/shop_detail/0400500514200/index.html,docomo-shop-aeon-mall-tokoname,ドコモショップイオンモール常滑店,常滑市
https://shop.smt.docomo.ne.jp/shop_detail/0400500528600/index.html,d-garden-nagoya-sakae,ｄ　ｇａｒｄｅｎ名古屋栄店,名古屋市中区
https://shop.smt.docomo.ne.jp/shop_detail/0400500528900/index.html,docomo-shop-kagamihara-unuma,ドコモショップ各務原鵜沼店,各務原市
https://shop.smt.docomo.ne.jp/shop_detail/0400500535000/index.html,docomo-shop-minokamo,ドコモショップ美濃加茂店,美濃加茂市
https://shop.smt.docomo.ne.jp/shop_detail/0400500535800/index.html,docomo-shop-kuwana-nishi,ドコモショップ桑名西店,桑名市
https://shop.smt.docomo.ne.jp/shop_detail/0400500539700/index.html,docomo-shop-shin-shizuoka,ドコモショップ新静岡店,静岡市葵区
https://shop.smt.docomo.ne.jp/shop_detail/0400500545500/index.html,docomo-shop-kameyama,ドコモショップ亀山店,亀山市
https://shop.smt.docomo.ne.jp/shop_detail/0400500547900/index.html,docomo-shop-sanarudai,ドコモショップ佐鳴台店,浜松市中央区
https://shop.smt.docomo.ne.jp/shop_detail/0400500569400/index.html,docomo-shop-mino,ドコモショップ美濃店,美濃市
https://shop.smt.docomo.ne.jp/shop_detail/0400500581400/index.html,docomo-shop-mega-donkihote-uny-gifu,ドコモショップＭＥＧＡドン・キホーテＵＮＹ岐阜店,岐阜市
https://shop.smt.docomo.ne.jp/shop_detail/0400500638200/index.html,docomo-shop-ohito,ドコモショップ大仁店,伊豆の国市
https://shop.smt.docomo.ne.jp/shop_detail/0400500658800/index.html,docomo-shop-miroku,ドコモショップみろく店,静岡市葵区
https://shop.smt.docomo.ne.jp/shop_detail/0400500660600/index.html,docomo-shop-shobu,ドコモショップ昭府店,静岡市葵区
https://shop.smt.docomo.ne.jp/shop_detail/0400500660800/index.html,docomo-shop-kowa,ドコモショップ河和店,知多郡美浜町
https://shop.smt.docomo.ne.jp/shop_detail/0400500669600/index.html,docomo-shop-miyakita,ドコモショップ宮北店,富士宮市
https://shop.smt.docomo.ne.jp/shop_detail/0400500672600/index.html,docomo-shop-takatomi,ドコモショップ高富店,岐阜市
https://shop.smt.docomo.ne.jp/shop_detail/0400500676500/index.html,docomo-shop-ichinomiya-minami,ドコモショップ一宮南店,一宮市
https://shop.smt.docomo.ne.jp/shop_detail/0400500677000/index.html,docomo-shop-yoro,ドコモショップ養老店,養老郡養老町
https://shop.smt.docomo.ne.jp/shop_detail/0400500686600/index.html,docomo-shop-shin-tsushima,ドコモショップ新津島店,津島市
https://shop.smt.docomo.ne.jp/shop_detail/0400500701600/index.html,docomo-shop-meito-heiwa-ga-oka,ドコモショップ名東平和が丘店,名古屋市名東区
https://shop.smt.docomo.ne.jp/shop_detail/0400500710800/index.html,docomo-shop-nakagawa-1-gosen,ドコモショップ中川１号線店,名古屋市中川区
https://shop.smt.docomo.ne.jp/shop_detail/0400500711000/index.html,docomo-shop-apita-kitakata,ドコモショップアピタ北方店,本巣郡北方町
https://shop.smt.docomo.ne.jp/shop_detail/0400500724500/index.html,docomo-shop-chita,ドコモショップ知多店,知多市
https://shop.smt.docomo.ne.jp/shop_detail/0400500731100/index.html,docomo-shop-aeon-taun-yokkaichi-shi-haku,ドコモショップイオンタウン四日市泊店,四日市
https://shop.smt.docomo.ne.jp/shop_detail/0400500731600/index.html,docomo-shop-apita-agui,ドコモショップアピタ阿久比店,知多郡阿久比町
https://shop.smt.docomo.ne.jp/shop_detail/0400500739600/index.html,docomo-shop-hiruzu-woku-tokushige,ドコモショップヒルズウォーク徳重店,名古屋市緑区
https://shop.smt.docomo.ne.jp/shop_detail/0400500742000/index.html,docomo-shop-puraimu-tsuri-akaike,ドコモショッププライムツリー赤池店,日進市
https://shop.smt.docomo.ne.jp/shop_detail/0400500743800/index.html,docomo-shop-owariasahi,ドコモショップ尾張旭店,尾張旭市
https://shop.smt.docomo.ne.jp/shop_detail/0400500752100/index.html,docomo-shop-mikatahara,ドコモショップ三方原店,浜松市中央区
https://shop.smt.docomo.ne.jp/shop_detail/0400500754600/index.html,docomo-shop-lalaport-numazu,ドコモショップららぽーと沼津店,沼津市
https://shop.smt.docomo.ne.jp/shop_detail/0400500822400/index.html,docomo-shop-seto-kyoeidori,ドコモショップ瀬戸共栄通店,瀬戸市
https://shop.smt.docomo.ne.jp/shop_detail/0400500829100/index.html,docomo-shop-apita-kabano,ドコモショップアピタ蒲郡店,蒲郡市
https://shop.smt.docomo.ne.jp/shop_detail/0400500833000/index.html,docomo-shop-moriyama-kokorozashi-dan-mi,ドコモショップ守山志段味店,名古屋市守山区
https://shop.smt.docomo.ne.jp/shop_detail/0400500836500/index.html,docomo-shop-okazaki-kita,ドコモショップ岡崎北店,岡崎市
https://shop.smt.docomo.ne.jp/shop_detail/0400500838300/index.html,docomo-shop-tokai-arao,ドコモショップ東海荒尾店,東海市
https://shop.smt.docomo.ne.jp/shop_detail/0400500839400/index.html,docomo-shop-aeon-mall-kisogawa,ドコモショップイオンモール木曽川店,一宮市
https://shop.smt.docomo.ne.jp/shop_detail/0400500842100/index.html,docomo-shop-aeon-taun-kariya,ドコモショップイオンタウン刈谷店,刈谷市
https://shop.smt.docomo.ne.jp/shop_detail/0400500845000/index.html,docomo-shop-ureshino,ドコモショップ嬉野店（三重県）,松阪市
https://shop.smt.docomo.ne.jp/shop_detail/0400500845200/index.html,docomo-shop-atami,ドコモショップ熱海店,熱海市
https://shop.smt.docomo.ne.jp/shop_detail/0400500845700/index.html,docomo-shop-ichinomiya-chuo,ドコモショップ一宮中央店,一宮市
https://shop.smt.docomo.ne.jp/shop_detail/0400500852900/index.html,docomo-shop-toyoda-sumiyoshi,ドコモショップ豊田住吉店,豊田市
https://shop.smt.docomo.ne.jp/shop_detail/0400500855600/index.html,docomo-shop-omaki-tagata,ドコモショップ小牧田県店,小牧市
https://shop.smt.docomo.ne.jp/shop_detail/0400500855800/index.html,docomo-shop-inazawa-ekihigashi,ドコモショップ稲沢駅東店,稲沢市
https://shop.smt.docomo.ne.jp/shop_detail/0400500855900/index.html,docomo-shop-kaminokura,ドコモショップ神の倉店,名古屋市緑区
https://shop.smt.docomo.ne.jp/shop_detail/0400500858200/index.html,docomo-shop-toyoda-misato,ドコモショップ豊田美里店,豊田市
https://shop.smt.docomo.ne.jp/shop_detail/0400500860700/index.html,docomo-shop-inuyama,ドコモショップ犬山店,犬山市
https://shop.smt.docomo.ne.jp/shop_detail/0400500864800/index.html,docomo-shop-gifu-nagamori,ドコモショップ岐阜長森店,岐阜市
https://shop.smt.docomo.ne.jp/shop_detail/0400500874100/index.html,docomo-shop-ginan-miyake,ドコモショップ岐南三宅店,羽島郡岐南町
https://shop.smt.docomo.ne.jp/shop_detail/0400500876000/index.html,docomo-shop-yoshi-ryo,ドコモショップ吉良店,西尾市
https://shop.smt.docomo.ne.jp/shop_detail/0400500878800/index.html,docomo-shop-ichinomiya-nishi,ドコモショップ一宮西店,一宮市
https://shop.smt.docomo.ne.jp/shop_detail/0400500885100/index.html,docomo-shop-geino,ドコモショップ芸濃店,津市
https://shop.smt.docomo.ne.jp/shop_detail/0400500886700/index.html,docomo-shop-aeon-mall-toin,ドコモショップイオンモール東員店,員弁郡東員町
https://shop.smt.docomo.ne.jp/shop_detail/0400500893900/index.html,docomo-shop-lalaport-aki,ドコモショップららぽーと安城店,安城市
https://shop.smt.docomo.ne.jp/shop_detail/0400500919700/index.html,docomo-shop-toyoda-umetsubo,ドコモショップ豊田梅坪店,豊田市
https://shop.smt.docomo.ne.jp/shop_detail/0400500927900/index.html,docomo-shop-aeon-taun-yatomi,ドコモショップイオンタウン弥富店,弥富市
https://shop.smt.docomo.ne.jp/shop_detail/0400500945600/index.html,docomo-shop-gifu-okiddopaku,ドコモショップ岐阜オーキッドパーク店,岐阜市
https://shop.smt.docomo.ne.jp/shop_detail/0400500946100/index.html,docomo-shop-kasugai-toriimatsu,ドコモショップ春日井鳥居松店,春日井市
https://shop.smt.docomo.ne.jp/shop_detail/0400500947300/index.html,docomo-shop-yaizu-minami,ドコモショップ焼津南店,焼津市
https://shop.smt.docomo.ne.jp/shop_detail/0400500947700/index.html,docomo-shop-toshinden,ドコモショップ東新田店,静岡市駿河区
https://shop.smt.docomo.ne.jp/shop_detail/0400500950900/index.html,docomo-shop-take-yutaka,ドコモショップ武豊店,半田市
https://shop.smt.docomo.ne.jp/shop_detail/0400500951000/index.html,docomo-shop-kani-hiromi,ドコモショップ可児広見店,可児市
https://shop.smt.docomo.ne.jp/shop_detail/0400500955600/index.html,docomo-shop-korikami-yahata,ドコモショップ郡上八幡店,郡上市
https://shop.smt.docomo.ne.jp/shop_detail/0400500959100/index.html,docomo-shop-nakatsugawa,ドコモショップ中津川店,中津川市
https://shop.smt.docomo.ne.jp/shop_detail/0400500959900/index.html,docomo-shop-fukuroi,ドコモショップ袋井店,袋井市
https://shop.smt.docomo.ne.jp/shop_detail/0400500961400/index.html,docomo-shop-shimada,ドコモショップ島田店（静岡県）,島田市
https://shop.smt.docomo.ne.jp/shop_detail/0400500962300/index.html,docomo-shop-toppa,ドコモショップ鳥羽店,鳥羽市
https://shop.smt.docomo.ne.jp/shop_detail/0400501026100/index.html,docomo-shop-kumano,ドコモショップ熊野店,熊野市
https://shop.smt.docomo.ne.jp/shop_detail/0400501029900/index.html,docomo-shop-ogaki-inter,ドコモショップ大垣インター店,大垣市
https://shop.smt.docomo.ne.jp/shop_detail/0400501032400/index.html,docomo-shop-gero,ドコモショップ下呂店,下呂市
https://shop.smt.docomo.ne.jp/shop_detail/0400501034900/index.html,docomo-shop-gifu-masaki,ドコモショップ岐阜正木店,岐阜市
https://shop.smt.docomo.ne.jp/shop_detail/0400501072400/index.html,docomo-shop-sekiguchi,ドコモショップ関口店,関市
https://shop.smt.docomo.ne.jp/shop_detail/0400501078500/index.html,docomo-shop-bei-dorimu-shimizu,ドコモショップベイドリーム清水店,静岡市清水区
https://shop.smt.docomo.ne.jp/shop_detail/0400501079300/index.html,docomo-shop-zengo,ドコモショップ前後店,豊明市
https://shop.smt.docomo.ne.jp/shop_detail/0400501079800/index.html,docomo-shop-narumi-shikayama,ドコモショップなるみ鹿山店,名古屋市緑区
https://shop.smt.docomo.ne.jp/shop_detail/0400501080400/index.html,docomo-shop-riba-saido-takayama,ドコモショップリバーサイド高山店,高山市
https://shop.smt.docomo.ne.jp/shop_detail/0400501088500/index.html,docomo-shop-azuki-mochi,ドコモショップあずきもち店,浜松市中央区
https://shop.smt.docomo.ne.jp/shop_detail/0400501098200/index.html,docomo-shop-imaike,ドコモショップ今池店,名古屋市千種区
https://shop.smt.docomo.ne.jp/shop_detail/0400501098900/index.html,docomo-shop-konan,ドコモショップ江南店,江南市
https://shop.smt.docomo.ne.jp/shop_detail/0400501101600/index.html,docomo-shop-risora-obu,ドコモショップリソラ大府店,大府市
https://shop.smt.docomo.ne.jp/shop_detail/0400501106900/index.html,d-garden-adobansu-moru-matsusaka,ｄ　ｇａｒｄｅｎアドバンスモール松阪店,松阪市
https://shop.smt.docomo.ne.jp/shop_detail/0400501109700/index.html,docomo-shop-tsu-kita,ドコモショップ津北店,津市
https://shop.smt.docomo.ne.jp/shop_detail/0400501111600/index.html,docomo-shop-hashima,ドコモショップ羽島店,羽島市
https://shop.smt.docomo.ne.jp/shop_detail/0400501114100/index.html,docomo-shop-mishima-kannami,ドコモショップ三島函南店,田方郡函南町
https://shop.smt.docomo.ne.jp/shop_detail/0400501114500/index.html,docomo-shop-kagamihara,ドコモショップ各務原店,各務原市
https://shop.smt.docomo.ne.jp/shop_detail/0400501118300/index.html,docomo-shop-tajimi-ekimae,ドコモショップ多治見駅前店,多治見市
https://shop.smt.docomo.ne.jp/shop_detail/0400501119800/index.html,docomo-shop-susono,ドコモショップ裾野店,裾野市
https://shop.smt.docomo.ne.jp/shop_detail/0400501123400/index.html,docomo-shop-hekinan,ドコモショップ碧南店,碧南市
https://shop.smt.docomo.ne.jp/shop_detail/0400501127500/index.html,docomo-shop-fuji-imaizumi,ドコモショップ富士今泉店,富士市
https://shop.smt.docomo.ne.jp/shop_detail/0400501130000/index.html,docomo-shop-iwata,ドコモショップ磐田店,磐田市
https://shop.smt.docomo.ne.jp/shop_detail/0400501130500/index.html,docomo-shop-piago-shinjo,ドコモショップピアゴ新城店,新城市
https://shop.smt.docomo.ne.jp/shop_detail/0400501133400/index.html,docomo-shop-tahara,ドコモショップ田原店（愛知県）,田原市
https://shop.smt.docomo.ne.jp/shop_detail/0400501134200/index.html,docomo-shop-tenryu,ドコモショップ天竜店,浜松市浜名区
https://shop.smt.docomo.ne.jp/shop_detail/0400501136100/index.html,docomo-shop-komono,ドコモショップ菰野店,三重郡菰野町
https://shop.smt.docomo.ne.jp/shop_detail/0400501140600/index.html,docomo-shop-fujigaoka-nishi,ドコモショップ藤が丘西店,名古屋市名東区
https://shop.smt.docomo.ne.jp/shop_detail/0400501141800/index.html,docomo-shop-koda,ドコモショップ幸田店,額田郡幸田町
https://shop.smt.docomo.ne.jp/shop_detail/0400501142200/index.html,docomo-shop-sakitto-dori,ドコモショップサーキット通り店,鈴鹿市
https://shop.smt.docomo.ne.jp/shop_detail/0400501145100/index.html,docomo-shop-yoshida-inter,ドコモショップ吉田インター店,榛原郡吉田町
https://shop.smt.docomo.ne.jp/shop_detail/0400501145400/index.html,docomo-shop-yokkaichi-shi-ikuwa,ドコモショップ四日市生桑店,四日市
https://shop.smt.docomo.ne.jp/shop_detail/0400501149900/index.html,docomo-shop-aeon-taun-matsusaka-funae,ドコモショップイオンタウン松阪船江店,松阪市
https://shop.smt.docomo.ne.jp/shop_detail/0400501156000/index.html,docomo-shop-toyoda-yamanote,ドコモショップ豊田山之手店,豊田市
https://shop.smt.docomo.ne.jp/shop_detail/0400501189500/index.html,docomo-shop-ueda-yakeyama,ドコモショップ植田焼山店,名古屋市天白区
https://shop.smt.docomo.ne.jp/shop_detail/0400501205500/index.html,docomo-shop-nakaotai,ドコモショップ中小田井店,名古屋市西区
https://shop.smt.docomo.ne.jp/shop_detail/0400501207700/index.html,docomo-shop-sen-oto-tera-azupaku,ドコモショップ千音寺アズパーク店,名古屋市中川区
https://shop.smt.docomo.ne.jp/shop_detail/0400501210500/index.html,docomo-shop-akuawoku-ogaki,ドコモショップアクアウォーク大垣店,大垣市
https://shop.smt.docomo.ne.jp/shop_detail/0400501214800/index.html,docomo-shop-aeon-mall-toki,ドコモショップイオンモール土岐店,土岐市
https://shop.smt.docomo.ne.jp/shop_detail/0400501218200/index.html,docomo-shop-morera-gifu,ドコモショップモレラ岐阜店,本巣市
https://shop.smt.docomo.ne.jp/shop_detail/0400501222500/index.html,docomo-shop-hamamatsu-ichino,ドコモショップ浜松市野店,浜松市中央区
https://shop.smt.docomo.ne.jp/shop_detail/0400501224300/index.html,docomo-shop-tsu-chuo,ドコモショップ津中央店,津市
https://shop.smt.docomo.ne.jp/shop_detail/0400501224500/index.html,docomo-shop-kikukawa,ドコモショップ菊川店,菊川市
https://shop.smt.docomo.ne.jp/shop_detail/0400501229900/index.html,docomo-shop-hamamatsu-tomizuka,ドコモショップ浜松富塚店,浜松市中央区
https://shop.smt.docomo.ne.jp/shop_detail/0400501231800/index.html,docomo-shop-meiwa,ドコモショップ明和店,多気郡明和町
https://shop.smt.docomo.ne.jp/shop_detail/0400501232600/index.html,docomo-shop-hamamatsu-shitoro,ドコモショップ浜松志都呂店,浜松市中央区
https://shop.smt.docomo.ne.jp/shop_detail/0400501238500/index.html,docomo-shop-okazaki-midorigaoka,ドコモショップ岡崎緑丘店,岡崎市
https://shop.smt.docomo.ne.jp/shop_detail/0400501239800/index.html,docomo-shop-asaba-padi,ドコモショップ浅羽パディ店,袋井市
https://shop.smt.docomo.ne.jp/shop_detail/0400501239900/index.html,docomo-shop-toyohashi-ushikawa,ドコモショップ豊橋牛川店,豊橋市
https://shop.smt.docomo.ne.jp/shop_detail/0400501241900/index.html,docomo-shop-makuizu-shizuoka,ドコモショップマークイズ静岡店,静岡市葵区
https://shop.smt.docomo.ne.jp/shop_detail/0400501246600/index.html,docomo-shop-toyokawa-masaoka,ドコモショップ豊川正岡店,豊川市
https://shop.smt.docomo.ne.jp/shop_detail/0400501246800/index.html,docomo-shop-hamamatsu-yu-dama,ドコモショップ浜松有玉店,浜松市中央区
https://shop.smt.docomo.ne.jp/shop_detail/0400501247600/index.html,docomo-shop-shizuoka-ando,ドコモショップ静岡安東店,静岡市葵区
https://shop.smt.docomo.ne.jp/shop_detail/0400501251300/index.html,docomo-shop-aeon-mall-higashiura,ドコモショップイオンモール東浦店,知多郡東浦町
https://shop.smt.docomo.ne.jp/shop_detail/0400501251700/index.html,docomo-shop-nabari-kuramochi,ドコモショップ名張蔵持店,名張市
https://shop.smt.docomo.ne.jp/shop_detail/0400501256100/index.html,docomo-shop-fujieda-higashi,ドコモショップ藤枝東店,藤枝市
https://shop.smt.docomo.ne.jp/shop_detail/0400501263800/index.html,docomo-shop-mitasu-ise,ドコモショップミタス伊勢店,伊勢市
https://shop.smt.docomo.ne.jp/shop_detail/0400501264000/index.html,docomo-shop-iga-midorigaoka,ドコモショップ伊賀緑ヶ丘店,伊賀市
https://shop.smt.docomo.ne.jp/shop_detail/0400501264300/index.html,docomo-shop-kakegawa-miyawaki,ドコモショップ掛川宮脇店,掛川市
https://shop.smt.docomo.ne.jp/shop_detail/0400501267100/index.html,docomo-shop-aeon-toyohashi-minami,ドコモショップイオン豊橋南店,豊橋市
https://shop.smt.docomo.ne.jp/shop_detail/0400501267300/index.html,docomo-shop-fujieda-chintao,ドコモショップ藤枝青島店,藤枝市
https://shop.smt.docomo.ne.jp/shop_detail/0400501267700/index.html,docomo-shop-eapoto-woku-nagoya,ドコモショップエアポートウォーク名古屋店,西春日井郡豊山町
https://shop.smt.docomo.ne.jp/shop_detail/0400501267900/index.html,d-garden-higashi-kariya,ｄ　ｇａｒｄｅｎ東刈谷店（ドコモショップ東刈谷店）,刈谷市
https://shop.smt.docomo.ne.jp/shop_detail/0400501268100/index.html,docomo-shop-iwata-kamiokada,ドコモショップ磐田上岡田店,磐田市
https://shop.smt.docomo.ne.jp/shop_detail/0400501268200/index.html,docomo-shop-kabano-ekikita,ドコモショップ蒲郡駅北店,蒲郡市
https://shop.smt.docomo.ne.jp/shop_detail/0400501269700/index.html,docomo-shop-handa-otogawa,ドコモショップ半田乙川店,半田市
https://shop.smt.docomo.ne.jp/shop_detail/0400501269800/index.html,docomo-shop-aeon-mall-otaka,ドコモショップイオンモール大高店,名古屋市緑区
https://shop.smt.docomo.ne.jp/shop_detail/0400501269900/index.html,docomo-shop-shimizu-r-1-go,ドコモショップ清水Ｒ１号店,静岡市清水区
https://shop.smt.docomo.ne.jp/shop_detail/0400501270000/index.html,docomo-shop-kakegawa-oike,ドコモショップ掛川大池店,掛川市
https://shop.smt.docomo.ne.jp/shop_detail/0400501274700/index.html,docomo-shop-okazaki-oro,ドコモショップ岡崎小呂店,岡崎市
https://shop.smt.docomo.ne.jp/shop_detail/0400501274900/index.html,docomo-shop-lalaport-aichi-togo,ドコモショップららぽーと愛知東郷店,愛知郡東郷町
https://shop.smt.docomo.ne.jp/shop_detail/0400501275000/index.html,docomo-shop-kiyosu,ドコモショップ清須店,清須市
https://shop.smt.docomo.ne.jp/shop_detail/0400501276500/index.html,docomo-shop-aeon-taun-ise-rarapaku,ドコモショップイオンタウン伊勢ララパーク店,伊勢市
https://shop.smt.docomo.ne.jp/shop_detail/0400501277000/index.html,docomo-shop-suzuka-shiyakushomae,ドコモショップ鈴鹿市役所前店,鈴鹿市
https://shop.smt.docomo.ne.jp/shop_detail/0400501277400/index.html,docomo-shop-konan-takaya,ドコモショップ江南高屋店,江南市
https://shop.smt.docomo.ne.jp/shop_detail/0400501277600/index.html,docomo-shop-nishio-shao,ドコモショップ西尾シャオ店,西尾市
https://shop.smt.docomo.ne.jp/shop_detail/0400501278200/index.html,docomo-shop-mozo-wandashiti,ドコモショップ　モゾ　ワンダーシティ店,名古屋市西区
https://shop.smt.docomo.ne.jp/shop_detail/0400501278300/index.html,docomo-shop-gotemba-r-246,ドコモショップ御殿場Ｒ２４６店,御殿場市
https://shop.smt.docomo.ne.jp/shop_detail/0400501279700/index.html,docomo-shop-lalaport-iwata,ドコモショップららぽーと磐田店,磐田市
https://shop.smt.docomo.ne.jp/shop_detail/0400501285900/index.html,docomo-shop-aeon-taun-chikusa,ドコモショップイオンタウン千種店,名古屋市千種区
https://shop.smt.docomo.ne.jp/shop_detail/0400501286300/index.html,docomo-shop-mikawa-takahama,ドコモショップ三河高浜店,高浜市
https://shop.smt.docomo.ne.jp/shop_detail/0400501286400/index.html,docomo-shop-kaizu,ドコモショップ海津店,海津市
https://shop.smt.docomo.ne.jp/shop_detail/0400501287200/index.html,docomo-shop-kasadera,ドコモショップ笠寺店,名古屋市南区
https://shop.smt.docomo.ne.jp/shop_detail/0400501288600/index.html,docomo-shop-ibi-ono,ドコモショップ揖斐大野店,揖斐郡大野町
https://shop.smt.docomo.ne.jp/shop_detail/0400501289900/index.html,docomo-shop-apita-pawa-shin-moriyama,ドコモショップアピタパワー新守山店,名古屋市守山区
https://shop.smt.docomo.ne.jp/shop_detail/0400501299000/index.html,docomo-shop-oke-hazama,ドコモショップ桶狭間店,名古屋市緑区
https://shop.smt.docomo.ne.jp/shop_detail/0400501299500/index.html,docomo-shop-aeon-mall-toyokawa,ドコモショップイオンモール豊川店,豊川市
https://shop.smt.docomo.ne.jp/shop_detail/0400501309900/index.html,docomo-shop-mizuho-horitatori,ドコモショップ瑞穂堀田通店,名古屋市瑞穂区
https://shop.smt.docomo.ne.jp/shop_detail/0400501323800/index.html,docomo-shop-aeon-mall-atsuta,ドコモショップイオンモール熱田店,名古屋市熱田区
https://shop.smt.docomo.ne.jp/shop_detail/0420520015700/index.html,iphone-ipad-ripeakona-nagoya,ｉＰｈｏｎｅ／ｉＰａｄリペアコーナー　名古屋,名古屋市中区
https://shop.smt.docomo.ne.jp/shop_detail/0461712100100/index.html,docomo-shop-chiyoda-kyo,ドコモショップ千代田橋店,名古屋市千種区
https://shop.smt.docomo.ne.jp/shop_detail/0461712200100/index.html,docomo-shop-midori,ドコモショップ緑店,名古屋市緑区
https://shop.smt.docomo.ne.jp/shop_detail/0461715000200/index.html,docomo-shop-sanji-no,ドコモショップさんじの店,浜松市中央区
https://shop.smt.docomo.ne.jp/shop_detail/0461750111100/index.html,docomo-shop-aeon-mall-nagoya-chaya,ドコモショップイオンモール名古屋茶屋店,名古屋市港区
https://shop.smt.docomo.ne.jp/shop_detail/0461750777700/index.html,docomo-shop-aeon-taun-atsuta-sen-nen,ドコモショップイオンタウン熱田千年店,名古屋市熱田区
https://shop.smt.docomo.ne.jp/shop_detail/0481703029100/index.html,docomo-shop-dotoku,ドコモショップ道徳店,名古屋市南区
https://shop.smt.docomo.ne.jp/shop_detail/0481703060300/index.html,docomo-shop-shimizu,ドコモショップ清水店,静岡市清水区
https://shop.smt.docomo.ne.jp/shop_detail/0481703060400/index.html,docomo-shop-apita-kuwana,ドコモショップアピタ桑名店,桑名市
https://shop.smt.docomo.ne.jp/shop_detail/0481703107500/index.html,docomo-shop-ogaki,ドコモショップ大垣店,大垣市
https://shop.smt.docomo.ne.jp/shop_detail/0481703136000/index.html,docomo-shop-toyohashi,ドコモショップ豊橋店,豊橋市
https://shop.smt.docomo.ne.jp/shop_detail/0481704111100/index.html,docomo-shop-shin-mizu,ドコモショップ新瑞店,名古屋市瑞穂区
https://shop.smt.docomo.ne.jp/shop_detail/0481708430000/index.html,docomo-shop-nisshin,ドコモショップ日進店,日進市
https://shop.smt.docomo.ne.jp/shop_detail/0481709440000/index.html,docomo-shop-aki,ドコモショップ安城店,安城市
https://shop.smt.docomo.ne.jp/shop_detail/0481709660000/index.html,docomo-shop-fuso,ドコモショップ扶桑店,丹羽郡扶桑町
https://shop.smt.docomo.ne.jp/shop_detail/0481709770000/index.html,docomo-shop-hamamatsu-higashi,ドコモショップ浜松東店,浜松市中央区
https://shop.smt.docomo.ne.jp/shop_detail/0481710001100/index.html,docomo-shop-aeon-mall-nagoya-domu-mae,ドコモショップイオンモールナゴヤドーム前店,名古屋市東区
https://shop.smt.docomo.ne.jp/shop_detail/0481710001500/index.html,docomo-shop-aeon-yagoto,ドコモショップイオン八事店,名古屋市昭和区
https://shop.smt.docomo.ne.jp/shop_detail/0481710001800/index.html,docomo-shop-aeon-mall-yokkaichi-shi-kita,ドコモショップイオンモール四日市北店,四日市
https://shop.smt.docomo.ne.jp/shop_detail/0481710006100/index.html,docomo-shop-ichinomiya,ドコモショップ一宮店（愛知県）,一宮市
https://shop.smt.docomo.ne.jp/shop_detail/0481710008100/index.html,docomo-shop-numazu-riko-dori,ドコモショップ沼津リコー通り店,沼津市
https://shop.smt.docomo.ne.jp/shop_detail/0481710008300/index.html,docomo-shop-aeon-taun-fuji-minami,ドコモショップイオンタウン富士南店,富士市
https://shop.smt.docomo.ne.jp/shop_detail/0481710008400/index.html,docomo-shop-mishima,ドコモショップ三島店,駿東郡清水町
https://shop.smt.docomo.ne.jp/shop_detail/0481710051000/index.html,docomo-shop-tajimi,ドコモショップ多治見店,多治見市
https://shop.smt.docomo.ne.jp/shop_detail/0481710053000/index.html,docomo-shop-ogaki-nishi,ドコモショップ大垣西店,大垣市
https://shop.smt.docomo.ne.jp/shop_detail/0481710055000/index.html,docomo-shop-rasupa-mitake,ドコモショップラスパ御嵩店,可児郡御嵩町
https://shop.smt.docomo.ne.jp/shop_detail/0481710057000/index.html,docomo-shop-takayama,ドコモショップ高山店,高山市
https://shop.smt.docomo.ne.jp/shop_detail/0481714005000/index.html,docomo-shop-hirabari,ドコモショップ平針店,名古屋市天白区
https://shop.smt.docomo.ne.jp/shop_detail/0481714009000/index.html,docomo-shop-lalaport-nagoya-minato-akurusu,ドコモショップららぽーと名古屋みなとアクルス店,名古屋市港区
https://shop.smt.docomo.ne.jp/shop_detail/0481714010000/index.html,docomo-shop-kariya,ドコモショップ刈谷店,刈谷市
https://shop.smt.docomo.ne.jp/shop_detail/0481714013000/index.html,docomo-shop-aeon-taun-meisei,ドコモショップイオンタウン名西店,名古屋市西区
https://shop.smt.docomo.ne.jp/shop_detail/0481714021000/index.html,docomo-shop-mega-donkihote-uny-omaki,ドコモショップＭＥＧＡドン・キホーテＵＮＹ小牧店,小牧市
https://shop.smt.docomo.ne.jp/shop_detail/0481715000100/index.html,docomo-shop-iwatsuka,ドコモショップ岩塚店,名古屋市中村区
https://shop.smt.docomo.ne.jp/shop_detail/0481715101300/index.html,docomo-shop-aeon-mall-fujinomiya,ドコモショップイオンモール富士宮店,富士宮市
https://shop.smt.docomo.ne.jp/shop_detail/0481716001000/index.html,docomo-shop-shizuoka-minami,ドコモショップ静岡南店,静岡市駿河区
https://shop.smt.docomo.ne.jp/shop_detail/0481718100000/index.html,docomo-shop-osu,ドコモショップ大須店,名古屋市中区
https://shop.smt.docomo.ne.jp/shop_detail/0481718200000/index.html,docomo-shop-aeon-mall-suzuka,ドコモショップイオンモール鈴鹿店,鈴鹿市
https://shop.smt.docomo.ne.jp/shop_detail/0481743111100/index.html,docomo-shop-minato-jimbe-dori,ドコモショップ港甚兵衛通り店,名古屋市港区
https://shop.smt.docomo.ne.jp/shop_detail/0481743222200/index.html,docomo-shop-toyoda,ドコモショップ豊田店（愛知県）,豊田市
https://shop.smt.docomo.ne.jp/shop_detail/0481743333300/index.html,docomo-shop-ise,ドコモショップ伊勢店,伊勢市
https://shop.smt.docomo.ne.jp/shop_detail/0481743444400/index.html,docomo-shop-aeon-mall-tsunan,ドコモショップイオンモール津南店,津市
https://shop.smt.docomo.ne.jp/shop_detail/0481760000100/index.html,docomo-shop-nagoya-noritake,ドコモショップ名古屋則武店,名古屋市西区
https://shop.smt.docomo.ne.jp/shop_detail/0481765000000/index.html,docomo-shop-okazaki-minami,ドコモショップ岡崎南店,岡崎市
https://shop.smt.docomo.ne.jp/shop_detail/0481766304300/index.html,docomo-shop-yaizu,ドコモショップ焼津店,焼津市
https://shop.smt.docomo.ne.jp/shop_detail/0501500119200/index.html,docomo-shop-fabore,ドコモショップファボーレ店,富山市
https://shop.smt.docomo.ne.jp/shop_detail/0501500172000/index.html,docomo-shop-nonoichi-shi-shinjo,ドコモショップ野々市新庄店,野々市
https://shop.smt.docomo.ne.jp/shop_detail/0501500172200/index.html,docomo-shop-ono,ドコモショップ大野店（福井県）,大野市
https://shop.smt.docomo.ne.jp/shop_detail/0501500174300/index.html,docomo-shop-higashi-kanazawa,ドコモショップ東金沢店,金沢市
https://shop.smt.docomo.ne.jp/shop_detail/0501500174800/index.html,docomo-shop-hakui,ドコモショップ羽咋店,羽咋市
https://shop.smt.docomo.ne.jp/shop_detail/0501500176100/index.html,docomo-shop-aeon-mall-takaoka,ドコモショップイオンモール高岡店,高岡市
https://shop.smt.docomo.ne.jp/shop_detail/0501500188100/index.html,docomo-shop-irie,ドコモショップ入江店,金沢市
https://shop.smt.docomo.ne.jp/shop_detail/0501500228700/index.html,docomo-shop-kaga,ドコモショップ加賀店,加賀市
https://shop.smt.docomo.ne.jp/shop_detail/0501500236300/index.html,docomo-shop-anamizu,ドコモショップ穴水店,鳳珠郡穴水町
https://shop.smt.docomo.ne.jp/shop_detail/0501500237900/index.html,docomo-shop-kanazawa-oko-ba-ta,ドコモショップ金沢おこばた店,金沢市
https://shop.smt.docomo.ne.jp/shop_detail/0501500280200/index.html,docomo-shop-nonoichi-shi-honcho,ドコモショップ野々市本町店,野々市
https://shop.smt.docomo.ne.jp/shop_detail/0501500281200/index.html,docomo-shop-e-chi-zen,ドコモショップえちぜん店,越前市
https://shop.smt.docomo.ne.jp/shop_detail/0501500313000/index.html,docomo-shop-kurobe,ドコモショップ黒部店,黒部市
https://shop.smt.docomo.ne.jp/shop_detail/0501500313200/index.html,docomo-shop-himi,ドコモショップ氷見店,氷見市
https://shop.smt.docomo.ne.jp/shop_detail/0501500313400/index.html,docomo-shop-owada-chuo-shijo-mae,ドコモショップ大和田中央市場前店,福井市
https://shop.smt.docomo.ne.jp/shop_detail/0501500313600/index.html,docomo-shop-wakasugi,ドコモショップ若杉店,福井市
https://shop.smt.docomo.ne.jp/shop_detail/0501500314000/index.html,docomo-shop-toyama-yamamuro,ドコモショップ富山山室店,富山市
https://shop.smt.docomo.ne.jp/shop_detail/0501500314800/index.html,docomo-shop-namekawa,ドコモショップ滑川店,滑川市
https://shop.smt.docomo.ne.jp/shop_detail/0501500315800/index.html,docomo-shop-kamiino,ドコモショップ上飯野店,富山市
https://shop.smt.docomo.ne.jp/shop_detail/0501500317500/index.html,docomo-shop-itaun-imizu,ドコモショップイータウン射水店,射水市
https://shop.smt.docomo.ne.jp/shop_detail/0501500318900/index.html,docomo-shop-awara,ドコモショップあわら店,あわら市
https://shop.smt.docomo.ne.jp/shop_detail/0501500329800/index.html,docomo-shop-aeon-mall-hakusan,ドコモショップイオンモール白山店,白山市
https://shop.smt.docomo.ne.jp/shop_detail/0501500329900/index.html,docomo-shop-takaoka-nomura,ドコモショップ高岡野村店,高岡市
https://shop.smt.docomo.ne.jp/shop_detail/0501500330000/index.html,docomo-shop-gakuen,ドコモショップ学園店（福井県）,福井市
https://shop.smt.docomo.ne.jp/shop_detail/0501500330100/index.html,docomo-shop-i-mi-zu-kosugi,ドコモショップいみず小杉店,射水市
https://shop.smt.docomo.ne.jp/shop_detail/0501500341000/index.html,docomo-shop-kanazawa-ekimae,ドコモショップ金沢駅前店,金沢市
https://shop.smt.docomo.ne.jp/shop_detail/0501500342500/index.html,docomo-shop-toyama,ドコモショップ富山店,富山市
https://shop.smt.docomo.ne.jp/shop_detail/0501500343100/index.html,docomo-shop-katsuyama,ドコモショップ勝山店,勝山市
https://shop.smt.docomo.ne.jp/shop_detail/0501500347600/index.html,docomo-shop-abioshiti-kaga,ドコモショップアビオシティ加賀店,加賀市
https://shop.smt.docomo.ne.jp/shop_detail/0501500347900/index.html,docomo-shop-tsubata,ドコモショップ津幡店,河北郡津幡町
https://shop.smt.docomo.ne.jp/shop_detail/0501500352600/index.html,docomo-shop-apita-matto,ドコモショップアピタ松任店,白山市
https://shop.smt.docomo.ne.jp/shop_detail/0501500358900/index.html,docomo-shop-ka-ho,ドコモショップかほく店（石川県）,かほく市
https://shop.smt.docomo.ne.jp/shop_detail/0501500359000/index.html,docomo-shop-toide,ドコモショップ戸出店,高岡市
https://shop.smt.docomo.ne.jp/shop_detail/0501500360100/index.html,docomo-shop-toyama-minami,ドコモショップ富山南店,富山市
https://shop.smt.docomo.ne.jp/shop_detail/0501500360200/index.html,docomo-shop-tsuruga,ドコモショップ敦賀店,敦賀市
https://shop.smt.docomo.ne.jp/shop_detail/0501500361200/index.html,docomo-shop-saba-e,ドコモショップさばえ店,鯖江市
https://shop.smt.docomo.ne.jp/shop_detail/0501500361400/index.html,docomo-shop-wajima,ドコモショップ輪島店,輪島市
https://shop.smt.docomo.ne.jp/shop_detail/0501500361900/index.html,docomo-shop-fuchu,ドコモショップ婦中店,富山市
https://shop.smt.docomo.ne.jp/shop_detail/0501500362100/index.html,docomo-shop-apia,ドコモショップアピア店（富山県）,富山市
https://shop.smt.docomo.ne.jp/shop_detail/0501500363200/index.html,docomo-shop-sha-minami,ドコモショップ社南店,福井市
https://shop.smt.docomo.ne.jp/shop_detail/0501500365700/index.html,docomo-shop-nyuzen-kosumo-21,ドコモショップ入善コスモ２１店,下新川郡入善町
https://shop.smt.docomo.ne.jp/shop_detail/0501500366500/index.html,docomo-shop-komatsu-oki-machi,ドコモショップ小松沖町店,小松市
https://shop.smt.docomo.ne.jp/shop_detail/0501500387200/index.html,docomo-shop-kamikitajima,ドコモショップ上北島店,高岡市
https://shop.smt.docomo.ne.jp/shop_detail/0501500388600/index.html,docomo-shop-a-myu-minami-arato,ドコモショップア・ミュー南砺店,南砺市
https://shop.smt.docomo.ne.jp/shop_detail/0501500389000/index.html,docomo-shop-toyoda,ドコモショップ豊田店（富山県）,富山市
https://shop.smt.docomo.ne.jp/shop_detail/0501500389400/index.html,docomo-shop-shika,ドコモショップ志賀店,羽咋郡志賀町
https://shop.smt.docomo.ne.jp/shop_detail/0501500389500/index.html,docomo-shop-suzu,ドコモショップ珠洲店,珠洲市
https://shop.smt.docomo.ne.jp/shop_detail/0501500393100/index.html,docomo-shop-kashima,ドコモショップ鹿島店（石川県）,鹿島郡中能登町
https://shop.smt.docomo.ne.jp/shop_detail/0501500400800/index.html,docomo-shop-eru-pa,ドコモショップエルパ店,福井市
https://shop.smt.docomo.ne.jp/shop_detail/0571001041100/index.html,docomo-shop-apita-taun-kanazawa-bei,ドコモショップアピタタウン金沢ベイ店,金沢市
https://shop.smt.docomo.ne.jp/shop_detail/0571001062100/index.html,docomo-shop-awazu,ドコモショップ粟津店,小松市
https://shop.smt.docomo.ne.jp/shop_detail/0571001066300/index.html,docomo-shop-nanao,ドコモショップ七尾店,七尾市
https://shop.smt.docomo.ne.jp/shop_detail/0571001066400/index.html,docomo-shop-komatsu,ドコモショップ小松店,小松市
https://shop.smt.docomo.ne.jp/shop_detail/0571001066500/index.html,docomo-shop-aeon-mori-no-sato,ドコモショップイオンもりの里店,金沢市
https://shop.smt.docomo.ne.jp/shop_detail/0571010007800/index.html,docomo-shop-aeon-taun-kanazawa-shimeno,ドコモショップイオンタウン金沢示野店,金沢市
https://shop.smt.docomo.ne.jp/shop_detail/0571010024100/index.html,docomo-shop-arimatsu,ドコモショップ有松店,金沢市
https://shop.smt.docomo.ne.jp/shop_detail/0572002032100/index.html,docomo-shop-tonami,ドコモショップ砺波店,砺波市
https://shop.smt.docomo.ne.jp/shop_detail/0572010012300/index.html,docomo-shop-uozu,ドコモショップ魚津店,魚津市
https://shop.smt.docomo.ne.jp/shop_detail/0573003007300/index.html,docomo-shop-obama,ドコモショップ小浜店（福井県）,小浜市
https://shop.smt.docomo.ne.jp/shop_detail/0573003023100/index.html,docomo-shop-fukui,ドコモショップ福井店,福井市
https://shop.smt.docomo.ne.jp/shop_detail/0573003023400/index.html,docomo-shop-harue,ドコモショップ春江店,坂井市
https://shop.smt.docomo.ne.jp/shop_detail/0573003023800/index.html,docomo-shop-takefu,ドコモショップ武生店,越前市
https://shop.smt.docomo.ne.jp/shop_detail/0573010010200/index.html,docomo-shop-ninomiya,ドコモショップ二の宮店,福井市
https://shop.smt.docomo.ne.jp/shop_detail/0601600087100/index.html,docomo-shop-moriyama,ドコモショップ守山店,守山市
https://shop.smt.docomo.ne.jp/shop_detail/0601600237600/index.html,docomo-shop-korien,ドコモショップ香里園店,寝屋川市
https://shop.smt.docomo.ne.jp/shop_detail/0601600261700/index.html,docomo-shop-mizuguchi,ドコモショップ水口店,甲賀市
https://shop.smt.docomo.ne.jp/shop_detail/0601600306700/index.html,docomo-shop-nobutoki,ドコモショップ延時店,和歌山市
https://shop.smt.docomo.ne.jp/shop_detail/0601600320900/index.html,docomo-shop-himeji-tohori,ドコモショップ姫路砥堀店,姫路市
https://shop.smt.docomo.ne.jp/shop_detail/0601600328400/index.html,docomo-shop-iwade-baipasu,ドコモショップ岩出バイパス店,和歌山市
https://shop.smt.docomo.ne.jp/shop_detail/0601600336300/index.html,docomo-shop-izumiotsu-ekimae,ドコモショップ泉大津駅前店,泉大津市
https://shop.smt.docomo.ne.jp/shop_detail/0601600348100/index.html,docomo-shop-kurisuta-shinsaibashi,ドコモショップクリスタ心斎橋店,大阪市中央区
https://shop.smt.docomo.ne.jp/shop_detail/0601600395300/index.html,docomo-shop-sakurai,ドコモショップ桜井店,桜井市
https://shop.smt.docomo.ne.jp/shop_detail/0601600417200/index.html,docomo-shop-takatsuki-senta-gai,ドコモショップ高槻センター街店,高槻市
https://shop.smt.docomo.ne.jp/shop_detail/0601600456500/index.html,docomo-shop-awaji,ドコモショップ淡路店,淡路市
https://shop.smt.docomo.ne.jp/shop_detail/0601600480100/index.html,docomo-shop-aeon-mall-yamatokoriyama,ドコモショップイオンモール大和郡山店,大和郡山市
https://shop.smt.docomo.ne.jp/shop_detail/0601600494200/index.html,docomo-shop-kosaka,ドコモショップ小阪店,東大阪市
https://shop.smt.docomo.ne.jp/shop_detail/0601600539600/index.html,docomo-shop-abeno-kyuzumoru,ドコモショップあべのキューズモール店,大阪市阿倍野区
https://shop.smt.docomo.ne.jp/shop_detail/0601600539700/index.html,docomo-shop-sembayashi-eki-mae,ドコモショップ千林駅前店,大阪市旭区
https://shop.smt.docomo.ne.jp/shop_detail/0601600539900/index.html,docomo-shop-lalaport-expocity,ドコモショップららぽーとＥＸＰＯＣＩＴＹ店,吹田市
https://shop.smt.docomo.ne.jp/shop_detail/0601600542900/index.html,docomo-shop-nishinomiya-kitaguchi,ドコモショップ西宮北口店,西宮市
https://shop.smt.docomo.ne.jp/shop_detail/0601600544000/index.html,docomo-shop-hattori,ドコモショップ服部店,豊中市
https://shop.smt.docomo.ne.jp/shop_detail/0601600545100/index.html,docomo-shop-motomachi-shoten-gai,ドコモショップ元町商店街店,神戸市中央区
https://shop.smt.docomo.ne.jp/shop_detail/0601600545300/index.html,docomo-shop-foreo-otsu-ichiriyama,ドコモショップフォレオ大津一里山店,大津市
https://shop.smt.docomo.ne.jp/shop_detail/0601600549600/index.html,docomo-shop-ju-san-higashiguchi,ドコモショップ十三東口店,大阪市淀川区
https://shop.smt.docomo.ne.jp/shop_detail/0601600559400/index.html,docomo-shop-kitano-hakubai-machi,ドコモショップ北野白梅町店,京都市北区
https://shop.smt.docomo.ne.jp/shop_detail/0601600559800/index.html,docomo-shop-tarumi-ekimae,ドコモショップ垂水駅前店（兵庫県）,神戸市垂水区
https://shop.smt.docomo.ne.jp/shop_detail/0601600564900/index.html,docomo-shop-shijo-gai-omae,ドコモショップ四条外大前店,京都市右京区
https://shop.smt.docomo.ne.jp/shop_detail/0601600582800/index.html,docomo-shop-shijoomiya,ドコモショップ四条大宮店,京都市下京区
https://shop.smt.docomo.ne.jp/shop_detail/0601600585400/index.html,docomo-shop-kizuyama-tagawa,ドコモショップ木津山田川店,木津川市
https://shop.smt.docomo.ne.jp/shop_detail/0601600600500/index.html,docomo-shop-aeon-mall-osakadomu-shiti,ドコモショップイオンモール大阪ドームシティ店,大阪市西区
https://shop.smt.docomo.ne.jp/shop_detail/0601600617600/index.html,docomo-shop-izumi-chuo,ドコモショップ和泉中央店,和泉市
https://shop.smt.docomo.ne.jp/shop_detail/0601600623600/index.html,docomo-shop-kakogawa-beppu,ドコモショップ加古川別府店,加古川市
https://shop.smt.docomo.ne.jp/shop_detail/0601600634600/index.html,docomo-shop-uehon-machi,ドコモショップ上本町店,大阪市天王寺区
https://shop.smt.docomo.ne.jp/shop_detail/0601600640300/index.html,docomo-shop-kyoto-yahata,ドコモショップ京都八幡店,八幡市
https://shop.smt.docomo.ne.jp/shop_detail/0601600643000/index.html,docomo-shop-aeon-taun-toyonaka-midorigaoka,ドコモショップイオンタウン豊中緑丘店,豊中市
https://shop.smt.docomo.ne.jp/shop_detail/0601600643400/index.html,docomo-shop-kyomi-kyo,ドコモショップ京見橋店,姫路市飾磨区
https://shop.smt.docomo.ne.jp/shop_detail/0601600653100/index.html,docomo-shop-fushimi-ote-suji,ドコモショップ伏見大手筋店,京都市伏見区
https://shop.smt.docomo.ne.jp/shop_detail/0601600655000/index.html,docomo-shop-akashi,ドコモショップ明石店,明石市
https://shop.smt.docomo.ne.jp/shop_detail/0601600661900/index.html,docomo-shop-oji,ドコモショップ王寺店,北葛城郡王寺町
https://shop.smt.docomo.ne.jp/shop_detail/0601600686900/index.html,docomo-shop-hyotan-yama,ドコモショップ瓢箪山店,東大阪市
https://shop.smt.docomo.ne.jp/shop_detail/0601600698800/index.html,docomo-shop-tamba-shinoyama,ドコモショップ丹波篠山店,丹波篠山市
https://shop.smt.docomo.ne.jp/shop_detail/0601600704000/index.html,docomo-shop-katsuragi,ドコモショップかつらぎ店,伊都郡かつらぎ町
https://shop.smt.docomo.ne.jp/shop_detail/0601600704300/index.html,docomo-shop-ako,ドコモショップ赤穂店,赤穂市
https://shop.smt.docomo.ne.jp/shop_detail/0601600712200/index.html,docomo-shop-takatsuki-kita,ドコモショップ高槻北店,高槻市
https://shop.smt.docomo.ne.jp/shop_detail/0601600713400/index.html,docomo-shop-myodani,ドコモショップ名谷店,神戸市須磨区
https://shop.smt.docomo.ne.jp/shop_detail/0601600713800/index.html,docomo-shop-aeon-mall-kobe-kita,ドコモショップイオンモール神戸北店,神戸市北区
https://shop.smt.docomo.ne.jp/shop_detail/0601600715500/index.html,docomo-shop-buru-meru-mai-tamon,ドコモショップブルメール舞多聞店,神戸市垂水区
https://shop.smt.docomo.ne.jp/shop_detail/0601600715700/index.html,docomo-shop-okaba,ドコモショップ岡場店,神戸市北区
https://shop.smt.docomo.ne.jp/shop_detail/0601600717700/index.html,docomo-shop-miyakojima,ドコモショップ都島店,大阪市都島区
https://shop.smt.docomo.ne.jp/shop_detail/0601600718500/index.html,docomo-shop-kitatatsumi,ドコモショップ北巽店,大阪市生野区
https://shop.smt.docomo.ne.jp/shop_detail/0601600722300/index.html,docomo-shop-ono,ドコモショップ小野店,小野市
https://shop.smt.docomo.ne.jp/shop_detail/0601600723600/index.html,docomo-shop-kimu-tsuyoshi,ドコモショップ金剛店,大阪狭山市
https://shop.smt.docomo.ne.jp/shop_detail/0601600732000/index.html,docomo-shop-harinakano,ドコモショップ針中野店,大阪市東住吉区
https://shop.smt.docomo.ne.jp/shop_detail/0601600732800/index.html,docomo-shop-momo-terasu-roku-jizo,ドコモショップＭＯＭＯテラス六地蔵店,京都市伏見区
https://shop.smt.docomo.ne.jp/shop_detail/0601600741300/index.html,docomo-shop-himeji-miyuki-dori,ドコモショップ姫路みゆき通り店,姫路市
https://shop.smt.docomo.ne.jp/shop_detail/0601600743300/index.html,docomo-shop-bibamoru-neyagawa,ドコモショップビバモール寝屋川店,寝屋川市
https://shop.smt.docomo.ne.jp/shop_detail/0601600760300/index.html,docomo-shop-higashi-kishiwada,ドコモショップ東岸和田店,岸和田市
https://shop.smt.docomo.ne.jp/shop_detail/0601600766100/index.html,docomo-shop-katano,ドコモショップ交野店,交野市
https://shop.smt.docomo.ne.jp/shop_detail/0601600767800/index.html,docomo-shop-aeon-kyoto-raku-minami,ドコモショップイオン京都洛南店,京都市南区
https://shop.smt.docomo.ne.jp/shop_detail/0601600768400/index.html,docomo-shop-chishima-gaden-moru,ドコモショップ千島ガーデンモール店,大阪市大正区
https://shop.smt.docomo.ne.jp/shop_detail/0601600770700/index.html,docomo-shop-aeon-mall-shijonawate,ドコモショップイオンモール四條畷店,四條畷市
https://shop.smt.docomo.ne.jp/shop_detail/0601600779800/index.html,docomo-shop-notogawa,ドコモショップ能登川店,東近江市
https://shop.smt.docomo.ne.jp/shop_detail/0601600794300/index.html,docomo-shop-oji-koen,ドコモショップ王子公園店,神戸市灘区
https://shop.smt.docomo.ne.jp/shop_detail/0601600797400/index.html,docomo-shop-aeon-mall-kyoto-gojo,ドコモショップイオンモール京都五条店,京都市右京区
https://shop.smt.docomo.ne.jp/shop_detail/0601600815600/index.html,docomo-shop-yamada-minami,ドコモショップ山田南店,吹田市
https://shop.smt.docomo.ne.jp/shop_detail/0601600890600/index.html,docomo-shop-kosai,ドコモショップ甲西店,湖南市
https://shop.smt.docomo.ne.jp/shop_detail/0601600906900/index.html,docomo-shop-tengachaya,ドコモショップ天下茶屋店,大阪市西成区
https://shop.smt.docomo.ne.jp/shop_detail/0601600912500/index.html,docomo-shop-kakogawa-akira-hime,ドコモショップ加古川明姫店,加古川市
https://shop.smt.docomo.ne.jp/shop_detail/0601600938700/index.html,docomo-shop-habikino,ドコモショップ羽曳野店,藤井寺市
https://shop.smt.docomo.ne.jp/shop_detail/0601600956100/index.html,docomo-shop-sannomiya-san-puraza,ドコモショップ三宮さんプラザ店,神戸市中央区
https://shop.smt.docomo.ne.jp/shop_detail/0601600965400/index.html,docomo-shop-shinzen,ドコモショップ神前店,和歌山市
https://shop.smt.docomo.ne.jp/shop_detail/0601600979900/index.html,docomo-shop-tsurumi-yasuda,ドコモショップ鶴見安田店,大阪市鶴見区
https://shop.smt.docomo.ne.jp/shop_detail/0601600989600/index.html,docomo-shop-ishibashi-ekimae,ドコモショップ石橋駅前店,池田市
https://shop.smt.docomo.ne.jp/shop_detail/0601600991100/index.html,docomo-shop-yao-taishido,ドコモショップ八尾太子堂店,八尾市
https://shop.smt.docomo.ne.jp/shop_detail/0601600991400/index.html,docomo-shop-minami-awa-ji,ドコモショップ南あわじ店,南あわじ市
https://shop.smt.docomo.ne.jp/shop_detail/0601600991900/index.html,docomo-shop-kumiyama,ドコモショップ久御山店,久世郡久御山町
https://shop.smt.docomo.ne.jp/shop_detail/0601601000200/index.html,docomo-shop-shin-osakasen-ishiti,ドコモショップ新大阪センイシティー店,大阪市淀川区
https://shop.smt.docomo.ne.jp/shop_detail/0601601035400/index.html,docomo-shop-minami-kusatsu,ドコモショップ南草津店,草津市
https://shop.smt.docomo.ne.jp/shop_detail/0601601040100/index.html,docomo-shop-aeon-mall-itami,ドコモショップイオンモール伊丹店,伊丹市
https://shop.smt.docomo.ne.jp/shop_detail/0601601051300/index.html,docomo-shop-oshikuma,ドコモショップ押熊店,奈良市
https://shop.smt.docomo.ne.jp/shop_detail/0601601051400/index.html,docomo-shop-takano,ドコモショップ高野店,京都市左京区
https://shop.smt.docomo.ne.jp/shop_detail/0601601073300/index.html,docomo-shop-hashimoto,ドコモショップ橋本店,橋本市
https://shop.smt.docomo.ne.jp/shop_detail/0601601092600/index.html,docomo-shop-mino-o-kyuzumoru,ドコモショップみのおキューズモール店,箕面市
https://shop.smt.docomo.ne.jp/shop_detail/0601601092900/index.html,docomo-shop-matsuiyamate,ドコモショップ松井山手店,京田辺市
https://shop.smt.docomo.ne.jp/shop_detail/0601601115100/index.html,docomo-shop-kashihara,ドコモショップ橿原店,橿原市
https://shop.smt.docomo.ne.jp/shop_detail/0601601116300/index.html,docomo-shop-higashiosaka-hanazono,ドコモショップ東大阪花園店,東大阪市
https://shop.smt.docomo.ne.jp/shop_detail/0601601126100/index.html,docomo-shop-kireuriwari,ドコモショップ喜連瓜破店,大阪市平野区
https://shop.smt.docomo.ne.jp/shop_detail/0601601126200/index.html,docomo-shop-nishi-akashi,ドコモショップ西明石店,明石市
https://shop.smt.docomo.ne.jp/shop_detail/0601601126400/index.html,docomo-shop-futami,ドコモショップ二見店,明石市
https://shop.smt.docomo.ne.jp/shop_detail/0601601140300/index.html,docomo-shop-ibaragi-shinjo,ドコモショップ茨木新庄店,茨木市
https://shop.smt.docomo.ne.jp/shop_detail/0601601140400/index.html,docomo-shop-suita,ドコモショップ吹田店,吹田市
https://shop.smt.docomo.ne.jp/shop_detail/0601601141900/index.html,docomo-shop-kadoma,ドコモショップ門真店,門真市
https://shop.smt.docomo.ne.jp/shop_detail/0601601144900/index.html,docomo-shop-uji-magishima,ドコモショップ宇治槇島店,宇治市
https://shop.smt.docomo.ne.jp/shop_detail/0601601146500/index.html,docomo-shop-lalaport-koshien,ドコモショップららぽーと甲子園店,西宮市
https://shop.smt.docomo.ne.jp/shop_detail/0601601147300/index.html,docomo-shop-raku-nishi,ドコモショップ洛西店,京都市西京区
https://shop.smt.docomo.ne.jp/shop_detail/0601601150400/index.html,docomo-shop-takasago,ドコモショップ高砂店,高砂市
https://shop.smt.docomo.ne.jp/shop_detail/0601601168100/index.html,docomo-shop-tsukaguchi-eki-mae,ドコモショップ塚口駅前店,尼崎市
https://shop.smt.docomo.ne.jp/shop_detail/0601601171500/index.html,docomo-shop-hagurazaki,ドコモショップ羽倉崎店,泉南郡田尻町
https://shop.smt.docomo.ne.jp/shop_detail/0601601171600/index.html,docomo-shop-takaishi,ドコモショップ高石店,高石市
https://shop.smt.docomo.ne.jp/shop_detail/0601601171700/index.html,docomo-shop-lalaport-izumi,ドコモショップららぽーと和泉店,和泉市
https://shop.smt.docomo.ne.jp/shop_detail/0601601171800/index.html,docomo-shop-kumatori,ドコモショップ熊取店,泉南郡熊取町
https://shop.smt.docomo.ne.jp/shop_detail/0601601171900/index.html,docomo-shop-moriguchi,ドコモショップ守口店,守口市
https://shop.smt.docomo.ne.jp/shop_detail/0601601172000/index.html,docomo-shop-kashiwabara-kokubu,ドコモショップ柏原国分店,柏原市
https://shop.smt.docomo.ne.jp/shop_detail/0601601172100/index.html,docomo-shop-ama-ga-saki-kyuzumoru,ドコモショップあまがさきキューズモール店,尼崎市
https://shop.smt.docomo.ne.jp/shop_detail/0601601172200/index.html,docomo-shop-fukusaki,ドコモショップ福崎店,神崎郡福崎町
https://shop.smt.docomo.ne.jp/shop_detail/0601601183100/index.html,docomo-shop-kobe-habarando-umie,ドコモショップ神戸ハーバーランドｕｍｉｅ店,神戸市中央区
https://shop.smt.docomo.ne.jp/shop_detail/0601601183400/index.html,docomo-shop-hirakata-moru,ドコモショップ枚方モール店,枚方市
https://shop.smt.docomo.ne.jp/shop_detail/0601601183500/index.html,docomo-shop-sakai-higashiekimae,ドコモショップ堺東駅前店,堺市堺区
https://shop.smt.docomo.ne.jp/shop_detail/0601601183700/index.html,docomo-shop-tamade-eki-mae,ドコモショップ玉出駅前店,大阪市西成区
https://shop.smt.docomo.ne.jp/shop_detail/0601601186300/index.html,docomo-shop-tamatsu,ドコモショップ玉津店,神戸市西区
https://shop.smt.docomo.ne.jp/shop_detail/0601601186900/index.html,docomo-shop-ibaragi-r-171,ドコモショップ茨木Ｒ１７１店,茨木市
https://shop.smt.docomo.ne.jp/shop_detail/0601601187000/index.html,docomo-shop-hashimoto-irodori-no-dai,ドコモショップ橋本彩の台店,橋本市
https://shop.smt.docomo.ne.jp/shop_detail/0601601189100/index.html,docomo-shop-nagahama-kokudo-8-go,ドコモショップ長浜国道８号店,長浜市
https://shop.smt.docomo.ne.jp/shop_detail/0601601190500/index.html,docomo-shop-aeon-mall-sakai-kitahanada,ドコモショップイオンモール堺北花田店,堺市北区
https://shop.smt.docomo.ne.jp/shop_detail/0601601190700/index.html,docomo-shop-fukai,ドコモショップ深井店,堺市中区
https://shop.smt.docomo.ne.jp/shop_detail/0601601190800/index.html,docomo-shop-kakogawa-kitano,ドコモショップ加古川北野店,加古川市
https://shop.smt.docomo.ne.jp/shop_detail/0601601192900/index.html,docomo-shop-aeon-mall-itami-koya,ドコモショップイオンモール伊丹昆陽店,伊丹市
https://shop.smt.docomo.ne.jp/shop_detail/0601601199500/index.html,docomo-shop-higashi-maizuru,ドコモショップ東舞鶴店,舞鶴市
https://shop.smt.docomo.ne.jp/shop_detail/0601601199700/index.html,docomo-shop-ayabe,ドコモショップ綾部店,綾部市
https://shop.smt.docomo.ne.jp/shop_detail/0601601199800/index.html,docomo-shop-miyazu,ドコモショップ宮津店,宮津市
https://shop.smt.docomo.ne.jp/shop_detail/0601601199900/index.html,docomo-shop-amino,ドコモショップ網野店,京丹後市
https://shop.smt.docomo.ne.jp/shop_detail/0601601200300/index.html,docomo-shop-abi-ko,ドコモショップあびこ店（大阪府）,大阪市住吉区
https://shop.smt.docomo.ne.jp/shop_detail/0601601201200/index.html,docomo-shop-kusatsu-ei-sukuea,ドコモショップ草津エイスクエア店,草津市
https://shop.smt.docomo.ne.jp/shop_detail/0601601202200/index.html,docomo-shop-rokkomichi,ドコモショップ六甲道店,神戸市灘区
https://shop.smt.docomo.ne.jp/shop_detail/0601601202700/index.html,docomo-shop-nishinomiya-imazu,ドコモショップ西宮今津店,西宮市
https://shop.smt.docomo.ne.jp/shop_detail/0601601203000/index.html,docomo-shop-kokudo-ju-jo,ドコモショップ国道十条店,京都市南区
https://shop.smt.docomo.ne.jp/shop_detail/0601601203100/index.html,docomo-shop-katsuragi-minami,ドコモショップ葛城南店,葛城市
https://shop.smt.docomo.ne.jp/shop_detail/0601601204100/index.html,docomo-shop-ario-yao,ドコモショップアリオ八尾店,八尾市
https://shop.smt.docomo.ne.jp/shop_detail/0601601206700/index.html,docomo-shop-nitori-moru-hirakata,ドコモショップニトリモール枚方店,枚方市
https://shop.smt.docomo.ne.jp/shop_detail/0601601207600/index.html,docomo-shop-namba-woku,ドコモショップなんばウォーク店,大阪市中央区
https://shop.smt.docomo.ne.jp/shop_detail/0601601209100/index.html,docomo-shop-kamishinjo,ドコモショップ上新庄店,大阪市東淀川区
https://shop.smt.docomo.ne.jp/shop_detail/0601601209200/index.html,docomo-shop-goten-yama,ドコモショップ御殿山店,枚方市
https://shop.smt.docomo.ne.jp/shop_detail/0601601209300/index.html,docomo-shop-takatsuki,ドコモショップ高槻店,高槻市
https://shop.smt.docomo.ne.jp/shop_detail/0601601209400/index.html,docomo-shop-lalaport-sakai,ドコモショップららぽーと堺店,堺市美原区
https://shop.smt.docomo.ne.jp/shop_detail/0601601209500/index.html,docomo-shop-fuse-eki-mae,ドコモショップ布施駅前店,東大阪市
https://shop.smt.docomo.ne.jp/shop_detail/0601601210300/index.html,docomo-shop-jr-rikka-ekimae,ドコモショップＪＲ立花駅前店,尼崎市
https://shop.smt.docomo.ne.jp/shop_detail/0601601211100/index.html,docomo-shop-umeda-kita,ドコモショップ梅田北店,大阪市北区
https://shop.smt.docomo.ne.jp/shop_detail/0601601211300/index.html,docomo-shop-nagai,ドコモショップ長居店,大阪市住吉区
https://shop.smt.docomo.ne.jp/shop_detail/0601601211700/index.html,docomo-shop-fukushima-oyodo,ドコモショップ福島大淀店,大阪市北区
https://shop.smt.docomo.ne.jp/shop_detail/0601601224600/index.html,docomo-shop-sannomiya-kita,ドコモショップ三宮北店,神戸市中央区
https://shop.smt.docomo.ne.jp/shop_detail/0601601226800/index.html,docomo-shop-kameoka,ドコモショップ亀岡店,亀岡市
https://shop.smt.docomo.ne.jp/shop_detail/0601601231700/index.html,docomo-shop-ibaragi-aikawa,ドコモショップ茨木鮎川店,茨木市
https://shop.smt.docomo.ne.jp/shop_detail/0601601232600/index.html,docomo-shop-morinomiya,ドコモショップ森ノ宮店,大阪市中央区
https://shop.smt.docomo.ne.jp/shop_detail/0601601245600/index.html,docomo-shop-shonai-eki-mae,ドコモショップ庄内駅前店,豊中市
https://shop.smt.docomo.ne.jp/shop_detail/0601601246400/index.html,docomo-shop-fukuchiyama,ドコモショップ福知山店,福知山市
https://shop.smt.docomo.ne.jp/shop_detail/0601601246500/index.html,docomo-shop-mineyama,ドコモショップ峰山店,京丹後市
https://shop.smt.docomo.ne.jp/shop_detail/0601601246900/index.html,docomo-shop-takarazuka,ドコモショップ宝塚店,宝塚市
https://shop.smt.docomo.ne.jp/shop_detail/0601601247000/index.html,docomo-shop-kawanishi,ドコモショップ川西店,川西市
https://shop.smt.docomo.ne.jp/shop_detail/0601601247100/index.html,docomo-shop-kawanishi-tada,ドコモショップ川西多田店,川西市
https://shop.smt.docomo.ne.jp/shop_detail/0601601248500/index.html,docomo-shop-miki-shijimi,ドコモショップ三木志染店,三木市
https://shop.smt.docomo.ne.jp/shop_detail/0601601249600/index.html,docomo-shop-esaka,ドコモショップ江坂店,吹田市
https://shop.smt.docomo.ne.jp/shop_detail/0601601249700/index.html,docomo-shop-lalaport-kadoma,ドコモショップららぽーと門真店,門真市
https://shop.smt.docomo.ne.jp/shop_detail/0601601269500/index.html,docomo-shop-diamoru,ドコモショップディアモール店,大阪市北区
https://shop.smt.docomo.ne.jp/shop_detail/0601601269600/index.html,docomo-shop-oura,ドコモショップ大浦店,和歌山市
https://shop.smt.docomo.ne.jp/shop_detail/0601601270200/index.html,docomo-shop-yamashina,ドコモショップ山科店,京都市山科区
https://shop.smt.docomo.ne.jp/shop_detail/0601601271000/index.html,docomo-shop-mikage-kurasse,ドコモショップ御影クラッセ店,神戸市東灘区
https://shop.smt.docomo.ne.jp/shop_detail/0601601276800/index.html,docomo-shop-wakayama-kita,ドコモショップ和歌山北店,和歌山市
https://shop.smt.docomo.ne.jp/shop_detail/0601601285100/index.html,docomo-shop-tanabe-shinjo,ドコモショップ田辺新庄店,田辺市
https://shop.smt.docomo.ne.jp/shop_detail/0601601285500/index.html,docomo-shop-katada,ドコモショップ堅田店,大津市
https://shop.smt.docomo.ne.jp/shop_detail/0601601285700/index.html,docomo-shop-koga,ドコモショップ甲賀店,甲賀市
https://shop.smt.docomo.ne.jp/shop_detail/0601601285800/index.html,docomo-shop-adogawa,ドコモショップ安曇川店,高島市
https://shop.smt.docomo.ne.jp/shop_detail/0601601285900/index.html,docomo-shop-shiga-takatsuki,ドコモショップ滋賀高月店,長浜市
https://shop.smt.docomo.ne.jp/shop_detail/0601601286000/index.html,docomo-shop-nishi-otsu,ドコモショップ西大津店,大津市
https://shop.smt.docomo.ne.jp/shop_detail/0601601286600/index.html,docomo-shop-kainan,ドコモショップ海南店,海南市
https://shop.smt.docomo.ne.jp/shop_detail/0601601286700/index.html,docomo-shop-mishima,ドコモショップ箕島店,有田市
https://shop.smt.docomo.ne.jp/shop_detail/0601601287000/index.html,docomo-shop-utashimabashi,ドコモショップ歌島橋店,大阪市西淀川区
https://shop.smt.docomo.ne.jp/shop_detail/0601601287400/index.html,docomo-shop-shingu,ドコモショップ新宮店（和歌山県）,新宮市
https://shop.smt.docomo.ne.jp/shop_detail/0601601288100/index.html,docomo-shop-gamo-yon-chome,ドコモショップ蒲生四丁目店,大阪市城東区
https://shop.smt.docomo.ne.jp/shop_detail/0601601288500/index.html,docomo-shop-tatsu-no,ドコモショップたつの店,たつの市
https://shop.smt.docomo.ne.jp/shop_detail/0601601288600/index.html,docomo-shop-shikama,ドコモショップ飾磨店,姫路市飾磨区
https://shop.smt.docomo.ne.jp/shop_detail/0601601288700/index.html,docomo-shop-daito-minami,ドコモショップ大東南店,大東市
https://shop.smt.docomo.ne.jp/shop_detail/0601601289300/index.html,docomo-shop-nara-yasuragi-dori,ドコモショップ奈良やすらぎ通り店,奈良市
https://shop.smt.docomo.ne.jp/shop_detail/0601601289800/index.html,docomo-shop-tokiwahigashi,ドコモショップ常盤東店,京都市右京区
https://shop.smt.docomo.ne.jp/shop_detail/0601601290500/index.html,docomo-shop-yamato-hachiboku,ドコモショップ大和八木店,橿原市
https://shop.smt.docomo.ne.jp/shop_detail/0601601290600/index.html,docomo-shop-yamashina-nagitsuji,ドコモショップ山科椥辻店,京都市山科区
https://shop.smt.docomo.ne.jp/shop_detail/0601601291700/index.html,docomo-shop-kusatsu,ドコモショップ草津店,草津市
https://shop.smt.docomo.ne.jp/shop_detail/0601601291900/index.html,docomo-shop-hankyu-nishinomiya-gadenzu,ドコモショップ阪急西宮ガーデンズ店,西宮市
https://shop.smt.docomo.ne.jp/shop_detail/0601601292000/index.html,docomo-shop-esaka-eki-higashi,ドコモショップ江坂駅東店,吹田市
https://shop.smt.docomo.ne.jp/shop_detail/0601601292300/index.html,docomo-shop-aeon-mall-kusatsu,ドコモショップイオンモール草津店,草津市
https://shop.smt.docomo.ne.jp/shop_detail/0601601297600/index.html,docomo-shop-aeon-mall-inagawa,ドコモショップイオンモール猪名川店,川辺郡猪名川町
https://shop.smt.docomo.ne.jp/shop_detail/0601601298000/index.html,docomo-shop-hommachi,ドコモショップ本町店,大阪市中央区
https://shop.smt.docomo.ne.jp/shop_detail/0601601298100/index.html,docomo-shop-aeon-mall-dainichi,ドコモショップイオンモール大日店,守口市
https://shop.smt.docomo.ne.jp/shop_detail/0601601303600/index.html,docomo-shop-aeon-mall-kashihara,ドコモショップイオンモール橿原店,橿原市
https://shop.smt.docomo.ne.jp/shop_detail/0601601348700/index.html,docomo-shop-itayado,ドコモショップ板宿店,神戸市須磨区
https://shop.smt.docomo.ne.jp/shop_detail/0601601352600/index.html,docomo-shop-hoden,ドコモショップ宝殿店,高砂市
https://shop.smt.docomo.ne.jp/shop_detail/0601601352700/index.html,docomo-shop-ikawadani,ドコモショップ伊川谷店,神戸市西区
https://shop.smt.docomo.ne.jp/shop_detail/0601601352800/index.html,docomo-shop-yahata-minami,ドコモショップ八幡南店,近江八幡市
https://shop.smt.docomo.ne.jp/shop_detail/0601601355600/index.html,docomo-shop-himeji-hanata,ドコモショップ姫路花田店,姫路市
https://shop.smt.docomo.ne.jp/shop_detail/0601601355900/index.html,docomo-shop-moriyama-en-ma-do,ドコモショップ守山えんま堂店,守山市
https://shop.smt.docomo.ne.jp/shop_detail/0601601359500/index.html,docomo-shop-himeji-tsujii,ドコモショップ姫路辻井店,姫路市
https://shop.smt.docomo.ne.jp/shop_detail/0601601360600/index.html,docomo-shop-a-be-chika,ドコモショップあべちか店,大阪市天王寺区
https://shop.smt.docomo.ne.jp/shop_detail/0601601500500/index.html,docomo-shop-aeon-mall-kyoto-katsuragawa,ドコモショップイオンモール京都桂川店,京都市南区
https://shop.smt.docomo.ne.jp/shop_detail/0601601501400/index.html,docomo-shop-kobe-koakitamachi,ドコモショップ神戸コアキタマチ店,神戸市北区
https://shop.smt.docomo.ne.jp/shop_detail/0601601523300/index.html,docomo-shop-sateraito-shijo-dori,ドコモショップサテライト四条通り店,京都市下京区
https://shop.smt.docomo.ne.jp/shop_detail/0690910520400/index.html,docomo-shop-daito,ドコモショップ大東店,大東市
https://shop.smt.docomo.ne.jp/shop_detail/0690910520500/index.html,docomo-shop-aeon-mall-tsurumi-ryokuchi,ドコモショップイオンモール鶴見緑地店,大阪市鶴見区
https://shop.smt.docomo.ne.jp/shop_detail/0690910520600/index.html,docomo-shop-sakai,ドコモショップ堺店,堺市堺区
https://shop.smt.docomo.ne.jp/shop_detail/0690910543400/index.html,docomo-shop-himeji-shiyakushomae,ドコモショップ姫路市役所前店,姫路市
https://shop.smt.docomo.ne.jp/shop_detail/0690910577700/index.html,docomo-shop-namba-midosuji,ドコモショップなんば御堂筋店,大阪市中央区
https://shop.smt.docomo.ne.jp/shop_detail/0690910659800/index.html,docomo-shop-aeon-mall-sakai-teppo-machi,ドコモショップイオンモール堺鉄砲町店,堺市堺区
https://shop.smt.docomo.ne.jp/shop_detail/0690910659900/index.html,docomo-shop-aeon-mall-rin-kuu-sennan,ドコモショップイオンモールりんくう泉南店,泉南市
https://shop.smt.docomo.ne.jp/shop_detail/0690910835200/index.html,docomo-shop-suzuran-dai,ドコモショップすずらん台店,神戸市北区
https://shop.smt.docomo.ne.jp/shop_detail/0690910835300/index.html,docomo-shop-keihan-shiti-moru,ドコモショップ京阪シティモール店,大阪市中央区
https://shop.smt.docomo.ne.jp/shop_detail/0690910835400/index.html,docomo-shop-suminoe-koen,ドコモショップ住之江公園店,大阪市住之江区
https://shop.smt.docomo.ne.jp/shop_detail/0690910905000/index.html,docomo-shop-amagasaki,ドコモショップ尼崎店,尼崎市
https://shop.smt.docomo.ne.jp/shop_detail/0690910905600/index.html,docomo-shop-sakasegawa,ドコモショップ逆瀬川店,宝塚市
https://shop.smt.docomo.ne.jp/shop_detail/0690910906000/index.html,docomo-shop-kobe-eki-mae,ドコモショップ神戸駅前店,神戸市中央区
https://shop.smt.docomo.ne.jp/shop_detail/0690910907000/index.html,docomo-shop-hachinohe-no-sato,ドコモショップ八戸ノ里店,東大阪市
https://shop.smt.docomo.ne.jp/shop_detail/0690910908100/index.html,docomo-shop-takarazuka-yamamoto,ドコモショップ宝塚山本店,宝塚市
https://shop.smt.docomo.ne.jp/shop_detail/0690910915000/index.html,docomo-shop-kishiwada,ドコモショップ岸和田店,岸和田市
https://shop.smt.docomo.ne.jp/shop_detail/0690910915200/index.html,docomo-shop-izumigaoka,ドコモショップ泉ケ丘店,堺市南区
https://shop.smt.docomo.ne.jp/shop_detail/0690910915500/index.html,docomo-shop-ario-otori,ドコモショップアリオ鳳店,堺市西区
https://shop.smt.docomo.ne.jp/shop_detail/0690910915600/index.html,docomo-shop-nakamozu,ドコモショップ中百舌鳥店,堺市北区
https://shop.smt.docomo.ne.jp/shop_detail/0690910938800/index.html,docomo-shop-komyoike,ドコモショップ光明池店,堺市南区
https://shop.smt.docomo.ne.jp/shop_detail/0690910941500/index.html,docomo-shop-aioi,ドコモショップ相生店,相生市
https://shop.smt.docomo.ne.jp/shop_detail/0690910942000/index.html,docomo-shop-senrichuo,ドコモショップ千里中央店,豊中市
https://shop.smt.docomo.ne.jp/shop_detail/0690910946100/index.html,docomo-shop-shin-nagata-ekimae,ドコモショップ新長田駅前店,神戸市長田区
https://shop.smt.docomo.ne.jp/shop_detail/0690910981100/index.html,docomo-shop-mukonoso,ドコモショップ武庫之荘店,尼崎市
https://shop.smt.docomo.ne.jp/shop_detail/0690911151000/index.html,docomo-shop-kobe-nagata,ドコモショップ神戸長田店,神戸市長田区
https://shop.smt.docomo.ne.jp/shop_detail/0690911151200/index.html,docomo-shop-kyobashi,ドコモショップ京橋店,大阪市都島区
https://shop.smt.docomo.ne.jp/shop_detail/0690911151400/index.html,docomo-shop-etore-toyonaka,ドコモショップエトレ豊中店,豊中市
https://shop.smt.docomo.ne.jp/shop_detail/0690911151500/index.html,docomo-shop-sebun-paku-amami,ドコモショップセブンパーク天美店,松原市
https://shop.smt.docomo.ne.jp/shop_detail/0690911153100/index.html,docomo-shop-harima-taishi,ドコモショップ播磨太子店,揖保郡太子町
https://shop.smt.docomo.ne.jp/shop_detail/0690911153200/index.html,docomo-shop-nodahanshin,ドコモショップ野田阪神店,大阪市福島区
https://shop.smt.docomo.ne.jp/shop_detail/0690911165100/index.html,docomo-shop-konan,ドコモショップ甲南店,神戸市東灘区
https://shop.smt.docomo.ne.jp/shop_detail/0690911165200/index.html,docomo-shop-aeon-mall-kyoto,ドコモショップイオンモールＫＹＯＴＯ店,京都市南区
https://shop.smt.docomo.ne.jp/shop_detail/0690911165300/index.html,docomo-shop-aeon-mall-ibaragi,ドコモショップイオンモール茨木店,茨木市
https://shop.smt.docomo.ne.jp/shop_detail/0690911165400/index.html,docomo-shop-nishinomiya,ドコモショップ西宮店,西宮市
https://shop.smt.docomo.ne.jp/shop_detail/0690911165500/index.html,docomo-shop-otsu,ドコモショップ大津店（滋賀県）,大津市
https://shop.smt.docomo.ne.jp/shop_detail/0690911165600/index.html,docomo-shop-ikeda,ドコモショップ池田店（大阪府）,池田市
https://shop.smt.docomo.ne.jp/shop_detail/0690911165700/index.html,docomo-shop-tennoji-mio,ドコモショップ天王寺ミオ店,大阪市天王寺区
https://shop.smt.docomo.ne.jp/shop_detail/0690911165800/index.html,docomo-shop-nagaokakyo,ドコモショップ長岡京店,長岡京市
https://shop.smt.docomo.ne.jp/shop_detail/0690911165900/index.html,docomo-shop-izumi-fuchu,ドコモショップ和泉府中店,和泉市
https://shop.smt.docomo.ne.jp/shop_detail/0690911605100/index.html,docomo-shop-fujiidera,ドコモショップ藤井寺店,藤井寺市
https://shop.smt.docomo.ne.jp/shop_detail/0690911605300/index.html,docomo-shop-neyagawa,ドコモショップ寝屋川店,寝屋川市
https://shop.smt.docomo.ne.jp/shop_detail/0690911605500/index.html,docomo-shop-aeon-taun-matsubara,ドコモショップイオンタウン松原店,松原市
https://shop.smt.docomo.ne.jp/shop_detail/0690911605600/index.html,docomo-shop-tondabayashi,ドコモショップ富田林店,富田林市
https://shop.smt.docomo.ne.jp/shop_detail/0690911605700/index.html,docomo-shop-kitahanada,ドコモショップ北花田店,堺市北区
https://shop.smt.docomo.ne.jp/shop_detail/0690911605800/index.html,docomo-shop-kawachinagano,ドコモショップ河内長野店,河内長野市
https://shop.smt.docomo.ne.jp/shop_detail/0690911606000/index.html,docomo-shop-nangai-shi-ekimae,ドコモショップ南海市駅前店,和歌山市
https://shop.smt.docomo.ne.jp/shop_detail/0690911606100/index.html,docomo-shop-aeon-taun-kishigawa,ドコモショップイオンタウン貴志川店,紀の川市
https://shop.smt.docomo.ne.jp/shop_detail/0690911606200/index.html,docomo-shop-tanabe,ドコモショップ田辺店,田辺市
https://shop.smt.docomo.ne.jp/shop_detail/0690911606300/index.html,docomo-shop-iwade,ドコモショップ岩出店,岩出市
https://shop.smt.docomo.ne.jp/shop_detail/0690911606500/index.html,docomo-shop-kuzu-wa-moru,ドコモショップくずはモール店,枚方市
https://shop.smt.docomo.ne.jp/shop_detail/0690911606800/index.html,docomo-shop-maiko,ドコモショップ舞子店,神戸市垂水区
https://shop.smt.docomo.ne.jp/shop_detail/0690911607000/index.html,docomo-shop-fukaebashi,ドコモショップ深江橋店,大阪市東成区
https://shop.smt.docomo.ne.jp/shop_detail/0690911607500/index.html,docomo-shop-fushimi-fukakusa,ドコモショップ伏見深草店,京都市伏見区
https://shop.smt.docomo.ne.jp/shop_detail/0690911607600/index.html,docomo-shop-uji-okubo,ドコモショップ宇治大久保店,宇治市
https://shop.smt.docomo.ne.jp/shop_detail/0690911608000/index.html,docomo-shop-kitaoji-karasuma,ドコモショップ北大路烏丸店,京都市北区
https://shop.smt.docomo.ne.jp/shop_detail/0690911609500/index.html,docomo-shop-nishinakajima,ドコモショップ西中島店,大阪市淀川区
https://shop.smt.docomo.ne.jp/shop_detail/0690911609600/index.html,docomo-shop-tsukashin,ドコモショップつかしん店,尼崎市
https://shop.smt.docomo.ne.jp/shop_detail/0690911611000/index.html,docomo-shop-kyotanabe,ドコモショップ京田辺店,京田辺市
https://shop.smt.docomo.ne.jp/shop_detail/0690911645000/index.html,docomo-shop-tenjimbashi,ドコモショップ天神橋店,大阪市北区
https://shop.smt.docomo.ne.jp/shop_detail/0690911685000/index.html,docomo-shop-kakogawa-nikkepakutaun,ドコモショップ加古川ニッケパークタウン店,加古川市
https://shop.smt.docomo.ne.jp/shop_detail/0690911715500/index.html,docomo-shop-namba-city,ドコモショップなんばＣＩＴＹ店,大阪市中央区
https://shop.smt.docomo.ne.jp/shop_detail/0690913711100/index.html,docomo-shop-ashiya,ドコモショップ芦屋店,芦屋市
https://shop.smt.docomo.ne.jp/shop_detail/0690913770100/index.html,docomo-shop-tenri,ドコモショップ天理店,天理市
https://shop.smt.docomo.ne.jp/shop_detail/0690913770200/index.html,docomo-shop-saidaiji,ドコモショップ西大寺店（奈良県）,奈良市
https://shop.smt.docomo.ne.jp/shop_detail/0690913770300/index.html,docomo-shop-yamatotakada,ドコモショップ大和高田店,大和高田市
https://shop.smt.docomo.ne.jp/shop_detail/0690913770400/index.html,docomo-shop-aeon-mall-takanohara,ドコモショップイオンモール高の原店,木津川市
https://shop.smt.docomo.ne.jp/shop_detail/0690913770600/index.html,docomo-shop-momodani,ドコモショップ桃谷店,大阪市生野区
https://shop.smt.docomo.ne.jp/shop_detail/0690914014100/index.html,docomo-shop-tenri-chuo,ドコモショップ天理中央店,天理市
https://shop.smt.docomo.ne.jp/shop_detail/0690914076700/index.html,docomo-shop-hannan,ドコモショップ阪南店,阪南市
https://shop.smt.docomo.ne.jp/shop_detail/0690914076900/index.html,docomo-shop-yao-sakuragaoka,ドコモショップ八尾桜ヶ丘店,八尾市
https://shop.smt.docomo.ne.jp/shop_detail/0690914077400/index.html,docomo-shop-nagase,ドコモショップ長瀬店,東大阪市
https://shop.smt.docomo.ne.jp/shop_detail/0690914090000/index.html,docomo-shop-ikoma,ドコモショップ生駒店,生駒市
https://shop.smt.docomo.ne.jp/shop_detail/0690915570200/index.html,docomo-shop-yodoyabashi,ドコモショップ淀屋橋店,大阪市中央区
https://shop.smt.docomo.ne.jp/shop_detail/0690920280300/index.html,docomo-shop-miki,ドコモショップ三木店（兵庫県）,三木市
https://shop.smt.docomo.ne.jp/shop_detail/0690920280400/index.html,docomo-shop-hankyu-itami,ドコモショップ阪急伊丹店,伊丹市
https://shop.smt.docomo.ne.jp/shop_detail/0690920280600/index.html,docomo-shop-seishinchuo,ドコモショップ西神中央店,神戸市西区
https://shop.smt.docomo.ne.jp/shop_detail/0690920320300/index.html,docomo-shop-sumoto,ドコモショップ洲本店,洲本市
https://shop.smt.docomo.ne.jp/shop_detail/0690920520700/index.html,docomo-shop-shin-mita,ドコモショップ新三田店,三田市
https://shop.smt.docomo.ne.jp/shop_detail/0690920700200/index.html,docomo-shop-aeon-mita-udditaun,ドコモショップイオン三田ウッディタウン店,三田市
https://shop.smt.docomo.ne.jp/shop_detail/0690920720100/index.html,docomo-shop-tamba-kashiwabara,ドコモショップ丹波柏原店,丹波市
https://shop.smt.docomo.ne.jp/shop_detail/0690920750100/index.html,docomo-shop-nishiwaki,ドコモショップ西脇店,西脇市
https://shop.smt.docomo.ne.jp/shop_detail/0690930230500/index.html,docomo-shop-katsura,ドコモショップ桂店,京都市西京区
https://shop.smt.docomo.ne.jp/shop_detail/0690930238800/index.html,docomo-shop-omihachiman,ドコモショップ近江八幡店,近江八幡市
https://shop.smt.docomo.ne.jp/shop_detail/0690930810100/index.html,docomo-shop-kawaramachi-maruta-machi,ドコモショップ河原町丸太町店,京都市上京区
https://shop.smt.docomo.ne.jp/shop_detail/0690950090100/index.html,docomo-shop-wadayama,ドコモショップ和田山店,朝来市
https://shop.smt.docomo.ne.jp/shop_detail/0690950090200/index.html,docomo-shop-kakogawa,ドコモショップ加古川店,加古川市
https://shop.smt.docomo.ne.jp/shop_detail/0690950090300/index.html,docomo-shop-himeji-nishi,ドコモショップ姫路西店,姫路市
https://shop.smt.docomo.ne.jp/shop_detail/0690950090500/index.html,docomo-shop-toyooka,ドコモショップ豊岡店,豊岡市
https://shop.smt.docomo.ne.jp/shop_detail/0690950606000/index.html,docomo-shop-shisawa,ドコモショップ宍粟店,宍粟市
https://shop.smt.docomo.ne.jp/shop_detail/0690950606100/index.html,docomo-shop-kasai,ドコモショップ加西店,加西市
https://shop.smt.docomo.ne.jp/shop_detail/0690960020200/index.html,docomo-shop-sentoraru-shiti-wakayama,ドコモショップセントラルシティ和歌山店,和歌山市
https://shop.smt.docomo.ne.jp/shop_detail/0690960030000/index.html,docomo-shop-aeon-mall-wakayama,ドコモショップイオンモール和歌山店,和歌山市
https://shop.smt.docomo.ne.jp/shop_detail/0690960240500/index.html,docomo-shop-tanabe-baipasu,ドコモショップ田辺バイパス店,田辺市
https://shop.smt.docomo.ne.jp/shop_detail/0690960240600/index.html,docomo-shop-arita,ドコモショップ有田店（和歌山県）,有田郡有田川町
https://shop.smt.docomo.ne.jp/shop_detail/0690960240800/index.html,docomo-shop-wakayama-higashi,ドコモショップ和歌山東店,和歌山市
https://shop.smt.docomo.ne.jp/shop_detail/0690960243000/index.html,docomo-shop-gobo,ドコモショップ御坊店,御坊市
https://shop.smt.docomo.ne.jp/shop_detail/0690970150100/index.html,docomo-shop-kashiba,ドコモショップ香芝店,香芝市
https://shop.smt.docomo.ne.jp/shop_detail/0690970150200/index.html,docomo-shop-gojo,ドコモショップ五條店,五條市
https://shop.smt.docomo.ne.jp/shop_detail/0690970150300/index.html,docomo-shop-nara-chuo,ドコモショップ奈良中央店,奈良市
https://shop.smt.docomo.ne.jp/shop_detail/0690970170900/index.html,docomo-shop-tawaramoto,ドコモショップ田原本店（奈良県）,磯城郡田原本町
https://shop.smt.docomo.ne.jp/shop_detail/0690970172100/index.html,docomo-shop-gakken-kita-ikoma,ドコモショップ学研北生駒店,生駒市
https://shop.smt.docomo.ne.jp/shop_detail/0690970172900/index.html,docomo-shop-minami-nara,ドコモショップ南奈良店,奈良市
https://shop.smt.docomo.ne.jp/shop_detail/0690980067000/index.html,docomo-shop-nagahama,ドコモショップ長浜店,長浜市
https://shop.smt.docomo.ne.jp/shop_detail/0690980067100/index.html,docomo-shop-ritto,ドコモショップ栗東店,栗東市
https://shop.smt.docomo.ne.jp/shop_detail/0690980067300/index.html,docomo-shop-minami-hikone,ドコモショップ南彦根店,彦根市
https://shop.smt.docomo.ne.jp/shop_detail/0690980067500/index.html,docomo-shop-yokaichi,ドコモショップ八日市店,東近江市
https://shop.smt.docomo.ne.jp/shop_detail/0690980068800/index.html,docomo-shop-hikone,ドコモショップ彦根店,彦根市
https://shop.smt.docomo.ne.jp/shop_detail/0701700019500/index.html,docomo-shop-fujiguran-midorii,ドコモショップフジグラン緑井店,広島市安佐南区
https://shop.smt.docomo.ne.jp/shop_detail/0701700021500/index.html,docomo-shop-innoshima,ドコモショップ因島店,尾道市
https://shop.smt.docomo.ne.jp/shop_detail/0701700034200/index.html,docomo-shop-ota,ドコモショップ大田店,大田市
https://shop.smt.docomo.ne.jp/shop_detail/0701700035300/index.html,docomo-shop-nimi,ドコモショップ新見店,新見市
https://shop.smt.docomo.ne.jp/shop_detail/0701700035600/index.html,docomo-shop-okayama-seto,ドコモショップ岡山瀬戸店,岡山市東区
https://shop.smt.docomo.ne.jp/shop_detail/0701700043400/index.html,docomo-shop-okayama-minami,ドコモショップ岡山南店,岡山市南区
https://shop.smt.docomo.ne.jp/shop_detail/0701700050500/index.html,docomo-shop-shin-shimonoseki,ドコモショップ新下関店,下関市
https://shop.smt.docomo.ne.jp/shop_detail/0701700050600/index.html,docomo-shop-shin-yamaguchi,ドコモショップ新山口店,山口市
https://shop.smt.docomo.ne.jp/shop_detail/0701700063600/index.html,docomo-shop-daianji,ドコモショップ大安寺店,岡山市北区
https://shop.smt.docomo.ne.jp/shop_detail/0701700097800/index.html,docomo-shop-higashi-onomichi,ドコモショップ東尾道店,尾道市
https://shop.smt.docomo.ne.jp/shop_detail/0701700099700/index.html,docomo-shop-yumetaun-hiroshima,ドコモショップゆめタウン広島店,広島市南区
https://shop.smt.docomo.ne.jp/shop_detail/0701700114500/index.html,docomo-shop-hiroshima-hikari-machi,ドコモショップ広島光町店,広島市東区
https://shop.smt.docomo.ne.jp/shop_detail/0701700137200/index.html,docomo-shop-kaike-r-431,ドコモショップ皆生Ｒ４３１店,米子市
https://shop.smt.docomo.ne.jp/shop_detail/0701700137400/index.html,docomo-shop-nishihiro-to,ドコモショップ西広島店,広島市西区
https://shop.smt.docomo.ne.jp/shop_detail/0701700157600/index.html,docomo-shop-kanemitsu,ドコモショップ金光店,浅口市
https://shop.smt.docomo.ne.jp/shop_detail/0701700169600/index.html,docomo-shop-yumetaun-hatsukaichi-shi,ドコモショップゆめタウン廿日市店,廿日市
https://shop.smt.docomo.ne.jp/shop_detail/0701700206000/index.html,docomo-shop-hofu,ドコモショップ防府店,防府市
https://shop.smt.docomo.ne.jp/shop_detail/0701700220000/index.html,docomo-shop-onomichi,ドコモショップ尾道店,尾道市
https://shop.smt.docomo.ne.jp/shop_detail/0701700235000/index.html,docomo-shop-takahashi,ドコモショップ高梁店,高梁市
https://shop.smt.docomo.ne.jp/shop_detail/0701700235100/index.html,docomo-shop-sera,ドコモショップせら店,世羅郡世羅町
https://shop.smt.docomo.ne.jp/shop_detail/0701700246800/index.html,docomo-shop-matsue-minami,ドコモショップ松江南店,松江市
https://shop.smt.docomo.ne.jp/shop_detail/0701700257400/index.html,docomo-shop-kojima,ドコモショップ児島店,倉敷市
https://shop.smt.docomo.ne.jp/shop_detail/0701700267300/index.html,docomo-shop-kuze,ドコモショップ久世店,真庭市
https://shop.smt.docomo.ne.jp/shop_detail/0701700271700/index.html,docomo-shop-sakaiminato,ドコモショップ境港店,境港市
https://shop.smt.docomo.ne.jp/shop_detail/0701700278900/index.html,docomo-shop-higashikawara,ドコモショップ東川原店,岡山市中区
https://shop.smt.docomo.ne.jp/shop_detail/0701700279000/index.html,docomo-shop-ando,ドコモショップ安東店,広島市安佐南区
https://shop.smt.docomo.ne.jp/shop_detail/0701700279200/index.html,docomo-shop-ko-yo,ドコモショップ高陽店,広島市安佐北区
https://shop.smt.docomo.ne.jp/shop_detail/0701700279700/index.html,docomo-shop-akebono,ドコモショップあけぼの店,福山市
https://shop.smt.docomo.ne.jp/shop_detail/0701700279900/index.html,docomo-shop-temmaya-hapizu-saidaiji-moru,ドコモショップ天満屋ハピーズ西大寺モール店,岡山市東区
https://shop.smt.docomo.ne.jp/shop_detail/0701700280000/index.html,docomo-shop-hirai,ドコモショップ平井店（岡山県）,岡山市中区
https://shop.smt.docomo.ne.jp/shop_detail/0701700291600/index.html,docomo-shop-hoshi-puraza-shimomatsu,ドコモショップ星プラザ下松店,下松市
https://shop.smt.docomo.ne.jp/shop_detail/0701700291800/index.html,docomo-shop-higashikoyodai,ドコモショップ東紅陽台店,玉野市
https://shop.smt.docomo.ne.jp/shop_detail/0701700296200/index.html,docomo-shop-mine,ドコモショップ美祢店,美祢市
https://shop.smt.docomo.ne.jp/shop_detail/0701700310500/index.html,docomo-shop-shobara,ドコモショップ庄原店,庄原市
https://shop.smt.docomo.ne.jp/shop_detail/0701700310600/index.html,docomo-shop-yumetaun-otake,ドコモショップゆめタウン大竹店,大竹市
https://shop.smt.docomo.ne.jp/shop_detail/0701700310700/index.html,docomo-shop-kaita,ドコモショップ海田店,安芸郡海田町
https://shop.smt.docomo.ne.jp/shop_detail/0701700311400/index.html,docomo-shop-mitoya,ドコモショップ三刀屋店,雲南市
https://shop.smt.docomo.ne.jp/shop_detail/0701700311800/index.html,docomo-shop-misaku,ドコモショップ美作店,美作市
https://shop.smt.docomo.ne.jp/shop_detail/0701700312400/index.html,docomo-shop-chiyoda,ドコモショップ千代田店,山県郡北広島町
https://shop.smt.docomo.ne.jp/shop_detail/0701700312500/index.html,docomo-shop-tottori-koyama,ドコモショップ鳥取湖山店,鳥取市
https://shop.smt.docomo.ne.jp/shop_detail/0701700312800/index.html,docomo-shop-iwakuni-chuo,ドコモショップ岩国中央店,岩国市
https://shop.smt.docomo.ne.jp/shop_detail/0701700313400/index.html,docomo-shop-hofu-hachioji,ドコモショップ防府八王子店,防府市
https://shop.smt.docomo.ne.jp/shop_detail/0701700313500/index.html,docomo-shop-hikari,ドコモショップ光店,光市
https://shop.smt.docomo.ne.jp/shop_detail/0701700314200/index.html,docomo-shop-gotsu,ドコモショップ江津店,江津市
https://shop.smt.docomo.ne.jp/shop_detail/0701700314300/index.html,docomo-shop-kurose,ドコモショップ黒瀬店,東広島市
https://shop.smt.docomo.ne.jp/shop_detail/0701700403100/index.html,docomo-shop-zao,ドコモショップ蔵王店,福山市
https://shop.smt.docomo.ne.jp/shop_detail/0701700445200/index.html,docomo-shop-fujiguran-mihara,ドコモショップフジグラン三原店,三原市
https://shop.smt.docomo.ne.jp/shop_detail/0701700445500/index.html,docomo-shop-fujiguran-higashihiroshima,ドコモショップフジグラン東広島店,東広島市
https://shop.smt.docomo.ne.jp/shop_detail/0701700485400/index.html,docomo-shop-bizen,ドコモショップ備前店,備前市
https://shop.smt.docomo.ne.jp/shop_detail/0701700492100/index.html,docomo-shop-fukuyama-kita,ドコモショップ福山北店,福山市
https://shop.smt.docomo.ne.jp/shop_detail/0701700595200/index.html,docomo-shop-tottori-ogimachi,ドコモショップ鳥取扇町店,鳥取市
https://shop.smt.docomo.ne.jp/shop_detail/0701700656400/index.html,docomo-shop-yasugi,ドコモショップ安来店,安来市
https://shop.smt.docomo.ne.jp/shop_detail/0701700657100/index.html,docomo-shop-aru-paku,ドコモショップアルパーク店,広島市西区
https://shop.smt.docomo.ne.jp/shop_detail/0701700665100/index.html,docomo-shop-tsuyama-inter,ドコモショップ津山インター店,津山市
https://shop.smt.docomo.ne.jp/shop_detail/0701700820900/index.html,docomo-shop-midori-machi,ドコモショップ翠町店,広島市南区
https://shop.smt.docomo.ne.jp/shop_detail/0701700851400/index.html,docomo-shop-ujina-bei-eria,ドコモショップ宇品ベイエリア店,広島市南区
https://shop.smt.docomo.ne.jp/shop_detail/0701700853100/index.html,docomo-shop-kurashiki-sasaoki,ドコモショップ倉敷笹沖店,倉敷市
https://shop.smt.docomo.ne.jp/shop_detail/0701700857200/index.html,docomo-shop-aeon-mall-hiroshima-fuchu,ドコモショップイオンモール広島府中店,安芸郡府中町
https://shop.smt.docomo.ne.jp/shop_detail/0701700857300/index.html,docomo-shop-ouchi,ドコモショップ大内店,山口市
https://shop.smt.docomo.ne.jp/shop_detail/0701700858100/index.html,docomo-shop-kajiru-yokogawa,ドコモショップカジル横川店,広島市西区
https://shop.smt.docomo.ne.jp/shop_detail/0701700869500/index.html,docomo-shop-fujiguran-ube,ドコモショップフジグラン宇部店,宇部市
https://shop.smt.docomo.ne.jp/shop_detail/0701700871100/index.html,docomo-shop-ono-da-sampaku,ドコモショップおのだサンパーク店,山陽小野田市
https://shop.smt.docomo.ne.jp/shop_detail/0701700871500/index.html,docomo-shop-shiroyama-nishi-dori,ドコモショップ城山西通り店,松江市
https://shop.smt.docomo.ne.jp/shop_detail/0701700895500/index.html,docomo-shop-izumo-shi-ekiminami,ドコモショップ出雲市駅南店,出雲市
https://shop.smt.docomo.ne.jp/shop_detail/0701700895900/index.html,docomo-shop-tojo,ドコモショップ東城店,庄原市
https://shop.smt.docomo.ne.jp/shop_detail/0701700900200/index.html,docomo-shop-aeon-mall-okayama,ドコモショップイオンモール岡山店,岡山市北区
https://shop.smt.docomo.ne.jp/shop_detail/0701700903300/index.html,docomo-shop-ihara,ドコモショップ井原店,井原市
https://shop.smt.docomo.ne.jp/shop_detail/0701700903400/index.html,docomo-shop-shu-minamiichi-shinnan-yo,ドコモショップ周南新南陽店,周南市
https://shop.smt.docomo.ne.jp/shop_detail/0701700904700/index.html,docomo-shop-hiro-kokusai-dori,ドコモショップ広国際通り店,呉市
https://shop.smt.docomo.ne.jp/shop_detail/0701700904800/index.html,docomo-shop-shimonoseki-takehisa,ドコモショップ下関武久店,下関市
https://shop.smt.docomo.ne.jp/shop_detail/0701700905400/index.html,docomo-shop-tottori-shorenji,ドコモショップ鳥取正蓮寺店,鳥取市
https://shop.smt.docomo.ne.jp/shop_detail/0701700906100/index.html,docomo-shop-fujiguran-kambe,ドコモショップフジグラン神辺店,福山市
https://shop.smt.docomo.ne.jp/shop_detail/0701700906300/index.html,docomo-shop-kurayoshi-kawakita,ドコモショップ倉吉河北店,倉吉市
https://shop.smt.docomo.ne.jp/shop_detail/0701700908200/index.html,docomo-shop-yumetaun-cho-fu,ドコモショップゆめタウン長府店,下関市
https://shop.smt.docomo.ne.jp/shop_detail/0701700910600/index.html,docomo-shop-ichinomiya,ドコモショップ一宮店（岡山県）,岡山市北区
https://shop.smt.docomo.ne.jp/shop_detail/0701700910700/index.html,docomo-shop-takaya,ドコモショップ高屋店,岡山市中区
https://shop.smt.docomo.ne.jp/shop_detail/0701700911300/index.html,docomo-shop-hondori-eki-mae,ドコモショップ本通駅前店,広島市中区
https://shop.smt.docomo.ne.jp/shop_detail/0701700911900/index.html,docomo-shop-isegaoka,ドコモショップ伊勢丘店,福山市
https://shop.smt.docomo.ne.jp/shop_detail/0701700912200/index.html,docomo-shop-ji-autoretto-hiroshima,ドコモショップ　ジ　アウトレット広島店,広島市佐伯区
https://shop.smt.docomo.ne.jp/shop_detail/0701700912300/index.html,docomo-shop-tamano-meruka,ドコモショップ玉野メルカ店,玉野市
https://shop.smt.docomo.ne.jp/shop_detail/0701700912400/index.html,docomo-shop-shin-kurashiki,ドコモショップ新倉敷店,倉敷市
https://shop.smt.docomo.ne.jp/shop_detail/0701700912600/index.html,docomo-shop-aeon-mall-hiroshima-gion,ドコモショップイオンモール広島祇園店,広島市安佐南区
https://shop.smt.docomo.ne.jp/shop_detail/0701700912800/index.html,docomo-shop-aeon-mall-kurashiki,ドコモショップイオンモール倉敷店,倉敷市
https://shop.smt.docomo.ne.jp/shop_detail/0701700913300/index.html,docomo-shop-aki-takada,ドコモショップ安芸高田店,安芸高田市
https://shop.smt.docomo.ne.jp/shop_detail/0701700913800/index.html,docomo-shop-fujigurannatari,ドコモショップフジグランナタリー店,廿日市
https://shop.smt.docomo.ne.jp/shop_detail/0701700913900/index.html,docomo-shop-yumetaun-yamaguchi,ドコモショップゆめタウン山口店,山口市
https://shop.smt.docomo.ne.jp/shop_detail/0701700914000/index.html,docomo-shop-yumetaun-hikawa,ドコモショップゆめタウン斐川店,出雲市
https://shop.smt.docomo.ne.jp/shop_detail/0701700917800/index.html,docomo-shop-yumetaun-hamada,ドコモショップゆめタウン浜田店,浜田市
https://shop.smt.docomo.ne.jp/shop_detail/0701700917900/index.html,docomo-shop-masuda-takatsu,ドコモショップ益田高津店,益田市
https://shop.smt.docomo.ne.jp/shop_detail/0701700918000/index.html,docomo-shop-tsuyama-hayashida,ドコモショップ津山林田店,津山市
https://shop.smt.docomo.ne.jp/shop_detail/0701700918200/index.html,docomo-shop-yume-shiti,ドコモショップゆめシティ店,下関市
https://shop.smt.docomo.ne.jp/shop_detail/0701700918300/index.html,docomo-shop-yumetaun-minami-iwakuni,ドコモショップゆめタウン南岩国店,岩国市
https://shop.smt.docomo.ne.jp/shop_detail/0701700918400/index.html,docomo-shop-aeon-mall-izumo,ドコモショップイオンモール出雲店,出雲市
https://shop.smt.docomo.ne.jp/shop_detail/0701700920200/index.html,docomo-shop-temmaya-poto-puraza,ドコモショップ天満屋ポートプラザ店,福山市
https://shop.smt.docomo.ne.jp/shop_detail/0701700922700/index.html,docomo-shop-yamadai-mae,ドコモショップ山大前店,山口市
https://shop.smt.docomo.ne.jp/shop_detail/0701700922800/index.html,docomo-shop-chikko,ドコモショップ築港店,岡山市南区
https://shop.smt.docomo.ne.jp/shop_detail/0701700923300/index.html,docomo-shop-kabe-chuo,ドコモショップ可部中央店,広島市安佐北区
https://shop.smt.docomo.ne.jp/shop_detail/0701700924700/index.html,docomo-shop-yumetaun-oku,ドコモショップゆめタウン邑久店,瀬戸内市
https://shop.smt.docomo.ne.jp/shop_detail/0701700924800/index.html,docomo-shop-kawatana,ドコモショップ川棚店（山口県）,下関市
https://shop.smt.docomo.ne.jp/shop_detail/0701700924900/index.html,docomo-shop-yanai-chuo,ドコモショップ柳井中央店,柳井市
https://shop.smt.docomo.ne.jp/shop_detail/0701700927200/index.html,docomo-shop-tsushima,ドコモショップ津島店（岡山県）,岡山市北区
https://shop.smt.docomo.ne.jp/shop_detail/0701700927300/index.html,docomo-shop-fujiguran-aki,ドコモショップフジグラン安芸店,安芸郡坂町
https://shop.smt.docomo.ne.jp/shop_detail/0701700930200/index.html,docomo-shop-shimoru-shimonoseki,ドコモショップシーモール下関店,下関市
https://shop.smt.docomo.ne.jp/shop_detail/0701700930300/index.html,docomo-shop-ube-ekimae,ドコモショップ宇部駅前店,宇部市
https://shop.smt.docomo.ne.jp/shop_detail/0701700930500/index.html,docomo-shop-itsukaichi-shiroyama,ドコモショップ五日市城山店,広島市佐伯区
https://shop.smt.docomo.ne.jp/shop_detail/0701700931300/index.html,docomo-shop-safa-fukuyama,ドコモショップサファ福山店,福山市
https://shop.smt.docomo.ne.jp/shop_detail/0701700931800/index.html,docomo-shop-aeon-taun-hofu,ドコモショップイオンタウン防府店,防府市
https://shop.smt.docomo.ne.jp/shop_detail/0701700932600/index.html,docomo-shop-yumetaun-izumo,ドコモショップゆめタウン出雲店,出雲市
https://shop.smt.docomo.ne.jp/shop_detail/0701700934500/index.html,docomo-shop-matsue-tawa-san,ドコモショップ松江田和山店,松江市
https://shop.smt.docomo.ne.jp/shop_detail/0701700934600/index.html,docomo-shop-ario-kurashiki,ドコモショップアリオ倉敷店,倉敷市
https://shop.smt.docomo.ne.jp/shop_detail/0701700937600/index.html,docomo-shop-kurashiki-fukuda,ドコモショップ倉敷福田店,倉敷市
https://shop.smt.docomo.ne.jp/shop_detail/0701701082600/index.html,docomo-shop-hanajiri,ドコモショップ花尻店,岡山市北区
https://shop.smt.docomo.ne.jp/shop_detail/0701701123200/index.html,docomo-shop-sateraito-oki-sante-rasu,ドコモショップサテライト隠岐サンテラス店,隠岐郡隠岐の島町
https://shop.smt.docomo.ne.jp/shop_detail/0701701125500/index.html,docomo-shop-sateraito-yumetaun-etajima,ドコモショップサテライトゆめタウン江田島店,江田島市
https://shop.smt.docomo.ne.jp/shop_detail/0750434029900/index.html,docomo-shop-itsukaichi-miyajima-kaido,ドコモショップ五日市宮島街道店,広島市佐伯区
https://shop.smt.docomo.ne.jp/shop_detail/0750434449900/index.html,docomo-shop-yumetaun-kure-rekure,ドコモショップゆめタウン呉レクレ店,呉市
https://shop.smt.docomo.ne.jp/shop_detail/0750454589900/index.html,docomo-shop-mitsugi,ドコモショップ三次店,三次市
https://shop.smt.docomo.ne.jp/shop_detail/0750454829700/index.html,docomo-shop-takehara,ドコモショップ竹原店,竹原市
https://shop.smt.docomo.ne.jp/shop_detail/0750454829800/index.html,docomo-shop-hiro,ドコモショップ広店,呉市
https://shop.smt.docomo.ne.jp/shop_detail/0750454829900/index.html,docomo-shop-go,ドコモショップ呉店,呉市
https://shop.smt.docomo.ne.jp/shop_detail/0750464019800/index.html,docomo-shop-gion-shindo,ドコモショップ祇園新道店,広島市安佐南区
https://shop.smt.docomo.ne.jp/shop_detail/0750464019900/index.html,docomo-shop-funeiri,ドコモショップ舟入店,広島市中区
https://shop.smt.docomo.ne.jp/shop_detail/0750464999900/index.html,docomo-shop-hiroshima-dambara-shoppingu-senta,ドコモショップ広島段原ショッピングセンター店,広島市南区
https://shop.smt.docomo.ne.jp/shop_detail/0750484009900/index.html,docomo-shop-hiroshima-hondori,ドコモショップ広島本通店,広島市中区
https://shop.smt.docomo.ne.jp/shop_detail/0750494009800/index.html,docomo-shop-higashihiroshima,ドコモショップ東広島店,東広島市
https://shop.smt.docomo.ne.jp/shop_detail/0750514189700/index.html,docomo-shop-fuchu,ドコモショップ府中店（広島県）,府中市
https://shop.smt.docomo.ne.jp/shop_detail/0750514189800/index.html,docomo-shop-mihara-miyanoura,ドコモショップ三原宮浦店,三原市
https://shop.smt.docomo.ne.jp/shop_detail/0750555370100/index.html,docomo-shop-matsunaga,ドコモショップ松永店,福山市
https://shop.smt.docomo.ne.jp/shop_detail/0750555599900/index.html,docomo-shop-fukuyama-midori-machi,ドコモショップ福山みどり町店,福山市
https://shop.smt.docomo.ne.jp/shop_detail/0750655889800/index.html,docomo-shop-yanai,ドコモショップ柳井店,柳井市
https://shop.smt.docomo.ne.jp/shop_detail/0750655889900/index.html,docomo-shop-tokuyama,ドコモショップ徳山店,周南市
https://shop.smt.docomo.ne.jp/shop_detail/0750656099800/index.html,docomo-shop-iwakuni,ドコモショップ岩国店,岩国市
https://shop.smt.docomo.ne.jp/shop_detail/0750656099900/index.html,docomo-shop-shu-minamiichi,ドコモショップ周南店,周南市
https://shop.smt.docomo.ne.jp/shop_detail/0750656109400/index.html,docomo-shop-nagato,ドコモショップ長門店,長門市
https://shop.smt.docomo.ne.jp/shop_detail/0750656109500/index.html,docomo-shop-yamaguchi,ドコモショップ山口店,山口市
https://shop.smt.docomo.ne.jp/shop_detail/0750656109700/index.html,docomo-shop-hagi,ドコモショップ萩店,萩市
https://shop.smt.docomo.ne.jp/shop_detail/0750656109800/index.html,docomo-shop-ube,ドコモショップ宇部店,宇部市
https://shop.smt.docomo.ne.jp/shop_detail/0750756149900/index.html,docomo-shop-masuda,ドコモショップ益田店,益田市
https://shop.smt.docomo.ne.jp/shop_detail/0750756309700/index.html,docomo-shop-hamada,ドコモショップ浜田店,浜田市
https://shop.smt.docomo.ne.jp/shop_detail/0750756309800/index.html,docomo-shop-izumo,ドコモショップ出雲店,出雲市
https://shop.smt.docomo.ne.jp/shop_detail/0750756309900/index.html,docomo-shop-matsue,ドコモショップ松江店,松江市
https://shop.smt.docomo.ne.jp/shop_detail/0750757429700/index.html,docomo-shop-matsue-gakuen-dori,ドコモショップ松江学園通り店,松江市
https://shop.smt.docomo.ne.jp/shop_detail/0750856309600/index.html,docomo-shop-aeon-mall-tottori-kita,ドコモショップイオンモール鳥取北店,鳥取市
https://shop.smt.docomo.ne.jp/shop_detail/0750857429600/index.html,docomo-shop-yonago-minami,ドコモショップ米子南店,米子市
https://shop.smt.docomo.ne.jp/shop_detail/0750857429800/index.html,docomo-shop-kurayoshi,ドコモショップ倉吉店,倉吉市
https://shop.smt.docomo.ne.jp/shop_detail/0750857429900/index.html,docomo-shop-yonago,ドコモショップ米子店,米子市
https://shop.smt.docomo.ne.jp/shop_detail/0750937019900/index.html,docomo-shop-omoto,ドコモショップ大元店,岡山市北区
https://shop.smt.docomo.ne.jp/shop_detail/0750957639900/index.html,docomo-shop-kurashiki-inter,ドコモショップ倉敷インター店,倉敷市
https://shop.smt.docomo.ne.jp/shop_detail/0750957959700/index.html,docomo-shop-mizushima,ドコモショップ水島店,倉敷市
https://shop.smt.docomo.ne.jp/shop_detail/0750957959900/index.html,docomo-shop-kurashiki,ドコモショップ倉敷店,倉敷市
https://shop.smt.docomo.ne.jp/shop_detail/0750958009900/index.html,docomo-shop-kasaoka,ドコモショップ笠岡店,笠岡市
https://shop.smt.docomo.ne.jp/shop_detail/0750967079500/index.html,docomo-shop-sosha,ドコモショップ総社店,総社市
https://shop.smt.docomo.ne.jp/shop_detail/0750967079800/index.html,docomo-shop-tsuyama,ドコモショップ津山店,津山市
https://shop.smt.docomo.ne.jp/shop_detail/0750967089900/index.html,docomo-shop-saichi,ドコモショップ西市店,岡山市南区
https://shop.smt.docomo.ne.jp/shop_detail/0801800000100/index.html,docomo-shop-hiwasa,ドコモショップ日和佐店,海部郡美波町
https://shop.smt.docomo.ne.jp/shop_detail/0801800003700/index.html,docomo-shop-azushima,ドコモショップ小豆島店,小豆郡土庄町
https://shop.smt.docomo.ne.jp/shop_detail/0801800004000/index.html,docomo-shop-shigenobu,ドコモショップ重信店,東温市
https://shop.smt.docomo.ne.jp/shop_detail/0801800005800/index.html,docomo-shop-kume,ドコモショップ久米店,松山市
https://shop.smt.docomo.ne.jp/shop_detail/0801800007000/index.html,docomo-shop-uzu-shi-o-kurosaki,ドコモショップうずしお黒崎店,鳴門市
https://shop.smt.docomo.ne.jp/shop_detail/0801800007200/index.html,docomo-shop-matsuyama-kukodori,ドコモショップ松山空港通店,松山市
https://shop.smt.docomo.ne.jp/shop_detail/0801800007300/index.html,docomo-shop-suehiro,ドコモショップ末広店,徳島市
https://shop.smt.docomo.ne.jp/shop_detail/0801800007400/index.html,docomo-shop-takase,ドコモショップ高瀬店,三豊市
https://shop.smt.docomo.ne.jp/shop_detail/0801800007600/index.html,docomo-shop-takasu,ドコモショップ高須店,高知市
https://shop.smt.docomo.ne.jp/shop_detail/0801800010400/index.html,docomo-shop-tosa-doro,ドコモショップ土佐道路店,高知市
https://shop.smt.docomo.ne.jp/shop_detail/0801800013000/index.html,docomo-shop-noichi,ドコモショップ野市店,香南市
https://shop.smt.docomo.ne.jp/shop_detail/0801800223200/index.html,docomo-shop-doki,ドコモショップ土器店,丸亀市
https://shop.smt.docomo.ne.jp/shop_detail/0801800232900/index.html,docomo-shop-kochi-inter,ドコモショップ高知インター店,高知市
https://shop.smt.docomo.ne.jp/shop_detail/0801800233000/index.html,docomo-shop-ino,ドコモショップ伊野店,吾川郡いの町
https://shop.smt.docomo.ne.jp/shop_detail/0801800233200/index.html,docomo-shop-asahi-machi,ドコモショップ朝日町店,高松市
https://shop.smt.docomo.ne.jp/shop_detail/0801800238300/index.html,docomo-shop-kon-pira,ドコモショップこんぴら店,仲多度郡まんのう町
https://shop.smt.docomo.ne.jp/shop_detail/0801800238500/index.html,docomo-shop-naruto-otsu,ドコモショップ鳴門大津店,鳴門市
https://shop.smt.docomo.ne.jp/shop_detail/0801800238800/index.html,docomo-shop-matsuyama-yogo,ドコモショップ松山余戸店,松山市
https://shop.smt.docomo.ne.jp/shop_detail/0801800243900/index.html,docomo-shop-hyogo-machi,ドコモショップ兵庫町店,高松市
https://shop.smt.docomo.ne.jp/shop_detail/0801800246900/index.html,docomo-shop-yumetaun-tokushima,ドコモショップゆめタウン徳島店,板野郡藍住町
https://shop.smt.docomo.ne.jp/shop_detail/0801800258500/index.html,docomo-shop-yumetaun-takamatsu,ドコモショップゆめタウン高松店,高松市
https://shop.smt.docomo.ne.jp/shop_detail/0801800260600/index.html,docomo-shop-katsura-hama-dori,ドコモショップ桂浜通り店,高知市
https://shop.smt.docomo.ne.jp/shop_detail/0801800273400/index.html,docomo-shop-onohara,ドコモショップ大野原店,観音寺市
https://shop.smt.docomo.ne.jp/shop_detail/0801800274000/index.html,docomo-shop-aeon-mall-imabari-shin-toshi,ドコモショップイオンモール今治新都市店,今治市
https://shop.smt.docomo.ne.jp/shop_detail/0801800277800/index.html,docomo-shop-shikoku-chuo,ドコモショップ四国中央店,四国中央市
https://shop.smt.docomo.ne.jp/shop_detail/0801800300100/index.html,docomo-shop-aeon-mall-kochi,ドコモショップイオンモール高知店,高知市
https://shop.smt.docomo.ne.jp/shop_detail/0801800301500/index.html,docomo-shop-kawashima,ドコモショップ川島店,高松市
https://shop.smt.docomo.ne.jp/shop_detail/0801800301600/index.html,docomo-shop-matsuyama-inter,ドコモショップ松山インター店,松山市
https://shop.smt.docomo.ne.jp/shop_detail/0801800351700/index.html,docomo-shop-nishi,ドコモショップ西予店,西予市
https://shop.smt.docomo.ne.jp/shop_detail/0801800352300/index.html,docomo-shop-tosayamada,ドコモショップ土佐山田店,香美市
https://shop.smt.docomo.ne.jp/shop_detail/0801800354200/index.html,docomo-shop-kokubunji,ドコモショップ国分寺店（香川県）,高松市
https://shop.smt.docomo.ne.jp/shop_detail/0801800361600/index.html,docomo-shop-sagawa,ドコモショップ佐川店,高岡郡佐川町
https://shop.smt.docomo.ne.jp/shop_detail/0801800363200/index.html,docomo-shop-yon-man-ju-higashi,ドコモショップ四万十東店,四万十市
https://shop.smt.docomo.ne.jp/shop_detail/0801800363300/index.html,docomo-shop-hanamizuki,ドコモショップはなみずき店,松山市
https://shop.smt.docomo.ne.jp/shop_detail/0801800363400/index.html,docomo-shop-niihama-kawahigashi,ドコモショップ新居浜川東店,新居浜市
https://shop.smt.docomo.ne.jp/shop_detail/0801800363800/index.html,docomo-shop-shioe,ドコモショップ潮江店,高知市
https://shop.smt.docomo.ne.jp/shop_detail/0801800364800/index.html,docomo-shop-niihama-chuo,ドコモショップ新居浜中央店,新居浜市
https://shop.smt.docomo.ne.jp/shop_detail/0801800376200/index.html,docomo-shop-osu,ドコモショップ大洲店（愛媛県）,大洲市
https://shop.smt.docomo.ne.jp/shop_detail/0801800382000/index.html,docomo-shop-utazu,ドコモショップ宇多津店,綾歌郡宇多津町
https://shop.smt.docomo.ne.jp/shop_detail/0801800382300/index.html,docomo-shop-marunaka-nankoku,ドコモショップマルナカ南国店,南国市
https://shop.smt.docomo.ne.jp/shop_detail/0801800382400/index.html,docomo-shop-fujiguran-matsuyama,ドコモショップフジグラン松山店,松山市
https://shop.smt.docomo.ne.jp/shop_detail/0801800382500/index.html,docomo-shop-fujiguran-kitajima,ドコモショップフジグラン北島店,板野郡北島町
https://shop.smt.docomo.ne.jp/shop_detail/0801800383000/index.html,docomo-shop-imabari-tori-sei,ドコモショップ今治鳥生店,今治市
https://shop.smt.docomo.ne.jp/shop_detail/0801800383700/index.html,docomo-shop-yon-man-ju-nishi,ドコモショップ四万十西店,四万十市
https://shop.smt.docomo.ne.jp/shop_detail/0801800385300/index.html,docomo-shop-emifuru-masaki,ドコモショップエミフルＭＡＳＡＫＩ店,伊予郡松前町
https://shop.smt.docomo.ne.jp/shop_detail/0801800386100/index.html,docomo-shop-atago,ドコモショップ愛宕店,高知市
https://shop.smt.docomo.ne.jp/shop_detail/0801800386300/index.html,docomo-shop-gyoza,ドコモショップ御座店,高知市
https://shop.smt.docomo.ne.jp/shop_detail/0801800386700/index.html,docomo-shop-kokufu,ドコモショップ国府店（徳島県）,徳島市
https://shop.smt.docomo.ne.jp/shop_detail/0801800387200/index.html,docomo-shop-tamiya-kaido,ドコモショップ田宮街道店,徳島市
https://shop.smt.docomo.ne.jp/shop_detail/0801800389600/index.html,docomo-shop-niihama-kokudo,ドコモショップ新居浜国道店,新居浜市
https://shop.smt.docomo.ne.jp/shop_detail/0801800389700/index.html,docomo-shop-matsuyama-kinuyama,ドコモショップ松山衣山店,松山市
https://shop.smt.docomo.ne.jp/shop_detail/0801800390300/index.html,docomo-shop-yumetaun-mitoyo,ドコモショップゆめタウン三豊店,三豊市
https://shop.smt.docomo.ne.jp/shop_detail/0801800390500/index.html,docomo-shop-sakaide,ドコモショップ坂出店,坂出市
https://shop.smt.docomo.ne.jp/shop_detail/0801800390700/index.html,docomo-shop-yumetaun-marugame,ドコモショップゆめタウン丸亀店,丸亀市
https://shop.smt.docomo.ne.jp/shop_detail/0801800391100/index.html,docomo-shop-furaiburuku,ドコモショップフライブルク店,松山市
https://shop.smt.docomo.ne.jp/shop_detail/0801800414100/index.html,docomo-shop-saijo,ドコモショップ西条店（愛媛県）,西条市
https://shop.smt.docomo.ne.jp/shop_detail/0851000730100/index.html,docomo-shop-matsuyama-hirata,ドコモショップ松山平田店,松山市
https://shop.smt.docomo.ne.jp/shop_detail/0852004650700/index.html,docomo-shop-chokushi,ドコモショップ勅使店,高松市
https://shop.smt.docomo.ne.jp/shop_detail/0853051143100/index.html,docomo-shop-nihama,ドコモショップ新浜店,徳島市
https://shop.smt.docomo.ne.jp/shop_detail/0853051143300/index.html,docomo-shop-kamojima,ドコモショップ鴨島店,吉野川市
https://shop.smt.docomo.ne.jp/shop_detail/0853051143500/index.html,docomo-shop-aizumi,ドコモショップ藍住店,板野郡藍住町
https://shop.smt.docomo.ne.jp/shop_detail/0853051143600/index.html,docomo-shop-kawauchi,ドコモショップ川内店（徳島県）,徳島市
https://shop.smt.docomo.ne.jp/shop_detail/0853051143800/index.html,docomo-shop-komatsushima,ドコモショップ小松島店,小松島市
https://shop.smt.docomo.ne.jp/shop_detail/0853051144200/index.html,docomo-shop-miyoshi,ドコモショップみよし店,三好郡東みよし町
https://shop.smt.docomo.ne.jp/shop_detail/0853051144300/index.html,docomo-shop-anan,ドコモショップ阿南店,阿南市
https://shop.smt.docomo.ne.jp/shop_detail/0853051144500/index.html,docomo-shop-kamiita,ドコモショップ上板店,板野郡上板町
https://shop.smt.docomo.ne.jp/shop_detail/0853051144700/index.html,docomo-shop-okihama,ドコモショップ沖浜店,徳島市
https://shop.smt.docomo.ne.jp/shop_detail/0853051144800/index.html,docomo-shop-shimada,ドコモショップ島田店（徳島県）,徳島市
https://shop.smt.docomo.ne.jp/shop_detail/0853051145000/index.html,docomo-shop-komatsushima-obayashi,ドコモショップ小松島大林店,小松島市
https://shop.smt.docomo.ne.jp/shop_detail/0853051145100/index.html,docomo-shop-mima-shi,ドコモショップ美馬市店,美馬市
https://shop.smt.docomo.ne.jp/shop_detail/0861000980200/index.html,docomo-shop-matsuyama,ドコモショップ松山店,松山市
https://shop.smt.docomo.ne.jp/shop_detail/0861000980700/index.html,docomo-shop-hojo,ドコモショップ北条店,松山市
https://shop.smt.docomo.ne.jp/shop_detail/0861000980800/index.html,docomo-shop-imabari,ドコモショップ今治店,今治市
https://shop.smt.docomo.ne.jp/shop_detail/0861000980900/index.html,docomo-shop-yawatahama,ドコモショップ八幡浜店,八幡浜市
https://shop.smt.docomo.ne.jp/shop_detail/0861000981100/index.html,docomo-shop-matsuyama-shirominami,ドコモショップ松山城南店,伊予郡砥部町
https://shop.smt.docomo.ne.jp/shop_detail/0861000981300/index.html,docomo-shop-matsuyama-johoku,ドコモショップ松山城北店,松山市
https://shop.smt.docomo.ne.jp/shop_detail/0861000981400/index.html,docomo-shop-uwajima,ドコモショップ宇和島店,宇和島市
https://shop.smt.docomo.ne.jp/shop_detail/0861000981800/index.html,docomo-shop-iyo,ドコモショップ伊予店,伊予市
https://shop.smt.docomo.ne.jp/shop_detail/0861000981900/index.html,docomo-shop-toyo,ドコモショップ東予店,西条市
https://shop.smt.docomo.ne.jp/shop_detail/0861000982000/index.html,docomo-shop-minamiuwa,ドコモショップ南宇和店,南宇和郡愛南町
https://shop.smt.docomo.ne.jp/shop_detail/0861000982100/index.html,docomo-shop-aeon-mall-niihama,ドコモショップイオンモール新居浜店,新居浜市
https://shop.smt.docomo.ne.jp/shop_detail/0861000982200/index.html,docomo-shop-matsuyama-nishi,ドコモショップ松山西店,松山市
https://shop.smt.docomo.ne.jp/shop_detail/0861000982300/index.html,docomo-shop-matsuyama-higashi,ドコモショップ松山東店,松山市
https://shop.smt.docomo.ne.jp/shop_detail/0862004511400/index.html,docomo-shop-marugame,ドコモショップ丸亀店,丸亀市
https://shop.smt.docomo.ne.jp/shop_detail/0862004630100/index.html,docomo-shop-sambommatsu,ドコモショップ三本松店,東かがわ市
https://shop.smt.docomo.ne.jp/shop_detail/0862004630200/index.html,docomo-shop-kannonji,ドコモショップ観音寺店,観音寺市
https://shop.smt.docomo.ne.jp/shop_detail/0862004630300/index.html,docomo-shop-takamatsu-kozai,ドコモショップ高松香西店,高松市
https://shop.smt.docomo.ne.jp/shop_detail/0862004710200/index.html,docomo-shop-ota,ドコモショップ太田店（香川県）,高松市
https://shop.smt.docomo.ne.jp/shop_detail/0862004711100/index.html,docomo-shop-ayakawa,ドコモショップ綾川店,綾歌郡綾川町
https://shop.smt.docomo.ne.jp/shop_detail/0862004730400/index.html,docomo-shop-takamatsu,ドコモショップ高松店,高松市
https://shop.smt.docomo.ne.jp/shop_detail/0862004750200/index.html,docomo-shop-zentsuji,ドコモショップ善通寺店,善通寺市
https://shop.smt.docomo.ne.jp/shop_detail/0862004770100/index.html,docomo-shop-shido,ドコモショップ志度店,さぬき市
https://shop.smt.docomo.ne.jp/shop_detail/0862004770200/index.html,docomo-shop-miki,ドコモショップ三木店（香川県）,木田郡三木町
https://shop.smt.docomo.ne.jp/shop_detail/0862004820100/index.html,docomo-shop-yashima,ドコモショップ屋島店,高松市
https://shop.smt.docomo.ne.jp/shop_detail/0862004850100/index.html,docomo-shop-kita,ドコモショップ木太店,高松市
https://shop.smt.docomo.ne.jp/shop_detail/0863006007500/index.html,docomo-shop-aeon-mall-tokushima,ドコモショップイオンモール徳島店,徳島市
https://shop.smt.docomo.ne.jp/shop_detail/0864008823600/index.html,docomo-shop-aki,ドコモショップあき店,安芸市
https://shop.smt.docomo.ne.jp/shop_detail/0864008823700/index.html,docomo-shop-su-saki,ドコモショップすさき店,須崎市
https://shop.smt.docomo.ne.jp/shop_detail/0864008823800/index.html,docomo-shop-yon-man-ju,ドコモショップ四万十店,四万十市
https://shop.smt.docomo.ne.jp/shop_detail/0864008824100/index.html,docomo-shop-suku-mo,ドコモショップすくも店,宿毛市
https://shop.smt.docomo.ne.jp/shop_detail/0864008825100/index.html,docomo-shop-tosa,ドコモショップ土佐店,土佐市
https://shop.smt.docomo.ne.jp/shop_detail/0864008825800/index.html,docomo-shop-kochi-kita,ドコモショップ高知北店,高知市
https://shop.smt.docomo.ne.jp/shop_detail/0864008825900/index.html,docomo-shop-katsurashima,ドコモショップ葛島店,高知市
https://shop.smt.docomo.ne.jp/shop_detail/0871090800200/index.html,docomo-shop-imabari-ekimae,ドコモショップ今治駅前店,今治市
https://shop.smt.docomo.ne.jp/shop_detail/0871090800300/index.html,docomo-shop-uwajima-minami,ドコモショップ宇和島南店,宇和島市
https://shop.smt.docomo.ne.jp/shop_detail/0901900010700/index.html,docomo-shop-shingu,ドコモショップ新宮店（福岡県）,糟屋郡新宮町
https://shop.smt.docomo.ne.jp/shop_detail/0901900021200/index.html,docomo-shop-higashi-baipasu,ドコモショップ東バイパス店,熊本市東区
https://shop.smt.docomo.ne.jp/shop_detail/0901900021300/index.html,docomo-shop-ito,ドコモショップ伊都店,糸島市
https://shop.smt.docomo.ne.jp/shop_detail/0901900025700/index.html,docomo-shop-notame,ドコモショップ野多目店,福岡市南区
https://shop.smt.docomo.ne.jp/shop_detail/0901900027200/index.html,docomo-shop-tsurusaki,ドコモショップ鶴崎店,大分市
https://shop.smt.docomo.ne.jp/shop_detail/0901900027900/index.html,docomo-shop-ehira,ドコモショップ江平店,宮崎市
https://shop.smt.docomo.ne.jp/shop_detail/0901900030200/index.html,docomo-shop-gushikawa-e-su,ドコモショップ具志川えす店,うるま市
https://shop.smt.docomo.ne.jp/shop_detail/0901900030300/index.html,docomo-shop-chikami,ドコモショップ近見店,熊本市南区
https://shop.smt.docomo.ne.jp/shop_detail/0901900030500/index.html,docomo-shop-shin-o-mura-ekimae,ドコモショップ新大村駅前店,大村市
https://shop.smt.docomo.ne.jp/shop_detail/0901900030600/index.html,docomo-shop-aeon-taun-so-seibu-dai,ドコモショップイオンタウン諫早西部台店,諫早市
https://shop.smt.docomo.ne.jp/shop_detail/0901900030700/index.html,docomo-shop-matsubase,ドコモショップ松橋店,宇城市
https://shop.smt.docomo.ne.jp/shop_detail/0901900030800/index.html,docomo-shop-nagasaki-hamacho,ドコモショップ長崎浜町店,長崎市
https://shop.smt.docomo.ne.jp/shop_detail/0901900032300/index.html,docomo-shop-okawa,ドコモショップ大川店,大川市
https://shop.smt.docomo.ne.jp/shop_detail/0901900033000/index.html,docomo-shop-fukuma,ドコモショップ福間店,福津市
https://shop.smt.docomo.ne.jp/shop_detail/0901900033200/index.html,docomo-shop-kagoshima-josai,ドコモショップ鹿児島城西店,鹿児島市
https://shop.smt.docomo.ne.jp/shop_detail/0901900045200/index.html,docomo-shop-mame-tsu-baipasu,ドコモショップ豆津バイパス店,久留米市
https://shop.smt.docomo.ne.jp/shop_detail/0901900046200/index.html,docomo-shop-nobeoka-ekimae,ドコモショップ延岡駅前店,延岡市
https://shop.smt.docomo.ne.jp/shop_detail/0901900046300/index.html,docomo-shop-takao,ドコモショップ鷹尾店,都城市
https://shop.smt.docomo.ne.jp/shop_detail/0901900049400/index.html,docomo-shop-onga,ドコモショップ遠賀店,遠賀郡岡垣町
https://shop.smt.docomo.ne.jp/shop_detail/0901900050000/index.html,docomo-shop-tsukushi-toru-hakata-mist,ドコモショップ筑紫通博多Ｍｉｓｔ店,福岡市博多区
https://shop.smt.docomo.ne.jp/shop_detail/0901900050100/index.html,docomo-shop-fenikkusu-gaden-uki-no-ji-you,ドコモショップフェニックスガーデンうきのじょう店,宮崎市
https://shop.smt.docomo.ne.jp/shop_detail/0901900050200/index.html,docomo-shop-kobayashi,ドコモショップ小林店,小林市
https://shop.smt.docomo.ne.jp/shop_detail/0901900050600/index.html,docomo-shop-kumamoto-kita,ドコモショップ熊本北店,熊本市北区
https://shop.smt.docomo.ne.jp/shop_detail/0901900051200/index.html,docomo-shop-kashima,ドコモショップ鹿島店（佐賀県）,鹿島市
https://shop.smt.docomo.ne.jp/shop_detail/0901900051400/index.html,docomo-shop-sani-saido-moru-kokura,ドコモショップサニーサイドモール小倉店,北九州市小倉南区
https://shop.smt.docomo.ne.jp/shop_detail/0901900052900/index.html,docomo-shop-takanabe,ドコモショップ高鍋店,児湯郡高鍋町
https://shop.smt.docomo.ne.jp/shop_detail/0901900053100/index.html,docomo-shop-noke,ドコモショップ野芥店,福岡市早良区
https://shop.smt.docomo.ne.jp/shop_detail/0901900053200/index.html,docomo-shop-tsushima,ドコモショップ対馬店,対馬市
https://shop.smt.docomo.ne.jp/shop_detail/0901900054200/index.html,docomo-shop-aeon-mall-saga-yamato,ドコモショップイオンモール佐賀大和店,佐賀市
https://shop.smt.docomo.ne.jp/shop_detail/0901900055300/index.html,docomo-shop-otsu,ドコモショップ大津店（熊本県）,菊池郡大津町
https://shop.smt.docomo.ne.jp/shop_detail/0901900061600/index.html,docomo-shop-mobairu-taun-koroku,ドコモショップモバイルタウン小禄店,那覇市
https://shop.smt.docomo.ne.jp/shop_detail/0901900063200/index.html,docomo-shop-togitsu,ドコモショップ時津店,西彼杵郡時津町
https://shop.smt.docomo.ne.jp/shop_detail/0901900066200/index.html,docomo-shop-ijiri,ドコモショップ井尻店,春日市
https://shop.smt.docomo.ne.jp/shop_detail/0901900066500/index.html,docomo-shop-hana-yamate-baipasu,ドコモショップ花山手バイパス店,宮崎市
https://shop.smt.docomo.ne.jp/shop_detail/0901900067100/index.html,docomo-shop-akeno,ドコモショップ明野店,大分市
https://shop.smt.docomo.ne.jp/shop_detail/0901900067300/index.html,docomo-shop-saiki-nagashima,ドコモショップ佐伯長島店,佐伯市
https://shop.smt.docomo.ne.jp/shop_detail/0901900067400/index.html,docomo-shop-ozai,ドコモショップ大在店,大分市
https://shop.smt.docomo.ne.jp/shop_detail/0901900067500/index.html,docomo-shop-hanahata-ekimae,ドコモショップ花畑駅前店,久留米市
https://shop.smt.docomo.ne.jp/shop_detail/0901900067800/index.html,docomo-shop-nago-biimata,ドコモショップ名護びいまた店,名護市
https://shop.smt.docomo.ne.jp/shop_detail/0901900068200/index.html,docomo-shop-shimabara,ドコモショップ島原店,島原市
https://shop.smt.docomo.ne.jp/shop_detail/0901900068300/index.html,docomo-shop-hinode,ドコモショップ日出店,速見郡日出町
https://shop.smt.docomo.ne.jp/shop_detail/0901900068800/index.html,docomo-shop-ogori,ドコモショップ小郡店,小郡市
https://shop.smt.docomo.ne.jp/shop_detail/0901900069300/index.html,docomo-shop-sasebo-oto,ドコモショップ佐世保大塔店,佐世保市
https://shop.smt.docomo.ne.jp/shop_detail/0901900069400/index.html,docomo-shop-tokuriki,ドコモショップ徳力店,北九州市小倉南区
https://shop.smt.docomo.ne.jp/shop_detail/0901900077600/index.html,docomo-shop-nichinan-ekimae,ドコモショップ日南駅前店,日南市
https://shop.smt.docomo.ne.jp/shop_detail/0901900079600/index.html,docomo-shop-e-tsugi,ドコモショップへつぎ店,大分市
https://shop.smt.docomo.ne.jp/shop_detail/0901900086200/index.html,docomo-shop-awase,ドコモショップ泡瀬店,沖縄市
https://shop.smt.docomo.ne.jp/shop_detail/0901900086500/index.html,docomo-shop-yojiro,ドコモショップ与次郎店,鹿児島市
https://shop.smt.docomo.ne.jp/shop_detail/0901900086600/index.html,docomo-shop-aeon-kano-ya-sc,ドコモショップイオンかのやＳＣ店（鹿屋）,鹿屋市
https://shop.smt.docomo.ne.jp/shop_detail/0901900086900/index.html,docomo-shop-ibusuki,ドコモショップ指宿店,指宿市
https://shop.smt.docomo.ne.jp/shop_detail/0901900087100/index.html,docomo-shop-kaseda,ドコモショップ加世田店,南さつま市
https://shop.smt.docomo.ne.jp/shop_detail/0901900087400/index.html,docomo-shop-tokunoshima,ドコモショップ徳之島店,大島郡徳之島町
https://shop.smt.docomo.ne.jp/shop_detail/0901900088000/index.html,docomo-shop-aeon-wakamatsu,ドコモショップイオン若松店,北九州市若松区
https://shop.smt.docomo.ne.jp/shop_detail/0901900088500/index.html,docomo-shop-ariya,ドコモショップ有家店,南島原市
https://shop.smt.docomo.ne.jp/shop_detail/0901900088600/index.html,docomo-shop-bungotakada,ドコモショップ豊後高田店,豊後高田市
https://shop.smt.docomo.ne.jp/shop_detail/0901900090600/index.html,docomo-shop-aeon-mall-chikushino,ドコモショップイオンモール筑紫野店,筑紫野市
https://shop.smt.docomo.ne.jp/shop_detail/0901900091100/index.html,docomo-shop-ureshino,ドコモショップ嬉野店（佐賀県）,嬉野市
https://shop.smt.docomo.ne.jp/shop_detail/0901900094200/index.html,docomo-shop-makurazaki,ドコモショップ枕崎店,枕崎市
https://shop.smt.docomo.ne.jp/shop_detail/0901900094300/index.html,docomo-shop-roppommatsu,ドコモショップ六本松店,福岡市中央区
https://shop.smt.docomo.ne.jp/shop_detail/0901900094500/index.html,docomo-shop-sanno-koen,ドコモショップ山王公園店,福岡市博多区
https://shop.smt.docomo.ne.jp/shop_detail/0901900094700/index.html,docomo-shop-yumetaun-kurume,ドコモショップゆめタウン久留米店,久留米市
https://shop.smt.docomo.ne.jp/shop_detail/0901900094800/index.html,docomo-shop-matsuura,ドコモショップ松浦店,松浦市
https://shop.smt.docomo.ne.jp/shop_detail/0901900095300/index.html,docomo-shop-minato-inter,ドコモショップみなとインター店,佐世保市
https://shop.smt.docomo.ne.jp/shop_detail/0901900095400/index.html,docomo-shop-hamacho-akedo,ドコモショップ浜町アーケード店,長崎市
https://shop.smt.docomo.ne.jp/shop_detail/0901900095500/index.html,docomo-shop-aino-tembo-dai,ドコモショップ愛野展望台店,雲仙市
https://shop.smt.docomo.ne.jp/shop_detail/0901900095800/index.html,docomo-shop-aeon-mall-nogata,ドコモショップイオンモール直方店,直方市
https://shop.smt.docomo.ne.jp/shop_detail/0901900096000/index.html,docomo-shop-sa-se-bo-go-ban-gai,ドコモショップさせぼ五番街店,佐世保市
https://shop.smt.docomo.ne.jp/shop_detail/0901900096100/index.html,docomo-shop-aeon-mall-omuta,ドコモショップイオンモール大牟田店,大牟田市
https://shop.smt.docomo.ne.jp/shop_detail/0901900102200/index.html,docomo-shop-aso-ichinomiya,ドコモショップ阿蘇一の宮店,阿蘇市
https://shop.smt.docomo.ne.jp/shop_detail/0901900102400/index.html,docomo-shop-aeon-amakusa,ドコモショップイオン天草店,天草市
https://shop.smt.docomo.ne.jp/shop_detail/0901900103000/index.html,docomo-shop-yoshino-ke-sato,ドコモショップ吉野ヶ里店,神埼市
https://shop.smt.docomo.ne.jp/shop_detail/0901900105100/index.html,docomo-shop-fujisaki,ドコモショップ藤崎店,福岡市早良区
https://shop.smt.docomo.ne.jp/shop_detail/0901900105400/index.html,docomo-shop-tomigusuku,ドコモショップ豊見城店,豊見城市
https://shop.smt.docomo.ne.jp/shop_detail/0901900105600/index.html,docomo-shop-oita-nakajima,ドコモショップ大分中島店,大分市
https://shop.smt.docomo.ne.jp/shop_detail/0901900109500/index.html,docomo-shop-oguchi,ドコモショップ大口店,伊佐市
https://shop.smt.docomo.ne.jp/shop_detail/0901900115200/index.html,docomo-shop-itoman,ドコモショップ糸満店,糸満市
https://shop.smt.docomo.ne.jp/shop_detail/0901900117400/index.html,docomo-shop-nichinan-hoshikura,ドコモショップ日南星倉店,日南市
https://shop.smt.docomo.ne.jp/shop_detail/0901900131200/index.html,docomo-shop-harada-ekimae,ドコモショップ原田駅前店,筑紫野市
https://shop.smt.docomo.ne.jp/shop_detail/0901900131700/index.html,docomo-shop-yame,ドコモショップ八女店,八女市
https://shop.smt.docomo.ne.jp/shop_detail/0901900133200/index.html,docomo-shop-sasebo-ono,ドコモショップ佐世保大野店,佐世保市
https://shop.smt.docomo.ne.jp/shop_detail/0901900133800/index.html,docomo-shop-shimotori,ドコモショップ下通店,熊本市中央区
https://shop.smt.docomo.ne.jp/shop_detail/0901900136200/index.html,docomo-shop-nago,ドコモショップ名護店,名護市
https://shop.smt.docomo.ne.jp/shop_detail/0901900136500/index.html,docomo-shop-koku-ba,ドコモショップこくば店,那覇市
https://shop.smt.docomo.ne.jp/shop_detail/0901900155900/index.html,docomo-shop-kumamoto-mifune,ドコモショップ熊本御船店,上益城郡御船町
https://shop.smt.docomo.ne.jp/shop_detail/0901900156700/index.html,docomo-shop-kashima,ドコモショップ嘉島店,上益城郡嘉島町
https://shop.smt.docomo.ne.jp/shop_detail/0901900168700/index.html,docomo-shop-kanda,ドコモショップ苅田店,京都郡苅田町
https://shop.smt.docomo.ne.jp/shop_detail/0901900170100/index.html,docomo-shop-joshi,ドコモショップ宇城店,宇城市
https://shop.smt.docomo.ne.jp/shop_detail/0901900180800/index.html,docomo-shop-minami-nagasaki,ドコモショップ南長崎店,長崎市
https://shop.smt.docomo.ne.jp/shop_detail/0901900180900/index.html,docomo-shop-koken,ドコモショップ高見店,北九州市八幡東区
https://shop.smt.docomo.ne.jp/shop_detail/0901900183200/index.html,docomo-shop-nakagawa,ドコモショップ那珂川店,那珂川市
https://shop.smt.docomo.ne.jp/shop_detail/0901900183300/index.html,docomo-shop-yahata-einomaru,ドコモショップ八幡永犬丸店,北九州市八幡西区
https://shop.smt.docomo.ne.jp/shop_detail/0901900183700/index.html,d-garden-nagazumi,ｄ　ｇａｒｄｅｎ長住店,福岡市南区
https://shop.smt.docomo.ne.jp/shop_detail/0901900187100/index.html,docomo-shop-hibiki-no,ドコモショップひびきの店,北九州市八幡西区
https://shop.smt.docomo.ne.jp/shop_detail/0901900188400/index.html,docomo-shop-san-e-ishikawa-shiti,ドコモショップサンエー石川シティ店,うるま市
https://shop.smt.docomo.ne.jp/shop_detail/0901900189300/index.html,docomo-shop-furesupo-tosu,ドコモショップフレスポ鳥栖店,鳥栖市
https://shop.smt.docomo.ne.jp/shop_detail/0901900191300/index.html,docomo-shop-beazumoru-kiyotake,ドコモショップベアーズモール清武店,宮崎市
https://shop.smt.docomo.ne.jp/shop_detail/0901900191700/index.html,docomo-shop-yanakawa,ドコモショップ柳川店,柳川市
https://shop.smt.docomo.ne.jp/shop_detail/0901900191900/index.html,docomo-shop-aeon-taun-aira,ドコモショップイオンタウン姶良店,姶良市
https://shop.smt.docomo.ne.jp/shop_detail/0901900192200/index.html,docomo-shop-tokiha-wa-sada,ドコモショップトキハわさだ店,大分市
https://shop.smt.docomo.ne.jp/shop_detail/0901900200300/index.html,docomo-shop-yoshino,ドコモショップ吉野店,鹿児島市
https://shop.smt.docomo.ne.jp/shop_detail/0901900212700/index.html,docomo-shop-joten-kusaichi,ドコモショップ上天草店,上天草市
https://shop.smt.docomo.ne.jp/shop_detail/0901900214400/index.html,docomo-shop-kawasaki,ドコモショップ川崎店（福岡県）,田川郡川崎町
https://shop.smt.docomo.ne.jp/shop_detail/0901900220100/index.html,docomo-shop-kobayashi-ekimae,ドコモショップ小林駅前店,小林市
https://shop.smt.docomo.ne.jp/shop_detail/0901900220600/index.html,docomo-shop-saikai,ドコモショップ西海店,西海市
https://shop.smt.docomo.ne.jp/shop_detail/0901900222800/index.html,docomo-shop-ijuin,ドコモショップ伊集院店,日置市
https://shop.smt.docomo.ne.jp/shop_detail/0901900222900/index.html,docomo-shop-nishi-izumi,ドコモショップ西出水店,出水市
https://shop.smt.docomo.ne.jp/shop_detail/0901900223800/index.html,docomo-shop-kyusho,ドコモショップ臼杵店,臼杵市
https://shop.smt.docomo.ne.jp/shop_detail/0901900224500/index.html,docomo-shop-kagoshima-chuo-ekimae,ドコモショップ鹿児島中央駅前店,鹿児島市
https://shop.smt.docomo.ne.jp/shop_detail/0901900226600/index.html,docomo-shop-ginowan-uehara,ドコモショップ宜野湾上原店,宜野湾市
https://shop.smt.docomo.ne.jp/shop_detail/0901900226700/index.html,docomo-shop-midori-machi,ドコモショップみどり町店,うるま市
https://shop.smt.docomo.ne.jp/shop_detail/0901900230500/index.html,docomo-shop-sadowara,ドコモショップ佐土原店,宮崎市
https://shop.smt.docomo.ne.jp/shop_detail/0901900231700/index.html,docomo-shop-nan-ei,ドコモショップ南栄店,鹿児島市
https://shop.smt.docomo.ne.jp/shop_detail/0901900231800/index.html,docomo-shop-nakayama-baipasu,ドコモショップ中山バイパス店,鹿児島市
https://shop.smt.docomo.ne.jp/shop_detail/0901900234000/index.html,docomo-shop-kizuki,ドコモショップ杵築店,杵築市
https://shop.smt.docomo.ne.jp/shop_detail/0901900252800/index.html,docomo-shop-nagayo,ドコモショップ長与店,西彼杵郡長与町
https://shop.smt.docomo.ne.jp/shop_detail/0901900254800/index.html,docomo-shop-wa-mase-n,ドコモショップはません店,熊本市南区
https://shop.smt.docomo.ne.jp/shop_detail/0901900255600/index.html,docomo-shop-kumamoto-nishi,ドコモショップ熊本西店,熊本市西区
https://shop.smt.docomo.ne.jp/shop_detail/0901900257100/index.html,docomo-shop-kokuraminami-inter,ドコモショップ小倉南インター店,北九州市小倉南区
https://shop.smt.docomo.ne.jp/shop_detail/0901900257400/index.html,docomo-shop-shime,ドコモショップ志免店,糟屋郡志免町
https://shop.smt.docomo.ne.jp/shop_detail/0901900257900/index.html,docomo-shop-kawabe,ドコモショップ川辺店,南九州市
https://shop.smt.docomo.ne.jp/shop_detail/0901900259200/index.html,docomo-shop-koga,ドコモショップ古賀店,古賀市
https://shop.smt.docomo.ne.jp/shop_detail/0901900266200/index.html,docomo-shop-urazoe-uchima,ドコモショップ浦添内間店,浦添市
https://shop.smt.docomo.ne.jp/shop_detail/0901900266900/index.html,docomo-shop-aeon-taun-hinata,ドコモショップイオンタウン日向店,日向市
https://shop.smt.docomo.ne.jp/shop_detail/0901900267600/index.html,docomo-shop-chikuzen,ドコモショップ筑前店,朝倉郡筑前町
https://shop.smt.docomo.ne.jp/shop_detail/0901900267800/index.html,docomo-shop-kushikino,ドコモショップ串木野店,いちき串木野市
https://shop.smt.docomo.ne.jp/shop_detail/0901900268000/index.html,docomo-shop-aze-kari,ドコモショップあぜかり店,長崎市
https://shop.smt.docomo.ne.jp/shop_detail/0901900268600/index.html,docomo-shop-aeon-mall-kumamoto,ドコモショップイオンモール熊本店,上益城郡嘉島町
https://shop.smt.docomo.ne.jp/shop_detail/0901900268800/index.html,docomo-shop-mikazuki,ドコモショップ三日月店,小城市
https://shop.smt.docomo.ne.jp/shop_detail/0901900269100/index.html,docomo-shop-kikuchi,ドコモショップ菊池店,菊池市
https://shop.smt.docomo.ne.jp/shop_detail/0901900285800/index.html,docomo-shop-kumamoto-inter,ドコモショップ熊本インター店,熊本市東区
https://shop.smt.docomo.ne.jp/shop_detail/0901900285900/index.html,docomo-shop-kunisaki,ドコモショップ国東店,国東市
https://shop.smt.docomo.ne.jp/shop_detail/0901900286400/index.html,docomo-shop-rarapureisu-hino,ドコモショップララプレイス日野店,佐世保市
https://shop.smt.docomo.ne.jp/shop_detail/0901900286700/index.html,docomo-shop-pakupureisu-oita,ドコモショップパークプレイス大分店,大分市
https://shop.smt.docomo.ne.jp/shop_detail/0901900287600/index.html,docomo-shop-ueki,ドコモショップ植木店,熊本市北区
https://shop.smt.docomo.ne.jp/shop_detail/0901900287800/index.html,docomo-shop-yumetaun-hakata,ドコモショップゆめタウン博多店,福岡市東区
https://shop.smt.docomo.ne.jp/shop_detail/0901900288800/index.html,docomo-shop-toyomae,ドコモショップ豊前店,豊前市
https://shop.smt.docomo.ne.jp/shop_detail/0901900298900/index.html,docomo-shop-kasseki,ドコモショップ滑石店,長崎市
https://shop.smt.docomo.ne.jp/shop_detail/0901900300500/index.html,docomo-shop-sanribu-shiti-kokura,ドコモショップサンリブシティ小倉店,北九州市小倉南区
https://shop.smt.docomo.ne.jp/shop_detail/0901900300800/index.html,docomo-shop-moji,ドコモショップ門司店,北九州市門司区
https://shop.smt.docomo.ne.jp/shop_detail/0901900301800/index.html,docomo-shop-karatsu-watada,ドコモショップ唐津和多田店,唐津市
https://shop.smt.docomo.ne.jp/shop_detail/0901900303300/index.html,docomo-shop-suekichi,ドコモショップ末吉店,曽於市
https://shop.smt.docomo.ne.jp/shop_detail/0901900303900/index.html,docomo-shop-naha-inter,ドコモショップ那覇インター店,島尻郡南風原町
https://shop.smt.docomo.ne.jp/shop_detail/0901900304500/index.html,docomo-shop-nishiki-machi,ドコモショップ錦町店,球磨郡錦町
https://shop.smt.docomo.ne.jp/shop_detail/0901900305100/index.html,docomo-shop-toriasu-hisayama,ドコモショップトリアス久山店,糟屋郡久山町
https://shop.smt.docomo.ne.jp/shop_detail/0901900305300/index.html,docomo-shop-omoro-machi,ドコモショップおもろまち店,那覇市
https://shop.smt.docomo.ne.jp/shop_detail/0901900308300/index.html,docomo-shop-uto,ドコモショップ宇土店,宇土市
https://shop.smt.docomo.ne.jp/shop_detail/0901900308700/index.html,docomo-shop-kunidomi,ドコモショップ国富店,東諸県郡国富町
https://shop.smt.docomo.ne.jp/shop_detail/0901900309800/index.html,docomo-shop-aeon-oki-shoppingu-senta,ドコモショップイオン大木ショッピングセンター店,三潴郡大木町
https://shop.smt.docomo.ne.jp/shop_detail/0901900315200/index.html,docomo-shop-hirao,ドコモショップ平尾店,福岡市南区
https://shop.smt.docomo.ne.jp/shop_detail/0901900346800/index.html,docomo-shop-hongo,ドコモショップ本郷店,宮崎市
https://shop.smt.docomo.ne.jp/shop_detail/0901900346900/index.html,docomo-shop-akune,ドコモショップ阿久根店,阿久根市
https://shop.smt.docomo.ne.jp/shop_detail/0901900347700/index.html,docomo-shop-dazaifu-nishi,ドコモショップ太宰府西店,太宰府市
https://shop.smt.docomo.ne.jp/shop_detail/0901900348900/index.html,docomo-shop-emukae,ドコモショップ江迎店,佐世保市
https://shop.smt.docomo.ne.jp/shop_detail/0901900441400/index.html,docomo-shop-honami,ドコモショップ穂波店,飯塚市
https://shop.smt.docomo.ne.jp/shop_detail/0901900442500/index.html,docomo-shop-jiromaru,ドコモショップ次郎丸店,福岡市早良区
https://shop.smt.docomo.ne.jp/shop_detail/0901900442900/index.html,docomo-shop-zasshonokuma,ドコモショップざっしょのくま店,大野城市
https://shop.smt.docomo.ne.jp/shop_detail/0901900444600/index.html,docomo-shop-aeon-mall-fuku-tsu,ドコモショップイオンモール福津店,福津市
https://shop.smt.docomo.ne.jp/shop_detail/0901900452000/index.html,docomo-shop-hayato-higashi-inter,ドコモショップ隼人東インター店,霧島市
https://shop.smt.docomo.ne.jp/shop_detail/0901900454000/index.html,docomo-shop-omura-chuo,ドコモショップ大村中央店,大村市
https://shop.smt.docomo.ne.jp/shop_detail/0901900454100/index.html,docomo-shop-shimogori,ドコモショップ下郡店,大分市
https://shop.smt.docomo.ne.jp/shop_detail/0901900454300/index.html,docomo-shop-chatan,ドコモショップ北谷店,中頭郡北谷町
https://shop.smt.docomo.ne.jp/shop_detail/0901900454800/index.html,docomo-shop-komine,ドコモショップ小嶺店,北九州市八幡西区
https://shop.smt.docomo.ne.jp/shop_detail/0901900455200/index.html,docomo-shop-kumamoto-komine,ドコモショップ熊本小峯店,熊本市東区
https://shop.smt.docomo.ne.jp/shop_detail/0901900456300/index.html,docomo-shop-arao-shiti-moru,ドコモショップ荒尾シティモール店,荒尾市
https://shop.smt.docomo.ne.jp/shop_detail/0901900457900/index.html,docomo-shop-kagoshima-ishiki,ドコモショップ鹿児島伊敷店,鹿児島市
https://shop.smt.docomo.ne.jp/shop_detail/0901900458100/index.html,docomo-shop-kushima,ドコモショップ串間店,串間市
https://shop.smt.docomo.ne.jp/shop_detail/0901900460000/index.html,docomo-shop-yukuhashi-ekimae,ドコモショップ行橋駅前店,行橋市
https://shop.smt.docomo.ne.jp/shop_detail/0901900461300/index.html,docomo-shop-kanoya-baipasu,ドコモショップ鹿屋バイパス店,鹿屋市
https://shop.smt.docomo.ne.jp/shop_detail/0901900483500/index.html,docomo-shop-yashiro,ドコモショップ八代店,八代市
https://shop.smt.docomo.ne.jp/shop_detail/0901900483800/index.html,docomo-shop-hachi-ju-se,ドコモショップ八重瀬店,島尻郡八重瀬町
https://shop.smt.docomo.ne.jp/shop_detail/0901900485100/index.html,docomo-shop-sendai-oshoji,ドコモショップ川内大小路店,薩摩川内市
https://shop.smt.docomo.ne.jp/shop_detail/0901900491000/index.html,docomo-shop-kohoku,ドコモショップ江北店,杵島郡江北町
https://shop.smt.docomo.ne.jp/shop_detail/0901900491200/index.html,docomo-shop-kisha-jo,ドコモショップ騎射場店,鹿児島市
https://shop.smt.docomo.ne.jp/shop_detail/0901900491300/index.html,docomo-shop-mongawa,ドコモショップ門川店,東臼杵郡門川町
https://shop.smt.docomo.ne.jp/shop_detail/0901900491400/index.html,docomo-shop-aeon-mall-miyakonojo-ekimae,ドコモショップイオンモール都城駅前店,都城市
https://shop.smt.docomo.ne.jp/shop_detail/0901900492100/index.html,docomo-shop-sanribu-buono-hara,ドコモショップサンリブＢＵＯＮＯ原店,福岡市早良区
https://shop.smt.docomo.ne.jp/shop_detail/0901900493300/index.html,docomo-shop-kyudai-gakken-toshi-ekimae,ドコモショップ九大学研都市駅前店,福岡市西区
https://shop.smt.docomo.ne.jp/shop_detail/0901900493800/index.html,docomo-shop-tarami,ドコモショップ多良見店,諫早市
https://shop.smt.docomo.ne.jp/shop_detail/0901900495700/index.html,docomo-shop-kurume-nobuseri-kan,ドコモショップ久留米野伏間店,久留米市
https://shop.smt.docomo.ne.jp/shop_detail/0901900501600/index.html,docomo-shop-umi,ドコモショップ宇美店,糟屋郡宇美町
https://shop.smt.docomo.ne.jp/shop_detail/0901900501800/index.html,docomo-shop-mitsuoka,ドコモショップ光岡店,宗像市
https://shop.smt.docomo.ne.jp/shop_detail/0901900501900/index.html,docomo-shop-nakao,ドコモショップ中尾店,福岡市南区
https://shop.smt.docomo.ne.jp/shop_detail/0901900504000/index.html,d-garden-hoshimi-ke-oka,ｄ　ｇａｒｄｅｎ星見ヶ丘店,春日市
https://shop.smt.docomo.ne.jp/shop_detail/0901900504100/index.html,docomo-shop-wajiro,ドコモショップ和白店,福岡市東区
https://shop.smt.docomo.ne.jp/shop_detail/0901900504300/index.html,docomo-shop-amyupuraza-nagasaki,ドコモショップアミュプラザ長崎店,長崎市
https://shop.smt.docomo.ne.jp/shop_detail/0901900509300/index.html,docomo-shop-ganeko,ドコモショップ我如古店,宜野湾市
https://shop.smt.docomo.ne.jp/shop_detail/0901900512300/index.html,docomo-shop-uruma-suzaki,ドコモショップうるま州崎店,うるま市
https://shop.smt.docomo.ne.jp/shop_detail/0901900514200/index.html,docomo-shop-kurume-kushi-hara,ドコモショップ久留米くしはら店,久留米市
https://shop.smt.docomo.ne.jp/shop_detail/0901900514400/index.html,docomo-shop-kurume-kokubu,ドコモショップ久留米国分店,久留米市
https://shop.smt.docomo.ne.jp/shop_detail/0901900514800/index.html,docomo-shop-kyozuka,ドコモショップ経塚店,浦添市
https://shop.smt.docomo.ne.jp/shop_detail/0901900517800/index.html,docomo-shop-motobu,ドコモショップもとぶ店,国頭郡本部町
https://shop.smt.docomo.ne.jp/shop_detail/0901900517900/index.html,docomo-shop-yomitan,ドコモショップ読谷店,中頭郡読谷村
https://shop.smt.docomo.ne.jp/shop_detail/0901900518000/index.html,docomo-shop-aeon-mall-okinawa-rai-kamu,ドコモショップイオンモール沖縄ライカム店,中頭郡北中城村
https://shop.smt.docomo.ne.jp/shop_detail/0901900518600/index.html,docomo-shop-taue-tenjin,ドコモショップ田上天神店,鹿児島市
https://shop.smt.docomo.ne.jp/shop_detail/0901900521300/index.html,docomo-shop-doi,ドコモショップ土井店,福岡市東区
https://shop.smt.docomo.ne.jp/shop_detail/0901900522000/index.html,docomo-shop-tsuboi,ドコモショップ坪井店,熊本市中央区
https://shop.smt.docomo.ne.jp/shop_detail/0901900522200/index.html,docomo-shop-norimatsu,ドコモショップ則松店,北九州市八幡西区
https://shop.smt.docomo.ne.jp/shop_detail/0901900522800/index.html,docomo-shop-makabi,ドコモショップ真嘉比店,那覇市
https://shop.smt.docomo.ne.jp/shop_detail/0901900524800/index.html,docomo-shop-hakata-marui,ドコモショップ博多マルイ店,福岡市博多区
https://shop.smt.docomo.ne.jp/shop_detail/0901900528900/index.html,docomo-shop-mi-rai-nagasaki-kokowoku,ドコモショップみらい長崎ココウォーク店,長崎市
https://shop.smt.docomo.ne.jp/shop_detail/0901900530300/index.html,docomo-shop-kusunoki,ドコモショップ楠店,熊本市北区
https://shop.smt.docomo.ne.jp/shop_detail/0901900531500/index.html,docomo-shop-aeon-taun-miyafuru-minami,ドコモショップイオンタウン宮古南店,宮古島市
https://shop.smt.docomo.ne.jp/shop_detail/0901900533200/index.html,docomo-shop-so-baipasu,ドコモショップ諫早バイパス店,諫早市
https://shop.smt.docomo.ne.jp/shop_detail/0901900534000/index.html,docomo-shop-chikugo,ドコモショップ筑後店,筑後市
https://shop.smt.docomo.ne.jp/shop_detail/0901900535100/index.html,docomo-shop-nisseki-dori,ドコモショップ日赤通り店,福岡市南区
https://shop.smt.docomo.ne.jp/shop_detail/0901900535200/index.html,docomo-shop-amagi,ドコモショップ甘木店,朝倉市
https://shop.smt.docomo.ne.jp/shop_detail/0901900535300/index.html,docomo-shop-saga-higashi,ドコモショップ佐賀東店,佐賀市
https://shop.smt.docomo.ne.jp/shop_detail/0901900535500/index.html,docomo-shop-nagasaki-sumiyoshi,ドコモショップ長崎住吉店,長崎市
https://shop.smt.docomo.ne.jp/shop_detail/0901900535600/index.html,docomo-shop-tamana,ドコモショップ玉名店,玉名市
https://shop.smt.docomo.ne.jp/shop_detail/0901900535700/index.html,docomo-shop-aeon-nobeoka-sc,ドコモショップイオン延岡ＳＣ店,延岡市
https://shop.smt.docomo.ne.jp/shop_detail/0901900535800/index.html,docomo-shop-okinawa,ドコモショップ沖縄店,沖縄市
https://shop.smt.docomo.ne.jp/shop_detail/0901900535900/index.html,docomo-shop-urazoe-paruko-shiti,ドコモショップ浦添パルコシティ店,浦添市
https://shop.smt.docomo.ne.jp/shop_detail/0901900536000/index.html,docomo-shop-wa-ebaru,ドコモショップはえばる店,島尻郡南風原町
https://shop.smt.docomo.ne.jp/shop_detail/0901900536100/index.html,docomo-shop-kokura-adachi-inter,ドコモショップ小倉足立インター店,北九州市小倉北区
https://shop.smt.docomo.ne.jp/shop_detail/0901900536200/index.html,docomo-shop-tagawa-baipasu,ドコモショップ田川バイパス店,田川市
https://shop.smt.docomo.ne.jp/shop_detail/0901900537500/index.html,docomo-shop-miyama,ドコモショップみやま店,みやま市
https://shop.smt.docomo.ne.jp/shop_detail/0901900538500/index.html,docomo-shop-aeon-mall-yahatahigashi,ドコモショップイオンモール八幡東店,北九州市八幡東区
https://shop.smt.docomo.ne.jp/shop_detail/0901900538600/index.html,docomo-shop-nogata,ドコモショップ直方店,直方市
https://shop.smt.docomo.ne.jp/shop_detail/0901900538700/index.html,docomo-shop-tobata-chuo,ドコモショップ戸畑中央店,北九州市戸畑区
https://shop.smt.docomo.ne.jp/shop_detail/0901900538800/index.html,docomo-shop-heisei,ドコモショップ平成店,熊本市中央区
https://shop.smt.docomo.ne.jp/shop_detail/0901900538900/index.html,docomo-shop-miyazaki-higashi,ドコモショップ宮崎東店,宮崎市
https://shop.smt.docomo.ne.jp/shop_detail/0901900539000/index.html,docomo-shop-kengun,ドコモショップ健軍店,熊本市東区
https://shop.smt.docomo.ne.jp/shop_detail/0901900539100/index.html,docomo-shop-nagasaki-ohato,ドコモショップ長崎大波止店,長崎市
https://shop.smt.docomo.ne.jp/shop_detail/0901900539200/index.html,docomo-shop-daido,ドコモショップ大道店,大分市
https://shop.smt.docomo.ne.jp/shop_detail/0901900539300/index.html,docomo-shop-kanaike,ドコモショップ金池店,大分市
https://shop.smt.docomo.ne.jp/shop_detail/0901900540600/index.html,docomo-shop-hashimoto-nishi,ドコモショップ橋本西店,福岡市西区
https://shop.smt.docomo.ne.jp/shop_detail/0901900542500/index.html,docomo-shop-amakusa-hondo,ドコモショップ天草本渡店,天草市
https://shop.smt.docomo.ne.jp/shop_detail/0901900700200/index.html,docomo-shop-nakatsu-nyosui,ドコモショップ中津如水店,中津市
https://shop.smt.docomo.ne.jp/shop_detail/0901900722500/index.html,docomo-shop-yakushima,ドコモショップ屋久島店,熊毛郡屋久島町
https://shop.smt.docomo.ne.jp/shop_detail/0901900729900/index.html,docomo-shop-saga-yume-saki,ドコモショップ佐賀夢咲店,佐賀市
https://shop.smt.docomo.ne.jp/shop_detail/0901900731300/index.html,docomo-shop-okinoerabu,ドコモショップ沖永良部店,大島郡和泊町
https://shop.smt.docomo.ne.jp/shop_detail/0901900758700/index.html,docomo-shop-ishigaki,ドコモショップ石垣店,石垣市
https://shop.smt.docomo.ne.jp/shop_detail/0901900762000/index.html,docomo-shop-sateraito-aeon-mall-fukuoka-ito,ドコモショップサテライトイオンモール福岡伊都店,福岡市西区
https://shop.smt.docomo.ne.jp/shop_detail/0950020101800/index.html,docomo-shop-ohashi,ドコモショップ大橋店,福岡市南区
https://shop.smt.docomo.ne.jp/shop_detail/0950020101900/index.html,docomo-shop-iki,ドコモショップ壱岐店,壱岐市
https://shop.smt.docomo.ne.jp/shop_detail/0950020111600/index.html,docomo-shop-sanribu-ki-fu-ne,ドコモショップサンリブきふね店,北九州市小倉北区
https://shop.smt.docomo.ne.jp/shop_detail/0950020111700/index.html,docomo-shop-yukuhashi,ドコモショップ行橋店,行橋市
https://shop.smt.docomo.ne.jp/shop_detail/0950030300100/index.html,docomo-shop-kuri-e-ito-munakata,ドコモショップくりえいと宗像店,宗像市
https://shop.smt.docomo.ne.jp/shop_detail/0950030900100/index.html,docomo-shop-tenjin-minami,ドコモショップ天神南店,福岡市中央区
https://shop.smt.docomo.ne.jp/shop_detail/0950030900200/index.html,docomo-shop-kokura-sakana-machi,ドコモショップ小倉魚町店,北九州市小倉北区
https://shop.smt.docomo.ne.jp/shop_detail/0950051000100/index.html,docomo-shop-izuka,ドコモショップ飯塚店,飯塚市
https://shop.smt.docomo.ne.jp/shop_detail/0950051000200/index.html,docomo-shop-aeon-taun-kurosaki,ドコモショップイオンタウン黒崎店,北九州市八幡西区
https://shop.smt.docomo.ne.jp/shop_detail/0950051500100/index.html,docomo-shop-nakama,ドコモショップ中間店,中間市
https://shop.smt.docomo.ne.jp/shop_detail/0950052000100/index.html,docomo-shop-nitta,ドコモショップ日田店,日田市
https://shop.smt.docomo.ne.jp/shop_detail/0950052100100/index.html,docomo-shop-ukiha,ドコモショップうきは店,うきは市
https://shop.smt.docomo.ne.jp/shop_detail/0950053300100/index.html,docomo-shop-tosu,ドコモショップ鳥栖店,鳥栖市
https://shop.smt.docomo.ne.jp/shop_detail/0950053300200/index.html,docomo-shop-saga-minami,ドコモショップ佐賀南店,佐賀市
https://shop.smt.docomo.ne.jp/shop_detail/0950053800100/index.html,docomo-shop-karatsu,ドコモショップ唐津店,唐津市
https://shop.smt.docomo.ne.jp/shop_detail/0950053800200/index.html,docomo-shop-taku,ドコモショップ多久店,多久市
https://shop.smt.docomo.ne.jp/shop_detail/0950054301000/index.html,docomo-shop-matsushima,ドコモショップ松島店,福岡市東区
https://shop.smt.docomo.ne.jp/shop_detail/0950054301100/index.html,docomo-shop-aeon-mari-nata-un,ドコモショップイオンマリナタウン店,福岡市西区
https://shop.smt.docomo.ne.jp/shop_detail/0950054400100/index.html,docomo-shop-sasebo-kyomachi,ドコモショップ佐世保京町店,佐世保市
https://shop.smt.docomo.ne.jp/shop_detail/0950054400200/index.html,docomo-shop-so-kofunakoshi,ドコモショップ諫早小船越店,諫早市
https://shop.smt.docomo.ne.jp/shop_detail/0950054400300/index.html,docomo-shop-ura-kuwa,ドコモショップ浦桑店,南松浦郡新上五島町
https://shop.smt.docomo.ne.jp/shop_detail/0950054400400/index.html,docomo-shop-sasa,ドコモショップ佐々店,北松浦郡佐々町市
https://shop.smt.docomo.ne.jp/shop_detail/0950055100100/index.html,docomo-shop-minamata,ドコモショップ水俣店,水俣市
https://shop.smt.docomo.ne.jp/shop_detail/0950055100200/index.html,docomo-shop-hitoyoshi,ドコモショップ人吉店,人吉市
https://shop.smt.docomo.ne.jp/shop_detail/0950055600200/index.html,docomo-shop-hikari-no-mori,ドコモショップ光の森店,菊池郡菊陽町
https://shop.smt.docomo.ne.jp/shop_detail/0950055600300/index.html,docomo-shop-kasuya-nakahara,ドコモショップ粕屋仲原店,糟屋郡粕屋町
https://shop.smt.docomo.ne.jp/shop_detail/0950056000000/index.html,docomo-shop-naha-matsuyama,ドコモショップ那覇松山店,那覇市
https://shop.smt.docomo.ne.jp/shop_detail/0950057200100/index.html,docomo-shop-beppu,ドコモショップ別府店,別府市
https://shop.smt.docomo.ne.jp/shop_detail/0950057200200/index.html,docomo-shop-usa,ドコモショップ宇佐店,宇佐市
https://shop.smt.docomo.ne.jp/shop_detail/0950057200500/index.html,docomo-shop-kusu,ドコモショップ玖珠店,玖珠郡玖珠町
https://shop.smt.docomo.ne.jp/shop_detail/0950058300300/index.html,docomo-shop-saito,ドコモショップ西都店,西都市
https://shop.smt.docomo.ne.jp/shop_detail/0950058800100/index.html,docomo-shop-miyakonojo-chuo,ドコモショップ都城中央店,都城市
https://shop.smt.docomo.ne.jp/shop_detail/0950058800200/index.html,docomo-shop-miyazaki-otsuka,ドコモショップ宮崎大塚店,宮崎市
https://shop.smt.docomo.ne.jp/shop_detail/0950063000100/index.html,docomo-shop-saga-nishi,ドコモショップ佐賀西店,佐賀市
https://shop.smt.docomo.ne.jp/shop_detail/0950063100100/index.html,docomo-shop-imari,ドコモショップ伊万里店,伊万里市
https://shop.smt.docomo.ne.jp/shop_detail/0950063500100/index.html,docomo-shop-takeo,ドコモショップ武雄店,武雄市
https://shop.smt.docomo.ne.jp/shop_detail/0950070300100/index.html,docomo-shop-be-fu,ドコモショップべふ店,福岡市城南区
https://shop.smt.docomo.ne.jp/shop_detail/0950070500100/index.html,docomo-shop-branch-hakata-papiyongaden,ドコモショップＢＲＡＮＣＨ博多パピヨンガーデン店,福岡市博多区
https://shop.smt.docomo.ne.jp/shop_detail/0950080100200/index.html,docomo-shop-maehara,ドコモショップ前原店,糸島市
https://shop.smt.docomo.ne.jp/shop_detail/0950080300100/index.html,docomo-shop-fukushige,ドコモショップ福重店,福岡市西区
https://shop.smt.docomo.ne.jp/shop_detail/0950080300200/index.html,docomo-shop-uesuto-koto-meinohama,ドコモショップウエストコート姪浜店,福岡市西区
https://shop.smt.docomo.ne.jp/shop_detail/0950080700100/index.html,docomo-shop-hakata-ekiminami,ドコモショップ博多駅南店,福岡市博多区
https://shop.smt.docomo.ne.jp/shop_detail/0950090100100/index.html,docomo-shop-kasuga,ドコモショップ春日店,春日市
https://shop.smt.docomo.ne.jp/shop_detail/0950090100200/index.html,docomo-shop-aeon-onojo-sc,ドコモショップイオン大野城ＳＣ店,大野城市
https://shop.smt.docomo.ne.jp/shop_detail/0950090100300/index.html,docomo-shop-oyodo,ドコモショップ大淀店,宮崎市
https://shop.smt.docomo.ne.jp/shop_detail/0960002400100/index.html,docomo-shop-omuta,ドコモショップ大牟田店,大牟田市
https://shop.smt.docomo.ne.jp/shop_detail/0960002400200/index.html,docomo-shop-omuta-taisho-machi,ドコモショップ大牟田大正町店,大牟田市
https://shop.smt.docomo.ne.jp/shop_detail/0960004700100/index.html,docomo-shop-hirota,ドコモショップ広田店,佐世保市
https://shop.smt.docomo.ne.jp/shop_detail/0960004700200/index.html,docomo-shop-hirado,ドコモショップ平戸店,平戸市
https://shop.smt.docomo.ne.jp/shop_detail/0960009300100/index.html,docomo-shop-minami-kagoshima,ドコモショップ南鹿児島店,鹿児島市
https://shop.smt.docomo.ne.jp/shop_detail/0960009300200/index.html,docomo-shop-aeon-mall-kagoshimabay,ドコモショップイオンモールＫＡＧＯＳＨＩＭＡＢＡＹ,鹿児島市
https://shop.smt.docomo.ne.jp/shop_detail/0960009300300/index.html,docomo-shop-kanoya,ドコモショップ鹿屋店,鹿屋市
https://shop.smt.docomo.ne.jp/shop_detail/0960009300400/index.html,docomo-shop-kawauchi,ドコモショップ川内店（鹿児島県）,薩摩川内市
https://shop.smt.docomo.ne.jp/shop_detail/0960009300500/index.html,docomo-shop-kamoike-nyutaun,ドコモショップ鴨池ニュータウン店,鹿児島市
https://shop.smt.docomo.ne.jp/shop_detail/0960009300600/index.html,docomo-shop-izumi,ドコモショップ出水店,出水市
https://shop.smt.docomo.ne.jp/shop_detail/0960009300700/index.html,docomo-shop-tanegashima,ドコモショップ種子島店,西之表市
https://shop.smt.docomo.ne.jp/shop_detail/0960009300800/index.html,docomo-shop-shibushi,ドコモショップ志布志店,志布志市
https://shop.smt.docomo.ne.jp/shop_detail/0960050200100/index.html,docomo-shop-tenjin-chuo,ドコモショップ天神中央店,福岡市中央区
https://shop.smt.docomo.ne.jp/shop_detail/0960050400100/index.html,docomo-shop-hammichibashi,ドコモショップ半道橋店,福岡市博多区
https://shop.smt.docomo.ne.jp/shop_detail/0960060000100/index.html,docomo-shop-nishijin,ドコモショップ西新店,福岡市早良区
https://shop.smt.docomo.ne.jp/shop_detail/0960060100100/index.html,docomo-shop-kashii,ドコモショップ香椎店,福岡市東区
https://shop.smt.docomo.ne.jp/shop_detail/0960080000100/index.html,docomo-shop-aeon-mall-fukuoka,ドコモショップイオンモール福岡店,糟屋郡粕屋町
https://shop.smt.docomo.ne.jp/shop_detail/0960085700100/index.html,docomo-shop-kumamoto-tasaki,ドコモショップ熊本田崎店,熊本市西区
https://shop.smt.docomo.ne.jp/shop_detail/0960087800200/index.html,docomo-shop-takeda,ドコモショップ竹田店,竹田市
https://shop.smt.docomo.ne.jp/shop_detail/0970002700100/index.html,docomo-shop-higashiaikawa-baipasu,ドコモショップ東合川バイパス店,久留米市
https://shop.smt.docomo.ne.jp/shop_detail/0970004900400/index.html,docomo-shop-obama-onsen,ドコモショップ小浜温泉店,雲仙市
https://shop.smt.docomo.ne.jp/shop_detail/0970009400100/index.html,docomo-shop-temmon-kan,ドコモショップ天文館店,鹿児島市
https://shop.smt.docomo.ne.jp/shop_detail/0970009400200/index.html,docomo-shop-hayato-kokubu,ドコモショップ隼人国分店,霧島市
https://shop.smt.docomo.ne.jp/shop_detail/0970009400300/index.html,docomo-shop-naze,ドコモショップ名瀬店,奄美市
https://shop.smt.docomo.ne.jp/shop_detail/0970015600100/index.html,docomo-shop-kikuyo,ドコモショップ菊陽店,菊池郡菊陽町
https://shop.smt.docomo.ne.jp/shop_detail/0970015600300/index.html,docomo-shop-yamaga,ドコモショップ山鹿店,山鹿市
https://shop.smt.docomo.ne.jp/shop_detail/0970024000100/index.html,docomo-shop-fukue,ドコモショップ福江店,五島市
https://shop.smt.docomo.ne.jp/shop_detail/0970024000300/index.html,docomo-shop-higashi-nagasaki,ドコモショップ東長崎店,長崎市
https://shop.smt.docomo.ne.jp/shop_detail/0970037900100/index.html,docomo-shop-nakatsu,ドコモショップ中津店,中津市
https://shop.smt.docomo.ne.jp/shop_detail/0970037900200/index.html,docomo-shop-ki-no-ue,ドコモショップ木ノ上店,大分市
https://shop.smt.docomo.ne.jp/shop_detail/0970037900500/index.html,docomo-shop-mie,ドコモショップ三重店,豊後大野市
https://shop.smt.docomo.ne.jp/shop_detail/0970090960100/index.html,docomo-shop-kosumo-taun-saiki,ドコモショップコスモタウン佐伯店,佐伯市
https://shop.smt.docomo.ne.jp/shop_detail/0970098900100/index.html,docomo-shop-miyakonojo-yoshio,ドコモショップ都城吉尾店,都城市
https://www.au.com/storelocator/detail/?shopId=C-00011,au-shop-aru-paku,ａｕショップ アルパーク,広島市西区
https://www.au.com/storelocator/detail/?shopId=C-00016,au-shop-minami-iwakuni,ａｕショップ 南岩国,岩国市
https://www.au.com/storelocator/detail/?shopId=C-00019,au-shop-yanai-chuo,ａｕショップ 柳井中央,柳井市
https://www.au.com/storelocator/detail/?shopId=C-00021,au-style-itsukaichi-koin-dori,au Style 五日市コイン通り,広島市佐伯区
https://www.au.com/storelocator/detail/?shopId=C-00030,au-shop-ko-yo,ａｕショップ 高陽,広島市安佐北区
https://www.au.com/storelocator/detail/?shopId=C-00031,au-shop-takehara,ａｕショップ 竹原,竹原市
https://www.au.com/storelocator/detail/?shopId=C-00034,au-shop-gotsu,ａｕショップ 江津,江津市
https://www.au.com/storelocator/detail/?shopId=C-00051,au-shop-mitsugi,ａｕショップ 三次,三次市
https://www.au.com/storelocator/detail/?shopId=C-00054,au-shop-sosha,ａｕショップ 総社,総社市
https://www.au.com/storelocator/detail/?shopId=C-00064,au-shop-kurashiki-nakasho,ａｕショップ 倉敷中庄,倉敷市
https://www.au.com/storelocator/detail/?shopId=C-00074,au-shop-okinogami,ａｕショップ 沖野上,福山市
https://www.au.com/storelocator/detail/?shopId=C-00075,au-shop-mihara-miyanoura,ａｕショップ 三原宮浦,三原市
https://www.au.com/storelocator/detail/?shopId=C-00079,au-shop-higashi-okayama,ａｕショップ 東岡山,岡山市中区
https://www.au.com/storelocator/detail/?shopId=C-00081,au-shop-aeon-mall-tsuyama-inter,ａｕショップ イオンモール津山インター,津山市
https://www.au.com/storelocator/detail/?shopId=C-00083,au-shop-temmaya-hapizu-saidaiji-moru,ａｕショップ 天満屋ハピーズ西大寺モール,岡山市東区
https://www.au.com/storelocator/detail/?shopId=C-00085,au-shop-tamano,ａｕショップ 玉野,玉野市
https://www.au.com/storelocator/detail/?shopId=C-00092,au-shop-bingo-fuchu,ａｕショップ 備後府中,府中市
https://www.au.com/storelocator/detail/?shopId=C-00103,au-shop-fukuyama-zao,ａｕショップ 福山蔵王,福山市
https://www.au.com/storelocator/detail/?shopId=C-00110,au-shop-kurashiki-oki,ａｕショップ 倉敷沖,倉敷市
https://www.au.com/storelocator/detail/?shopId=C-00117,au-shop-kodai-mae,ａｕショップ 広大前,東広島市
https://www.au.com/storelocator/detail/?shopId=C-00134,au-style-hikari-shimada,au Style 光島田,光市
https://www.au.com/storelocator/detail/?shopId=C-00137,au-style-yamaguchi-hirakawa,au Style 山口平川,山口市
https://www.au.com/storelocator/detail/?shopId=C-00138,au-shop-hikawa,ａｕショップ 斐川,出雲市
https://www.au.com/storelocator/detail/?shopId=C-00149,au-shop-hoshi-puraza-shimomatsu,ａｕショップ 星プラザ下松,下松市
https://www.au.com/storelocator/detail/?shopId=C-00151,au-shop-yanai-minami,ａｕショップ 柳井南,柳井市
https://www.au.com/storelocator/detail/?shopId=C-00154,au-shop-matsue-nishitsuda,ａｕショップ 松江西津田,松江市
https://www.au.com/storelocator/detail/?shopId=C-00165,au-shop-omachi,ａｕショップ 大町(広島県),広島市安佐南区
https://www.au.com/storelocator/detail/?shopId=C-00166,au-shop-hiroshima-hachiboku,ａｕショップ 広島八木,広島市安佐南区
https://www.au.com/storelocator/detail/?shopId=C-00167,au-shop-tottori-koyama,ａｕショップ 鳥取湖山,鳥取市
https://www.au.com/storelocator/detail/?shopId=C-00171,au-shop-hagi-basusentamae,ａｕショップ 萩バスセンター前,萩市
https://www.au.com/storelocator/detail/?shopId=C-00188,au-shop-nagato-ekiminami,ａｕショップ 長門駅南,長門市
https://www.au.com/storelocator/detail/?shopId=C-00189,au-shop-fujiguran-ube,ａｕショップ フジグラン宇部,宇部市
https://www.au.com/storelocator/detail/?shopId=C-00203,au-shop-sakaiminato,ａｕショップ 境港,境港市
https://www.au.com/storelocator/detail/?shopId=C-00212,au-shop-yonago-higashifukubara,ａｕショップ 米子東福原,米子市
https://www.au.com/storelocator/detail/?shopId=C-00215,au-shop-kannon,ａｕショップ 観音,広島市西区
https://www.au.com/storelocator/detail/?shopId=C-00226,au-shop-aeon-taun-ota,ａｕショップ イオンタウン大田,大田市
https://www.au.com/storelocator/detail/?shopId=C-00232,au-shop-innoshima,ａｕショップ 因島,尾道市
https://www.au.com/storelocator/detail/?shopId=C-00235,au-style-ihara,au Style 井原,井原市
https://www.au.com/storelocator/detail/?shopId=C-00237,au-style-onomichi-kadota-machi,au Style 尾道門田町,尾道市
https://www.au.com/storelocator/detail/?shopId=C-00240,au-shop-yonago,ａｕショップ 米子,米子市
https://www.au.com/storelocator/detail/?shopId=C-00241,au-style-tottori-kokutai-doro,au Style 鳥取国体道路,鳥取市
https://www.au.com/storelocator/detail/?shopId=C-00242,au-style-kurayoshi-kawakita,au Style 倉吉河北,倉吉市
https://www.au.com/storelocator/detail/?shopId=C-00243,au-shop-matsunaga,ａｕショップ 松永,福山市
https://www.au.com/storelocator/detail/?shopId=C-00250,au-shop-temmaya-poto-puraza,ａｕショップ 天満屋ポートプラザ,福山市
https://www.au.com/storelocator/detail/?shopId=C-00253,au-shop-kasaoka,ａｕショップ 笠岡,笠岡市
https://www.au.com/storelocator/detail/?shopId=C-00275,au-shop-tsuyama-nosu-rando,ａｕショップ 津山ノースランド,津山市
https://www.au.com/storelocator/detail/?shopId=C-00277,au-shop-misaku,ａｕショップ 美作,美作市
https://www.au.com/storelocator/detail/?shopId=C-00278,au-shop-tsuyama-uesuto-rando,ａｕショップ 津山ウエストランド,津山市
https://www.au.com/storelocator/detail/?shopId=C-00284,au-shop-mitoya,ａｕショップ 三刀屋,雲南市
https://www.au.com/storelocator/detail/?shopId=C-00285,au-shop-oki,ａｕショップ 隠岐,隠岐郡隠岐の島町
https://www.au.com/storelocator/detail/?shopId=C-00309,au-shop-fujiguran-midorii,ａｕショップ フジグラン緑井,広島市安佐南区
https://www.au.com/storelocator/detail/?shopId=C-00315,au-shop-hatsukaichi-shi-shiyakushomae,ａｕショップ 廿日市市役所前,廿日市
https://www.au.com/storelocator/detail/?shopId=C-00317,au-shop-teshiro,ａｕショップ 手城,福山市
https://www.au.com/storelocator/detail/?shopId=C-00369,au-shop-yokokawa,ａｕショップ 横川,広島市西区
https://www.au.com/storelocator/detail/?shopId=C-00373,au-shop-kambe,ａｕショップ 神辺,福山市
https://www.au.com/storelocator/detail/?shopId=C-00376,au-shop-higashikawara,ａｕショップ 東川原,岡山市中区
https://www.au.com/storelocator/detail/?shopId=C-00377,au-shop-fujiguran-higashihiroshima,ａｕショップ フジグラン東広島,東広島市
https://www.au.com/storelocator/detail/?shopId=C-00378,au-shop-shu-minamiichi-mandokoro,ａｕショップ 周南政所,周南市
https://www.au.com/storelocator/detail/?shopId=C-00379,au-style-yumetaun-yamaguchi,au Style ゆめタウン山口,山口市
https://www.au.com/storelocator/detail/?shopId=C-00384,au-style-shu-minamiichi-toishi,au Style 周南遠石,周南市
https://www.au.com/storelocator/detail/?shopId=C-00386,au-shop-maibara,ａｕショップ 米原,米子市
https://www.au.com/storelocator/detail/?shopId=C-00389,au-shop-tamashima-chuo,ａｕショップ 玉島中央,倉敷市
https://www.au.com/storelocator/detail/?shopId=C-00394,au-style-izumo,au Style 出雲,出雲市
https://www.au.com/storelocator/detail/?shopId=C-00407,au-shop-fujiguran-aki,ａｕショップ フジグラン安芸,安芸郡坂町
https://www.au.com/storelocator/detail/?shopId=C-00412,au-shop-aeon-mall-izumo,ａｕショップ イオンモール出雲,出雲市
https://www.au.com/storelocator/detail/?shopId=C-00414,au-shop-yumetaun-takahashi,ａｕショップ ゆめタウン高梁,高梁市
https://www.au.com/storelocator/detail/?shopId=C-00417,au-shop-yume-moru-shimonoseki,ａｕショップ ゆめモール下関,下関市
https://www.au.com/storelocator/detail/?shopId=C-00418,au-shop-kojima,ａｕショップ 児島,倉敷市
https://www.au.com/storelocator/detail/?shopId=C-00421,au-shop-kurashiki-sasaoki,ａｕショップ 倉敷笹沖,倉敷市
https://www.au.com/storelocator/detail/?shopId=C-00422,au-style-fukuyama-biggu-rozu-mae,au Style 福山ビッグローズ前,福山市
https://www.au.com/storelocator/detail/?shopId=C-00428,au-shop-okayama-ono-tsuji,ａｕショップ 岡山大野辻,岡山市北区
https://www.au.com/storelocator/detail/?shopId=C-00430,au-shop-yumetaun-hatsukaichi-shi,ａｕショップ ゆめタウン廿日市,廿日市
https://www.au.com/storelocator/detail/?shopId=C-00431,au-shop-yumetaun-cho-fu,ａｕショップ ゆめタウン長府,下関市
https://www.au.com/storelocator/detail/?shopId=C-00433,au-shop-fukuyama-kasuga-dori,ａｕショップ 福山春日通り,福山市
https://www.au.com/storelocator/detail/?shopId=C-00434,au-shop-kurashiki-mizushima,ａｕショップ 倉敷水島,倉敷市
https://www.au.com/storelocator/detail/?shopId=C-00437,au-shop-okayama-shimonakano,ａｕショップ 岡山下中野,岡山市北区
https://www.au.com/storelocator/detail/?shopId=C-00441,au-style-hofu-hachioji,au Style 防府八王子,防府市
https://www.au.com/storelocator/detail/?shopId=C-00442,au-shop-yumetaun-ube,ａｕショップ ゆめタウン宇部,宇部市
https://www.au.com/storelocator/detail/?shopId=C-00450,au-shop-marunaka-kabe,ａｕショップ マルナカ可部,広島市安佐北区
https://www.au.com/storelocator/detail/?shopId=C-00452,au-shop-aeon-taun-kamogata,ａｕショップ イオンタウン鴨方,浅口市
https://www.au.com/storelocator/detail/?shopId=C-00456,au-shop-masuda-akebono,ａｕショップ 益田あけぼの,益田市
https://www.au.com/storelocator/detail/?shopId=C-00457,au-shop-akaiwa-san-yo,ａｕショップ 赤磐山陽,赤磐市
https://www.au.com/storelocator/detail/?shopId=C-00464,au-shop-hiroshima-numata,ａｕショップ 広島沼田,広島市安佐南区
https://www.au.com/storelocator/detail/?shopId=C-00467,au-shop-matsue-gakuenkita,ａｕショップ 松江学園北,松江市
https://www.au.com/storelocator/detail/?shopId=C-00468,au-shop-higashihara,ａｕショップ 東原,広島市安佐南区
https://www.au.com/storelocator/detail/?shopId=C-00471,au-shop-hiro-kokusai-dori,ａｕショップ 広国際通り,呉市
https://www.au.com/storelocator/detail/?shopId=C-00473,au-style-fukuyama-shingai,au Style 福山新涯,福山市
https://www.au.com/storelocator/detail/?shopId=C-00474,au-shop-furesutamoru-iwakuni,ａｕショップ フレスタモール岩国,岩国市
https://www.au.com/storelocator/detail/?shopId=C-00478,au-shop-kuze,ａｕショップ 久世,真庭市
https://www.au.com/storelocator/detail/?shopId=C-00479,au-shop-okayama-ju-nichi-shi,ａｕショップ 岡山十日市,岡山市北区
https://www.au.com/storelocator/detail/?shopId=C-00480,au-shop-fukuyama-miyoshi,ａｕショップ 福山三吉,福山市
https://www.au.com/storelocator/detail/?shopId=C-00481,au-style-kosu-pa-shin-shimonoseki,au Style コスパ新下関,下関市
https://www.au.com/storelocator/detail/?shopId=C-00484,au-shop-okayama-susaki,ａｕショップ 岡山洲崎,岡山市南区
https://www.au.com/storelocator/detail/?shopId=C-00486,au-shop-yumetaun-kure,ａｕショップ ゆめタウン呉,呉市
https://www.au.com/storelocator/detail/?shopId=C-00487,au-shop-aeon-mall-hiroshima-fuchu,ａｕショップ イオンモール広島府中,安芸郡府中町
https://www.au.com/storelocator/detail/?shopId=C-00488,au-shop-sansu-te-fukuyama,ａｕショップ さんすて福山,福山市
https://www.au.com/storelocator/detail/?shopId=C-00490,au-shop-matsue-tawa-san,ａｕショップ 松江田和山,松江市
https://www.au.com/storelocator/detail/?shopId=C-00492,au-shop-yumetaun-hamada,ａｕショップ ゆめタウン浜田,浜田市
https://www.au.com/storelocator/detail/?shopId=C-00494,au-shop-yumetaun-hiroshima,ａｕショップ ゆめタウン広島,広島市南区
https://www.au.com/storelocator/detail/?shopId=C-00495,au-shop-hondori-eki-mae,ａｕショップ 本通駅前,広島市中区
https://www.au.com/storelocator/detail/?shopId=C-00496,au-shop-okayamadaianji,ａｕショップ 岡山大安寺,岡山市北区
https://www.au.com/storelocator/detail/?shopId=C-00497,au-style-aeon-taun-hofu,au Style イオンタウン防府,防府市
https://www.au.com/storelocator/detail/?shopId=C-00498,au-shop-tottori-ogimachi,ａｕショップ 鳥取扇町,鳥取市
https://www.au.com/storelocator/detail/?shopId=C-00499,au-style-shin-yamaguchi,au Style 新山口,山口市
https://www.au.com/storelocator/detail/?shopId=C-00500,au-shop-ono-da-sampaku,ａｕショップ おのだサンパーク,山陽小野田市
https://www.au.com/storelocator/detail/?shopId=C-00501,au-shop-okayama-hirai,ａｕショップ 岡山平井,岡山市中区
https://www.au.com/storelocator/detail/?shopId=C-00502,au-shop-yumetaun-izumo,ａｕショップ ゆめタウン出雲,出雲市
https://www.au.com/storelocator/detail/?shopId=C-00507,au-shop-aeon-matsue,ａｕショップ イオン松江,松江市
https://www.au.com/storelocator/detail/?shopId=C-00508,au-shop-ario-kurashiki,ａｕショップ アリオ倉敷,倉敷市
https://www.au.com/storelocator/detail/?shopId=C-00509,au-shop-shu-minamiichi-shinjuku-dori,ａｕショップ 周南新宿通り,周南市
https://www.au.com/storelocator/detail/?shopId=C-00510,au-style-aeon-mall-hiroshima-gion,au Style イオンモール広島祇園,広島市安佐南区
https://www.au.com/storelocator/detail/?shopId=C-00519,au-shop-aeon-hikari,ａｕショップ イオン光,光市
https://www.au.com/storelocator/detail/?shopId=C-00520,au-shop-yume-shiti,ａｕショップ ゆめシティ,下関市
https://www.au.com/storelocator/detail/?shopId=C-00521,au-style-aeon-mall-kurashiki,au Style イオンモール倉敷,倉敷市
https://www.au.com/storelocator/detail/?shopId=C-00522,au-shop-itsukaichi-shiroyama,ａｕショップ 五日市城山,広島市佐伯区
https://www.au.com/storelocator/detail/?shopId=C-00537,au-shop-aeon-ujina,ａｕショップ イオン宇品,広島市南区
https://www.au.com/storelocator/detail/?shopId=C-00540,au-shop-mihara-chuo,ａｕショップ 三原中央,三原市
https://www.au.com/storelocator/detail/?shopId=C-00541,au-shop-aeon-mall-okayama,ａｕショップ イオンモール岡山,岡山市北区
https://www.au.com/storelocator/detail/?shopId=C-00544,au-style-aeon-mall-hiezu,au Style イオンモール日吉津,西伯郡日吉津村
https://www.au.com/storelocator/detail/?shopId=C-00545,au-style-hiroshima,au Style HIROSHIMA,広島市中区
https://www.au.com/storelocator/detail/?shopId=C-00556,au-style-aeon-mall-tottori-kita,au Style イオンモール鳥取北,鳥取市
https://www.au.com/storelocator/detail/?shopId=C-00567,au-style-lect-hiroshima-t-site,au Style LECT広島T-SITE,広島市西区
https://www.au.com/storelocator/detail/?shopId=C-00568,au-shop-jiautoretto-hiroshima,ａｕショップ ジアウトレット広島,広島市佐伯区
https://www.au.com/storelocator/detail/?shopId=D-00001,au-shop-toko,auショップ 東光(北海道),旭川市
https://www.au.com/storelocator/detail/?shopId=D-00003,au-style-nopporo,au Style 野幌,江別市
https://www.au.com/storelocator/detail/?shopId=D-00004,au-style-aso,au Style 麻生,札幌市北区
https://www.au.com/storelocator/detail/?shopId=D-00005,au-style-kitahiroshima,au Style 北広島,北広島市
https://www.au.com/storelocator/detail/?shopId=D-00008,au-shop-chitose,auショップ 千歳,千歳市
https://www.au.com/storelocator/detail/?shopId=D-00009,au-shop-eniwa-shiyakushomae,auショップ 恵庭市役所前,恵庭市
https://www.au.com/storelocator/detail/?shopId=D-00010,au-shop-higashisapporo,auショップ 東札幌,札幌市白石区
https://www.au.com/storelocator/detail/?shopId=D-00011,au-shop-higashinaebo,auショップ 東苗穂,札幌市東区
https://www.au.com/storelocator/detail/?shopId=D-00013,au-shop-orora,auショップ オーロラ,札幌市中央区
https://www.au.com/storelocator/detail/?shopId=D-00017,au-style-abashiri,au Style 網走,網走市
https://www.au.com/storelocator/detail/?shopId=D-00020,au-shop-kikyo,auショップ 桔梗,函館市
https://www.au.com/storelocator/detail/?shopId=D-00025,au-shop-o-taru-hanazono,auショップ おたる花園,小樽市
https://www.au.com/storelocator/detail/?shopId=D-00028,au-shop-bibai,auショップ 美唄,美唄市
https://www.au.com/storelocator/detail/?shopId=D-00029,au-style-nagayama,au Style 永山,旭川市
https://www.au.com/storelocator/detail/?shopId=D-00030,au-style-suehiro,au Style 末広,旭川市
https://www.au.com/storelocator/detail/?shopId=D-00031,au-shop-o-bihiro-minami,auショップ おびひろ南,帯広市
https://www.au.com/storelocator/detail/?shopId=D-00033,au-shop-mombetsu,auショップ 紋別,紋別市
https://www.au.com/storelocator/detail/?shopId=D-00035,au-shop-rumoi,auショップ 留萌,留萌市
https://www.au.com/storelocator/detail/?shopId=D-00037,au-style-nakashibetsu,au Style 中標津,標津郡中標津町
https://www.au.com/storelocator/detail/?shopId=D-00044,au-style-chudo,au Style 中道,函館市
https://www.au.com/storelocator/detail/?shopId=D-00046,au-style-ashino,au Style 芦野,釧路市
https://www.au.com/storelocator/detail/?shopId=D-00048,au-style-muroran-nakajima,au Style 室蘭中島,室蘭市
https://www.au.com/storelocator/detail/?shopId=D-00049,au-shop-takigawa,auショップ 滝川,滝川市
https://www.au.com/storelocator/detail/?shopId=D-00052,au-style-toyooka-kanjo,au Style 豊岡環状,旭川市
https://www.au.com/storelocator/detail/?shopId=D-00053,au-shop-wakkanai,auショップ 稚内,稚内市
https://www.au.com/storelocator/detail/?shopId=D-00058,au-shop-shinkotoni,auショップ 新琴似,札幌市北区
https://www.au.com/storelocator/detail/?shopId=D-00059,au-shop-sapporo-hachi-ken,auショップ 札幌八軒,札幌市西区
https://www.au.com/storelocator/detail/?shopId=D-00061,au-shop-obihiro-daitsu,auショップ 帯広大通,帯広市
https://www.au.com/storelocator/detail/?shopId=D-00063,au-shop-kutchan,auショップ 倶知安,虻田郡倶知安町
https://www.au.com/storelocator/detail/?shopId=D-00064,au-shop-teine-maeda,auショップ 手稲前田,札幌市手稲区
https://www.au.com/storelocator/detail/?shopId=D-00068,au-shop-fujino,auショップ 藤野,札幌市南区
https://www.au.com/storelocator/detail/?shopId=D-00071,au-shop-shinsapporo-dyuo,auショップ 新さっぽろデュオ,札幌市厚別区
https://www.au.com/storelocator/detail/?shopId=D-00073,au-shop-yakumo,auショップ 八雲,二海郡八雲町
https://www.au.com/storelocator/detail/?shopId=D-00076,au-shop-shizunai,auショップ 静内,日高郡新ひだか町
https://www.au.com/storelocator/detail/?shopId=D-00077,au-style-asahi-kyo,au Style 旭橋,旭川市
https://www.au.com/storelocator/detail/?shopId=D-00078,au-style-furano,au Style 富良野,富良野市
https://www.au.com/storelocator/detail/?shopId=D-00079,au-shop-ishiyama-dori,auショップ 石山通り,札幌市中央区
https://www.au.com/storelocator/detail/?shopId=D-00080,au-shop-kitazakae,auショップ 北栄,札幌市東区
https://www.au.com/storelocator/detail/?shopId=D-00085,au-shop-makomanai-gorin-dori,auショップ 真駒内五輪通,札幌市南区
https://www.au.com/storelocator/detail/?shopId=D-00090,au-shop-iwamizawa,auショップ 岩見沢,岩見沢市
https://www.au.com/storelocator/detail/?shopId=D-00095,au-style-tomakomai-nishi,au Style 苫小牧西,苫小牧市
https://www.au.com/storelocator/detail/?shopId=D-00097,au-style-sapporo-nishimachi,au Style 札幌西町,札幌市西区
https://www.au.com/storelocator/detail/?shopId=D-00098,au-style-sapporo-ekimaedori,au Style 札幌駅前通,札幌市中央区
https://www.au.com/storelocator/detail/?shopId=D-00101,au-style-miyanosawa,au Style 宮の沢,札幌市西区
https://www.au.com/storelocator/detail/?shopId=D-00102,au-shop-date,auショップ 伊達,伊達市
https://www.au.com/storelocator/detail/?shopId=D-00103,au-shop-minamidaira-kishi,auショップ 南平岸,札幌市豊平区
https://www.au.com/storelocator/detail/?shopId=D-00104,au-shop-aeon-mall-asahikawa-ekimae,auショップ イオンモール旭川駅前,旭川市
https://www.au.com/storelocator/detail/?shopId=D-00106,au-shop-chiyogadai,auショップ 千代台,函館市
https://www.au.com/storelocator/detail/?shopId=D-00110,au-shop-kyuju-sato-kyo,auショップ 久寿里橋,釧路市
https://www.au.com/storelocator/detail/?shopId=D-00112,au-shop-otofuke-kino,auショップ 音更木野,河東郡音更町
https://www.au.com/storelocator/detail/?shopId=D-00113,au-shop-kikusuimoto-machi,auショップ 菊水元町,札幌市白石区
https://www.au.com/storelocator/detail/?shopId=D-00118,au-style-obihiro-inada,au Style 帯広稲田,帯広市
https://www.au.com/storelocator/detail/?shopId=D-00122,au-shop-soen-ekimae,auショップ 桑園駅前,札幌市中央区
https://www.au.com/storelocator/detail/?shopId=D-00124,au-style-kotoni-eki-mae,au Style 琴似駅前,札幌市西区
https://www.au.com/storelocator/detail/?shopId=D-00143,au-shop-eniwa-ogon,auショップ 恵庭黄金,恵庭市
https://www.au.com/storelocator/detail/?shopId=D-00144,au-style-shinoro,au Style 篠路,札幌市北区
https://www.au.com/storelocator/detail/?shopId=D-00152,au-style-kagura,au Style 神楽,旭川市
https://www.au.com/storelocator/detail/?shopId=D-00153,au-style-san-rin,au Style 三輪,北見市
https://www.au.com/storelocator/detail/?shopId=D-00163,au-shop-hiraoka,auショップ 平岡,札幌市清田区
https://www.au.com/storelocator/detail/?shopId=D-00166,au-shop-utsukushigaoka,auショップ 美しが丘,札幌市清田区
https://www.au.com/storelocator/detail/?shopId=D-00167,au-shop-motomachi,auショップ 元町,札幌市東区
https://www.au.com/storelocator/detail/?shopId=D-00183,au-shop-tanuki-koji,auショップ 狸小路,札幌市中央区
https://www.au.com/storelocator/detail/?shopId=D-00196,au-style-nango-7-chome,au Style 南郷７丁目,札幌市白石区
https://www.au.com/storelocator/detail/?shopId=D-00198,au-style-hiyoshi,au Style 日吉（北海道）,函館市
https://www.au.com/storelocator/detail/?shopId=D-00220,au-shop-chitose-chuo-daitsu,auショップ 千歳中央大通,千歳市
https://www.au.com/storelocator/detail/?shopId=D-00222,au-style-fukuzumi,au Style 福住,札幌市豊平区
https://www.au.com/storelocator/detail/?shopId=D-00225,au-shop-tomakomai-higashi,auショップ 苫小牧東,苫小牧市
https://www.au.com/storelocator/detail/?shopId=D-00226,au-shop-kushiro-showa,auショップ 釧路昭和,釧路市
https://www.au.com/storelocator/detail/?shopId=D-00228,au-shop-uingu-bei-otaru,auショップ ウイングベイ小樽,小樽市
https://www.au.com/storelocator/detail/?shopId=D-00229,au-shop-kushiro-shimbashi,auショップ 釧路新橋,釧路市
https://www.au.com/storelocator/detail/?shopId=D-00232,au-shop-tomakomai-chuo,auショップ 苫小牧中央,苫小牧市
https://www.au.com/storelocator/detail/?shopId=D-00233,au-shop-shibetsu,auショップ 士別,士別市
https://www.au.com/storelocator/detail/?shopId=D-00234,au-shop-ishikari,auショップ 石狩,石狩市
https://www.au.com/storelocator/detail/?shopId=D-00236,au-style-higashikuyakushomae,au Style 東区役所前,札幌市東区
https://www.au.com/storelocator/detail/?shopId=D-00237,au-shop-ashibetsu-nishi,auショップ 厚別西,札幌市厚別区
https://www.au.com/storelocator/detail/?shopId=D-00238,au-shop-nemuro,auショップ 根室,根室市
https://www.au.com/storelocator/detail/?shopId=D-00241,au-shop-nayose,auショップ 名寄,名寄市
https://www.au.com/storelocator/detail/?shopId=D-00242,au-shop-hokuto,auショップ 北斗,北斗市
https://www.au.com/storelocator/detail/?shopId=D-00243,au-shop-masaki,auショップ 松前,松前郡松前町
https://www.au.com/storelocator/detail/?shopId=D-00247,au-shop-ashibetsu-chuo,auショップ 厚別中央,札幌市厚別区
https://www.au.com/storelocator/detail/?shopId=D-00258,au-shop-sapporo-tonden,auショップ 札幌屯田,札幌市北区
https://www.au.com/storelocator/detail/?shopId=D-00279,au-shop-noboribetsu-shinsei,auショップ 登別新生,登別市
https://www.au.com/storelocator/detail/?shopId=D-00280,au-style-ebetsu,au Style 江別,江別市
https://www.au.com/storelocator/detail/?shopId=D-00285,au-style-hakodate-poru-suta,au Style 函館ポールスター,函館市
https://www.au.com/storelocator/detail/?shopId=D-00287,au-style-nishinomiya-no-sawa,au Style 西宮の沢,札幌市手稲区
https://www.au.com/storelocator/detail/?shopId=D-00292,au-shop-engaru,auショップ 遠軽,紋別郡遠軽町
https://www.au.com/storelocator/detail/?shopId=D-00293,au-shop-esashi,auショップ 江差,檜山郡江差町
https://www.au.com/storelocator/detail/?shopId=D-00295,au-shop-ario-sapporo,auショップ アリオ札幌,札幌市東区
https://www.au.com/storelocator/detail/?shopId=D-00296,au-style-kitami-higashi,au Style 北見東,北見市
https://www.au.com/storelocator/detail/?shopId=D-00297,au-style-nango-18-chome,au Style 南郷１８丁目,札幌市白石区
https://www.au.com/storelocator/detail/?shopId=D-00298,au-style-obihiro-shirakamba-dori,au Style 帯広白樺通,帯広市
https://www.au.com/storelocator/detail/?shopId=D-00312,au-style-aeon-kamiiso,au Style イオン上磯,北斗市
https://www.au.com/storelocator/detail/?shopId=E-00089,au-style-tsunajima,au Style 綱島,横浜市港北区
https://www.au.com/storelocator/detail/?shopId=E-00090,au-style-shonandai,au Style 湘南台,藤沢市
https://www.au.com/storelocator/detail/?shopId=E-00091,au-style-kanazawa-bunko,au Style 金沢文庫,横浜市金沢区
https://www.au.com/storelocator/detail/?shopId=E-00128,au-shop-iruma,ａｕショップ 入間,入間市
https://www.au.com/storelocator/detail/?shopId=E-00129,au-style-kawagoe-chuo,au Style 川越中央,川越市
https://www.au.com/storelocator/detail/?shopId=E-00156,au-style-musashi-urawa,au Style 武蔵浦和,さいたま市南区
https://www.au.com/storelocator/detail/?shopId=E-00203,au-shop-yokaichiba,ａｕショップ 八日市場,匝瑳市
https://www.au.com/storelocator/detail/?shopId=E-00204,au-shop-mohara,ａｕショップ 茂原,茂原市
https://www.au.com/storelocator/detail/?shopId=E-00211,au-style-nishiogi-kubo,au Style 西荻窪,杉並区
https://www.au.com/storelocator/detail/?shopId=E-00213,au-shop-tomioka,ａｕショップ 富岡(群馬県),富岡市
https://www.au.com/storelocator/detail/?shopId=E-00214,au-shop-koganei,ａｕショップ 小金井,小金井市
https://www.au.com/storelocator/detail/?shopId=E-00215,au-shop-kiyose,ａｕショップ 清瀬,清瀬市
https://www.au.com/storelocator/detail/?shopId=E-00216,au-shop-tanashi,ａｕショップ 田無,西東京市
https://www.au.com/storelocator/detail/?shopId=E-00217,au-shop-ichikawa,ａｕショップ 市川,市川市
https://www.au.com/storelocator/detail/?shopId=E-00218,au-shop-kashiwa-nishiguchi,ａｕショップ 柏西口,柏市
https://www.au.com/storelocator/detail/?shopId=E-00220,au-shop-yamachi,ａｕショップ 八街,八街市
https://www.au.com/storelocator/detail/?shopId=E-00222,au-style-musashi-koyama,au Style 武蔵小山,品川区
https://www.au.com/storelocator/detail/?shopId=E-00223,au-shop-chitose-uzan,ａｕショップ 千歳烏山,世田谷区
https://www.au.com/storelocator/detail/?shopId=E-00224,au-shop-kyodo,auショップ 経堂,世田谷区
https://www.au.com/storelocator/detail/?shopId=E-00225,au-shop-hachioji-narahara,ａｕショップ 八王子楢原,八王子市
https://www.au.com/storelocator/detail/?shopId=E-00226,au-shop-ario-kitasuna,ａｕショップ アリオ北砂,江東区
https://www.au.com/storelocator/detail/?shopId=E-00227,au-shop-razona-kawasaki,ａｕショップ ラゾーナ川崎,川崎市幸区
https://www.au.com/storelocator/detail/?shopId=E-00228,au-shop-mukogaoka-yuen,ａｕショップ 向ヶ丘遊園,川崎市多摩区
https://www.au.com/storelocator/detail/?shopId=E-00231,au-shop-musashishinjo,auショップ 武蔵新城,川崎市中原区
https://www.au.com/storelocator/detail/?shopId=E-00232,au-shop-nakayama,ａｕショップ 中山,横浜市緑区
https://www.au.com/storelocator/detail/?shopId=E-00234,au-style-saitama-shinto-shin,au Style さいたま新都心,さいたま市大宮区
https://www.au.com/storelocator/detail/?shopId=E-00235,au-shop-wako,ａｕショップ 和光,和光市
https://www.au.com/storelocator/detail/?shopId=E-00236,au-style-fujimino,au Style ふじみ野,富士見市
https://www.au.com/storelocator/detail/?shopId=E-00240,au-style-nakano-marui,au Style 中野マルイ,中野区
https://www.au.com/storelocator/detail/?shopId=E-00241,au-style-chofu-ekimae,au Style 調布駅前,調布市
https://www.au.com/storelocator/detail/?shopId=E-00243,au-shop-kameari,ａｕショップ 亀有,葛飾区
https://www.au.com/storelocator/detail/?shopId=E-00244,au-shop-shirai,ａｕショップ 白井,白井市
https://www.au.com/storelocator/detail/?shopId=E-00245,au-shop-nagareyama,ａｕショップ 流山,流山市
https://www.au.com/storelocator/detail/?shopId=E-00246,au-shop-oyama,ａｕショップ 大山,板橋区
https://www.au.com/storelocator/detail/?shopId=E-00251,au-shop-hiyoshi,ａｕショップ 日吉,横浜市港北区
https://www.au.com/storelocator/detail/?shopId=E-00252,au-shop-sagamihara,auショップ 相模原,相模原市中央区
https://www.au.com/storelocator/detail/?shopId=E-00253,au-shop-takahatafudo-ekimae,ａｕショップ 高幡不動駅前,日野市
https://www.au.com/storelocator/detail/?shopId=E-00256,au-shop-hodogaya,ａｕショップ 保土ヶ谷,横浜市保土ケ谷区
https://www.au.com/storelocator/detail/?shopId=E-00257,au-shop-higashi-totsuka,auショップ 東戸塚,横浜市戸塚区
https://www.au.com/storelocator/detail/?shopId=E-00262,au-shop-oji,ａｕショップ 王子,北区
https://www.au.com/storelocator/detail/?shopId=E-00263,au-shop-nishikasai,ａｕショップ 西葛西,江戸川区
https://www.au.com/storelocator/detail/?shopId=E-00265,au-shop-kamata,ａｕショップ 蒲田,大田区
https://www.au.com/storelocator/detail/?shopId=E-00266,au-shop-omori,ａｕショップ 大森,大田区
https://www.au.com/storelocator/detail/?shopId=E-00268,au-shop-oizumigakuen,ａｕショップ 大泉学園,練馬区
https://www.au.com/storelocator/detail/?shopId=E-00271,au-shop-mitaka,ａｕショップ 三鷹,三鷹市
https://www.au.com/storelocator/detail/?shopId=E-00275,au-style-tobunerima,au Style 東武練馬,板橋区
https://www.au.com/storelocator/detail/?shopId=E-00276,au-style-ogikubo-eki-mae,au Style 荻窪駅前,杉並区
https://www.au.com/storelocator/detail/?shopId=E-00278,au-style-shiroyama,au Style 城山,相模原市緑区
https://www.au.com/storelocator/detail/?shopId=E-00280,au-shop-yukitani,ａｕショップ 雪谷,大田区
https://www.au.com/storelocator/detail/?shopId=E-00281,au-shop-soga,ａｕショップ 蘇我,千葉市中央区
https://www.au.com/storelocator/detail/?shopId=E-00284,au-shop-mizue,ａｕショップ 瑞江,江戸川区
https://www.au.com/storelocator/detail/?shopId=E-00285,au-shop-kameido,ａｕショップ 亀戸,江東区
https://www.au.com/storelocator/detail/?shopId=E-00287,au-shop-shinkoiwa,ａｕショップ 新小岩,葛飾区
https://www.au.com/storelocator/detail/?shopId=E-00288,au-shop-hongosanchome,ａｕショップ 本郷三丁目,文京区
https://www.au.com/storelocator/detail/?shopId=E-00290,au-shop-koshigaya-ekimae,ａｕショップ 越谷駅前,越谷市
https://www.au.com/storelocator/detail/?shopId=E-00291,au-shop-satte,ａｕショップ 幸手,幸手市
https://www.au.com/storelocator/detail/?shopId=E-00292,au-shop-kokoria-tama-senta,ａｕショップ ココリア多摩センター,多摩市
https://www.au.com/storelocator/detail/?shopId=E-00294,au-shop-fuchu,ａｕショップ 府中,府中市
https://www.au.com/storelocator/detail/?shopId=E-00298,au-shop-koiwa-eki-mae,ａｕショップ 小岩駅前,江戸川区
https://www.au.com/storelocator/detail/?shopId=E-00299,au-shop-shinjuku-nishiguchi,ａｕショップ 新宿西口,新宿区
https://www.au.com/storelocator/detail/?shopId=E-00302,au-shop-kamatori,ａｕショップ 鎌取,千葉市緑区
https://www.au.com/storelocator/detail/?shopId=E-00304,au-shop-nishi-hachioji-ekimae,ａｕショップ 西八王子駅前,八王子市
https://www.au.com/storelocator/detail/?shopId=E-00309,au-shop-chiba,ａｕショップ 千葉,千葉市中央区
https://www.au.com/storelocator/detail/?shopId=E-00310,au-shop-funabashi,ａｕショップ 船橋,船橋市
https://www.au.com/storelocator/detail/?shopId=E-00312,au-shop-shin-hyaku-go-ke-oka,ａｕショップ 新百合ヶ丘,川崎市麻生区
https://www.au.com/storelocator/detail/?shopId=E-00313,au-shop-akishima-morita-un,ａｕショップ 昭島モリタウン,昭島市
https://www.au.com/storelocator/detail/?shopId=E-00314,au-style-aeon-mall-tsudanuma-north,au Style イオンモール津田沼Ｎｏｒｔｈ,習志野市
https://www.au.com/storelocator/detail/?shopId=E-00317,au-shop-hamamatsu-machi,ａｕショップ 浜松町,港区
https://www.au.com/storelocator/detail/?shopId=E-00318,au-shop-tsurumi,auショップ 鶴見,横浜市鶴見区
https://www.au.com/storelocator/detail/?shopId=E-00323,au-shop-kawaguchi,ａｕショップ 川口,川口市
https://www.au.com/storelocator/detail/?shopId=E-00324,au-shop-gurantsuri-musashi-kosugi,ａｕショップ グランツリー武蔵小杉,川崎市中原区
https://www.au.com/storelocator/detail/?shopId=E-00325,au-shop-toride-shiyakushomae,ａｕショップ 取手市役所前,取手市
https://www.au.com/storelocator/detail/?shopId=E-00326,au-shop-mizonokuchi,ａｕショップ 溝ノ口,川崎市高津区
https://www.au.com/storelocator/detail/?shopId=E-00327,au-shop-kamogawa,ａｕショップ 鴨川,鴨川市
https://www.au.com/storelocator/detail/?shopId=E-00328,au-style-higashikana,au Style 東金,東金市
https://www.au.com/storelocator/detail/?shopId=E-00330,au-style-lalaport-tokyo-bay,au Style ららぽーとＴＯＫＹＯ－ＢＡＹ,船橋市
https://www.au.com/storelocator/detail/?shopId=E-00331,au-shop-gyotoku,ａｕショップ 行徳,市川市
https://www.au.com/storelocator/detail/?shopId=E-00333,au-shop-tama-nagayama,ａｕショップ 多摩永山,多摩市
https://www.au.com/storelocator/detail/?shopId=E-00334,au-shop-shin-yokohama,auショップ 新横浜,横浜市港北区
https://www.au.com/storelocator/detail/?shopId=E-00335,au-style-kamagaya,au Style 鎌ケ谷,鎌ヶ谷市
https://www.au.com/storelocator/detail/?shopId=E-00337,au-style-katsutadai,au Style 勝田台,佐倉市
https://www.au.com/storelocator/detail/?shopId=E-00339,au-style-erumu-yachiyo-dai,au Style エルム八千代台,八千代市
https://www.au.com/storelocator/detail/?shopId=E-00340,au-style-inzai,au Style 印西,印西市
https://www.au.com/storelocator/detail/?shopId=E-00343,au-shop-kamiooka,auショップ 上大岡,横浜市港南区
https://www.au.com/storelocator/detail/?shopId=E-00345,au-shop-ikebukuro-nishiguchi,ａｕショップ 池袋西口,豊島区
https://www.au.com/storelocator/detail/?shopId=E-00346,au-shop-asagaya,ａｕショップ 阿佐ヶ谷,杉並区
https://www.au.com/storelocator/detail/?shopId=E-00347,au-shop-futamatagawa,ａｕショップ 二俣川,横浜市旭区
https://www.au.com/storelocator/detail/?shopId=E-00348,au-shop-machida-joruna,ａｕショップ 町田ジョルナ,町田市
https://www.au.com/storelocator/detail/?shopId=E-00350,au-shop-yokosuka,auショップ 横須賀,横須賀市
https://www.au.com/storelocator/detail/?shopId=E-00351,au-shop-ikebukuro-higashiguchi,auショップ 池袋東口,豊島区
https://www.au.com/storelocator/detail/?shopId=E-00354,au-style-aoba-dai,au Style 青葉台,横浜市青葉区
https://www.au.com/storelocator/detail/?shopId=E-00355,au-style-chigasaki,au Style 茅ヶ崎,茅ヶ崎市
https://www.au.com/storelocator/detail/?shopId=E-00356,au-style-arukakitto-kinshi-machi,au Style アルカキット錦糸町,墨田区
https://www.au.com/storelocator/detail/?shopId=E-00357,au-shop-kawagoe,ａｕショップ 川越,川越市
https://www.au.com/storelocator/detail/?shopId=E-00359,au-style-sakado,au Style 坂戸,坂戸市
https://www.au.com/storelocator/detail/?shopId=E-00361,au-shop-hibarigaoka,ａｕショップ ひばりヶ丘,西東京市
https://www.au.com/storelocator/detail/?shopId=E-00362,au-style-kumekawa,au Style 久米川,東村山市
https://www.au.com/storelocator/detail/?shopId=E-00363,au-shop-kashiwa,ａｕショップ 柏,柏市
https://www.au.com/storelocator/detail/?shopId=E-00364,au-shop-terasu-moru-matsudo,ａｕショップ テラスモール松戸,松戸市
https://www.au.com/storelocator/detail/?shopId=E-00365,au-shop-mark-is-katsushika-kana-machi,ａｕショップ MARK IS 葛飾かなまち,葛飾区
https://www.au.com/storelocator/detail/?shopId=E-00366,au-shop-shin-matsudo,ａｕショップ 新松戸,松戸市
https://www.au.com/storelocator/detail/?shopId=E-00367,au-shop-shin-hachi-hashira,ａｕショップ 新八柱,松戸市
https://www.au.com/storelocator/detail/?shopId=E-00369,au-style-kawasaki,au Style 川崎(神奈川県),川崎市川崎区
https://www.au.com/storelocator/detail/?shopId=E-00370,au-style-totsuka,au Style 戸塚,横浜市戸塚区
https://www.au.com/storelocator/detail/?shopId=E-00372,au-style-konan-tai-bazu,au Style 港南台バーズ,横浜市港南区
https://www.au.com/storelocator/detail/?shopId=E-00373,au-style-takashimadaira,au Style 高島平,板橋区
https://www.au.com/storelocator/detail/?shopId=E-00375,au-shop-toda,ａｕショップ 戸田,戸田市
https://www.au.com/storelocator/detail/?shopId=E-00376,au-shop-higashi-kawaguchi,ａｕショップ 東川口,川口市
https://www.au.com/storelocator/detail/?shopId=E-00377,au-shop-kasukabe,ａｕショップ 春日部,春日部市
https://www.au.com/storelocator/detail/?shopId=E-00378,au-shop-aeon-mall-ageo,ａｕショップ イオンモール上尾,上尾市
https://www.au.com/storelocator/detail/?shopId=E-00380,au-shop-erumi-ko-nosu,ａｕショップ エルミこうのす,鴻巣市
https://www.au.com/storelocator/detail/?shopId=E-00384,au-shop-narita,ａｕショップ 成田,成田市
https://www.au.com/storelocator/detail/?shopId=E-00385,au-shop-ichihara,ａｕショップ 市原,市原市
https://www.au.com/storelocator/detail/?shopId=E-00386,au-shop-chishirodai,ａｕショップ 千城台,千葉市若葉区
https://www.au.com/storelocator/detail/?shopId=E-00387,au-shop-inage,ａｕショップ 稲毛,千葉市稲毛区
https://www.au.com/storelocator/detail/?shopId=E-00388,au-shop-tatsukawa,ａｕショップ 立川,立川市
https://www.au.com/storelocator/detail/?shopId=E-00389,au-style-nerima,au Style 練馬,練馬区
https://www.au.com/storelocator/detail/?shopId=E-00391,au-style-ebisu,au Style 恵比寿,渋谷区
https://www.au.com/storelocator/detail/?shopId=E-00392,au-shop-omiya-higashi,ａｕショップ 大宮東,さいたま市大宮区
https://www.au.com/storelocator/detail/?shopId=E-00393,au-shop-urawa,ａｕショップ 浦和,さいたま市浦和区
https://www.au.com/storelocator/detail/?shopId=E-00394,au-shop-kumagaya,ａｕショップ 熊谷,熊谷市
https://www.au.com/storelocator/detail/?shopId=E-00395,au-shop-sano,ａｕショップ 佐野,佐野市
https://www.au.com/storelocator/detail/?shopId=E-00396,au-shop-kazo,ａｕショップ 加須,加須市
https://www.au.com/storelocator/detail/?shopId=E-00397,au-shop-warabi,ａｕショップ わらび,川口市
https://www.au.com/storelocator/detail/?shopId=E-00398,au-shop-tatebayashi,ａｕショップ 館林,館林市
https://www.au.com/storelocator/detail/?shopId=E-00399,au-shop-tokyo-sukaitsuritaun-soramachi,ａｕショップ 東京スカイツリータウン・ソラマチ,墨田区
https://www.au.com/storelocator/detail/?shopId=E-00400,au-shop-takenotsuka,ａｕショップ 竹の塚,足立区
https://www.au.com/storelocator/detail/?shopId=E-00401,au-shop-soka,ａｕショップ 草加,草加市
https://www.au.com/storelocator/detail/?shopId=E-00402,au-shop-kitasenju-marui,ａｕショップ 北千住マルイ,足立区
https://www.au.com/storelocator/detail/?shopId=E-00405,au-style-yokohama-sogo,au Style 横浜そごう店,横浜市西区
https://www.au.com/storelocator/detail/?shopId=E-00410,au-shop-sasazuka,ａｕショップ 笹塚,渋谷区
https://www.au.com/storelocator/detail/?shopId=E-00412,au-shop-fukaya,ａｕショップ 深谷,深谷市
https://www.au.com/storelocator/detail/?shopId=E-00414,au-shop-saitama-san-kyo,ａｕショップ さいたま三橋,さいたま市大宮区
https://www.au.com/storelocator/detail/?shopId=E-00417,au-shop-sakura,ａｕショップ 佐倉,佐倉市
https://www.au.com/storelocator/detail/?shopId=E-00419,au-shop-noda,ａｕショップ 野田,野田市
https://www.au.com/storelocator/detail/?shopId=E-00420,au-shop-asahi,ａｕショップ 旭,旭市
https://www.au.com/storelocator/detail/?shopId=E-00421,au-shop-utsunomiya-komaoi,ａｕショップ 宇都宮駒生,宇都宮市
https://www.au.com/storelocator/detail/?shopId=E-00422,au-shop-ashikaga-komu-fasuto,ａｕショップ 足利コムファースト,足利市
https://www.au.com/storelocator/detail/?shopId=E-00424,au-shop-yamato,ａｕショップ 大和,大和市
https://www.au.com/storelocator/detail/?shopId=E-00425,au-style-hashimoto,au Style 橋本(神奈川県),相模原市緑区
https://www.au.com/storelocator/detail/?shopId=E-00426,au-shop-minamirinkan,auショップ 南林間,大和市
https://www.au.com/storelocator/detail/?shopId=E-00427,au-shop-isehara,auショップ 伊勢原,伊勢原市
https://www.au.com/storelocator/detail/?shopId=E-00428,au-shop-akihabara-denki-gai-guchi,ａｕショップ 秋葉原電気街口,千代田区
https://www.au.com/storelocator/detail/?shopId=E-00430,au-shop-obune,auショップ 大船,鎌倉市
https://www.au.com/storelocator/detail/?shopId=E-00431,au-shop-kita-kurihama,auショップ 北久里浜,横須賀市
https://www.au.com/storelocator/detail/?shopId=E-00432,au-shop-lalaport-ebina,auショップ ららぽーと海老名,海老名市
https://www.au.com/storelocator/detail/?shopId=E-00433,au-shop-odawara,auショップ 小田原,小田原市
https://www.au.com/storelocator/detail/?shopId=E-00434,au-shop-narimasu,ａｕショップ 成増,板橋区
https://www.au.com/storelocator/detail/?shopId=E-00437,au-style-ichikawa-yahata,au Style 市川八幡,市川市
https://www.au.com/storelocator/detail/?shopId=E-00440,au-shop-tama-puraza,ａｕショップ たまプラーザ,横浜市青葉区
https://www.au.com/storelocator/detail/?shopId=E-00476,au-shop-aeon-mall-choshi,ａｕショップ イオンモール銚子,銚子市
https://www.au.com/storelocator/detail/?shopId=E-00477,au-shop-sahara,ａｕショップ 佐原,香取市
https://www.au.com/storelocator/detail/?shopId=E-00478,au-shop-tsudanuma-14-go,ａｕショップ 津田沼１４号,習志野市
https://www.au.com/storelocator/detail/?shopId=E-00479,au-shop-hommoku,auショップ 本牧,横浜市中区
https://www.au.com/storelocator/detail/?shopId=E-00481,au-shop-aeon-hadano,auショップ イオン秦野,秦野市
https://www.au.com/storelocator/detail/?shopId=E-00485,au-shop-utsunomiya-kita,ａｕショップ 宇都宮北,宇都宮市
https://www.au.com/storelocator/detail/?shopId=E-00487,au-shop-hino,ａｕショップ 日野,日野市
https://www.au.com/storelocator/detail/?shopId=E-00488,au-shop-mega-donkihote-hasuda,ａｕショップ MEGAドン・キホーテ蓮田,蓮田市
https://www.au.com/storelocator/detail/?shopId=E-00489,au-shop-anezaki,ａｕショップ 姉崎,市原市
https://www.au.com/storelocator/detail/?shopId=E-00490,au-shop-minamiota,auショップ 南太田,横浜市南区
https://www.au.com/storelocator/detail/?shopId=E-00492,au-shop-iwatsuki,ａｕショップ 岩槻,さいたま市岩槻区
https://www.au.com/storelocator/detail/?shopId=E-00493,au-shop-naka-meguro,ａｕショップ 中目黒,目黒区
https://www.au.com/storelocator/detail/?shopId=E-00515,au-shop-shimozuma,ａｕショップ 下妻,下妻市
https://www.au.com/storelocator/detail/?shopId=E-00519,au-shop-sakai,ａｕショップ 境,猿島郡境町
https://www.au.com/storelocator/detail/?shopId=E-00520,au-shop-moriya,ａｕショップ 守谷,守谷市
https://www.au.com/storelocator/detail/?shopId=E-00521,au-style-piashiti-ishioka,au Style ピアシティ石岡,石岡市
https://www.au.com/storelocator/detail/?shopId=E-00524,au-style-kashima,au Style 鹿嶋,鹿嶋市
https://www.au.com/storelocator/detail/?shopId=E-00526,au-style-saichi,au Style 筑西,筑西市
https://www.au.com/storelocator/detail/?shopId=E-00527,au-style-sowa,au Style 総和,古河市
https://www.au.com/storelocator/detail/?shopId=E-00533,au-style-a-biko-shoppingu-puraza,au Style あびこショッピングプラザ,我孫子市
https://www.au.com/storelocator/detail/?shopId=E-00534,au-shop-hitachi,ａｕショップ 日立,日立市
https://www.au.com/storelocator/detail/?shopId=E-00535,au-shop-hitachinaka,ａｕショップ ひたちなか,ひたちなか市
https://www.au.com/storelocator/detail/?shopId=E-00536,au-shop-takahagi,ａｕショップ 高萩,高萩市
https://www.au.com/storelocator/detail/?shopId=E-00537,au-shop-kamisu,ａｕショップ 神栖,神栖市
https://www.au.com/storelocator/detail/?shopId=E-00538,au-shop-hi-tachi-omiya,ａｕショップ ひたち大宮,常陸大宮市
https://www.au.com/storelocator/detail/?shopId=E-00539,au-shop-ryugasaki,ａｕショップ 竜ヶ崎,龍ヶ崎市
https://www.au.com/storelocator/detail/?shopId=E-00547,au-shop-fujioka,ａｕショップ 藤岡,藤岡市
https://www.au.com/storelocator/detail/?shopId=E-00556,au-shop-gumma-oizumi,ａｕショップ 群馬大泉,邑楽郡大泉町
https://www.au.com/storelocator/detail/?shopId=E-00558,au-shop-takasaki,ａｕショップ 高崎,高崎市
https://www.au.com/storelocator/detail/?shopId=E-00559,au-shop-gumma-ken-hisashi,ａｕショップ 群馬県央,高崎市
https://www.au.com/storelocator/detail/?shopId=E-00561,au-shop-gyoda,ａｕショップ 行田,行田市
https://www.au.com/storelocator/detail/?shopId=E-00563,au-shop-takasaki-chuo,ａｕショップ 高崎中央,高崎市
https://www.au.com/storelocator/detail/?shopId=E-00566,au-shop-isezaki,ａｕショップ 伊勢崎,伊勢崎市
https://www.au.com/storelocator/detail/?shopId=E-00567,au-shop-numata,ａｕショップ 沼田,沼田市
https://www.au.com/storelocator/detail/?shopId=E-00569,au-shop-isezaki-nishi,ａｕショップ 伊勢崎西,伊勢崎市
https://www.au.com/storelocator/detail/?shopId=E-00570,au-shop-kiryu,ａｕショップ 桐生,みどり市
https://www.au.com/storelocator/detail/?shopId=E-00571,au-style-aeon-mall-ota,au Style イオンモール太田,太田市
https://www.au.com/storelocator/detail/?shopId=E-00572,au-shop-shibukawa,ａｕショップ 渋川,渋川市
https://www.au.com/storelocator/detail/?shopId=E-00573,au-shop-shin-maebashi,ａｕショップ 新前橋,前橋市
https://www.au.com/storelocator/detail/?shopId=E-00574,au-shop-maebashi-kita,ａｕショップ 前橋北,前橋市
https://www.au.com/storelocator/detail/?shopId=E-00595,au-shop-oyama-jonan,ａｕショップ 小山城南,小山市
https://www.au.com/storelocator/detail/?shopId=E-00596,au-shop-utsunomiya-fkd,ａｕショップ 宇都宮ＦＫＤ,宇都宮市
https://www.au.com/storelocator/detail/?shopId=E-00601,au-shop-beru-moru-utsunomiya,ａｕショップ ベルモール宇都宮,宇都宮市
https://www.au.com/storelocator/detail/?shopId=E-00602,au-shop-nikko,ａｕショップ 日光,日光市
https://www.au.com/storelocator/detail/?shopId=E-00604,au-shop-kuroiso,ａｕショップ 黒磯,那須塩原市
https://www.au.com/storelocator/detail/?shopId=E-00605,au-shop-tsuchiura-takatsu,ａｕショップ 土浦高津,土浦市
https://www.au.com/storelocator/detail/?shopId=E-00606,au-shop-otawara,ａｕショップ 大田原,那須塩原市
https://www.au.com/storelocator/detail/?shopId=E-00607,au-shop-ujiie,ａｕショップ 氏家,さくら市
https://www.au.com/storelocator/detail/?shopId=E-00609,au-shop-tochigi,ａｕショップ 栃木,栃木市
https://www.au.com/storelocator/detail/?shopId=E-00618,au-shop-sayama,ａｕショップ 狭山,狭山市
https://www.au.com/storelocator/detail/?shopId=E-00619,au-shop-kofu,ａｕショップ 甲府,甲府市
https://www.au.com/storelocator/detail/?shopId=E-00620,au-shop-isawa,ａｕショップ 石和,笛吹市
https://www.au.com/storelocator/detail/?shopId=E-00621,au-shop-kofu-arakawa,ａｕショップ 甲府荒川,甲府市
https://www.au.com/storelocator/detail/?shopId=E-00622,au-shop-tsuru,ａｕショップ 都留,都留市
https://www.au.com/storelocator/detail/?shopId=E-00623,au-shop-kofu-showa,ａｕショップ 甲府昭和,甲府市
https://www.au.com/storelocator/detail/?shopId=E-00624,au-shop-fujiyoshida,ａｕショップ 富士吉田,富士吉田市
https://www.au.com/storelocator/detail/?shopId=E-00625,au-shop-kaino-ryuo,ａｕショップ 甲斐竜王,甲斐市
https://www.au.com/storelocator/detail/?shopId=E-00626,au-shop-nirasaki,ａｕショップ 韮崎,韮崎市
https://www.au.com/storelocator/detail/?shopId=E-00627,au-shop-aeon-taun-yamanashi-chuo,ａｕショップ イオンタウン山梨中央,中央市
https://www.au.com/storelocator/detail/?shopId=E-00630,au-shop-ju-jo,ａｕショップ 十条,北区
https://www.au.com/storelocator/detail/?shopId=E-00631,au-shop-sodegaura,ａｕショップ 袖ヶ浦,袖ヶ浦市
https://www.au.com/storelocator/detail/?shopId=E-00632,au-shop-hanno-pe-pe,ａｕショップ 飯能ペペ,飯能市
https://www.au.com/storelocator/detail/?shopId=E-00633,au-shop-shin-tokorozawa,ａｕショップ 新所沢,所沢市
https://www.au.com/storelocator/detail/?shopId=E-00634,au-shop-aeon-mall-habu,ａｕショップ イオンモール羽生,羽生市
https://www.au.com/storelocator/detail/?shopId=E-00638,au-style-kokuritsu,au Style 国立,国立市
https://www.au.com/storelocator/detail/?shopId=E-00642,au-shop-yamanashi-manriki,ａｕショップ 山梨万力,山梨市
https://www.au.com/storelocator/detail/?shopId=E-00644,au-shop-yasunaka,ａｕショップ 安中,安中市
https://www.au.com/storelocator/detail/?shopId=E-00648,au-style-shakujiikoen,au Style 石神井公園,練馬区
https://www.au.com/storelocator/detail/?shopId=E-00649,au-style-atsugi-tsumada,au Style 厚木妻田,厚木市
https://www.au.com/storelocator/detail/?shopId=E-00650,au-shop-yorii,ａｕショップ 寄居,大里郡寄居町
https://www.au.com/storelocator/detail/?shopId=E-00651,au-shop-shinsugita,auショップ 新杉田,横浜市磯子区
https://www.au.com/storelocator/detail/?shopId=E-00653,au-shop-yokosuka-mikasa,auショップ 横須賀三笠,横須賀市
https://www.au.com/storelocator/detail/?shopId=E-00654,au-shop-benibana-woku-okegawa,ａｕショップ ベニバナウォーク桶川,桶川市
https://www.au.com/storelocator/detail/?shopId=E-00656,au-shop-asaka,ａｕショップ 朝霞,朝霞市
https://www.au.com/storelocator/detail/?shopId=E-00657,au-shop-nagasaka,ａｕショップ 長坂,北杜市
https://www.au.com/storelocator/detail/?shopId=E-00658,au-shop-futtsu,ａｕショップ 富津,富津市
https://www.au.com/storelocator/detail/?shopId=E-00661,au-shop-higashiomiya,ａｕショップ 東大宮,さいたま市見沼区
https://www.au.com/storelocator/detail/?shopId=E-00662,au-style-odakyusagamihara,au Style 小田急相模原,相模原市南区
https://www.au.com/storelocator/detail/?shopId=E-00663,au-shop-ikebukuro-kitaguchi-ekimae,ａｕショップ 池袋北口駅前,豊島区
https://www.au.com/storelocator/detail/?shopId=E-00667,au-shop-koenji,ａｕショップ 高円寺,杉並区
https://www.au.com/storelocator/detail/?shopId=E-00678,au-shop-myogatani,ａｕショップ 茗荷谷,文京区
https://www.au.com/storelocator/detail/?shopId=E-00684,au-shop-nigata-to-ya-no,ａｕショップ 新潟とやの,新潟市中央区
https://www.au.com/storelocator/detail/?shopId=E-00691,au-shop-nigata-kamegai,ａｕショップ 新潟亀貝,新潟市西区
https://www.au.com/storelocator/detail/?shopId=E-00693,au-style-kanuma,au Style 鹿沼,鹿沼市
https://www.au.com/storelocator/detail/?shopId=E-00697,au-style-kamishakujii,au Style 上石神井,練馬区
https://www.au.com/storelocator/detail/?shopId=E-00698,au-shop-nagaoka-higashi,ａｕショップ 長岡東,長岡市
https://www.au.com/storelocator/detail/?shopId=E-00700,au-style-fussa,au Style 福生,福生市
https://www.au.com/storelocator/detail/?shopId=E-00702,au-style-hikarigaoka-ima,au Style 光が丘ＩＭＡ,練馬区
https://www.au.com/storelocator/detail/?shopId=E-00705,au-shop-minamisenju,ａｕショップ 南千住,荒川区
https://www.au.com/storelocator/detail/?shopId=E-00709,au-style-shin-oka-nishi,au Style 真岡西,真岡市
https://www.au.com/storelocator/detail/?shopId=E-00710,au-shop-higashiyamato,ａｕショップ 東大和,東大和市
https://www.au.com/storelocator/detail/?shopId=E-00711,au-shop-sengawa,ａｕショップ 仙川,調布市
https://www.au.com/storelocator/detail/?shopId=E-00719,au-style-toressa-yokohama,au Style トレッサ横浜,横浜市港北区
https://www.au.com/storelocator/detail/?shopId=E-00720,au-shop-machida-kiso,ａｕショップ 町田木曽,町田市
https://www.au.com/storelocator/detail/?shopId=E-00721,au-shop-ota-minami,ａｕショップ 太田南,太田市
https://www.au.com/storelocator/detail/?shopId=E-00724,au-style-minami-hatogaya,au Style 南鳩ヶ谷,川口市
https://www.au.com/storelocator/detail/?shopId=E-00725,au-shop-mito-migawa,ａｕショップ 水戸見川,水戸市
https://www.au.com/storelocator/detail/?shopId=E-00726,au-shop-hitachino-u-shiku,ａｕショップ ひたち野うしく,牛久市
https://www.au.com/storelocator/detail/?shopId=E-00727,au-shop-isu-mi,ａｕショップ いすみ,いすみ市
https://www.au.com/storelocator/detail/?shopId=E-00728,au-shop-zushi-hayama,auショップ 逗子葉山,逗子市
https://www.au.com/storelocator/detail/?shopId=E-00729,au-shop-nitsu,ａｕショップ 新津,新潟市秋葉区
https://www.au.com/storelocator/detail/?shopId=E-00732,au-shop-tateishi,ａｕショップ 立石,葛飾区
https://www.au.com/storelocator/detail/?shopId=E-00734,au-shop-utsunomiya-nishikawata,ａｕショップ 宇都宮西川田,宇都宮市
https://www.au.com/storelocator/detail/?shopId=E-00736,au-shop-sebumpakuario-kashiwa,ａｕショップ セブンパークアリオ柏,柏市
https://www.au.com/storelocator/detail/?shopId=E-00739,au-shop-atsugi-nodai-iriguchi,auショップ 厚木農大入口,厚木市
https://www.au.com/storelocator/detail/?shopId=E-00742,au-shop-tokamachi-machi,ａｕショップ 十日町,十日町市
https://www.au.com/storelocator/detail/?shopId=E-00743,au-shop-sanjo-chuo,ａｕショップ 三条中央,三条市
https://www.au.com/storelocator/detail/?shopId=E-00744,au-shop-saginuma,auショップ 鷺沼,川崎市宮前区
https://www.au.com/storelocator/detail/?shopId=E-00745,au-shop-seiseki-sakuragaoka,ａｕショップ 聖蹟桜ヶ丘,多摩市
https://www.au.com/storelocator/detail/?shopId=E-00747,au-style-aeon-mall-tsukuba,au Style イオンモールつくば,つくば市
https://www.au.com/storelocator/detail/?shopId=E-00750,au-shop-kaihimmakuhari,ａｕショップ 海浜幕張,千葉市美浜区
https://www.au.com/storelocator/detail/?shopId=E-00756,au-shop-yokohama-izumi,ａｕショップ 横浜いずみ,横浜市泉区
https://www.au.com/storelocator/detail/?shopId=E-00757,au-shop-musashisakai,ａｕショップ 武蔵境,武蔵野市
https://www.au.com/storelocator/detail/?shopId=E-00758,au-shop-jiyugaoka-eki-zen-shomen-guchi,ａｕショップ 自由が丘駅前正面口,目黒区
https://www.au.com/storelocator/detail/?shopId=E-00760,au-style-soka-higashiguchi,au Style 草加東口,草加市
https://www.au.com/storelocator/detail/?shopId=E-00763,au-style-furesupo-yashio,au Style フレスポ八潮,八潮市
https://www.au.com/storelocator/detail/?shopId=E-00765,au-shop-machida,ａｕショップ 町田,町田市
https://www.au.com/storelocator/detail/?shopId=E-00768,au-shop-aeon-taun-tateyama,ａｕショップ イオンタウン館山,館山市
https://www.au.com/storelocator/detail/?shopId=E-00771,au-shop-kawasaki-minamikase,auショップ 川崎南加瀬,川崎市幸区
https://www.au.com/storelocator/detail/?shopId=E-00773,au-shop-funabori,ａｕショップ 船堀,江戸川区
https://www.au.com/storelocator/detail/?shopId=E-00776,au-shop-kamakura-tebiro,auショップ 鎌倉手広,鎌倉市
https://www.au.com/storelocator/detail/?shopId=E-00777,au-shop-aeon-mall-mito-uchihara,ａｕショップ イオンモール水戸内原,水戸市
https://www.au.com/storelocator/detail/?shopId=E-00780,au-shop-minamino-eki-mae,ａｕショップ みなみ野駅前,八王子市
https://www.au.com/storelocator/detail/?shopId=E-00781,au-shop-waseda,ａｕショップ 早稲田,新宿区
https://www.au.com/storelocator/detail/?shopId=E-00782,au-shop-tsurukawa,ａｕショップ 鶴川,町田市
https://www.au.com/storelocator/detail/?shopId=E-00784,au-shop-gakugei-daigaku,ａｕショップ 学芸大学,目黒区
https://www.au.com/storelocator/detail/?shopId=E-00788,au-shop-kuki,ａｕショップ 久喜,久喜市
https://www.au.com/storelocator/detail/?shopId=E-00792,au-shop-kita-ageo,ａｕショップ 北上尾,上尾市
https://www.au.com/storelocator/detail/?shopId=E-00809,au-shop-asakusa-rox,ａｕショップ 浅草ROX,台東区
https://www.au.com/storelocator/detail/?shopId=E-00810,au-style-zama,au Style 座間,座間市
https://www.au.com/storelocator/detail/?shopId=E-00812,au-shop-sayamagaoka,ａｕショップ 狭山ヶ丘,所沢市
https://www.au.com/storelocator/detail/?shopId=E-00813,au-shop-lalaport-toyosu,ａｕショップ ららぽーと豊洲,江東区
https://www.au.com/storelocator/detail/?shopId=E-00814,au-style-konan-tai-inter,au Style 港南台インター,横浜市港南区
https://www.au.com/storelocator/detail/?shopId=E-00816,au-shop-oi-matsuda,auショップ 大井松田,足柄上郡大井町
https://www.au.com/storelocator/detail/?shopId=E-00817,au-style-kumagaya-nishi,au Style 熊谷西,熊谷市
https://www.au.com/storelocator/detail/?shopId=E-00818,au-shop-kodaira,ａｕショップ 小平,小平市
https://www.au.com/storelocator/detail/?shopId=E-00820,au-shop-omiya-owada,ａｕショップ 大宮大和田,さいたま市見沼区
https://www.au.com/storelocator/detail/?shopId=E-00822,au-style-yokosuka-takeyama,au Style 横須賀武山,横須賀市
https://www.au.com/storelocator/detail/?shopId=E-00823,au-style-sotetsu-raifu-mitsuzakai,au Style 相鉄ライフ三ツ境,横浜市瀬谷区
https://www.au.com/storelocator/detail/?shopId=E-00824,au-shop-kiryu-koron-basu-dori,ａｕショップ 桐生コロンバス通り,桐生市
https://www.au.com/storelocator/detail/?shopId=E-00826,au-style-isezaki-moru,au Style 伊勢佐木モール,横浜市中区
https://www.au.com/storelocator/detail/?shopId=E-00828,au-shop-akaba,ａｕショップ 赤羽,北区
https://www.au.com/storelocator/detail/?shopId=E-00831,au-style-ayase-shiyakushomae,au Style 綾瀬市役所前,綾瀬市
https://www.au.com/storelocator/detail/?shopId=E-00832,au-shop-intapakubirejji,ａｕショップ インターパークビレッジ,宇都宮市
https://www.au.com/storelocator/detail/?shopId=E-00834,au-style-tokai,au Style 東海,那珂郡東海村
https://www.au.com/storelocator/detail/?shopId=E-00835,au-shop-aeon-mall-yachiyo-midorigaoka,ａｕショップ イオンモール八千代緑が丘,八千代市
https://www.au.com/storelocator/detail/?shopId=E-00837,au-shop-machiya,ａｕショップ 町屋,荒川区
https://www.au.com/storelocator/detail/?shopId=E-00838,au-shop-hachimanshuku,ａｕショップ 八幡宿,市原市
https://www.au.com/storelocator/detail/?shopId=E-00840,au-shop-ashikaga-kita,ａｕショップ 足利北,足利市
https://www.au.com/storelocator/detail/?shopId=E-00841,au-shop-kofu-wado,ａｕショップ 甲府和戸,甲府市
https://www.au.com/storelocator/detail/?shopId=E-00848,au-style-hachioji-ekimae,au Style 八王子駅前,八王子市
https://www.au.com/storelocator/detail/?shopId=E-00850,au-shop-ayase,ａｕショップ 綾瀬,足立区
https://www.au.com/storelocator/detail/?shopId=E-00851,au-shop-nippori,ａｕショップ 日暮里,荒川区
https://www.au.com/storelocator/detail/?shopId=E-00856,au-shop-oyama-hanekawa,ａｕショップ 小山羽川,小山市
https://www.au.com/storelocator/detail/?shopId=E-00869,au-shop-yokohama-katakura,ａｕショップ 横浜片倉,横浜市神奈川区
https://www.au.com/storelocator/detail/?shopId=E-00871,au-shop-inage-kaigan,ａｕショップ 稲毛海岸,千葉市美浜区
https://www.au.com/storelocator/detail/?shopId=E-00874,au-shop-kita-ibaraki,ａｕショップ 北茨城,北茨城市
https://www.au.com/storelocator/detail/?shopId=E-00879,au-shop-sado,ａｕショップ 佐渡,佐渡市
https://www.au.com/storelocator/detail/?shopId=E-00880,au-shop-akiruno,ａｕショップ あきる野,あきる野市
https://www.au.com/storelocator/detail/?shopId=E-00882,au-style-terasu-moru-shonan,au Style テラスモール湘南,藤沢市
https://www.au.com/storelocator/detail/?shopId=E-00884,au-style-nakano-sammoru,au Style 中野サンモール,中野区
https://www.au.com/storelocator/detail/?shopId=E-00886,au-shop-tsuchiura-kita,ａｕショップ 土浦北,土浦市
https://www.au.com/storelocator/detail/?shopId=E-00887,au-style-funabashi-misaki,au Style 船橋三咲,船橋市
https://www.au.com/storelocator/detail/?shopId=E-00888,au-shop-fusato,ａｕショップ 富里,富里市
https://www.au.com/storelocator/detail/?shopId=E-00891,au-shop-higashikurume,ａｕショップ 東久留米,東久留米市
https://www.au.com/storelocator/detail/?shopId=E-00894,au-shop-kimitsu,ａｕショップ 君津,君津市
https://www.au.com/storelocator/detail/?shopId=E-00895,au-shop-aeon-taun-fujimino,ａｕショップ イオンタウンふじみ野,ふじみ野市
https://www.au.com/storelocator/detail/?shopId=E-00896,au-style-tsurumi-nishiguchi-ekimae,au Style 鶴見西口駅前,横浜市鶴見区
https://www.au.com/storelocator/detail/?shopId=E-00897,au-shop-sangenjaya-eki-mae,ａｕショップ 三軒茶屋駅前,世田谷区
https://www.au.com/storelocator/detail/?shopId=E-00900,au-style-oami,au Style 大網,大網白里市
https://www.au.com/storelocator/detail/?shopId=E-00901,au-style-kanazawa-hakkei,au Style 金沢八景,横浜市金沢区
https://www.au.com/storelocator/detail/?shopId=E-00904,au-shop-higashiura-kazu-ekiminamidori,ａｕショップ 東浦和駅南通り,さいたま市緑区
https://www.au.com/storelocator/detail/?shopId=E-00911,au-shop-shimbashi,ａｕショップ 新橋,港区
https://www.au.com/storelocator/detail/?shopId=E-00912,au-style-hiratsuka-sakuragaoka,au Style 平塚桜ヶ丘,平塚市
https://www.au.com/storelocator/detail/?shopId=E-00913,au-shop-minamiosawa,ａｕショップ 南大沢,八王子市
https://www.au.com/storelocator/detail/?shopId=E-00915,au-shop-kita-urawa,ａｕショップ 北浦和,さいたま市浦和区
https://www.au.com/storelocator/detail/?shopId=E-00916,au-style-adachi-hitotsuya,au Style 足立一ツ家,足立区
https://www.au.com/storelocator/detail/?shopId=E-00918,au-style-fuchu-kitaguchi,au Style 府中北口,府中市
https://www.au.com/storelocator/detail/?shopId=E-00927,au-style-yokohama-moazu,au Style 横浜モアーズ,横浜市西区
https://www.au.com/storelocator/detail/?shopId=E-00929,au-shop-hoei,ａｕショップ 豊栄,新潟市北区
https://www.au.com/storelocator/detail/?shopId=E-00932,au-shop-aeon-mall-kofu-showacho,ａｕショップ イオンモール甲府昭和,中巨摩郡昭和町
https://www.au.com/storelocator/detail/?shopId=E-00934,au-shop-goko,ａｕショップ 五香,松戸市
https://www.au.com/storelocator/detail/?shopId=E-00935,au-shop-sano-asanuma,ａｕショップ 佐野浅沼,佐野市
https://www.au.com/storelocator/detail/?shopId=E-00937,au-shop-kaede-woku-nagatsuta,ａｕショップ カエデウォーク長津田,横浜市緑区
https://www.au.com/storelocator/detail/?shopId=E-00938,au-style-kasukabe-higashiguchi,au Style 春日部東口,春日部市
https://www.au.com/storelocator/detail/?shopId=E-00943,au-style-nekusuto-keisei-funabashi,au Style ネクスト京成船橋,船橋市
https://www.au.com/storelocator/detail/?shopId=E-00944,au-shop-kamata-nishiguchi,ａｕショップ 蒲田西口,大田区
https://www.au.com/storelocator/detail/?shopId=E-00949,au-shop-aeon-mall-chiba-nyutaun,ａｕショップ イオンモール千葉ニュータウン,印西市
https://www.au.com/storelocator/detail/?shopId=E-00952,au-shop-maebashi-ke-yaki-woku,ａｕショップ 前橋けやきウォーク,前橋市
https://www.au.com/storelocator/detail/?shopId=E-00954,au-shop-ario-nishiarai,ａｕショップ アリオ西新井,足立区
https://www.au.com/storelocator/detail/?shopId=E-00957,au-shop-mi-rai-taira,ａｕショップ みらい平,つくばみらい市
https://www.au.com/storelocator/detail/?shopId=E-00960,au-style-hamadayama,au Style 浜田山,杉並区
https://www.au.com/storelocator/detail/?shopId=E-00962,au-shop-ota-chuo,ａｕショップ 太田中央,太田市
https://www.au.com/storelocator/detail/?shopId=E-00967,au-shop-niza,ａｕショップ 新座,新座市
https://www.au.com/storelocator/detail/?shopId=E-00970,au-shop-ojiya,ａｕショップ 小千谷,小千谷市
https://www.au.com/storelocator/detail/?shopId=E-00971,au-shop-minamigyotoku,ａｕショップ 南行徳,市川市
https://www.au.com/storelocator/detail/?shopId=E-00972,au-shop-shin-hane,auショップ 新羽,横浜市港北区
https://www.au.com/storelocator/detail/?shopId=E-00974,au-shop-aeon-taun-mito-minami,ａｕショップ イオンタウン水戸南,東茨城郡茨城町
https://www.au.com/storelocator/detail/?shopId=E-00978,au-shop-nishi-funabashi,ａｕショップ 西船橋,船橋市
https://www.au.com/storelocator/detail/?shopId=E-00979,au-shop-futago-tamagawa,ａｕショップ 二子玉川,世田谷区
https://www.au.com/storelocator/detail/?shopId=E-00982,au-shop-hirai,ａｕショップ 平井,江戸川区
https://www.au.com/storelocator/detail/?shopId=E-00983,au-style-sagamihara-tana,au Style 相模原田名,相模原市中央区
https://www.au.com/storelocator/detail/?shopId=E-00984,au-shop-nitta,ａｕショップ 新田,太田市
https://www.au.com/storelocator/detail/?shopId=E-00991,au-shop-yunimo-chiharadai,ａｕショップ ユニモちはら台,市原市
https://www.au.com/storelocator/detail/?shopId=E-00995,au-shop-azamino-eda,ａｕショップ あざみ野江田,横浜市青葉区
https://www.au.com/storelocator/detail/?shopId=E-01001,au-shop-mitsuke,ａｕショップ 見附,見附市
https://www.au.com/storelocator/detail/?shopId=E-01002,au-shop-oume,ａｕショップ 青梅,青梅市
https://www.au.com/storelocator/detail/?shopId=E-01004,au-shop-nagareyama-o-ta-ka-no-mori,ａｕショップ 流山おおたかの森,流山市
https://www.au.com/storelocator/detail/?shopId=E-01005,au-shop-oi-machi,ａｕショップ 大井町(東京都),品川区
https://www.au.com/storelocator/detail/?shopId=E-01008,au-shop-higashimurayama,ａｕショップ 東村山,東村山市
https://www.au.com/storelocator/detail/?shopId=E-01009,au-shop-shibusawa,auショップ 渋沢,秦野市
https://www.au.com/storelocator/detail/?shopId=E-01011,au-shop-shimura-sakagami,ａｕショップ 志村坂上,板橋区
https://www.au.com/storelocator/detail/?shopId=E-01012,au-style-fuchinobe,au Style 淵野辺,相模原市中央区
https://www.au.com/storelocator/detail/?shopId=E-01013,au-style-hikarigaoka,au Style 光が丘,練馬区
https://www.au.com/storelocator/detail/?shopId=E-01015,au-style-ro-haru-tsudanuma,au Style ロハル津田沼,習志野市
https://www.au.com/storelocator/detail/?shopId=E-01019,au-shop-mafu-ju-ban,ａｕショップ 麻布十番,港区
https://www.au.com/storelocator/detail/?shopId=E-01020,au-shop-joifuru-honda-arakawaoki,ａｕショップ ジョイフル本田荒川沖,土浦市
https://www.au.com/storelocator/detail/?shopId=E-01021,au-shop-mitaka-higashi-hachi-doro,ａｕショップ 三鷹東八道路,三鷹市
https://www.au.com/storelocator/detail/?shopId=E-01022,au-shop-aeon-taun-yoshikawa-minami,ａｕショップ イオンタウン吉川美南,吉川市
https://www.au.com/storelocator/detail/?shopId=E-01025,au-shop-arashiyama,ａｕショップ 嵐山,比企郡嵐山町
https://www.au.com/storelocator/detail/?shopId=E-01028,au-shop-chitosefunabashi,ａｕショップ 千歳船橋,世田谷区
https://www.au.com/storelocator/detail/?shopId=E-01029,au-shop-matsudo-nishiguchi,ａｕショップ 松戸西口,松戸市
https://www.au.com/storelocator/detail/?shopId=E-01036,au-shop-minamikashiwa,ａｕショップ 南柏,柏市
https://www.au.com/storelocator/detail/?shopId=E-01037,au-shop-hitachi-minami,ａｕショップ 日立南,日立市
https://www.au.com/storelocator/detail/?shopId=E-01040,au-style-fujisawa-minamiguchi,au Style 藤沢南口,藤沢市
https://www.au.com/storelocator/detail/?shopId=E-01041,au-style-tsukuba-kenkyu-gakuen,au Style つくば研究学園,つくば市
https://www.au.com/storelocator/detail/?shopId=E-01043,au-shop-shiraoka,ａｕショップ 白岡,白岡市
https://www.au.com/storelocator/detail/?shopId=E-01044,au-shop-tatsukawa-tori,ａｕショップ 立川通り,立川市
https://www.au.com/storelocator/detail/?shopId=E-01048,au-style-adachi-kohoku,au Style 足立江北,足立区
https://www.au.com/storelocator/detail/?shopId=E-01049,au-shop-miyanogi,ａｕショップ 宮野木,千葉市花見川区
https://www.au.com/storelocator/detail/?shopId=E-01050,au-shop-totsuka-fudo-zaka,auショップ 戸塚不動坂,横浜市戸塚区
https://www.au.com/storelocator/detail/?shopId=E-01051,au-shop-aeon-reikutaun,ａｕショップ イオンレイクタウン,越谷市
https://www.au.com/storelocator/detail/?shopId=E-01052,au-shop-kokubunji,ａｕショップ 国分寺（東京都）,国分寺市
https://www.au.com/storelocator/detail/?shopId=E-01055,au-shop-ikuta-fuchu-kaido,auショップ 生田府中街道,川崎市多摩区
https://www.au.com/storelocator/detail/?shopId=E-01057,au-shop-kisarazu-hota-ru-no,ａｕショップ 木更津ほたる野,木更津市
https://www.au.com/storelocator/detail/?shopId=E-01058,au-shop-inage-sakusabe,ａｕショップ 稲毛作草部,千葉市稲毛区
https://www.au.com/storelocator/detail/?shopId=E-01060,au-shop-moraju-shobu,ａｕショップ モラージュ菖蒲,久喜市
https://www.au.com/storelocator/detail/?shopId=E-01061,au-shop-tsuga,ａｕショップ 都賀,千葉市若葉区
https://www.au.com/storelocator/detail/?shopId=E-01063,au-style-nishi-kuyakusho-mae,au Style 西区役所前,さいたま市西区
https://www.au.com/storelocator/detail/?shopId=E-01067,au-shop-naruse,ａｕショップ 成瀬,町田市
https://www.au.com/storelocator/detail/?shopId=E-01070,au-shop-naka,ａｕショップ 那珂,那珂市
https://www.au.com/storelocator/detail/?shopId=E-01071,au-style-kitanarashino,au Style 北習志野,船橋市
https://www.au.com/storelocator/detail/?shopId=E-01072,au-shop-tsuruse,ａｕショップ 鶴瀬,入間郡三芳町
https://www.au.com/storelocator/detail/?shopId=E-01073,au-shop-saginomiya,ａｕショップ 鷺ノ宮,中野区
https://www.au.com/storelocator/detail/?shopId=E-01076,au-shop-ninomiya,ａｕショップ 二宮,中郡二宮町
https://www.au.com/storelocator/detail/?shopId=E-01077,au-shop-ario-kawaguchi,ａｕショップ アリオ川口,川口市
https://www.au.com/storelocator/detail/?shopId=E-01079,au-style-nikkekorutompuraza-ichikawa,au Style ニッケコルトンプラザ市川,市川市
https://www.au.com/storelocator/detail/?shopId=E-01082,au-shop-takenotsuka-nishiguchi,ａｕショップ 竹の塚西口,足立区
https://www.au.com/storelocator/detail/?shopId=E-01085,au-shop-razawoku-futaba,ａｕショップ ラザウォーク双葉,甲斐市
https://www.au.com/storelocator/detail/?shopId=E-01089,au-shop-toyo-machi,ａｕショップ 東陽町,江東区
https://www.au.com/storelocator/detail/?shopId=E-01094,au-shop-aeon-mall-urawa-misono,ａｕショップ イオンモール浦和美園,さいたま市緑区
https://www.au.com/storelocator/detail/?shopId=E-01096,au-style-omiya-suterataun,au Style 大宮ステラタウン,さいたま市北区
https://www.au.com/storelocator/detail/?shopId=E-01097,au-style-odawara-tomi-sui,au Style 小田原富水,小田原市
https://www.au.com/storelocator/detail/?shopId=E-01098,au-shop-higashi-matsudo,ａｕショップ 東松戸,松戸市
https://www.au.com/storelocator/detail/?shopId=E-01099,au-shop-nakamura-kyo,ａｕショップ 中村橋,練馬区
https://www.au.com/storelocator/detail/?shopId=E-01105,au-shop-oshima,ａｕショップ 大島,江東区
https://www.au.com/storelocator/detail/?shopId=E-01106,au-shop-furesupo-inage,ａｕショップ フレスポ稲毛,千葉市稲毛区
https://www.au.com/storelocator/detail/?shopId=E-01110,au-shop-ikebukuro-nishiguchi-ekimae,auショップ 池袋西口駅前,豊島区
https://www.au.com/storelocator/detail/?shopId=E-01112,au-shop-tsubame-yoshida,ａｕショップ 燕吉田,燕市
https://www.au.com/storelocator/detail/?shopId=E-01117,au-style-honancho,au Style 方南町,杉並区
https://www.au.com/storelocator/detail/?shopId=E-01118,au-shop-kichijoji-odori,ａｕショップ 吉祥寺大通り,武蔵野市
https://www.au.com/storelocator/detail/?shopId=E-01119,au-style-pioniwoku-higashimatsuyama,au Style ピオニウォーク東松山,東松山市
https://www.au.com/storelocator/detail/?shopId=E-01121,au-shop-tsuchike-asumigaoka,ａｕショップ 土気あすみが丘,千葉市緑区
https://www.au.com/storelocator/detail/?shopId=E-01123,au-shop-aeon-mall-tsuchiura,ａｕショップ イオンモール土浦,土浦市
https://www.au.com/storelocator/detail/?shopId=E-01125,au-style-misato-chuo,au Style 三郷中央,三郷市
https://www.au.com/storelocator/detail/?shopId=E-01126,au-shop-heiwa-dai,ａｕショップ 平和台(東京都),練馬区
https://www.au.com/storelocator/detail/?shopId=E-01127,au-shop-itoyokado-kiba,ａｕショップ イトーヨーカドー木場,江東区
https://www.au.com/storelocator/detail/?shopId=E-01129,au-style-kurihama,au Style 久里浜,横須賀市
https://www.au.com/storelocator/detail/?shopId=E-01131,au-shop-yaoko-komagawa,ａｕショップ ヤオコー高麗川,日高市
https://www.au.com/storelocator/detail/?shopId=E-01132,au-shop-sakura-296-go,ａｕショップ 佐倉２９６号,佐倉市
https://www.au.com/storelocator/detail/?shopId=E-01134,au-shop-yachiyo-murakami,ａｕショップ 八千代村上,八千代市
https://www.au.com/storelocator/detail/?shopId=E-01135,au-style-yamato-ekimae,au Style 大和駅前,大和市
https://www.au.com/storelocator/detail/?shopId=E-01136,au-style-omori-higashiguchi,au Style 大森東口,大田区
https://www.au.com/storelocator/detail/?shopId=E-01140,au-shop-ario-hashimoto,auショップ アリオ橋本,相模原市緑区
https://www.au.com/storelocator/detail/?shopId=E-01141,au-shop-moto-sumiyoshi,ａｕショップ 元住吉,川崎市中原区
https://www.au.com/storelocator/detail/?shopId=E-01143,au-style-dainashiti-odawara,au Style ダイナシティ小田原,小田原市
https://www.au.com/storelocator/detail/?shopId=E-01144,au-shop-kitamoto,ａｕショップ 北本,北本市
https://www.au.com/storelocator/detail/?shopId=E-01145,au-style-zasshoku,au Style 雑色,大田区
https://www.au.com/storelocator/detail/?shopId=E-01146,au-shop-aeon-chigasaki-chuo,auショップ イオン茅ヶ崎中央,茅ヶ崎市
https://www.au.com/storelocator/detail/?shopId=E-01147,au-shop-ina-gakuemmae,ａｕショップ 伊奈学園前,北足立郡伊奈町
https://www.au.com/storelocator/detail/?shopId=E-01148,au-shop-tokorozawa-rikkyo-dori,ａｕショップ 所沢陸橋通り,所沢市
https://www.au.com/storelocator/detail/?shopId=E-01149,au-shop-kita-koshigaya,ａｕショップ 北越谷,越谷市
https://www.au.com/storelocator/detail/?shopId=E-01150,au-shop-hoya,ａｕショップ 保谷,西東京市
https://www.au.com/storelocator/detail/?shopId=E-01151,au-shop-aeon-shin-urayasu,ａｕショップ イオン新浦安,浦安市
https://www.au.com/storelocator/detail/?shopId=E-01152,au-shop-maebashi-minami-moru,ａｕショップ 前橋みなみモール,前橋市
https://www.au.com/storelocator/detail/?shopId=E-01154,au-shop-aeon-mall-narita,ａｕショップ イオンモール成田,成田市
https://www.au.com/storelocator/detail/?shopId=E-01155,au-shop-utsunomiya-yui-no-mori,ａｕショップ 宇都宮ゆいの杜,宇都宮市
https://www.au.com/storelocator/detail/?shopId=E-01157,au-style-inagi-yanokuchi,au Style 稲城矢野口,稲城市
https://www.au.com/storelocator/detail/?shopId=E-01158,au-style-aku-rosu-moru-shinkamagaya,au Style アクロスモール新鎌ケ谷,鎌ヶ谷市
https://www.au.com/storelocator/detail/?shopId=E-01160,au-shop-myoden,ａｕショップ 妙典,市川市
https://www.au.com/storelocator/detail/?shopId=E-01161,au-shop-iasu-takao,ａｕショップ イーアス高尾,八王子市
https://www.au.com/storelocator/detail/?shopId=E-01162,au-shop-mizonokuchi-chuo-dori,ａｕショップ 溝の口中央通り,川崎市高津区
https://www.au.com/storelocator/detail/?shopId=E-01164,au-shop-asahi-imashuku,auショップ 旭今宿,横浜市旭区
https://www.au.com/storelocator/detail/?shopId=E-01165,au-shop-lalaport-kashiwanoha,ａｕショップ ららぽーと柏の葉,柏市
https://www.au.com/storelocator/detail/?shopId=E-01169,au-shop-ichigao,auショップ 市が尾,横浜市青葉区
https://www.au.com/storelocator/detail/?shopId=E-01173,au-style-yatsuka,au Style 谷塚,草加市
https://www.au.com/storelocator/detail/?shopId=E-01174,au-shop-kashimada,ａｕショップ 鹿島田,川崎市幸区
https://www.au.com/storelocator/detail/?shopId=E-01175,au-shop-fasshon-kuruzu-hitachinaka,ａｕショップ ファッションクルーズひたちなか,ひたちなか市
https://www.au.com/storelocator/detail/?shopId=E-01176,au-shop-hanakoganei,ａｕショップ 花小金井,小平市
https://www.au.com/storelocator/detail/?shopId=E-01177,au-style-kawasaki-azeria,au Style 川崎アゼリア,川崎市川崎区
https://www.au.com/storelocator/detail/?shopId=E-01179,au-shop-kamakura,auショップ 鎌倉,鎌倉市
https://www.au.com/storelocator/detail/?shopId=E-01181,au-style-shinjuku,au Style SHINJUKU,新宿区
https://www.au.com/storelocator/detail/?shopId=E-01182,au-style-lalaport-tatsukawa-tatsu-hi,au Style ららぽーと立川立飛,立川市
https://www.au.com/storelocator/detail/?shopId=E-01183,au-shop-aoto,ａｕショップ 青砥,葛飾区
https://www.au.com/storelocator/detail/?shopId=E-01185,au-shop-jiautoretto-shonan-hiratsuka,auショップ ジアウトレット湘南平塚,平塚市
https://www.au.com/storelocator/detail/?shopId=E-01188,au-shop-yurakucho,ａｕショップ 有楽町,千代田区
https://www.au.com/storelocator/detail/?shopId=E-01189,au-style-shiki-minamiguchi,au Style 志木南口,新座市
https://www.au.com/storelocator/detail/?shopId=E-01190,au-shop-mito-sakura-dori,ａｕショップ 水戸さくら通り,水戸市
https://www.au.com/storelocator/detail/?shopId=E-01194,au-shop-besuta-honjo,ａｕショップ ベスタ本庄,本庄市
https://www.au.com/storelocator/detail/?shopId=E-01196,au-shop-kosaku,ａｕショップ 小作,青梅市
https://www.au.com/storelocator/detail/?shopId=E-01199,au-style-shin-koshigaya-varie,au Style 新越谷ヴァリエ,越谷市
https://www.au.com/storelocator/detail/?shopId=E-01202,au-shop-itako,ａｕショップ 潮来,潮来市
https://www.au.com/storelocator/detail/?shopId=E-01204,au-style-foresutomoru-hitachiota,au Style フォレストモール常陸太田,常陸太田市東部土地区
https://www.au.com/storelocator/detail/?shopId=E-01205,au-shop-ario-washimiya,ａｕショップ アリオ鷲宮,久喜市
https://www.au.com/storelocator/detail/?shopId=E-01215,au-shop-lalaport-yokohama,auショップ ららぽーと横浜,横浜市都筑区
https://www.au.com/storelocator/detail/?shopId=E-01217,au-shop-urayasu,ａｕショップ 浦安,浦安市
https://www.au.com/storelocator/detail/?shopId=E-01218,au-style-ario-ageo,au Style アリオ上尾,上尾市
https://www.au.com/storelocator/detail/?shopId=E-01225,au-style-aeon-mall-makuhari-shinto-shin,au Style イオンモール幕張新都心,千葉市美浜区
https://www.au.com/storelocator/detail/?shopId=E-01232,au-style-aeon-mall-takasaki,au Style イオンモール高崎,高崎市
https://www.au.com/storelocator/detail/?shopId=E-01236,au-shop-oyama-chuo,ａｕショップ 小山中央,小山市
https://www.au.com/storelocator/detail/?shopId=E-01247,au-shop-furukawa-125-go,ａｕショップ 古河１２５号,古河市
https://www.au.com/storelocator/detail/?shopId=E-01248,au-style-ikegami,au Style 池上,大田区
https://www.au.com/storelocator/detail/?shopId=E-01251,au-shop-lalaport-fujimi,ａｕショップ ららぽーと富士見,富士見市
https://www.au.com/storelocator/detail/?shopId=E-01253,au-shop-ebara-machi,ａｕショップ 荏原町,品川区
https://www.au.com/storelocator/detail/?shopId=E-01255,au-shop-naruto,ａｕショップ 成東,山武市
https://www.au.com/storelocator/detail/?shopId=E-01256,au-style-tsune-so-mitsukaido,au Style 常総水海道,常総市
https://www.au.com/storelocator/detail/?shopId=E-01264,au-style-minatomirai,au Style みなとみらい,横浜市中区
https://www.au.com/storelocator/detail/?shopId=E-01267,au-style-honjowaseda,au Style HONJOWASEDA,本庄市
https://www.au.com/storelocator/detail/?shopId=E-01269,au-shop-aeon-mall-kita-toda,ａｕショップ イオンモール北戸田,戸田市
https://www.au.com/storelocator/detail/?shopId=E-01270,au-style-ario-soga,au Style アリオ蘇我,千葉市中央区
https://www.au.com/storelocator/detail/?shopId=E-01271,au-shop-tsurugashima-inter,ａｕショップ 鶴ヶ島インター,鶴ヶ島市
https://www.au.com/storelocator/detail/?shopId=E-01272,au-style-kagurazaka,au Style 神楽坂,新宿区
https://www.au.com/storelocator/detail/?shopId=E-01274,au-shop-ario-kasai,ａｕショップ アリオ葛西,江戸川区
https://www.au.com/storelocator/detail/?shopId=E-01275,au-shop-hon-atsugi,ａｕショップ 本厚木,厚木市
https://www.au.com/storelocator/detail/?shopId=E-01276,au-style-shimokitazawa,au Style 下北沢,世田谷区
https://www.au.com/storelocator/detail/?shopId=E-01277,au-style-sagamiono,au Style 相模大野,相模原市南区
https://www.au.com/storelocator/detail/?shopId=E-01280,au-shop-aeon-mall-funabashi,ａｕショップ イオンモール船橋,船橋市
https://www.au.com/storelocator/detail/?shopId=E-01281,au-style-aeon-mall-kisarazu,au Style イオンモール木更津,木更津市
https://www.au.com/storelocator/detail/?shopId=E-01282,au-style-aeon-mall-zama,au Style イオンモール座間,座間市
https://www.au.com/storelocator/detail/?shopId=E-01284,au-shop-kawagoe-kita,ａｕショップ 川越北,川越市
https://www.au.com/storelocator/detail/?shopId=E-01287,au-shop-joifuru-honda-mizuho,ａｕショップ ジョイフル本田瑞穂,西多摩郡瑞穂町
https://www.au.com/storelocator/detail/?shopId=E-01288,au-shop-itabashi,auショップ 板橋,板橋区
https://www.au.com/storelocator/detail/?shopId=E-01291,au-shop-sugamo,ａｕショップ 巣鴨,豊島区
https://www.au.com/storelocator/detail/?shopId=E-01293,au-style-kashiwa,au Style KASHIWA,柏市
https://www.au.com/storelocator/detail/?shopId=E-01297,au-style-tachikawa,au Style TACHIKAWA,立川市
https://www.au.com/storelocator/detail/?shopId=E-01298,au-shop-sumaku-isezaki,ａｕショップ スマーク伊勢崎,伊勢崎市
https://www.au.com/storelocator/detail/?shopId=E-01299,au-style-omiya,au Style OMIYA,さいたま市大宮区
https://www.au.com/storelocator/detail/?shopId=E-01300,au-style-ueno,au Style  UENO,台東区
https://www.au.com/storelocator/detail/?shopId=E-01302,au-style-lalaport-shonan-hiratsuka,au Style ららぽーと湘南平塚,平塚市
https://www.au.com/storelocator/detail/?shopId=E-01304,au-style-yokohama,au Style YOKOHAMA,横浜市西区
https://www.au.com/storelocator/detail/?shopId=E-01305,au-style-hachioji,au Style HACHIOJI,八王子市
https://www.au.com/storelocator/detail/?shopId=E-01307,au-style-ikebukuro,au Style IKEBUKURO,豊島区
https://www.au.com/storelocator/detail/?shopId=E-01308,au-style-tokorozawa,au Style TOKOROZAWA,所沢市
https://www.au.com/storelocator/detail/?shopId=E-01311,au-style-kichijoji,au Style KICHIJOJI,武蔵野市
https://www.au.com/storelocator/detail/?shopId=E-01316,au-style-aeon-mall-kawaguchi,au Style イオンモール川口,川口市
https://www.au.com/storelocator/detail/?shopId=E-01317,au-style-itoyokado-yotsukaido,au Style イトーヨーカドー四街道,四街道市
https://www.au.com/storelocator/detail/?shopId=E-01318,au-style-chiba-c-one,au Style 千葉Ｃ－ｏｎｅ,千葉市中央区
https://www.au.com/storelocator/detail/?shopId=E-01319,au-shop-komae,ａｕショップ 狛江,狛江市
https://www.au.com/storelocator/detail/?shopId=E-01321,au-style-mozaiku-moru-kohoku,au Style モザイクモール港北,横浜市都筑区
https://www.au.com/storelocator/detail/?shopId=E-01322,au-style-shiarupuratto-higashi-kanagawa,au Style シァルプラット東神奈川,横浜市神奈川区
https://www.au.com/storelocator/detail/?shopId=E-01323,au-style-aeon-mall-sano-shin-toshi,au Style イオンモール佐野新都市,佐野市
https://www.au.com/storelocator/detail/?shopId=E-01324,au-style-kameidokurokku,au Style カメイドクロック,江東区
https://www.au.com/storelocator/detail/?shopId=E-01338,au-style-aeon-mall-musashi-murayama,au Style イオンモールむさし村山,武蔵村山市
https://www.au.com/storelocator/detail/?shopId=E-01351,au-shop-riba-saido-senshu-apita-nagaoka,ａｕショップ リバーサイド千秋アピタ長岡店,長岡市
https://www.au.com/storelocator/detail/?shopId=E-01362,au-style-iasu-tsukuba,au Style イーアスつくば,つくば市
https://www.au.com/storelocator/detail/?shopId=E-01372,au-style-shonan-moru-firu,au Style 湘南モールフィル,藤沢市
https://www.au.com/storelocator/detail/?shopId=E-01439,au-style-aeon-mall-kawaguchi-maekawa,au Style イオンモール川口前川,川口市
https://www.au.com/storelocator/detail/?shopId=E-01441,au-style-aeon-mall-yono,au Style イオンモール与野,さいたま市中央区
https://www.au.com/storelocator/detail/?shopId=E-01451,au-style-yumegaoka-soratosu,au Style ゆめが丘ソラトス,横浜市泉区
https://www.au.com/storelocator/detail/?shopId=H-00003,au-style-aeon-mori-no-sato,au Style イオンもりの里,金沢市
https://www.au.com/storelocator/detail/?shopId=H-00008,au-style-aeon-mall-hakusan,au Style イオンモール白山,白山市
https://www.au.com/storelocator/detail/?shopId=H-00009,au-shop-nanao,ａｕショップ 七尾,七尾市
https://www.au.com/storelocator/detail/?shopId=H-00012,au-style-komatsu,au Style 小松,小松市
https://www.au.com/storelocator/detail/?shopId=H-00014,au-style-hisayasu,au Style 久安,金沢市
https://www.au.com/storelocator/detail/?shopId=H-00016,au-style-abioshiti-kaga,au Style アビオシティ加賀,加賀市
https://www.au.com/storelocator/detail/?shopId=H-00018,au-shop-aku-rosu-puraza-nonoichi-shi,ａｕショップ アクロスプラザ野々市,野々市
https://www.au.com/storelocator/detail/?shopId=H-00023,au-shop-kanazawa-oko-ba-ta,ａｕショップ 金沢おこばた,金沢市
https://www.au.com/storelocator/detail/?shopId=H-00024,au-shop-aeon-mall-ka-ho,ａｕショップ イオンモールかほく,かほく市
https://www.au.com/storelocator/detail/?shopId=H-00029,au-shop-hakui,ａｕショップ 羽咋,羽咋市
https://www.au.com/storelocator/detail/?shopId=H-00042,au-shop-aeon-mall-tonami,ａｕショップ イオンモールとなみ,砺波市
https://www.au.com/storelocator/detail/?shopId=H-00047,au-style-shinjo,au Style 新庄(富山県),富山市
https://www.au.com/storelocator/detail/?shopId=H-00048,au-shop-fuchu,ａｕショップ 婦中,富山市
https://www.au.com/storelocator/detail/?shopId=H-00049,au-style-takaoka-shimizu-machi,au Style 高岡清水町,高岡市
https://www.au.com/storelocator/detail/?shopId=H-00057,au-style-yamamuro,au Style 山室,富山市
https://www.au.com/storelocator/detail/?shopId=H-00058,au-shop-kurobe,ａｕショップ 黒部,黒部市
https://www.au.com/storelocator/detail/?shopId=H-00067,au-shop-uozu-appuru-hiru,ａｕショップ 魚津アップルヒル,魚津市
https://www.au.com/storelocator/detail/?shopId=H-00070,au-style-namekawa,au Style 滑川,滑川市
https://www.au.com/storelocator/detail/?shopId=H-00072,au-style-kosugi,au Style 小杉,射水市
https://www.au.com/storelocator/detail/?shopId=H-00076,au-style-minami-arato,au Style 南砺,南砺市
https://www.au.com/storelocator/detail/?shopId=H-00080,au-shop-omiya,ａｕショップ 大宮（福井県）,福井市
https://www.au.com/storelocator/detail/?shopId=H-00082,au-style-aru-puraza-ami,au Style アル・プラザアミ,坂井市
https://www.au.com/storelocator/detail/?shopId=H-00083,au-shop-ono,ａｕショップ 大野,大野市
https://www.au.com/storelocator/detail/?shopId=H-00085,au-style-tsuruga,au Style 敦賀,敦賀市
https://www.au.com/storelocator/detail/?shopId=H-00086,au-style-etsuzen-shibahara,au Style 越前芝原,越前市
https://www.au.com/storelocator/detail/?shopId=H-00088,au-shop-obama,ａｕショップ 小浜,小浜市
https://www.au.com/storelocator/detail/?shopId=H-00090,au-style-yashiro,au Style やしろ,福井市
https://www.au.com/storelocator/detail/?shopId=H-00091,au-shop-sabae,ａｕショップ 鯖江,鯖江市
https://www.au.com/storelocator/detail/?shopId=H-00094,au-style-beru,au Style ベル,福井市
https://www.au.com/storelocator/detail/?shopId=H-00136,au-style-ishikawa-kencho-mae,au Style 石川県庁前,金沢市
https://www.au.com/storelocator/detail/?shopId=H-00140,au-shop-apita-matto,ａｕショップ アピタ松任,白山市
https://www.au.com/storelocator/detail/?shopId=H-00142,au-shop-apita-toyama,ａｕショップ アピタ富山,富山市
https://www.au.com/storelocator/detail/?shopId=H-00149,au-style-piago-maruoka,au Style ピアゴ丸岡,坂井市
https://www.au.com/storelocator/detail/?shopId=H-00152,au-style-mitsukuchishin-machi,au Style 三口新町,金沢市
https://www.au.com/storelocator/detail/?shopId=H-00157,au-style-kaihatsu,au Style 開発,福井市
https://www.au.com/storelocator/detail/?shopId=H-00159,au-shop-eru-pa,ａｕショップ エルパ,福井市
https://www.au.com/storelocator/detail/?shopId=H-00166,au-shop-aeon-taun-kanazawa-shimeno,ａｕショップ イオンタウン金沢示野,金沢市
https://www.au.com/storelocator/detail/?shopId=H-00168,au-shop-fabore,ａｕショップ ファボーレ,富山市
https://www.au.com/storelocator/detail/?shopId=H-00176,au-style-takaoka-nomura,au Style 高岡野村,高岡市
https://www.au.com/storelocator/detail/?shopId=H-00191,au-shop-aeon-mall-shin-komatsu,ａｕショップ イオンモール新小松,小松市
https://www.au.com/storelocator/detail/?shopId=H-00192,au-shop-wajima-wai-puraza,ａｕショップ 輪島ワイプラザ,輪島市
https://www.au.com/storelocator/detail/?shopId=H-00196,au-style-aeon-mall-takaoka,au Style イオンモール高岡,高岡市
https://www.au.com/storelocator/detail/?shopId=K-00002,au-shop-sakai-higashiichijo-dori,ａｕショップ 堺東一条通,堺市堺区
https://www.au.com/storelocator/detail/?shopId=K-00003,au-shop-senrichuo,ａｕショップ 千里中央,豊中市
https://www.au.com/storelocator/detail/?shopId=K-00004,au-style-sone,au Style 曽根,豊中市
https://www.au.com/storelocator/detail/?shopId=K-00005,au-shop-ju-san,ａｕショップ 十三,大阪市淀川区
https://www.au.com/storelocator/detail/?shopId=K-00007,au-shop-minamimori-machi-ekimae,ａｕショップ 南森町駅前,大阪市北区
https://www.au.com/storelocator/detail/?shopId=K-00010,au-shop-naka-mo-zu,ａｕショップ 中もず,堺市北区
https://www.au.com/storelocator/detail/?shopId=K-00011,au-shop-kameoka,ａｕショップ 亀岡,亀岡市
https://www.au.com/storelocator/detail/?shopId=K-00020,au-shop-kitanoda-eki-mae,ａｕショップ 北野田駅前,堺市東区
https://www.au.com/storelocator/detail/?shopId=K-00021,au-shop-furukawa-kyo,ａｕショップ 古川橋,門真市
https://www.au.com/storelocator/detail/?shopId=K-00022,au-shop-fukuchiyama-hori,ａｕショップ 福知山堀,福知山市
https://www.au.com/storelocator/detail/?shopId=K-00024,au-shop-namikawa,ａｕショップ 並河,亀岡市
https://www.au.com/storelocator/detail/?shopId=K-00027,au-shop-seta,ａｕショップ 瀬田,大津市
https://www.au.com/storelocator/detail/?shopId=K-00029,au-shop-sennan,ａｕショップ 泉南,泉南市
https://www.au.com/storelocator/detail/?shopId=K-00032,au-shop-gakuemmae,ａｕショップ 学園前,奈良市
https://www.au.com/storelocator/detail/?shopId=K-00035,au-shop-ibaragi-aikawa,ａｕショップ 茨木鮎川,茨木市
https://www.au.com/storelocator/detail/?shopId=K-00041,au-shop-mami-ke-oka,ａｕショップ 真美ヶ丘,香芝市
https://www.au.com/storelocator/detail/?shopId=K-00043,au-shop-gobo,ａｕショップ 御坊,御坊市
https://www.au.com/storelocator/detail/?shopId=K-00045,au-shop-shikama,ａｕショップ 飾磨,姫路市飾磨区
https://www.au.com/storelocator/detail/?shopId=K-00052,au-shop-komyoike,ａｕショップ 光明池,堺市南区
https://www.au.com/storelocator/detail/?shopId=K-00053,au-shop-mizuguchi-minami,ａｕショップ 水口南,甲賀市
https://www.au.com/storelocator/detail/?shopId=K-00055,au-shop-kakogawa-ishi-mori,ａｕショップ 加古川石守,加古川市
https://www.au.com/storelocator/detail/?shopId=K-00056,au-style-sannomiya,au Style SANNOMIYA,神戸市中央区
https://www.au.com/storelocator/detail/?shopId=K-00059,au-shop-takarazuka,ａｕショップ 宝塚,宝塚市
https://www.au.com/storelocator/detail/?shopId=K-00060,au-shop-sakasegawa-kobayashi,ａｕショップ 逆瀬川小林,宝塚市
https://www.au.com/storelocator/detail/?shopId=K-00061,au-shop-kawanishi,ａｕショップ 川西,川西市
https://www.au.com/storelocator/detail/?shopId=K-00062,au-shop-hikami,ａｕショップ 氷上,丹波市
https://www.au.com/storelocator/detail/?shopId=K-00063,au-style-nara-famiri,au Style ならファミリー,奈良市
https://www.au.com/storelocator/detail/?shopId=K-00071,au-shop-tamade,ａｕショップ 玉出,大阪市西成区
https://www.au.com/storelocator/detail/?shopId=K-00072,au-shop-jr-ibaragi,ａｕショップ ＪＲ茨木,茨木市
https://www.au.com/storelocator/detail/?shopId=K-00074,au-style-toyonaka-ekimae,au Style 豊中駅前,豊中市
https://www.au.com/storelocator/detail/?shopId=K-00075,au-shop-hattori,ａｕショップ 服部,豊中市
https://www.au.com/storelocator/detail/?shopId=K-00076,au-shop-aeon-mall-inagawa,ａｕショップ イオンモール猪名川,川辺郡猪名川町
https://www.au.com/storelocator/detail/?shopId=K-00077,au-shop-kaizuka,ａｕショップ 貝塚,貝塚市
https://www.au.com/storelocator/detail/?shopId=K-00078,au-shop-kishiwada,ａｕショップ 岸和田,岸和田市
https://www.au.com/storelocator/detail/?shopId=K-00079,au-shop-takaishi,ａｕショップ 高石,和泉市
https://www.au.com/storelocator/detail/?shopId=K-00080,au-shop-kumatori,ａｕショップ 熊取,泉南郡熊取町
https://www.au.com/storelocator/detail/?shopId=K-00081,au-shop-soto-tamaki-kawachinagano,ａｕショップ 外環河内長野,河内長野市
https://www.au.com/storelocator/detail/?shopId=K-00082,au-shop-semboku,ａｕショップ 泉北,堺市南区
https://www.au.com/storelocator/detail/?shopId=K-00083,au-style-joipaku-izumigaoka,au Style ジョイパーク泉ヶ丘,堺市南区
https://www.au.com/storelocator/detail/?shopId=K-00090,au-shop-moriguchi,ａｕショップ 守口,守口市
https://www.au.com/storelocator/detail/?shopId=K-00091,au-shop-kuzu-wa-moru,ａｕショップ くずはモール,枚方市
https://www.au.com/storelocator/detail/?shopId=K-00095,au-shop-yamazaki,ａｕショップ 山崎,宍粟市
https://www.au.com/storelocator/detail/?shopId=K-00096,au-shop-minato-dori,ａｕショップ 港通り,大阪市港区
https://www.au.com/storelocator/detail/?shopId=K-00097,au-shop-saiin,ａｕショップ 西院,京都市右京区
https://www.au.com/storelocator/detail/?shopId=K-00101,au-shop-ogura,ａｕショップ 小倉,宇治市
https://www.au.com/storelocator/detail/?shopId=K-00102,au-shop-fukakusa,ａｕショップ 深草,京都市伏見区
https://www.au.com/storelocator/detail/?shopId=K-00106,au-shop-hirakata-chuo,ａｕショップ 枚方中央,枚方市
https://www.au.com/storelocator/detail/?shopId=K-00114,au-shop-tawaramoto,ａｕショップ 田原本,磯城郡田原本町
https://www.au.com/storelocator/detail/?shopId=K-00117,au-shop-ikeda-176,ａｕショップ 池田１７６,池田市
https://www.au.com/storelocator/detail/?shopId=K-00118,au-shop-senrioka,ａｕショップ 千里丘,茨木市
https://www.au.com/storelocator/detail/?shopId=K-00119,au-shop-owada,ａｕショップ 大和田,門真市
https://www.au.com/storelocator/detail/?shopId=K-00121,au-shop-settsu-torikai,ａｕショップ 摂津鳥飼,摂津市
https://www.au.com/storelocator/detail/?shopId=K-00123,au-shop-izumisano,ａｕショップ 泉佐野,泉佐野市
https://www.au.com/storelocator/detail/?shopId=K-00124,au-shop-ozaki-eki-mae,ａｕショップ 尾崎駅前,阪南市
https://www.au.com/storelocator/detail/?shopId=K-00125,au-shop-izumi-fuchu,ａｕショップ 和泉府中,和泉市
https://www.au.com/storelocator/detail/?shopId=K-00127,au-shop-ota,ａｕショップ 太田,和歌山市
https://www.au.com/storelocator/detail/?shopId=K-00128,au-shop-kainan,ａｕショップ 海南,海南市
https://www.au.com/storelocator/detail/?shopId=K-00129,au-shop-wakayama-kita,ａｕショップ 和歌山北,和歌山市
https://www.au.com/storelocator/detail/?shopId=K-00134,au-shop-ue-roku,ａｕショップ 上六,大阪市天王寺区
https://www.au.com/storelocator/detail/?shopId=K-00135,au-shop-jr-suita-ekimae,ａｕショップ JR吹田駅前,吹田市
https://www.au.com/storelocator/detail/?shopId=K-00138,au-shop-kurisuta-nagahori,ａｕショップ クリスタ長堀,大阪市中央区
https://www.au.com/storelocator/detail/?shopId=K-00144,au-shop-izumi,ａｕショップ 和泉,和泉市
https://www.au.com/storelocator/detail/?shopId=K-00145,au-shop-hagurazaki,ａｕショップ 羽倉崎,泉佐野市
https://www.au.com/storelocator/detail/?shopId=K-00149,au-style-soto-tamaki-yao-kashiwabara,au Style 外環八尾柏原,八尾市
https://www.au.com/storelocator/detail/?shopId=K-00153,au-style-nagai,au Style 長居,大阪市住吉区
https://www.au.com/storelocator/detail/?shopId=K-00154,au-style-chokichi,au Style 長吉,大阪市平野区
https://www.au.com/storelocator/detail/?shopId=K-00155,au-style-higashiosaka-mi-kuri-ya,au Style 東大阪みくりや,東大阪市
https://www.au.com/storelocator/detail/?shopId=K-00157,au-style-fuse,au Style 布施,東大阪市
https://www.au.com/storelocator/detail/?shopId=K-00159,au-style-yao-taishido,au Style 八尾太子堂,八尾市
https://www.au.com/storelocator/detail/?shopId=K-00163,au-shop-soto-tamaki-daito,ａｕショップ 外環大東,大東市
https://www.au.com/storelocator/detail/?shopId=K-00165,au-shop-takatsuki-kita,ａｕショップ 高槻北,高槻市
https://www.au.com/storelocator/detail/?shopId=K-00167,au-shop-ikuno,ａｕショップ 生野,大阪市生野区
https://www.au.com/storelocator/detail/?shopId=K-00170,au-shop-soto-tamaki-tondabayashi,ａｕショップ 外環富田林,富田林市
https://www.au.com/storelocator/detail/?shopId=K-00173,au-shop-gojo-katsura,ａｕショップ 五条桂,京都市西京区
https://www.au.com/storelocator/detail/?shopId=K-00178,au-style-joyo,au Style 城陽,城陽市
https://www.au.com/storelocator/detail/?shopId=K-00179,au-shop-kyoto-eki-mae,ａｕショップ 京都駅前,京都市下京区
https://www.au.com/storelocator/detail/?shopId=K-00181,au-shop-kisshoin,ａｕショップ 吉祥院,京都市南区
https://www.au.com/storelocator/detail/?shopId=K-00183,au-shop-higashi-muko,ａｕショップ 東向日,向日市
https://www.au.com/storelocator/detail/?shopId=K-00185,au-shop-eguchi-kyo,ａｕショップ 江口橋,大阪市東淀川区
https://www.au.com/storelocator/detail/?shopId=K-00187,au-shop-takarazuka-nakayama,ａｕショップ 宝塚中山,宝塚市
https://www.au.com/storelocator/detail/?shopId=K-00192,au-shop-aeon-mall-shijonawate,ａｕショップ イオンモール四條畷,四條畷市
https://www.au.com/storelocator/detail/?shopId=K-00195,au-shop-hankyu-san-koku,ａｕショップ 阪急三国,大阪市淀川区
https://www.au.com/storelocator/detail/?shopId=K-00197,au-shop-aku-rosu-puraza-daito,ａｕショップ アクロスプラザ大東,大東市
https://www.au.com/storelocator/detail/?shopId=K-00204,au-style-tsukaguchi,au Style 塚口,尼崎市
https://www.au.com/storelocator/detail/?shopId=K-00208,au-shop-kawachinagano,ａｕショップ 河内長野,河内長野市
https://www.au.com/storelocator/detail/?shopId=K-00209,au-shop-izumiotsu,ａｕショップ 泉大津,泉大津市
https://www.au.com/storelocator/detail/?shopId=K-00210,au-shop-osaka-sayama,ａｕショップ 大阪狭山,大阪狭山市
https://www.au.com/storelocator/detail/?shopId=K-00211,au-shop-tenri,ａｕショップ 天理,天理市
https://www.au.com/storelocator/detail/?shopId=K-00213,au-shop-nodagawa,ａｕショップ 野田川,与謝郡与謝野町
https://www.au.com/storelocator/detail/?shopId=K-00214,au-shop-sakai-eki,ａｕショップ 堺駅,堺市堺区
https://www.au.com/storelocator/detail/?shopId=K-00217,au-shop-oshikuma,ａｕショップ 押熊,奈良市
https://www.au.com/storelocator/detail/?shopId=K-00218,au-shop-abeno-kyuzumoru,ａｕショップ あべのキューズモール,大阪市阿倍野区
https://www.au.com/storelocator/detail/?shopId=K-00219,au-style-wadayama,au Style 和田山,朝来市
https://www.au.com/storelocator/detail/?shopId=K-00221,au-style-fukuchiyama,au Style 福知山,福知山市
https://www.au.com/storelocator/detail/?shopId=K-00222,au-style-sembayashi,au Style 千林,大阪市旭区
https://www.au.com/storelocator/detail/?shopId=K-00223,au-style-ama-ga-saki-kyuzumoru,au Style あまがさきキューズモール,尼崎市
https://www.au.com/storelocator/detail/?shopId=K-00226,au-style-tsukaguchi-kita,au Style 塚口北,尼崎市
https://www.au.com/storelocator/detail/?shopId=K-00230,au-style-konan-yamate,au Style 甲南山手,神戸市東灘区
https://www.au.com/storelocator/detail/?shopId=K-00235,au-style-moriyama,au Style 守山,守山市
https://www.au.com/storelocator/detail/?shopId=K-00239,au-style-amagasaki-shimosakabe,au Style 尼崎下坂部,尼崎市
https://www.au.com/storelocator/detail/?shopId=K-00240,au-style-itami-shiyakushomae,au Style 伊丹市役所前,伊丹市
https://www.au.com/storelocator/detail/?shopId=K-00242,au-style-toyooka-baipasu,au Style 豊岡バイパス,豊岡市
https://www.au.com/storelocator/detail/?shopId=K-00245,au-style-oji,au Style 王寺,北葛城郡王寺町
https://www.au.com/storelocator/detail/?shopId=K-00246,au-style-nishitanabe,au Style 西田辺,大阪市阿倍野区
https://www.au.com/storelocator/detail/?shopId=K-00247,au-style-nagahama,au Style 長浜,長浜市
https://www.au.com/storelocator/detail/?shopId=K-00248,au-shop-shiga-takatsuki,ａｕショップ 滋賀高月,長浜市
https://www.au.com/storelocator/detail/?shopId=K-00249,au-style-fukusaki,au Style 福崎,神崎郡福崎町
https://www.au.com/storelocator/detail/?shopId=K-00251,au-style-yasu,au Style 野洲,野洲市
https://www.au.com/storelocator/detail/?shopId=K-00253,au-shop-buru-meru-hat-kobe,ａｕショップ ブルメールＨＡＴ神戸,神戸市中央区
https://www.au.com/storelocator/detail/?shopId=K-00255,au-shop-tachibana,ａｕショップ 立花,尼崎市
https://www.au.com/storelocator/detail/?shopId=K-00257,au-shop-okamoto,ａｕショップ 岡本,神戸市東灘区
https://www.au.com/storelocator/detail/?shopId=K-00259,au-shop-mukonoso,ａｕショップ 武庫之荘,尼崎市
https://www.au.com/storelocator/detail/?shopId=K-00264,au-shop-shonai,ａｕショップ 庄内,豊中市
https://www.au.com/storelocator/detail/?shopId=K-00274,au-shop-miki,ａｕショップ 三木(兵庫県),三木市
https://www.au.com/storelocator/detail/?shopId=K-00276,au-shop-maiko,ａｕショップ 舞子,神戸市垂水区
https://www.au.com/storelocator/detail/?shopId=K-00279,au-shop-nodahanshin,ａｕショップ 野田阪神,大阪市福島区
https://www.au.com/storelocator/detail/?shopId=K-00284,au-shop-aeon-mall-osakadomu-shiti,ａｕショップ イオンモール大阪ドームシティ,大阪市西区
https://www.au.com/storelocator/detail/?shopId=K-00285,au-shop-takatsuki-kammaki,ａｕショップ 高槻上牧,高槻市
https://www.au.com/storelocator/detail/?shopId=K-00286,au-shop-takano,ａｕショップ 高野,京都市左京区
https://www.au.com/storelocator/detail/?shopId=K-00287,au-shop-sanjo,ａｕショップ 三条,京都市中京区
https://www.au.com/storelocator/detail/?shopId=K-00290,au-shop-aeon-mall-sakai-teppo-machi,ａｕショップ イオンモール堺鉄砲町,堺市堺区
https://www.au.com/storelocator/detail/?shopId=K-00291,au-shop-kashihara-jingumae,ａｕショップ 橿原神宮前,橿原市
https://www.au.com/storelocator/detail/?shopId=K-00293,au-shop-ten-roku,ａｕショップ 天六,大阪市北区
https://www.au.com/storelocator/detail/?shopId=K-00298,au-shop-taisho-ekimae,ａｕショップ 大正駅前,大阪市大正区
https://www.au.com/storelocator/detail/?shopId=K-00309,au-shop-abi-ko,ａｕショップ あびこ,大阪市住吉区
https://www.au.com/storelocator/detail/?shopId=K-00311,au-shop-suzuran-dai,ａｕショップ 鈴蘭台,神戸市北区
https://www.au.com/storelocator/detail/?shopId=K-00312,au-shop-chidori-kyo,ａｕショップ 千鳥橋,大阪市此花区
https://www.au.com/storelocator/detail/?shopId=K-00313,au-shop-akashi-okubo,ａｕショップ 明石大久保,明石市
https://www.au.com/storelocator/detail/?shopId=K-00315,au-shop-harima-taishi,ａｕショップ 播磨太子,揖保郡太子町
https://www.au.com/storelocator/detail/?shopId=K-00316,au-shop-esaka,ａｕショップ 江坂,吹田市
https://www.au.com/storelocator/detail/?shopId=K-00317,au-shop-hanshin-amagasaki,ａｕショップ 阪神尼崎,尼崎市
https://www.au.com/storelocator/detail/?shopId=K-00318,au-shop-jr-kobe-kita,ａｕショップ ＪＲ神戸北,神戸市中央区
https://www.au.com/storelocator/detail/?shopId=K-00322,au-shop-motomachi-shoten-gai,ａｕショップ 元町商店街,神戸市中央区
https://www.au.com/storelocator/detail/?shopId=K-00326,au-shop-ote-suji,ａｕショップ 大手筋,京都市伏見区
https://www.au.com/storelocator/detail/?shopId=K-00327,au-shop-hoden,ａｕショップ 宝殿,高砂市
https://www.au.com/storelocator/detail/?shopId=K-00332,au-shop-hirakata-yamanoue,ａｕショップ 枚方山之上,枚方市
https://www.au.com/storelocator/detail/?shopId=K-00333,au-shop-itami-chuo,ａｕショップ 伊丹中央,伊丹市
https://www.au.com/storelocator/detail/?shopId=K-00334,au-shop-hyotan-yama,ａｕショップ 瓢箪山,東大阪市
https://www.au.com/storelocator/detail/?shopId=K-00337,au-shop-nishiwaki,ａｕショップ 西脇,西脇市
https://www.au.com/storelocator/detail/?shopId=K-00340,au-shop-uozumi,ａｕショップ 魚住,明石市
https://www.au.com/storelocator/detail/?shopId=K-00343,au-shop-kosoku-nagata,ａｕショップ 高速長田,神戸市長田区
https://www.au.com/storelocator/detail/?shopId=K-00344,au-shop-buru-meru-mai-tamon,ａｕショップ ブルメール舞多聞,神戸市垂水区
https://www.au.com/storelocator/detail/?shopId=K-00345,au-shop-kakogawa,ａｕショップ 加古川,加古川市
https://www.au.com/storelocator/detail/?shopId=K-00346,au-shop-kasai,ａｕショップ 加西,加西市
https://www.au.com/storelocator/detail/?shopId=K-00349,au-shop-murasakino,ａｕショップ 紫野,京都市北区
https://www.au.com/storelocator/detail/?shopId=K-00350,au-shop-yamashina-sanjo,ａｕショップ 山科三条,京都市山科区
https://www.au.com/storelocator/detail/?shopId=K-00351,au-shop-higashiosaka-yoshida,ａｕショップ 東大阪吉田,東大阪市
https://www.au.com/storelocator/detail/?shopId=K-00352,au-shop-higashiyodogawa-sugawara,ａｕショップ 東淀川菅原,大阪市東淀川区
https://www.au.com/storelocator/detail/?shopId=K-00354,au-shop-sanjooji,ａｕショップ 三条大路,奈良市
https://www.au.com/storelocator/detail/?shopId=K-00358,au-shop-kamishinjo-ekimae,ａｕショップ 上新庄駅前,大阪市東淀川区
https://www.au.com/storelocator/detail/?shopId=K-00359,au-shop-omihachiman,ａｕショップ 近江八幡,近江八幡市
https://www.au.com/storelocator/detail/?shopId=K-00362,au-shop-yamatokoriyama,ａｕショップ 大和郡山,大和郡山市
https://www.au.com/storelocator/detail/?shopId=K-00363,au-shop-aeon-mall-takanohara,ａｕショップ イオンモール高の原,木津川市
https://www.au.com/storelocator/detail/?shopId=K-00364,au-shop-haibara-ekimae,ａｕショップ 榛原駅前,宇陀市
https://www.au.com/storelocator/detail/?shopId=K-00365,au-shop-kashihara,ａｕショップ 橿原,橿原市
https://www.au.com/storelocator/detail/?shopId=K-00366,au-shop-sakurai,ａｕショップ 桜井,桜井市
https://www.au.com/storelocator/detail/?shopId=K-00367,au-shop-nishi-maizuru,ａｕショップ 西舞鶴,舞鶴市
https://www.au.com/storelocator/detail/?shopId=K-00369,au-shop-tokiwahigashi,ａｕショップ 常盤東,京都市右京区
https://www.au.com/storelocator/detail/?shopId=K-00370,au-shop-kawaramachi-imadegawa,ａｕショップ 河原町今出川,京都市上京区
https://www.au.com/storelocator/detail/?shopId=K-00372,au-shop-rokujizo,ａｕショップ 六地蔵,宇治市
https://www.au.com/storelocator/detail/?shopId=K-00376,au-shop-shijoomiya,ａｕショップ 四条大宮,京都市中京区
https://www.au.com/storelocator/detail/?shopId=K-00377,au-shop-kitashirakawa,ａｕショップ 北白川,京都市左京区
https://www.au.com/storelocator/detail/?shopId=K-00384,au-shop-korien,ａｕショップ 香里園,寝屋川市
https://www.au.com/storelocator/detail/?shopId=K-00387,au-shop-yahata,ａｕショップ 八幡,八幡市
https://www.au.com/storelocator/detail/?shopId=K-00390,au-style-nagaokakyo,au Style 長岡京,長岡京市
https://www.au.com/storelocator/detail/?shopId=K-00399,au-shop-katano-ekimae,ａｕショップ 交野駅前,交野市
https://www.au.com/storelocator/detail/?shopId=K-00400,au-shop-aeon-mall-itami-koya,ａｕショップ イオンモール伊丹昆陽,伊丹市
https://www.au.com/storelocator/detail/?shopId=K-00404,au-shop-minatogawa,ａｕショップ 湊川,神戸市兵庫区
https://www.au.com/storelocator/detail/?shopId=K-00405,au-shop-ako,ａｕショップ 赤穂,赤穂市
https://www.au.com/storelocator/detail/?shopId=K-00406,au-shop-himeji-tsujii,ａｕショップ 姫路辻井,姫路市
https://www.au.com/storelocator/detail/?shopId=K-00407,au-shop-kakogawa-beppu,ａｕショップ 加古川別府,加古川市
https://www.au.com/storelocator/detail/?shopId=K-00408,au-shop-okubo-baipasu,ａｕショップ 大久保バイパス,久世郡久御山町
https://www.au.com/storelocator/detail/?shopId=K-00410,au-style-yokaichi,au Style 八日市,東近江市
https://www.au.com/storelocator/detail/?shopId=K-00412,au-shop-fushimi,ａｕショップ 伏見,京都市伏見区
https://www.au.com/storelocator/detail/?shopId=K-00414,au-shop-adogawa,ａｕショップ 安曇川,高島市
https://www.au.com/storelocator/detail/?shopId=K-00415,au-shop-kusatsu-ei-sukuea,ａｕショップ 草津エイスクエア,草津市
https://www.au.com/storelocator/detail/?shopId=K-00416,au-shop-karasuma-oike,ａｕショップ 烏丸御池,京都市中京区
https://www.au.com/storelocator/detail/?shopId=K-00417,au-shop-katada,ａｕショップ 堅田,大津市
https://www.au.com/storelocator/detail/?shopId=K-00421,au-shop-hikone,ａｕショップ 彦根,彦根市
https://www.au.com/storelocator/detail/?shopId=K-00427,au-shop-uchita,ａｕショップ 打田,紀の川市
https://www.au.com/storelocator/detail/?shopId=K-00428,au-shop-ikawadani,ａｕショップ 伊川谷,神戸市西区
https://www.au.com/storelocator/detail/?shopId=K-00434,au-shop-tarumi,ａｕショップ 垂水(兵庫県),神戸市垂水区
https://www.au.com/storelocator/detail/?shopId=K-00435,au-shop-tatsu-no,ａｕショップ たつの,たつの市
https://www.au.com/storelocator/detail/?shopId=K-00439,au-shop-tokyu-puraza-shin-nagata,ａｕショップ 東急プラザ新長田,神戸市長田区
https://www.au.com/storelocator/detail/?shopId=K-00440,au-shop-kobe-habarando-umie,ａｕショップ 神戸ハーバーランドumie,神戸市中央区
https://www.au.com/storelocator/detail/?shopId=K-00446,au-style-miyakojima-ekimae,au Style 都島駅前,大阪市都島区
https://www.au.com/storelocator/detail/?shopId=K-00448,au-shop-nara,ａｕショップ 奈良,奈良市
https://www.au.com/storelocator/detail/?shopId=K-00449,au-shop-higashi-maizuru,ａｕショップ 東舞鶴,舞鶴市
https://www.au.com/storelocator/detail/?shopId=K-00455,au-shop-oashisu-taun-itami-konoike,ａｕショップ オアシスタウン伊丹鴻池,伊丹市
https://www.au.com/storelocator/detail/?shopId=K-00456,au-shop-aeon-taun-kawanishi,ａｕショップ イオンタウン川西,川西市
https://www.au.com/storelocator/detail/?shopId=K-00458,au-shop-aeon-taun-matsubara,ａｕショップ イオンタウン松原,松原市
https://www.au.com/storelocator/detail/?shopId=K-00460,au-shop-kujo-gozen,ａｕショップ 九条御前,京都市南区
https://www.au.com/storelocator/detail/?shopId=K-00463,au-shop-ikoma,ａｕショップ 生駒,生駒市
https://www.au.com/storelocator/detail/?shopId=K-00468,au-shop-mineyama-main,ａｕショップ 峰山マイン,京丹後市
https://www.au.com/storelocator/detail/?shopId=K-00469,au-shop-nobutoki,ａｕショップ 延時,和歌山市
https://www.au.com/storelocator/detail/?shopId=K-00546,au-style-namba-woku,au Style なんばウォーク,大阪市中央区
https://www.au.com/storelocator/detail/?shopId=K-00547,au-shop-tengachaya,ａｕショップ 天下茶屋,大阪市西成区
https://www.au.com/storelocator/detail/?shopId=K-00548,au-shop-minami-kusatsu,ａｕショップ 南草津,草津市
https://www.au.com/storelocator/detail/?shopId=K-00549,au-style-hankyu-nishinomiya-gadenzu,au Style 阪急西宮ガーデンズ,西宮市
https://www.au.com/storelocator/detail/?shopId=K-00550,au-style-ashiya,au Style 芦屋,芦屋市
https://www.au.com/storelocator/detail/?shopId=K-00555,au-shop-nishi-shin-purenti,ａｕショップ 西神プレンティ,神戸市西区
https://www.au.com/storelocator/detail/?shopId=K-00556,au-shop-imafuku-tsurumi,ａｕショップ 今福鶴見,大阪市城東区
https://www.au.com/storelocator/detail/?shopId=K-00558,au-shop-himeji-bessho,ａｕショップ 姫路別所,姫路市
https://www.au.com/storelocator/detail/?shopId=K-00560,au-shop-shin-ishikiri,ａｕショップ 新石切,東大阪市
https://www.au.com/storelocator/detail/?shopId=K-00562,au-shop-jr-rokkomichi,ａｕショップ ＪＲ六甲道,神戸市灘区
https://www.au.com/storelocator/detail/?shopId=K-00563,au-shop-hommachi,ａｕショップ 本町,大阪市中央区
https://www.au.com/storelocator/detail/?shopId=K-00564,au-shop-nishi-otsu,ａｕショップ 西大津,大津市
https://www.au.com/storelocator/detail/?shopId=K-00566,au-shop-akashi,ａｕショップ 明石,明石市
https://www.au.com/storelocator/detail/?shopId=K-00567,au-shop-aeon-mall-kusatsu,ａｕショップ イオンモール草津,草津市
https://www.au.com/storelocator/detail/?shopId=K-00569,au-shop-ono,ａｕショップ 小野,小野市
https://www.au.com/storelocator/detail/?shopId=K-00570,au-style-mino-o-kyuzumoru,au Style みのおキューズモール,箕面市
https://www.au.com/storelocator/detail/?shopId=K-00571,au-shop-sebun-paku-amami,ａｕショップ セブンパーク天美,松原市
https://www.au.com/storelocator/detail/?shopId=K-00572,au-shop-ishibashi,ａｕショップ 石橋,池田市
https://www.au.com/storelocator/detail/?shopId=K-00581,au-shop-hirakata-funabashi,ａｕショップ 枚方船橋,枚方市
https://www.au.com/storelocator/detail/?shopId=K-00582,au-style-howaiti-ume-da,au Style ホワイティうめだ,大阪市北区
https://www.au.com/storelocator/detail/?shopId=K-00583,au-style-aeon-shingu,au Style イオン新宮,新宮市
https://www.au.com/storelocator/detail/?shopId=K-00586,au-shop-kibi,ａｕショップ 吉備,有田郡有田川町
https://www.au.com/storelocator/detail/?shopId=K-00590,au-shop-aeon-mall-sakai-kitahanada,ａｕショップ イオンモール堺北花田,堺市北区
https://www.au.com/storelocator/detail/?shopId=K-00591,au-shop-konoike-nitta,ａｕショップ 鴻池新田,東大阪市
https://www.au.com/storelocator/detail/?shopId=K-00592,au-shop-shinnakajima,ａｕショップ 新中島,和歌山市
https://www.au.com/storelocator/detail/?shopId=K-00593,au-style-matsuiyamate,au Style 松井山手,京田辺市
https://www.au.com/storelocator/detail/?shopId=K-00594,au-shop-taikoku-machi-ekimae,ａｕショップ 大国町駅前,大阪市浪速区
https://www.au.com/storelocator/detail/?shopId=K-00595,au-shop-shijo-tenjinkawa,ａｕショップ 四条天神川,京都市右京区
https://www.au.com/storelocator/detail/?shopId=K-00597,au-style-ritto,au Style 栗東,栗東市
https://www.au.com/storelocator/detail/?shopId=K-00598,au-style-kizu,au Style 木津,木津川市
https://www.au.com/storelocator/detail/?shopId=K-00600,au-shop-tamba-kashiwabara,ａｕショップ 丹波柏原,丹波市
https://www.au.com/storelocator/detail/?shopId=K-00603,au-shop-iwade,ａｕショップ 岩出,岩出市
https://www.au.com/storelocator/detail/?shopId=K-00605,au-shop-bibamoru-neyagawa,ａｕショップ ビバモール寝屋川,寝屋川市
https://www.au.com/storelocator/detail/?shopId=K-00608,au-shop-bivi-ni-jo,ａｕショップ ＢｉＶｉ二条,京都市中京区
https://www.au.com/storelocator/detail/?shopId=K-00609,au-shop-kishiwada-izumi,ａｕショップ 岸和田和泉,岸和田市
https://www.au.com/storelocator/detail/?shopId=K-00612,au-shop-myodani,ａｕショップ 名谷,神戸市須磨区
https://www.au.com/storelocator/detail/?shopId=K-00613,au-style-kitatatsumi-ekimae,au Style 北巽駅前,大阪市生野区
https://www.au.com/storelocator/detail/?shopId=K-00614,au-style-hirano,au Style 平野,大阪市平野区
https://www.au.com/storelocator/detail/?shopId=K-00615,au-shop-toyonaka-romanchikku-kaido,ａｕショップ 豊中ロマンチック街道,豊中市
https://www.au.com/storelocator/detail/?shopId=K-00616,au-shop-kashiba,ａｕショップ 香芝,香芝市
https://www.au.com/storelocator/detail/?shopId=K-00617,au-style-mita-udditaun,au Style 三田ウッディタウン,三田市
https://www.au.com/storelocator/detail/?shopId=K-00620,au-style-nishinomiya-monko,au Style 西宮門戸,西宮市
https://www.au.com/storelocator/detail/?shopId=K-00621,au-shop-nishi-akashi,ａｕショップ 西明石,明石市
https://www.au.com/storelocator/detail/?shopId=K-00622,au-shop-koyaguchi,ａｕショップ 高野口,橋本市
https://www.au.com/storelocator/detail/?shopId=K-00623,au-shop-hashimoto-chuo,ａｕショップ 橋本中央,橋本市
https://www.au.com/storelocator/detail/?shopId=K-00624,au-shop-akira-hime-kakogawa,ａｕショップ 明姫加古川,加古川市
https://www.au.com/storelocator/detail/?shopId=K-00625,au-shop-tomio,ａｕショップ 富雄,奈良市
https://www.au.com/storelocator/detail/?shopId=K-00626,au-shop-mita,ａｕショップ 三田,三田市
https://www.au.com/storelocator/detail/?shopId=K-00627,au-shop-takatsuki-minami,ａｕショップ 高槻南,高槻市
https://www.au.com/storelocator/detail/?shopId=K-00633,au-shop-nishinomiya,ａｕショップ 西宮,西宮市
https://www.au.com/storelocator/detail/?shopId=K-00634,au-shop-kokutai-doro,ａｕショップ 国体道路(和歌山県),和歌山市
https://www.au.com/storelocator/detail/?shopId=K-00635,au-style-settsu-tomita,au Style 摂津富田,高槻市
https://www.au.com/storelocator/detail/?shopId=K-00637,au-shop-takara-ke-chi,ａｕショップ 宝ヶ池,京都市左京区
https://www.au.com/storelocator/detail/?shopId=K-00638,au-style-okaba,au Style 岡場,神戸市北区
https://www.au.com/storelocator/detail/?shopId=K-00639,au-style-yao-minamihon-machi,au Style 八尾南本町,八尾市
https://www.au.com/storelocator/detail/?shopId=K-00640,au-style-kire,au Style 喜連,大阪市平野区
https://www.au.com/storelocator/detail/?shopId=K-00641,au-shop-izumi-chuo,ａｕショップ 和泉中央,和泉市
https://www.au.com/storelocator/detail/?shopId=K-00642,au-shop-takatsuki-senta-gai,ａｕショップ 高槻センター街,高槻市
https://www.au.com/storelocator/detail/?shopId=K-00643,au-shop-kosai,ａｕショップ 甲西,湖南市
https://www.au.com/storelocator/detail/?shopId=K-00645,au-shop-fukaebashi,ａｕショップ 深江橋,大阪市東成区
https://www.au.com/storelocator/detail/?shopId=K-00646,au-shop-higashi-kakogawa,ａｕショップ 東加古川,加古川市
https://www.au.com/storelocator/detail/?shopId=K-00647,au-shop-sumoto-inter,ａｕショップ 洲本インター,南あわじ市
https://www.au.com/storelocator/detail/?shopId=K-00648,au-shop-otori,ａｕショップ 鳳,堺市西区
https://www.au.com/storelocator/detail/?shopId=K-00649,au-shop-suzurandaikita-machi,ａｕショップ 鈴蘭台北町,神戸市北区
https://www.au.com/storelocator/detail/?shopId=K-00650,au-shop-onoshiba,ａｕショップ 大野芝,堺市中区
https://www.au.com/storelocator/detail/?shopId=K-00651,au-shop-hirohata,ａｕショップ 広畑,姫路市広畑区
https://www.au.com/storelocator/detail/?shopId=K-00652,au-shop-hankyu-ibaragi,ａｕショップ 阪急茨木,茨木市
https://www.au.com/storelocator/detail/?shopId=K-00653,au-shop-soto-tamaki-habikino,ａｕショップ 外環はびきの,羽曳野市
https://www.au.com/storelocator/detail/?shopId=K-00654,au-shop-yamashina-shin-ju-jo,ａｕショップ 山科新十条,京都市山科区
https://www.au.com/storelocator/detail/?shopId=K-00655,au-shop-yokooji,ａｕショップ 横大路,京都市伏見区
https://www.au.com/storelocator/detail/?shopId=K-00659,au-shop-karasuma-kitaoji,ａｕショップ 烏丸北大路,京都市北区
https://www.au.com/storelocator/detail/?shopId=K-00661,au-style-tanabe-baipasu,au Style 田辺バイパス,田辺市
https://www.au.com/storelocator/detail/?shopId=K-00663,au-shop-lalaport-expocity,ａｕショップ ららぽーとEXPOCITY,吹田市
https://www.au.com/storelocator/detail/?shopId=K-00666,au-shop-nagahama-inter,ａｕショップ 長浜インター,長浜市
https://www.au.com/storelocator/detail/?shopId=K-00667,au-shop-kawase,ａｕショップ 河瀬,彦根市
https://www.au.com/storelocator/detail/?shopId=K-00668,au-shop-gakuen-toshi,ａｕショップ 学園都市,神戸市西区
https://www.au.com/storelocator/detail/?shopId=K-00669,au-shop-himeji-miyuki-dori,ａｕショップ 姫路みゆき通り,姫路市
https://www.au.com/storelocator/detail/?shopId=K-00670,au-shop-takasago-akira-hime,ａｕショップ 高砂明姫,高砂市
https://www.au.com/storelocator/detail/?shopId=K-00672,au-style-fujiidera-koyama,au Style 藤井寺小山,藤井寺市
https://www.au.com/storelocator/detail/?shopId=K-00673,au-shop-mori-nomi-ya-kyuzumoru-base,ａｕショップ もりのみやキューズモールＢＡＳＥ,大阪市中央区
https://www.au.com/storelocator/detail/?shopId=K-00676,au-shop-higashiosaka-nagase,ａｕショップ 東大阪長瀬,東大阪市
https://www.au.com/storelocator/detail/?shopId=K-00677,au-shop-izumiomiya,ａｕショップ 和泉大宮,岸和田市
https://www.au.com/storelocator/detail/?shopId=K-00689,au-shop-jemusu-san,ａｕショップ ジェームス山,神戸市垂水区
https://www.au.com/storelocator/detail/?shopId=K-00690,au-shop-himeji-nishi,ａｕショップ 姫路西,姫路市
https://www.au.com/storelocator/detail/?shopId=K-00704,au-shop-aeon-mall-tsurumi-ryokuchi,ａｕショップ イオンモール鶴見緑地,大阪市鶴見区
https://www.au.com/storelocator/detail/?shopId=K-00708,au-shop-hirakata-chobi,ａｕショップ 枚方長尾,枚方市
https://www.au.com/storelocator/detail/?shopId=K-00711,au-shop-ikoma-minami,ａｕショップ 生駒南,生駒市
https://www.au.com/storelocator/detail/?shopId=K-00715,au-shop-akashi-tsuchiyama,ａｕショップ 明石土山,明石市
https://www.au.com/storelocator/detail/?shopId=K-00716,au-shop-aeon-mall-kyoto,ａｕショップ イオンモールＫＹＯＴＯ,京都市南区
https://www.au.com/storelocator/detail/?shopId=K-00717,au-shop-suminoe-koen,ａｕショップ 住之江公園,大阪市住之江区
https://www.au.com/storelocator/detail/?shopId=K-00721,au-shop-yamada-minami,ａｕショップ 山田南,吹田市
https://www.au.com/storelocator/detail/?shopId=K-00722,au-shop-onohara,ａｕショップ 小野原,箕面市
https://www.au.com/storelocator/detail/?shopId=K-00723,au-shop-notogawa,ａｕショップ 能登川,東近江市
https://www.au.com/storelocator/detail/?shopId=K-00730,au-shop-aeon-mall-itami,ａｕショップ イオンモール伊丹,伊丹市
https://www.au.com/storelocator/detail/?shopId=K-00732,au-shop-aeon-mall-yamatokoriyama,ａｕショップ イオンモール大和郡山,大和郡山市
https://www.au.com/storelocator/detail/?shopId=K-00733,au-shop-katsuragi,ａｕショップ 葛城,葛城市
https://www.au.com/storelocator/detail/?shopId=K-00734,au-style-oshibedani,au Style 押部谷,神戸市西区
https://www.au.com/storelocator/detail/?shopId=K-00738,au-shop-mizuguchi,ａｕショップ 水口,甲賀市
https://www.au.com/storelocator/detail/?shopId=K-00740,au-shop-adobansu-neyagawa,ａｕショップ アドバンス寝屋川,寝屋川市
https://www.au.com/storelocator/detail/?shopId=K-00741,au-shop-koshien-minami,ａｕショップ 甲子園南,西宮市
https://www.au.com/storelocator/detail/?shopId=K-00743,au-shop-tonarie-minamisenri,ａｕショップ トナリエ南千里,吹田市
https://www.au.com/storelocator/detail/?shopId=K-00746,au-shop-ibaragi-masago,ａｕショップ 茨木真砂,茨木市
https://www.au.com/storelocator/detail/?shopId=K-00748,au-shop-osaka-ekimae-dai-4-biru,ａｕショップ 大阪駅前第４ビル,大阪市北区
https://www.au.com/storelocator/detail/?shopId=K-00749,au-shop-mitejima,ａｕショップ 御幣島,大阪市西淀川区
https://www.au.com/storelocator/detail/?shopId=K-00750,au-shop-habikino-iga,ａｕショップ 羽曳野伊賀,羽曳野市
https://www.au.com/storelocator/detail/?shopId=K-00751,au-shop-tsurumi-yasuda,ａｕショップ 鶴見安田,大阪市鶴見区
https://www.au.com/storelocator/detail/?shopId=K-00753,au-shop-sekime,ａｕショップ 関目,大阪市城東区
https://www.au.com/storelocator/detail/?shopId=K-00754,au-shop-moriguchi-minamiterakata,ａｕショップ 守口南寺方,守口市
https://www.au.com/storelocator/detail/?shopId=K-00755,au-style-ario-yao,au Style アリオ八尾,八尾市
https://www.au.com/storelocator/detail/?shopId=K-00756,au-shop-himeji-kei-sa-tsu-mae,ａｕショップ 姫路けいさつ前,姫路市
https://www.au.com/storelocator/detail/?shopId=K-00760,au-shop-wakae,ａｕショップ 若江,東大阪市
https://www.au.com/storelocator/detail/?shopId=K-00761,au-shop-hankyu-ikeda,ａｕショップ 阪急池田,池田市
https://www.au.com/storelocator/detail/?shopId=K-00762,au-style-minamitanabe,au Style 南田辺,大阪市東住吉区
https://www.au.com/storelocator/detail/?shopId=K-00763,au-shop-namba-midosuji,ａｕショップ なんば御堂筋,大阪市中央区
https://www.au.com/storelocator/detail/?shopId=K-00764,au-style-aeon-mall-kumiyama,au Style イオンモール久御山,久世郡久御山町
https://www.au.com/storelocator/detail/?shopId=K-00766,au-shop-aeon-mall-wakayama,ａｕショップ イオンモール和歌山,和歌山市
https://www.au.com/storelocator/detail/?shopId=K-00767,au-shop-aeon-mall-dainichi,ａｕショップ イオンモール大日,守口市
https://www.au.com/storelocator/detail/?shopId=K-00780,au-shop-tondabayashi-fujisawadai,ａｕショップ 富田林藤沢台,富田林市
https://www.au.com/storelocator/detail/?shopId=K-00781,au-shop-hanshin-nishinomiya,ａｕショップ 阪神西宮,西宮市
https://www.au.com/storelocator/detail/?shopId=K-00782,au-style-mikage-kurasse,au Style 御影クラッセ,神戸市東灘区
https://www.au.com/storelocator/detail/?shopId=K-00783,au-style-osaka,au Style OSAKA,大阪市北区
https://www.au.com/storelocator/detail/?shopId=K-00785,au-shop-joyo-nagaike,ａｕショップ 城陽長池,城陽市
https://www.au.com/storelocator/detail/?shopId=K-00791,au-shop-rasupa-nishi-yamato,ａｕショップ ラスパ西大和,北葛城郡上牧町
https://www.au.com/storelocator/detail/?shopId=K-00792,au-style-kawanishi-kamo,au Style 川西加茂,川西市
https://www.au.com/storelocator/detail/?shopId=K-00799,au-shop-aeon-mall-kyoto-katsuragawa,ａｕショップ イオンモール京都桂川,京都市南区
https://www.au.com/storelocator/detail/?shopId=K-00801,au-shop-lalaport-izumi,ａｕショップ ららぽーと和泉,和泉市
https://www.au.com/storelocator/detail/?shopId=K-00803,au-shop-aeon-mall-kashihara,ａｕショップ イオンモール橿原,橿原市
https://www.au.com/storelocator/detail/?shopId=K-00806,au-style-kyoto,au Style KYOTO,京都市下京区
https://www.au.com/storelocator/detail/?shopId=K-00807,au-style-abeno,au Style ABENO,大阪市阿倍野区
https://www.au.com/storelocator/detail/?shopId=K-00808,au-shop-aeon-mall-kobe-kita,ａｕショップ イオンモール神戸北,神戸市北区
https://www.au.com/storelocator/detail/?shopId=K-00809,au-shop-aeon-mall-kyoto-gojo,ａｕショップ イオンモール京都五条,京都市右京区
https://www.au.com/storelocator/detail/?shopId=K-00814,au-style-aeon-mall-rin-kuu-sennan,au Style イオンモールりんくう泉南,泉南市
https://www.au.com/storelocator/detail/?shopId=K-00817,au-style-shinsaibashi,au Style SHINSAIBASHI,大阪市中央区
https://www.au.com/storelocator/detail/?shopId=K-00818,au-style-foreo-otsu-ichiriyama,au Style フォレオ大津一里山,大津市
https://www.au.com/storelocator/detail/?shopId=K-00821,au-shop-zeze,ａｕショップ 膳所,大津市
https://www.au.com/storelocator/detail/?shopId=K-00828,au-style-tsukashin,au Style つかしん,尼崎市
https://www.au.com/storelocator/detail/?shopId=K-00830,au-style-nikkepakutaun,au Style ニッケパークタウン,加古川市
https://www.au.com/storelocator/detail/?shopId=K-00834,au-style-pabirion-shiti-tanabe,au Style パビリオンシティ田辺,田辺市
https://www.au.com/storelocator/detail/?shopId=K-00837,au-style-aeon-taun-hikone,au Style イオンタウン彦根,彦根市
https://www.au.com/storelocator/detail/?shopId=K-00840,au-shop-raku-kitasaka-kyu-sukuea,ａｕショップ 洛北阪急スクエア,京都市左京区
https://www.au.com/storelocator/detail/?shopId=K-00845,au-style-aeon-mall-nara-tomi-ke-oka,au Style イオンモール奈良登美ヶ丘,生駒市
https://www.au.com/storelocator/detail/?shopId=K-00865,au-shop-nitori-moru-hirakata,ａｕショップ ニトリモール枚方,枚方市
https://www.au.com/storelocator/detail/?shopId=K-00866,au-style-lalaport-sakai,au Style ららぽーと堺,堺市美原区
https://www.au.com/storelocator/detail/?shopId=K-00867,au-style-aeon-mall-ibaragi,au Style イオンモール茨木,茨木市
https://www.au.com/storelocator/detail/?shopId=K-00869,au-style-lalaport-kadoma,au Style ららぽーと門真,門真市
https://www.au.com/storelocator/detail/?shopId=K-00871,au-style-aeon-taun-konami,au Style イオンタウン湖南,湖南市
https://www.au.com/storelocator/detail/?shopId=K-00873,au-style-hirakata-moru,au Style 枚方モール,枚方市
https://www.au.com/storelocator/detail/?shopId=N-00051,au-style-tajimi-inter,au Style 多治見インター,多治見市
https://www.au.com/storelocator/detail/?shopId=N-00058,au-style-tsu-sakura-kyo,au Style 津桜橋,津市
https://www.au.com/storelocator/detail/?shopId=N-00059,au-style-toyoake,au Style 豊明,豊明市
https://www.au.com/storelocator/detail/?shopId=N-00060,au-style-kasugai-shinoki,au Style 春日井篠木,春日井市
https://www.au.com/storelocator/detail/?shopId=N-00062,au-style-kuwana-higashi,au Style 桑名東,桑名市
https://www.au.com/storelocator/detail/?shopId=N-00063,au-style-kachigawa,au Style 勝川,春日井市
https://www.au.com/storelocator/detail/?shopId=N-00064,au-style-kanie,au Style 蟹江,海部郡蟹江町
https://www.au.com/storelocator/detail/?shopId=N-00065,au-style-kurokawa,au Style 黒川,名古屋市北区
https://www.au.com/storelocator/detail/?shopId=N-00067,au-style-nakamura-koen,au Style 中村公園,名古屋市中村区
https://www.au.com/storelocator/detail/?shopId=N-00068,au-style-tokai-arao,au Style 東海荒尾,東海市
https://www.au.com/storelocator/detail/?shopId=N-00069,au-style-aki-yokoyama,au Style 安城横山,安城市
https://www.au.com/storelocator/detail/?shopId=N-00072,au-style-konan,au Style 江南,江南市
https://www.au.com/storelocator/detail/?shopId=N-00074,au-style-suzuka-chuo-dori,au Style 鈴鹿中央通,鈴鹿市
https://www.au.com/storelocator/detail/?shopId=N-00079,au-style-lalaport-aki,au Style ららぽーと安城,安城市
https://www.au.com/storelocator/detail/?shopId=N-00081,au-style-imaike,au Style 今池,名古屋市千種区
https://www.au.com/storelocator/detail/?shopId=N-00082,au-style-toyoda-yamanote,au Style 豊田山之手,豊田市
https://www.au.com/storelocator/detail/?shopId=N-00087,au-style-aeon-sutairu-okazaki,au Style イオンスタイル岡崎,岡崎市
https://www.au.com/storelocator/detail/?shopId=N-00088,au-style-yokkaichi-shi-kubota,au Style 四日市久保田,四日市
https://www.au.com/storelocator/detail/?shopId=N-00090,au-style-kamiotai,au Style 上小田井,名古屋市西区
https://www.au.com/storelocator/detail/?shopId=N-00091,au-style-toyoda-takahashi,au Style 豊田高橋,豊田市
https://www.au.com/storelocator/detail/?shopId=N-00092,au-style-gokisho,au Style 御器所,名古屋市昭和区
https://www.au.com/storelocator/detail/?shopId=N-00098,au-style-toyoda-kosaka,au Style 豊田小坂,豊田市
https://www.au.com/storelocator/detail/?shopId=N-00101,au-style-narumi-yamashita,au Style 鳴海山下,名古屋市緑区
https://www.au.com/storelocator/detail/?shopId=N-00102,au-style-seto-sera-minato,au Style 瀬戸瀬港,瀬戸市
https://www.au.com/storelocator/detail/?shopId=N-00103,au-style-honji-ke-hara,au Style 本地ヶ原,尾張旭市
https://www.au.com/storelocator/detail/?shopId=N-00106,au-style-chiryu,au Style 知立,知立市
https://www.au.com/storelocator/detail/?shopId=N-00107,au-style-kuwana-hoshikawa,au Style 桑名星川,桑名市
https://www.au.com/storelocator/detail/?shopId=N-00108,au-style-toyoda-yoshihara,au Style 豊田吉原,豊田市
https://www.au.com/storelocator/detail/?shopId=N-00109,au-shop-gifu-akanabe,ａｕショップ 岐阜茜部,岐阜市
https://www.au.com/storelocator/detail/?shopId=N-00112,au-shop-nagoya-nishi-kuyakusho-mae,ａｕショップ 名古屋西区役所前,名古屋市西区
https://www.au.com/storelocator/detail/?shopId=N-00113,au-shop-owariasahi,ａｕショップ 尾張旭,尾張旭市
https://www.au.com/storelocator/detail/?shopId=N-00114,au-shop-bisai,ａｕショップ 尾西,一宮市
https://www.au.com/storelocator/detail/?shopId=N-00115,au-shop-omaki-yama,ａｕショップ 小牧山,小牧市
https://www.au.com/storelocator/detail/?shopId=N-00117,au-shop-ichinomiya-ushinodori,ａｕショップ 一宮牛野通,一宮市
https://www.au.com/storelocator/detail/?shopId=N-00119,au-shop-inazawa,ａｕショップ 稲沢,稲沢市
https://www.au.com/storelocator/detail/?shopId=N-00121,au-shop-fuso,ａｕショップ 扶桑,丹羽郡扶桑町
https://www.au.com/storelocator/detail/?shopId=N-00123,au-shop-takayama,ａｕショップ 高山,高山市
https://www.au.com/storelocator/detail/?shopId=N-00125,au-shop-jimokuji,ａｕショップ 甚目寺,あま市
https://www.au.com/storelocator/detail/?shopId=N-00126,au-shop-apita-nagakute,ａｕショップ アピタ長久手,長久手市
https://www.au.com/storelocator/detail/?shopId=N-00127,au-shop-handa,ａｕショップ 半田,半田市
https://www.au.com/storelocator/detail/?shopId=N-00129,au-shop-tahara,ａｕショップ 田原,田原市
https://www.au.com/storelocator/detail/?shopId=N-00130,au-shop-tokai-kagiya,ａｕショップ 東海加木屋,東海市
https://www.au.com/storelocator/detail/?shopId=N-00131,au-shop-nakatsugawa,ａｕショップ 中津川,中津川市
https://www.au.com/storelocator/detail/?shopId=N-00132,au-shop-toyohashi-nishi,ａｕショップ 豊橋西,豊橋市
https://www.au.com/storelocator/detail/?shopId=N-00133,au-shop-tokoname,ａｕショップ 常滑,常滑市
https://www.au.com/storelocator/detail/?shopId=N-00134,au-shop-obu,ａｕショップ 大府,大府市
https://www.au.com/storelocator/detail/?shopId=N-00135,au-shop-nishio-ekimae,ａｕショップ 西尾駅前,西尾市
https://www.au.com/storelocator/detail/?shopId=N-00136,au-shop-shin-mizu,ａｕショップ 新瑞,名古屋市瑞穂区
https://www.au.com/storelocator/detail/?shopId=N-00137,au-shop-kariya-minami,ａｕショップ 刈谷南,刈谷市
https://www.au.com/storelocator/detail/?shopId=N-00138,au-shop-togo,ａｕショップ 東郷,愛知郡東郷町
https://www.au.com/storelocator/detail/?shopId=N-00140,au-shop-seto,ａｕショップ 瀬戸(愛知県),瀬戸市
https://www.au.com/storelocator/detail/?shopId=N-00141,au-shop-toyoda-umetsubo,ａｕショップ 豊田梅坪,豊田市
https://www.au.com/storelocator/detail/?shopId=N-00142,au-shop-kani,ａｕショップ 可児,可児市
https://www.au.com/storelocator/detail/?shopId=N-00143,au-shop-chita,ａｕショップ 知多,知多市
https://www.au.com/storelocator/detail/?shopId=N-00144,au-shop-mizunami,ａｕショップ 瑞浪,瑞浪市
https://www.au.com/storelocator/detail/?shopId=N-00145,au-shop-matsusaka,ａｕショップ 松阪,松阪市
https://www.au.com/storelocator/detail/?shopId=N-00146,au-shop-ugata,ａｕショップ 鵜方,志摩市
https://www.au.com/storelocator/detail/?shopId=N-00147,au-shop-ujiyamada,ａｕショップ 宇治山田,伊勢市
https://www.au.com/storelocator/detail/?shopId=N-00148,au-shop-aeon-mall-toyokawa,ａｕショップ イオンモール豊川,豊川市
https://www.au.com/storelocator/detail/?shopId=N-00149,au-shop-toyohashi-minami,ａｕショップ 豊橋南,豊橋市
https://www.au.com/storelocator/detail/?shopId=N-00150,au-shop-aeon-miyoshi,ａｕショップ イオン三好,みよし市
https://www.au.com/storelocator/detail/?shopId=N-00151,au-shop-hekinan-chuo,ａｕショップ 碧南中央,碧南市
https://www.au.com/storelocator/detail/?shopId=N-00152,au-shop-kabano,ａｕショップ 蒲郡,蒲郡市
https://www.au.com/storelocator/detail/?shopId=N-00154,au-shop-kagamihara-ichou-dori,ａｕショップ 各務原いちょう通り,各務原市
https://www.au.com/storelocator/detail/?shopId=N-00156,au-shop-aeon-taun-gifu-kitakata,ａｕショップ イオンタウン岐阜北方,本巣郡北方町
https://www.au.com/storelocator/detail/?shopId=N-00161,au-shop-shizuoka-koguro,ａｕショップ 静岡小黒,静岡市駿河区
https://www.au.com/storelocator/detail/?shopId=N-00163,au-shop-aeon-mall-tokoname,ａｕショップ イオンモール常滑,常滑市
https://www.au.com/storelocator/detail/?shopId=N-00165,au-shop-shin-shizuoka,ａｕショップ 新静岡,静岡市葵区
https://www.au.com/storelocator/detail/?shopId=N-00167,au-shop-shinjo,ａｕショップ 新城（愛知県）,新城市
https://www.au.com/storelocator/detail/?shopId=N-00169,au-shop-takahama,ａｕショップ 高浜,高浜市
https://www.au.com/storelocator/detail/?shopId=N-00171,au-shop-kariya-kita,ａｕショップ 刈谷北,刈谷市
https://www.au.com/storelocator/detail/?shopId=N-00174,au-style-puraimu-tsuri-akaike,au Style プライムツリー赤池,日進市
https://www.au.com/storelocator/detail/?shopId=N-00185,au-shop-aeon-yagoto,ａｕショップ イオン八事,名古屋市昭和区
https://www.au.com/storelocator/detail/?shopId=N-00187,au-shop-ogaki-inter,ａｕショップ 大垣インター,大垣市
https://www.au.com/storelocator/detail/?shopId=N-00188,au-shop-toki,ａｕショップ 土岐,土岐市
https://www.au.com/storelocator/detail/?shopId=N-00189,au-shop-tenryu,ａｕショップ 天竜,浜松市浜名区
https://www.au.com/storelocator/detail/?shopId=N-00192,au-shop-kozoji,ａｕショップ 高蔵寺,春日井市
https://www.au.com/storelocator/detail/?shopId=N-00193,au-shop-midori-tokushige,ａｕショップ 緑徳重,名古屋市緑区
https://www.au.com/storelocator/detail/?shopId=N-00195,au-shop-rokuban-machi,ａｕショップ 六番町,名古屋市熱田区
https://www.au.com/storelocator/detail/?shopId=N-00196,au-shop-takahata,ａｕショップ 高畑,名古屋市中川区
https://www.au.com/storelocator/detail/?shopId=N-00199,au-shop-sen-oto-tera,ａｕショップ 千音寺,名古屋市中川区
https://www.au.com/storelocator/detail/?shopId=N-00200,au-shop-tsushima,ａｕショップ 津島,津島市
https://www.au.com/storelocator/detail/?shopId=N-00201,au-shop-lalaport-numazu,ａｕショップ ららぽーと沼津,沼津市
https://www.au.com/storelocator/detail/?shopId=N-00204,au-shop-okazaki-hikari-ke-oka,ａｕショップ 岡崎光ヶ丘,岡崎市
https://www.au.com/storelocator/detail/?shopId=N-00205,au-shop-takatomi,ａｕショップ 高富,山県市
https://www.au.com/storelocator/detail/?shopId=N-00206,au-shop-yanaizu,ａｕショップ 柳津,岐阜市
https://www.au.com/storelocator/detail/?shopId=N-00254,au-shop-matsumoto-kuko,ａｕショップ 松本空港,松本市
https://www.au.com/storelocator/detail/?shopId=N-00255,au-shop-matsumoto-motomachi,ａｕショップ 松本元町,松本市
https://www.au.com/storelocator/detail/?shopId=N-00256,au-shop-ina,ａｕショップ 伊那,伊那市
https://www.au.com/storelocator/detail/?shopId=N-00257,au-shop-shiojiri-hirooka,ａｕショップ 塩尻広丘,塩尻市
https://www.au.com/storelocator/detail/?shopId=N-00258,au-shop-nagano-wakasato,ａｕショップ 長野若里,長野市
https://www.au.com/storelocator/detail/?shopId=N-00260,au-shop-hotaka,ａｕショップ 穂高,安曇野市
https://www.au.com/storelocator/detail/?shopId=N-00261,au-shop-nakano,ａｕショップ 中野（長野県）,中野市
https://www.au.com/storelocator/detail/?shopId=N-00262,au-shop-saku-kita-inter,ａｕショップ 佐久北インター,小諸市
https://www.au.com/storelocator/detail/?shopId=N-00263,au-shop-koshoku,ａｕショップ 更埴,千曲市
https://www.au.com/storelocator/detail/?shopId=N-00268,au-shop-suwa,ａｕショップ 諏訪,諏訪市
https://www.au.com/storelocator/detail/?shopId=N-00270,au-shop-nagano-minami-baipasu,ａｕショップ 長野南バイパス,長野市
https://www.au.com/storelocator/detail/?shopId=N-00271,au-shop-ueda-kawanishi,ａｕショップ 上田川西,上田市
https://www.au.com/storelocator/detail/?shopId=N-00274,au-shop-ida-kamisato,ａｕショップ 飯田上郷,飯田市
https://www.au.com/storelocator/detail/?shopId=N-00275,au-shop-shimosuwa,ａｕショップ 下諏訪,諏訪郡下諏訪町
https://www.au.com/storelocator/detail/?shopId=N-00278,au-shop-minami-matsumoto,ａｕショップ 南松本,松本市
https://www.au.com/storelocator/detail/?shopId=N-00279,au-shop-inoyama,ａｕショップ 飯山,飯山市
https://www.au.com/storelocator/detail/?shopId=N-00280,au-shop-shiojiri,ａｕショップ 塩尻,塩尻市
https://www.au.com/storelocator/detail/?shopId=N-00281,au-shop-omachi,ａｕショップ 大町(長野県),大町市
https://www.au.com/storelocator/detail/?shopId=N-00282,au-shop-saku-nozawa,ａｕショップ 佐久野沢,佐久市
https://www.au.com/storelocator/detail/?shopId=N-00283,au-shop-chino,ａｕショップ 茅野,茅野市
https://www.au.com/storelocator/detail/?shopId=N-00284,au-shop-ueda-oya,ａｕショップ 上田大屋,東御市
https://www.au.com/storelocator/detail/?shopId=N-00285,au-shop-azusagawa,ａｕショップ 梓川,松本市
https://www.au.com/storelocator/detail/?shopId=N-00286,au-shop-matsumoto-murai,ａｕショップ 松本村井,松本市
https://www.au.com/storelocator/detail/?shopId=N-00288,au-shop-nishiharu-tokushige,ａｕショップ 西春徳重,北名古屋市
https://www.au.com/storelocator/detail/?shopId=N-00289,au-shop-okazaki-ryu-yoshi-oka,ａｕショップ 岡崎竜美丘,岡崎市
https://www.au.com/storelocator/detail/?shopId=N-00328,au-shop-kannami,ａｕショップ 函南,田方郡函南町
https://www.au.com/storelocator/detail/?shopId=N-00329,au-shop-fujinomiya,ａｕショップ 富士宮,富士宮市
https://www.au.com/storelocator/detail/?shopId=N-00330,au-shop-susono,ａｕショップ 裾野,裾野市
https://www.au.com/storelocator/detail/?shopId=N-00331,au-shop-shimizu-omagari,ａｕショップ 清水大曲,静岡市清水区
https://www.au.com/storelocator/detail/?shopId=N-00332,au-shop-fujieda-ekiminami,ａｕショップ 藤枝駅南,藤枝市
https://www.au.com/storelocator/detail/?shopId=N-00333,au-shop-ohito,ａｕショップ 大仁,伊豆の国市
https://www.au.com/storelocator/detail/?shopId=N-00334,au-shop-hamamatsu-azukimochi,ａｕショップ 浜松小豆餅,浜松市中央区
https://www.au.com/storelocator/detail/?shopId=N-00335,au-shop-bei-dorimu-shimizu,ａｕショップ ベイドリーム清水,静岡市清水区
https://www.au.com/storelocator/detail/?shopId=N-00336,au-shop-shizuoka-eki-minami,ａｕショップ 静岡駅南,静岡市駿河区
https://www.au.com/storelocator/detail/?shopId=N-00338,au-shop-fuji-yoshihara,ａｕショップ 富士吉原,富士市
https://www.au.com/storelocator/detail/?shopId=N-00339,au-shop-shizuoka-hondori,ａｕショップ 静岡本通,静岡市葵区
https://www.au.com/storelocator/detail/?shopId=N-00340,au-shop-fukuroi,ａｕショップ 袋井,袋井市
https://www.au.com/storelocator/detail/?shopId=N-00343,au-shop-yaizu-chuo,ａｕショップ 焼津中央,焼津市
https://www.au.com/storelocator/detail/?shopId=N-00344,au-shop-kusanagi,ａｕショップ 草薙,静岡市清水区
https://www.au.com/storelocator/detail/?shopId=N-00346,au-shop-nagaizumi,ａｕショップ 長泉,駿東郡長泉町
https://www.au.com/storelocator/detail/?shopId=N-00348,au-shop-iwata-imanoura,ａｕショップ 磐田今之浦,磐田市
https://www.au.com/storelocator/detail/?shopId=N-00350,au-shop-hamamatsu-nishiiba,ａｕショップ 浜松西伊場,浜松市中央区
https://www.au.com/storelocator/detail/?shopId=N-00351,au-shop-shimada,ａｕショップ 島田,島田市
https://www.au.com/storelocator/detail/?shopId=N-00352,au-shop-shizuoka-ryutsu,ａｕショップ 静岡流通,静岡市葵区
https://www.au.com/storelocator/detail/?shopId=N-00353,au-shop-numazu-ko-nuki,ａｕショップ 沼津香貫,沼津市
https://www.au.com/storelocator/detail/?shopId=N-00354,au-shop-numazu-kita,ａｕショップ 沼津北,沼津市
https://www.au.com/storelocator/detail/?shopId=N-00356,au-shop-mishima-chuo,ａｕショップ 三島中央,三島市
https://www.au.com/storelocator/detail/?shopId=N-00357,au-shop-kakegawa-oike,ａｕショップ 掛川大池,掛川市
https://www.au.com/storelocator/detail/?shopId=N-00358,au-shop-gotemba,ａｕショップ 御殿場,御殿場市
https://www.au.com/storelocator/detail/?shopId=N-00362,au-shop-fujinomiya-kita,ａｕショップ 富士宮北,富士宮市
https://www.au.com/storelocator/detail/?shopId=N-00363,au-shop-fuji-yunoki,ａｕショップ 富士柚木,富士市
https://www.au.com/storelocator/detail/?shopId=N-00370,au-shop-hisai,ａｕショップ 久居,津市
https://www.au.com/storelocator/detail/?shopId=N-00371,au-shop-minowa,ａｕショップ 箕輪,上伊那郡箕輪町
https://www.au.com/storelocator/detail/?shopId=N-00372,au-shop-minokamo,ａｕショップ 美濃加茂,美濃加茂市
https://www.au.com/storelocator/detail/?shopId=N-00373,au-shop-gifu-okiddopaku,ａｕショップ 岐阜オーキッドパーク,岐阜市
https://www.au.com/storelocator/detail/?shopId=N-00374,au-shop-ena,ａｕショップ 恵那,恵那市
https://www.au.com/storelocator/detail/?shopId=N-00375,au-shop-okazaki-kita,ａｕショップ 岡崎北,岡崎市
https://www.au.com/storelocator/detail/?shopId=N-00377,au-shop-hamamatsu-takabayashi,ａｕショップ 浜松高林,浜松市中央区
https://www.au.com/storelocator/detail/?shopId=N-00378,au-shop-nakagawa-ichi-gosen,ａｕショップ 中川一号線,名古屋市中川区
https://www.au.com/storelocator/detail/?shopId=N-00386,au-shop-agui,ａｕショップ 阿久比,知多郡阿久比町
https://www.au.com/storelocator/detail/?shopId=N-00388,au-shop-yokkaichi-shi-kita,ａｕショップ 四日市北,四日市
https://www.au.com/storelocator/detail/?shopId=N-00390,au-shop-okazaki-roku-tsu-bi,ａｕショップ 岡崎六ツ美,岡崎市
https://www.au.com/storelocator/detail/?shopId=N-00393,au-shop-toyohashi-ushikawa,ａｕショップ 豊橋牛川,豊橋市
https://www.au.com/storelocator/detail/?shopId=N-00400,au-style-hamamatsu-mikatahara,au Style 浜松三方原,浜松市中央区
https://www.au.com/storelocator/detail/?shopId=N-00405,au-shop-kamiida,ａｕショップ 上飯田,名古屋市北区
https://www.au.com/storelocator/detail/?shopId=N-00406,au-shop-omaki-tagata,ａｕショップ 小牧田県,小牧市
https://www.au.com/storelocator/detail/?shopId=N-00407,au-style-nagoya-noritake,au Style 名古屋則武,名古屋市西区
https://www.au.com/storelocator/detail/?shopId=N-00408,au-shop-kagamihara-unuma,ａｕショップ 各務原鵜沼,各務原市
https://www.au.com/storelocator/detail/?shopId=N-00410,au-shop-nagano-shinonoi,ａｕショップ 長野篠ノ井,長野市
https://www.au.com/storelocator/detail/?shopId=N-00416,au-shop-nabari-kikyogaoka,ａｕショップ 名張桔梗が丘,名張市
https://www.au.com/storelocator/detail/?shopId=N-00422,au-shop-yakeyama,ａｕショップ 焼山,名古屋市天白区
https://www.au.com/storelocator/detail/?shopId=N-00425,au-shop-nakagawa-taiheitori,ａｕショップ 中川太平通,名古屋市中川区
https://www.au.com/storelocator/detail/?shopId=N-00426,au-shop-terasu-woku-ichinomiya,ａｕショップ テラスウォーク一宮,一宮市
https://www.au.com/storelocator/detail/?shopId=N-00430,au-shop-higashi-kariya,ａｕショップ 東刈谷,刈谷市
https://www.au.com/storelocator/detail/?shopId=N-00431,au-shop-toyokawa-chuo,ａｕショップ 豊川中央,豊川市
https://www.au.com/storelocator/detail/?shopId=N-00433,au-shop-meito-yomogidai,ａｕショップ 名東よもぎ台,名古屋市名東区
https://www.au.com/storelocator/detail/?shopId=N-00436,au-shop-hamaoka,ａｕショップ 浜岡,御前崎市
https://www.au.com/storelocator/detail/?shopId=N-00437,au-shop-gifu-akutami,ａｕショップ 岐阜芥見,岐阜市
https://www.au.com/storelocator/detail/?shopId=N-00438,au-shop-owase,ａｕショップ 尾鷲,尾鷲市
https://www.au.com/storelocator/detail/?shopId=N-00440,au-shop-iwakura-yatsurugi,ａｕショップ 岩倉八剱,岩倉市
https://www.au.com/storelocator/detail/?shopId=N-00442,au-shop-ichinomiya-higashi,ａｕショップ 一宮東,一宮市
https://www.au.com/storelocator/detail/?shopId=N-00443,au-shop-takinomizu,ａｕショップ 滝ノ水,名古屋市緑区
https://www.au.com/storelocator/detail/?shopId=N-00445,au-shop-taketoyo,ａｕショップ 武豊,知多郡武豊町
https://www.au.com/storelocator/detail/?shopId=N-00446,au-shop-masa-21,ａｕショップ マーサ21,岐阜市
https://www.au.com/storelocator/detail/?shopId=N-00447,au-shop-ichi-sha,ａｕショップ 一社,名古屋市名東区
https://www.au.com/storelocator/detail/?shopId=N-00448,au-shop-kosei,ａｕショップ 湖西,湖西市
https://www.au.com/storelocator/detail/?shopId=N-00449,au-shop-yaizu-minami,ａｕショップ 焼津南,焼津市
https://www.au.com/storelocator/detail/?shopId=N-00454,au-shop-atami,ａｕショップ 熱海,熱海市
https://www.au.com/storelocator/detail/?shopId=N-00456,au-shop-kiyosu,ａｕショップ 清洲,清須市
https://www.au.com/storelocator/detail/?shopId=N-00457,au-shop-yatomi-1-gosen,ａｕショップ 弥富１号線,弥富市
https://www.au.com/storelocator/detail/?shopId=N-00459,au-shop-adobansu-moru-matsusaka,ａｕショップ アドバンスモール松阪,松阪市
https://www.au.com/storelocator/detail/?shopId=N-00460,au-style-miwa,au Style 美和,あま市
https://www.au.com/storelocator/detail/?shopId=N-00461,au-shop-iga-ueno,ａｕショップ 伊賀上野,伊賀市
https://www.au.com/storelocator/detail/?shopId=N-00463,au-style-omaki-chuo,au Style 小牧中央,小牧市
https://www.au.com/storelocator/detail/?shopId=N-00464,au-shop-yokkaichi-shi-ikuwa,ａｕショップ 四日市生桑,四日市
https://www.au.com/storelocator/detail/?shopId=N-00465,au-shop-kuwana-sanshipaku,ａｕショップ 桑名サンシパーク,桑名市
https://www.au.com/storelocator/detail/?shopId=N-00466,au-style-iwata-toyoda,au Style 磐田豊田,磐田市
https://www.au.com/storelocator/detail/?shopId=N-00471,au-shop-aeon-mall-tsunan,ａｕショップ イオンモール津南,津市
https://www.au.com/storelocator/detail/?shopId=N-00472,au-shop-nishio-shao-mae,ａｕショップ 西尾シャオ前,西尾市
https://www.au.com/storelocator/detail/?shopId=N-00476,au-shop-gero,ａｕショップ 下呂,下呂市
https://www.au.com/storelocator/detail/?shopId=N-00484,au-shop-hamamatsu-san-ji-no,ａｕショップ 浜松さんじの,浜松市中央区
https://www.au.com/storelocator/detail/?shopId=N-00485,au-shop-nagano-higashi-yubin-kyoku-mae,ａｕショップ 長野東郵便局前,長野市
https://www.au.com/storelocator/detail/?shopId=N-00487,au-shop-seki-mago,ａｕショップ 関マーゴ,関市
https://www.au.com/storelocator/detail/?shopId=N-00489,au-shop-nagano-wakatsuki,ａｕショップ 長野若槻,長野市
https://www.au.com/storelocator/detail/?shopId=N-00490,au-style-ogaki-nishi,au Style 大垣西,大垣市
https://www.au.com/storelocator/detail/?shopId=N-00492,au-shop-aeon-mall-suzaka,ａｕショップ イオンモール須坂,須坂市
https://www.au.com/storelocator/detail/?shopId=N-00494,au-shop-moriyama-saijo,ａｕショップ 守山西城,名古屋市守山区
https://www.au.com/storelocator/detail/?shopId=N-00496,au-shop-aeon-taun-ise-rarapaku,ａｕショップ イオンタウン伊勢ララパーク,伊勢市
https://www.au.com/storelocator/detail/?shopId=N-00501,au-shop-komagane,ａｕショップ 駒ヶ根,駒ヶ根市
https://www.au.com/storelocator/detail/?shopId=N-00502,au-shop-aeon-taun-chikusa,ａｕショップ イオンタウン千種,名古屋市千種区
https://www.au.com/storelocator/detail/?shopId=N-00505,au-style-yokkaichi-shi-sasagawa,au Style 四日市笹川,四日市
https://www.au.com/storelocator/detail/?shopId=N-00506,au-shop-fujieda-1-gosen,ａｕショップ 藤枝１号線,藤枝市
https://www.au.com/storelocator/detail/?shopId=N-00510,au-shop-pure-ha-woku-hamakita,ａｕショップ プレ葉ウォーク浜北,浜松市浜名区
https://www.au.com/storelocator/detail/?shopId=N-00511,au-shop-koda,ａｕショップ 幸田,額田郡幸田町
https://www.au.com/storelocator/detail/?shopId=N-00514,au-shop-toyoyama,ａｕショップ 豊山,西春日井郡豊山町
https://www.au.com/storelocator/detail/?shopId=N-00518,au-shop-kasugai-shimin-byoin-mae,ａｕショップ 春日井市民病院前,春日井市
https://www.au.com/storelocator/detail/?shopId=N-00519,au-shop-shimoda,ａｕショップ 下田,下田市
https://www.au.com/storelocator/detail/?shopId=N-00523,au-shop-ichinomiya-nishi,ａｕショップ 一宮西,一宮市
https://www.au.com/storelocator/detail/?shopId=N-00524,au-shop-morera-gifu,ａｕショップ モレラ岐阜,本巣市
https://www.au.com/storelocator/detail/?shopId=N-00532,au-shop-gifu-kagashima,ａｕショップ 岐阜鏡島,岐阜市
https://www.au.com/storelocator/detail/?shopId=N-00533,au-shop-aeon-taun-suzuka-tamagaki,ａｕショップ イオンタウン鈴鹿玉垣,鈴鹿市
https://www.au.com/storelocator/detail/?shopId=N-00536,au-shop-shizuoka-inomiya,ａｕショップ 静岡井宮,静岡市葵区
https://www.au.com/storelocator/detail/?shopId=N-00539,au-shop-toyohashi-kusama,ａｕショップ 豊橋草間,豊橋市
https://www.au.com/storelocator/detail/?shopId=N-00542,au-shop-aki-sakurai,ａｕショップ 安城桜井,安城市
https://www.au.com/storelocator/detail/?shopId=N-00543,au-shop-aeon-mall-kagamihara-inter,ａｕショップ イオンモール各務原インター,各務原市
https://www.au.com/storelocator/detail/?shopId=N-00545,au-shop-ito,ａｕショップ 伊東,伊東市
https://www.au.com/storelocator/detail/?shopId=N-00546,au-shop-minami-kagiya,ａｕショップ 南加木屋,東海市
https://www.au.com/storelocator/detail/?shopId=N-00551,au-style-kani-shimoedo,au Style 可児下恵土,可児市
https://www.au.com/storelocator/detail/?shopId=N-00552,au-shop-ueda-akiwa,ａｕショップ 上田秋和,上田市
https://www.au.com/storelocator/detail/?shopId=N-00554,au-shop-shizunami,ａｕショップ 静波,牧之原市
https://www.au.com/storelocator/detail/?shopId=N-00556,au-shop-gotemba-r-246,ａｕショップ 御殿場R246,御殿場市
https://www.au.com/storelocator/detail/?shopId=N-00559,au-shop-aeon-taun-matsusaka-funae,ａｕショップ イオンタウン松阪船江,松阪市
https://www.au.com/storelocator/detail/?shopId=N-00562,au-shop-kikukawa,ａｕショップ 菊川,菊川市
https://www.au.com/storelocator/detail/?shopId=N-00564,au-style-aeon-mall-fuso,au Style イオンモール扶桑,丹羽郡扶桑町
https://www.au.com/storelocator/detail/?shopId=N-00565,au-shop-toyohashi-futagawa,ａｕショップ 豊橋二川,豊橋市
https://www.au.com/storelocator/detail/?shopId=N-00566,au-shop-hamamatsu-yanagi-dori,ａｕショップ 浜松柳通り,浜松市中央区
https://www.au.com/storelocator/detail/?shopId=N-00567,au-shop-dotoku,ａｕショップ 道徳,名古屋市南区
https://www.au.com/storelocator/detail/?shopId=N-00570,au-shop-yoshi-ryo,ａｕショップ 吉良,西尾市
https://www.au.com/storelocator/detail/?shopId=N-00572,au-shop-toyokawa-minamiodori,ａｕショップ 豊川南大通,豊川市
https://www.au.com/storelocator/detail/?shopId=N-00573,au-shop-meguriaemupaku,ａｕショップ メグリアエムパーク,豊田市
https://www.au.com/storelocator/detail/?shopId=N-00575,au-shop-aeon-taun-yatomi,ａｕショップ イオンタウン弥富,弥富市
https://www.au.com/storelocator/detail/?shopId=N-00576,au-shop-hashima-higashi,ａｕショップ 羽島東,羽島市
https://www.au.com/storelocator/detail/?shopId=N-00577,au-shop-yokkaichi-shi-kasumi,ａｕショップ 四日市かすみ,四日市
https://www.au.com/storelocator/detail/?shopId=N-00579,au-shop-sansutorito-hamakita,ａｕショップ サンストリート浜北,浜松市浜名区
https://www.au.com/storelocator/detail/?shopId=N-00582,au-style-miyoshi-minami,au Style 三好南,みよし市
https://www.au.com/storelocator/detail/?shopId=N-00591,au-shop-aeon-fuji-minami,ａｕショップ イオン富士南,富士市
https://www.au.com/storelocator/detail/?shopId=N-00599,au-shop-rifu-woku-inazawa,ａｕショップ リーフウォーク稲沢,稲沢市
https://www.au.com/storelocator/detail/?shopId=N-00601,au-shop-ginan,ａｕショップ 岐南,羽島郡岐南町
https://www.au.com/storelocator/detail/?shopId=N-00602,au-shop-aeon-taun-iga-ueno,ａｕショップ イオンタウン伊賀上野,伊賀市
https://www.au.com/storelocator/detail/?shopId=N-00605,au-shop-aeon-mall-shin-mizu-kyo,ａｕショップ イオンモール新瑞橋,名古屋市南区
https://www.au.com/storelocator/detail/?shopId=N-00610,au-shop-apita-konan-nishi,ａｕショップ アピタ江南西,江南市
https://www.au.com/storelocator/detail/?shopId=N-00611,au-shop-aeon-mall-hamamatsu-ichino,ａｕショップ イオンモール浜松市野,浜松市中央区
https://www.au.com/storelocator/detail/?shopId=N-00612,au-style-nagoya,au Style NAGOYA,名古屋市中区
https://www.au.com/storelocator/detail/?shopId=N-00613,au-style-oke-hazama,au Style 桶狭間,名古屋市緑区
https://www.au.com/storelocator/detail/?shopId=N-00614,au-shop-mozo-wandashiti,ａｕショップ mozoワンダーシティ,名古屋市西区
https://www.au.com/storelocator/detail/?shopId=N-00615,au-shop-okazaki-yasaku,ａｕショップ 岡崎矢作,岡崎市
https://www.au.com/storelocator/detail/?shopId=N-00616,au-style-aeon-mall-nagoya-domu-mae,au Style イオンモールナゴヤドーム前,名古屋市東区
https://www.au.com/storelocator/detail/?shopId=N-00617,au-shop-aeon-mall-fujinomiya,ａｕショップ イオンモール富士宮,富士宮市
https://www.au.com/storelocator/detail/?shopId=N-00621,au-shop-toyoda-josui,ａｕショップ 豊田浄水,豊田市
https://www.au.com/storelocator/detail/?shopId=N-00622,au-shop-toyohashi-dai-shimizu,ａｕショップ 豊橋大清水,豊橋市
https://www.au.com/storelocator/detail/?shopId=N-00624,au-style-okazaki-uesato,au Style 岡崎上里,岡崎市
https://www.au.com/storelocator/detail/?shopId=N-00627,au-shop-sammarushe-kozoji,ａｕショップ サンマルシェ高蔵寺,春日井市
https://www.au.com/storelocator/detail/?shopId=N-00628,au-style-toyohashi-sato,au Style 豊橋佐藤,豊橋市
https://www.au.com/storelocator/detail/?shopId=N-00633,au-style-aeon-mall-atsuta,au Style イオンモール熱田,名古屋市熱田区
https://www.au.com/storelocator/detail/?shopId=N-00639,au-shop-aeon-mall-nagakute,ａｕショップ イオンモール長久手,長久手市
https://www.au.com/storelocator/detail/?shopId=N-00641,au-shop-kita-nagoya,ａｕショップ 北名古屋,北名古屋市
https://www.au.com/storelocator/detail/?shopId=N-00643,au-shop-kakegawa-kitaike,ａｕショップ 掛川北池,掛川市
https://www.au.com/storelocator/detail/?shopId=N-00644,au-shop-aeon-mall-nagoya-chaya,ａｕショップ イオンモール名古屋茶屋,名古屋市港区
https://www.au.com/storelocator/detail/?shopId=N-00646,au-style-lalaport-nagoya-minato-akurusu,au Style ららぽーと名古屋みなとアクルス,名古屋市港区
https://www.au.com/storelocator/detail/?shopId=N-00647,au-shop-aeon-taun-yokkaichi-shi-haku,ａｕショップ イオンタウン四日市泊,四日市
https://www.au.com/storelocator/detail/?shopId=N-00649,au-style-lalaport-aichi-togo,au Style ららぽーと愛知東郷,愛知郡東郷町
https://www.au.com/storelocator/detail/?shopId=N-00652,au-shop-aeon-mall-toin,ａｕショップ イオンモール東員,員弁郡東員町
https://www.au.com/storelocator/detail/?shopId=N-00653,au-style-taka-shimaya-getotawamoru,au Style タカシマヤ ゲートタワーモール,名古屋市中村区
https://www.au.com/storelocator/detail/?shopId=N-00672,au-style-aeon-mall-kisogawa,au Style イオンモール木曽川,一宮市
https://www.au.com/storelocator/detail/?shopId=N-00692,au-style-aeon-mall-toki,au Style イオンモール土岐,土岐市
https://www.au.com/storelocator/detail/?shopId=N-00696,au-shop-aeon-mall-hamamatsu-shitoro,ａｕショップ イオンモール浜松志都呂,浜松市中央区
https://www.au.com/storelocator/detail/?shopId=N-00697,au-shop-akuawoku-ogaki,ａｕショップ アクアウォーク大垣,大垣市
https://www.au.com/storelocator/detail/?shopId=N-00700,au-style-aeon-taun-tsu-shiroyama,au Style イオンタウン津城山,津市
https://www.au.com/storelocator/detail/?shopId=O-00251,au-shop-ameku-riu-bou-rakuichi,ａｕショップ 天久りうぼう楽市,那覇市
https://www.au.com/storelocator/detail/?shopId=O-00252,au-shop-ga-neko,ａｕショップ がねこ,宜野湾市
https://www.au.com/storelocator/detail/?shopId=O-00253,au-style-urazoe-paruko-shiti,au Style 浦添パルコシティ,浦添市
https://www.au.com/storelocator/detail/?shopId=O-00254,au-shop-ma-kabi,ａｕショップ まかび,那覇市
https://www.au.com/storelocator/detail/?shopId=O-00255,au-shop-tsubogawa,ａｕショップ 壺川,那覇市
https://www.au.com/storelocator/detail/?shopId=O-00256,au-shop-nishi-shobosho-dori,ａｕショップ 西消防署通り,那覇市
https://www.au.com/storelocator/detail/?shopId=O-00257,au-style-naha,au Style NAHA,那覇市
https://www.au.com/storelocator/detail/?shopId=O-00258,au-shop-iasu-okinawa-toyosaki,ａｕショップ イーアス沖縄豊崎,豊見城市
https://www.au.com/storelocator/detail/?shopId=O-00259,au-shop-na-wa-minami,ａｕショップ なは南,那覇市
https://www.au.com/storelocator/detail/?shopId=O-00261,au-shop-koroku-eki-mae,ａｕショップ 小禄駅前,那覇市
https://www.au.com/storelocator/detail/?shopId=O-00263,au-shop-yogi,ａｕショップ 与儀,那覇市
https://www.au.com/storelocator/detail/?shopId=O-00266,au-shop-itoman-chuo,ａｕショップ 糸満中央,糸満市
https://www.au.com/storelocator/detail/?shopId=O-00268,au-style-san-e-itarashiki,au Style サンエー板良敷,島尻郡与那原町
https://www.au.com/storelocator/detail/?shopId=O-00269,au-shop-kochihira,ａｕショップ 東風平,島尻郡八重瀬町
https://www.au.com/storelocator/detail/?shopId=O-00270,au-shop-wa-ebaru,ａｕショップ はえばる,島尻郡南風原町
https://www.au.com/storelocator/detail/?shopId=O-00272,au-shop-uranishi,ａｕショップ 浦西,浦添市
https://www.au.com/storelocator/detail/?shopId=O-00273,au-shop-ura-so-e,ａｕショップ うらそえ,浦添市
https://www.au.com/storelocator/detail/?shopId=O-00274,au-shop-uchima-chuo,ａｕショップ 内間中央,浦添市
https://www.au.com/storelocator/detail/?shopId=O-00281,au-shop-san-e-ginowan-kombenshon-shiti,ａｕショップ サンエー宜野湾コンベンションシティ,宜野湾市
https://www.au.com/storelocator/detail/?shopId=O-00282,au-style-aeon-mall-okinawa-rai-kamu,au Style イオンモール沖縄ライカム,中頭郡北中城村
https://www.au.com/storelocator/detail/?shopId=O-00283,au-shop-sunabe,ａｕショップ 砂辺,中頭郡北谷町
https://www.au.com/storelocator/detail/?shopId=O-00284,au-shop-chatan,ａｕショップ 北谷,中頭郡北谷町
https://www.au.com/storelocator/detail/?shopId=O-00289,au-shop-kane-hide-noborikawa-shijo,ａｕショップ かねひで登川市場,沖縄市
https://www.au.com/storelocator/detail/?shopId=O-00290,au-style-miyazato-chugaku-mae,au Style 宮里中学前,沖縄市
https://www.au.com/storelocator/detail/?shopId=O-00293,au-shop-midori-machi,ａｕショップ みどり町,うるま市
https://www.au.com/storelocator/detail/?shopId=O-00294,au-shop-gushikawa-sekido,ａｕショップ 具志川赤道,うるま市
https://www.au.com/storelocator/detail/?shopId=O-00296,au-shop-ishikawa-chuo,ａｕショップ 石川中央,うるま市
https://www.au.com/storelocator/detail/?shopId=O-00297,au-shop-san-e-ishikawa-shiti,ａｕショップ サンエー石川シティ,うるま市
https://www.au.com/storelocator/detail/?shopId=O-00300,au-shop-biimata,ａｕショップ びいまた,名護市
https://www.au.com/storelocator/detail/?shopId=O-00301,au-shop-umusa,ａｕショップ 宇茂佐,名護市
https://www.au.com/storelocator/detail/?shopId=O-00302,au-shop-biggu-mo-tobu,ａｕショップ ビッグもとぶ,国頭郡本部町
https://www.au.com/storelocator/detail/?shopId=O-00303,au-style-nago,au Style 名護,名護市
https://www.au.com/storelocator/detail/?shopId=O-00304,au-shop-aeon-nago,ａｕショップ イオン名護,名護市
https://www.au.com/storelocator/detail/?shopId=O-00306,au-shop-miyako-minami,ａｕショップ 宮古南,宮古島市
https://www.au.com/storelocator/detail/?shopId=O-00311,au-shop-ura-soe-iso,ａｕショップ うらそえ伊祖,浦添市
https://www.au.com/storelocator/detail/?shopId=O-00312,au-style-san-e-owan-shiti,au Style サンエー大湾シティ,中頭郡読谷村
https://www.au.com/storelocator/detail/?shopId=O-00314,au-shop-kumejima,ａｕショップ 久米島,島尻郡久米島町
https://www.au.com/storelocator/detail/?shopId=O-00317,au-shop-san-e-na-kagu-suku,ａｕショップ サンエーなかぐすく,中頭郡中城村
https://www.au.com/storelocator/detail/?shopId=O-00318,au-style-shin-toshin,au Style 新都心,那覇市
https://www.au.com/storelocator/detail/?shopId=O-00323,au-shop-san-e-naha-meimpureisu,ａｕショップ サンエー那覇メインプレイス,那覇市
https://www.au.com/storelocator/detail/?shopId=O-00324,au-shop-oki-nao-mae,ａｕショップ 沖尚前,那覇市
https://www.au.com/storelocator/detail/?shopId=O-00326,au-shop-san-e-itoman,ａｕショップ サンエー糸満,豊見城市
https://www.au.com/storelocator/detail/?shopId=O-00327,au-shop-tomigusuku-chuo,ａｕショップ 豊見城中央,豊見城市
https://www.au.com/storelocator/detail/?shopId=O-00329,au-shop-aeon-taun-nanjo-osato,ａｕショップ イオンタウン南城大里,南城市
https://www.au.com/storelocator/detail/?shopId=O-00331,au-shop-tsu-kazan,ａｕショップ つかざん,島尻郡南風原町
https://www.au.com/storelocator/detail/?shopId=O-00334,au-shop-aeon-gushikawa,ａｕショップ イオン具志川,うるま市
https://www.au.com/storelocator/detail/?shopId=O-00335,au-shop-san-e-nishibara-shiti,ａｕショップ サンエー西原シティー,中頭郡西原町
https://www.au.com/storelocator/detail/?shopId=O-00336,au-shop-san-e-tomigusuku-uingu-shiti,ａｕショップ サンエー豊見城ウイングシティ,豊見城市
https://www.au.com/storelocator/detail/?shopId=O-00337,au-shop-ginowan-aka-michi,ａｕショップ 宜野湾あかみち,宜野湾市
https://www.au.com/storelocator/detail/?shopId=O-00339,au-shop-ojana,ａｕショップ 大謝名,宜野湾市
https://www.au.com/storelocator/detail/?shopId=O-00341,au-style-san-ehambitaun,au Style サンエーハンビータウン,中頭郡北谷町
https://www.au.com/storelocator/detail/?shopId=O-00343,au-style-misato,au Style 美里,沖縄市
https://www.au.com/storelocator/detail/?shopId=O-00344,au-style-awase-bei-sutorito,au Style あわせベイストリート,沖縄市
https://www.au.com/storelocator/detail/?shopId=O-00346,au-shop-san-e-kyozuka-shiti,ａｕショップ サンエー経塚シティ,浦添市
https://www.au.com/storelocator/detail/?shopId=O-00347,au-shop-san-e-gushikawa-mein-shiti,ａｕショップ サンエー具志川メインシティ,うるま市
https://www.au.com/storelocator/detail/?shopId=O-00350,au-shop-san-e-azuka-kachi-shiti,ａｕショップ サンエー与勝シティ,うるま市
https://www.au.com/storelocator/detail/?shopId=O-00351,au-shop-yui-yui-kunigami,ａｕショップ ゆいゆい国頭,国頭郡国頭村
https://www.au.com/storelocator/detail/?shopId=O-00352,au-style-san-e-ishigaki-shiti,au Style サンエー石垣シティ,石垣市
https://www.au.com/storelocator/detail/?shopId=O-00353,au-shop-ishigaki-higashi,ａｕショップ 石垣東,石垣市
https://www.au.com/storelocator/detail/?shopId=O-00365,au-style-aeon-naha,au Style イオン那覇,那覇市
https://www.au.com/storelocator/detail/?shopId=O-00367,au-style-miyako-ji-ma-chuo,au Style みやこじま中央,宮古島市
https://www.au.com/storelocator/detail/?shopId=O-00368,au-shop-aeon-haebaru,ａｕショップ イオン南風原,島尻郡南風原町
https://www.au.com/storelocator/detail/?shopId=O-00370,au-style-kyo-zuka,au Style きょうづか,浦添市
https://www.au.com/storelocator/detail/?shopId=O-00383,au-shop-chatan-kami-se-do,ａｕショップ 北谷かみせど,中頭郡北谷町
https://www.au.com/storelocator/detail/?shopId=O-00384,au-shop-san-e-tsu-kazan-shiti,ａｕショップ サンエーつかざんシティ,島尻郡南風原町
https://www.au.com/storelocator/detail/?shopId=O-00385,au-shop-san-e-miyakojima-shiti,ａｕショップ サンエー宮古島シティ,宮古島市
https://www.au.com/storelocator/detail/?shopId=Q-00001,au-shop-izumi,ａｕショップ 出水,出水市
https://www.au.com/storelocator/detail/?shopId=Q-00008,au-shop-hondo,ａｕショップ 本渡,天草市
https://www.au.com/storelocator/detail/?shopId=Q-00015,au-shop-yumetaun-omuta,ａｕショップ ゆめタウン大牟田,大牟田市
https://www.au.com/storelocator/detail/?shopId=Q-00016,au-shop-fukue,ａｕショップ 福江,五島市
https://www.au.com/storelocator/detail/?shopId=Q-00020,au-shop-matsuura,ａｕショップ 松浦,松浦市
https://www.au.com/storelocator/detail/?shopId=Q-00023,au-style-sa-se-bo-go-ban-gai,au Style させぼ五番街,佐世保市
https://www.au.com/storelocator/detail/?shopId=Q-00028,au-shop-makurazaki,ａｕショップ 枕崎,枕崎市
https://www.au.com/storelocator/detail/?shopId=Q-00032,au-style-shibushi,au Style 志布志,志布志市
https://www.au.com/storelocator/detail/?shopId=Q-00033,au-style-kanoya-baipasu,au Style 鹿屋バイパス,鹿屋市
https://www.au.com/storelocator/detail/?shopId=Q-00039,au-style-yukuhashi,au Style 行橋,行橋市
https://www.au.com/storelocator/detail/?shopId=Q-00043,au-style-kuri-e-ito-munakata,au Style くりえいと宗像,宗像市
https://www.au.com/storelocator/detail/?shopId=Q-00044,au-shop-takeda,ａｕショップ 竹田,竹田市
https://www.au.com/storelocator/detail/?shopId=Q-00045,au-shop-nakatsu-chuo,ａｕショップ 中津中央,中津市
https://www.au.com/storelocator/detail/?shopId=Q-00048,au-style-uto,au Style 宇土,宇土市
https://www.au.com/storelocator/detail/?shopId=Q-00049,au-style-yashiro-matsue-dori,au Style 八代松江通,八代市
https://www.au.com/storelocator/detail/?shopId=Q-00052,au-shop-taniyama,ａｕショップ 谷山,鹿児島市
https://www.au.com/storelocator/detail/?shopId=Q-00053,au-shop-takanabe,ａｕショップ 高鍋,児湯郡高鍋町
https://www.au.com/storelocator/detail/?shopId=Q-00060,au-shop-mitsuyoshi-inter,ａｕショップ 光吉インター,大分市
https://www.au.com/storelocator/detail/?shopId=Q-00061,au-shop-takachiho,ａｕショップ 高千穂,西臼杵郡高千穂町
https://www.au.com/storelocator/detail/?shopId=Q-00062,au-shop-kikuyo,ａｕショップ 菊陽,菊池郡菊陽町
https://www.au.com/storelocator/detail/?shopId=Q-00063,au-shop-arao,ａｕショップ 荒尾,荒尾市
https://www.au.com/storelocator/detail/?shopId=Q-00065,au-style-onga,au Style 遠賀,遠賀郡遠賀町
https://www.au.com/storelocator/detail/?shopId=Q-00070,au-shop-wakana,ａｕショップ 若菜,飯塚市
https://www.au.com/storelocator/detail/?shopId=Q-00073,au-shop-oguchi,ａｕショップ 大口(鹿児島県),伊佐市
https://www.au.com/storelocator/detail/?shopId=Q-00074,au-shop-kokubunishi,ａｕショップ 国分西,霧島市
https://www.au.com/storelocator/detail/?shopId=Q-00092,au-shop-otsu,ａｕショップ 大津,菊池郡大津町
https://www.au.com/storelocator/detail/?shopId=Q-00095,au-shop-takagi,ａｕショップ 高城,大分市
https://www.au.com/storelocator/detail/?shopId=Q-00101,au-shop-minami-miyazaki,ａｕショップ 南宮崎,宮崎市
https://www.au.com/storelocator/detail/?shopId=Q-00103,au-shop-chikugo-akasaka,ａｕショップ 筑後赤坂,筑後市
https://www.au.com/storelocator/detail/?shopId=Q-00106,au-shop-kumamoto-kenritsu-omae,ａｕショップ 熊本県立大前,熊本市中央区
https://www.au.com/storelocator/detail/?shopId=Q-00109,au-style-soreiyu-taun-ijuin,au Style ソレイユタウン伊集院,日置市
https://www.au.com/storelocator/detail/?shopId=Q-00112,au-shop-n-scity-yayama,ａｕショップ Ｎ’ｓＣＩＴＹ谷山,鹿児島市
https://www.au.com/storelocator/detail/?shopId=Q-00113,au-shop-hondo-supa-senta,ａｕショップ 本渡スーパーセンター,天草市
https://www.au.com/storelocator/detail/?shopId=Q-00115,au-shop-onojo,ａｕショップ 大野城,大野城市
https://www.au.com/storelocator/detail/?shopId=Q-00126,au-shop-minami-satsuma,ａｕショップ 南さつま,南さつま市
https://www.au.com/storelocator/detail/?shopId=Q-00127,au-shop-miyazaki-otsuka,ａｕショップ 宮崎大塚,宮崎市
https://www.au.com/storelocator/detail/?shopId=Q-00128,au-shop-oike-dori,ａｕショップ 大池通り,福岡市南区
https://www.au.com/storelocator/detail/?shopId=Q-00137,au-shop-naze,ａｕショップ 名瀬,奄美市
https://www.au.com/storelocator/detail/?shopId=Q-00138,au-shop-tanegashima,ａｕショップ 種子島,西之表市
https://www.au.com/storelocator/detail/?shopId=Q-00140,au-shop-yoshimi-o,ａｕショップ 嘉麻,嘉麻市
https://www.au.com/storelocator/detail/?shopId=Q-00148,au-shop-mizumaki,ａｕショップ 水巻,遠賀郡水巻町
https://www.au.com/storelocator/detail/?shopId=Q-00149,au-shop-yahatahigashi-ta,ａｕショップ 八幡東田,北九州市八幡東区
https://www.au.com/storelocator/detail/?shopId=Q-00151,au-shop-hanaguri,ａｕショップ 花繰,都城市
https://www.au.com/storelocator/detail/?shopId=Q-00156,au-shop-nichinan-ware-ta,ａｕショップ 日南吾田,日南市
https://www.au.com/storelocator/detail/?shopId=Q-00159,au-shop-usa-chuo,ａｕショップ 宇佐中央,宇佐市
https://www.au.com/storelocator/detail/?shopId=Q-00163,au-shop-nakatsu-higashi,ａｕショップ 中津東,中津市
https://www.au.com/storelocator/detail/?shopId=Q-00164,au-shop-tsurusaki,ａｕショップ 鶴崎,大分市
https://www.au.com/storelocator/detail/?shopId=Q-00170,au-style-einomaru,au Style 永犬丸,北九州市八幡西区
https://www.au.com/storelocator/detail/?shopId=Q-00180,au-shop-ogi,ａｕショップ 小城,小城市
https://www.au.com/storelocator/detail/?shopId=Q-00183,au-shop-ita-tsu,ａｕショップ 到津,北九州市小倉北区
https://www.au.com/storelocator/detail/?shopId=Q-00195,au-shop-yakuin-eki-mae,ａｕショップ 薬院駅前,福岡市中央区
https://www.au.com/storelocator/detail/?shopId=Q-00197,au-shop-kasuga,ａｕショップ 春日,春日市
https://www.au.com/storelocator/detail/?shopId=Q-00199,au-shop-tosu-chuo,ａｕショップ 鳥栖中央,鳥栖市
https://www.au.com/storelocator/detail/?shopId=Q-00200,au-shop-yame-chuo,ａｕショップ 八女中央,八女市
https://www.au.com/storelocator/detail/?shopId=Q-00219,au-shop-ohashi-eki-nishi,ａｕショップ 大橋駅西,福岡市南区
https://www.au.com/storelocator/detail/?shopId=Q-00222,au-shop-temmon-kan-den-toma-mae,ａｕショップ 天文館電停前,鹿児島市
https://www.au.com/storelocator/detail/?shopId=Q-00225,au-shop-funai-machi,ａｕショップ 府内町,大分市
https://www.au.com/storelocator/detail/?shopId=Q-00230,au-shop-kyudai-gakken-toshi,ａｕショップ 九大学研都市,福岡市西区
https://www.au.com/storelocator/detail/?shopId=Q-00231,au-shop-kasuga-shiromizu,ａｕショップ 春日白水,春日市
https://www.au.com/storelocator/detail/?shopId=Q-00235,au-shop-maehara,ａｕショップ 前原,糸島市
https://www.au.com/storelocator/detail/?shopId=Q-00239,au-shop-umi,ａｕショップ 宇美,糟屋郡宇美町
https://www.au.com/storelocator/detail/?shopId=Q-00249,au-shop-meinohama,ａｕショップ 姪浜,福岡市西区
https://www.au.com/storelocator/detail/?shopId=Q-00250,au-shop-yumetaun-chikushino,ａｕショップ ゆめタウン筑紫野,筑紫野市
https://www.au.com/storelocator/detail/?shopId=Q-00255,au-style-gadenzu-chihaya,au Style ガーデンズ千早,福岡市東区
https://www.au.com/storelocator/detail/?shopId=Q-00257,au-style-gen-yon-tsu-kaku,au Style 原四ツ角,福岡市早良区
https://www.au.com/storelocator/detail/?shopId=Q-00260,au-style-shingu-misaki,au Style 新宮美咲,糟屋郡新宮町
https://www.au.com/storelocator/detail/?shopId=Q-00272,au-shop-ozai,ａｕショップ 大在,大分市
https://www.au.com/storelocator/detail/?shopId=Q-00274,au-shop-izuka-kawazu,ａｕショップ 飯塚川津,飯塚市
https://www.au.com/storelocator/detail/?shopId=Q-00277,au-shop-notame,ａｕショップ 野多目,福岡市南区
https://www.au.com/storelocator/detail/?shopId=Q-00278,au-shop-nishijin,ａｕショップ 西新,福岡市早良区
https://www.au.com/storelocator/detail/?shopId=Q-00284,au-shop-ureshino,ａｕショップ 嬉野,嬉野市
https://www.au.com/storelocator/detail/?shopId=Q-00290,au-shop-higashimachi-chuo,ａｕショップ 東町中央,熊本市東区
https://www.au.com/storelocator/detail/?shopId=Q-00296,au-shop-tamana,ａｕショップ 玉名,玉名市
https://www.au.com/storelocator/detail/?shopId=Q-00297,au-shop-yamaga,ａｕショップ 山鹿,山鹿市
https://www.au.com/storelocator/detail/?shopId=Q-00301,au-style-saga-kita,au Style 佐賀北,佐賀市
https://www.au.com/storelocator/detail/?shopId=Q-00302,au-shop-yume-taun-wa-mase-n,ａｕショップ ゆめタウンはません,熊本市南区
https://www.au.com/storelocator/detail/?shopId=Q-00305,au-shop-shimotori,ａｕショップ 下通,熊本市中央区
https://www.au.com/storelocator/detail/?shopId=Q-00315,au-shop-aze-kari,ａｕショップ あぜかり,長崎市
https://www.au.com/storelocator/detail/?shopId=Q-00317,au-shop-wakamatsu-takasu,ａｕショップ 若松高須,北九州市若松区
https://www.au.com/storelocator/detail/?shopId=Q-00319,au-shop-musashi-ke-oka,ａｕショップ 武蔵ヶ丘,熊本市北区
https://www.au.com/storelocator/detail/?shopId=Q-00324,au-shop-sasa-honda-gen,ａｕショップ 佐々本田原,北松浦郡佐々町
https://www.au.com/storelocator/detail/?shopId=Q-00327,au-shop-ohato,ａｕショップ 大波止,長崎市
https://www.au.com/storelocator/detail/?shopId=Q-00328,au-shop-so-baipasu,ａｕショップ 諫早バイパス,諫早市
https://www.au.com/storelocator/detail/?shopId=Q-00329,au-shop-togitsu,ａｕショップ 時津,西彼杵郡時津町
https://www.au.com/storelocator/detail/?shopId=Q-00332,au-shop-oita-koike-gen,ａｕショップ 大分小池原,大分市
https://www.au.com/storelocator/detail/?shopId=Q-00339,au-shop-takeo,ａｕショップ 武雄,武雄市
https://www.au.com/storelocator/detail/?shopId=Q-00343,au-shop-miyakonojo-hayasuzu,ａｕショップ 都城早鈴,都城市
https://www.au.com/storelocator/detail/?shopId=Q-00344,au-shop-kamikawauchi,ａｕショップ 上川内,薩摩川内市
https://www.au.com/storelocator/detail/?shopId=Q-00346,au-shop-ishiki-nyutaun,ａｕショップ 伊敷ニュータウン,鹿児島市
https://www.au.com/storelocator/detail/?shopId=Q-00347,au-shop-shimogori,ａｕショップ 下郡,大分市
https://www.au.com/storelocator/detail/?shopId=Q-00348,au-shop-heiwa-dai,ａｕショップ 平和台(宮崎県),宮崎市
https://www.au.com/storelocator/detail/?shopId=Q-00352,au-shop-nakayama-baipasu,ａｕショップ 中山バイパス（鹿児島県）,鹿児島市
https://www.au.com/storelocator/detail/?shopId=Q-00364,au-shop-beppu-ishigaki,ａｕショップ 別府石垣,別府市
https://www.au.com/storelocator/detail/?shopId=Q-00384,au-shop-kawauchi-nakago,ａｕショップ 川内中郷,薩摩川内市
https://www.au.com/storelocator/detail/?shopId=Q-00386,au-shop-tohoku,ａｕショップ 都北,都城市
https://www.au.com/storelocator/detail/?shopId=Q-00398,au-shop-kikuchi,ａｕショップ 菊池,菊池市
https://www.au.com/storelocator/detail/?shopId=Q-00400,au-shop-kanoya-kotobuki,ａｕショップ 鹿屋寿,鹿屋市
https://www.au.com/storelocator/detail/?shopId=Q-00404,au-shop-sone-baipasu,ａｕショップ 曽根バイパス,北九州市小倉南区
https://www.au.com/storelocator/detail/?shopId=Q-00405,au-shop-nitta,ａｕショップ 日田,日田市
https://www.au.com/storelocator/detail/?shopId=Q-00412,au-shop-kokura-numa,ａｕショップ 小倉沼,北九州市小倉南区
https://www.au.com/storelocator/detail/?shopId=Q-00413,au-shop-kokura-mihagino,ａｕショップ 小倉三萩野,北九州市小倉北区
https://www.au.com/storelocator/detail/?shopId=Q-00422,au-shop-nobeoka-tatara,ａｕショップ 延岡多々良,延岡市
https://www.au.com/storelocator/detail/?shopId=Q-00423,au-shop-idekita,ａｕショップ 出北,延岡市
https://www.au.com/storelocator/detail/?shopId=Q-00425,au-shop-heigen,ａｕショップ 平原,延岡市
https://www.au.com/storelocator/detail/?shopId=Q-00426,au-shop-sadowara,ａｕショップ 佐土原,宮崎市
https://www.au.com/storelocator/detail/?shopId=Q-00429,au-shop-hinata-chuo,ａｕショップ 日向中央,日向市
https://www.au.com/storelocator/detail/?shopId=Q-00434,au-shop-ibusuki,ａｕショップ 指宿,指宿市
https://www.au.com/storelocator/detail/?shopId=Q-00436,au-shop-amagi-inter,ａｕショップ 甘木インター,朝倉市
https://www.au.com/storelocator/detail/?shopId=Q-00437,au-style-yanakawa,au Style 柳川,柳川市
https://www.au.com/storelocator/detail/?shopId=Q-00438,au-style-yumetaun-okawa,au Style ゆめタウン大川,大川市
https://www.au.com/storelocator/detail/?shopId=Q-00440,au-shop-kashima,ａｕショップ 嘉島,上益城郡嘉島町
https://www.au.com/storelocator/detail/?shopId=Q-00443,au-shop-ukiha,ａｕショップ うきは,うきは市
https://www.au.com/storelocator/detail/?shopId=Q-00448,au-shop-kayanomori,ａｕショップ 柏の森,飯塚市
https://www.au.com/storelocator/detail/?shopId=Q-00452,au-shop-sumiyoshi,ａｕショップ 住吉,長崎市
https://www.au.com/storelocator/detail/?shopId=Q-00468,au-shop-aeon-mall-nogata,ａｕショップ イオンモール直方,直方市
https://www.au.com/storelocator/detail/?shopId=Q-00470,au-shop-kosumo-taun-saiki,ａｕショップ コスモタウン佐伯,佐伯市
https://www.au.com/storelocator/detail/?shopId=Q-00474,au-shop-kokubukita,ａｕショップ 国分北,霧島市
https://www.au.com/storelocator/detail/?shopId=Q-00475,au-shop-kanoya-asahibaru,ａｕショップ 鹿屋旭原,鹿屋市
https://www.au.com/storelocator/detail/?shopId=Q-00476,au-shop-chikami,ａｕショップ 近見,熊本市南区
https://www.au.com/storelocator/detail/?shopId=Q-00478,au-shop-doi,ａｕショップ 土井,福岡市東区
https://www.au.com/storelocator/detail/?shopId=Q-00485,au-shop-pakupureisu-oita,ａｕショップ パークプレイス大分,大分市
https://www.au.com/storelocator/detail/?shopId=Q-00566,au-shop-aiura,ａｕショップ 相浦,佐世保市
https://www.au.com/storelocator/detail/?shopId=Q-00572,au-shop-nameshi,ａｕショップ なめし,長崎市
https://www.au.com/storelocator/detail/?shopId=Q-00576,au-shop-omura-sakura-baba,ａｕショップ 大村桜馬場,大村市
https://www.au.com/storelocator/detail/?shopId=Q-00578,au-shop-juroku-machi,ａｕショップ 拾六町,福岡市西区
https://www.au.com/storelocator/detail/?shopId=Q-00584,au-shop-noke,ａｕショップ 野芥,福岡市早良区
https://www.au.com/storelocator/detail/?shopId=Q-00590,au-shop-aeon-mall-chikushino,ａｕショップ イオンモール筑紫野,筑紫野市
https://www.au.com/storelocator/detail/?shopId=Q-00593,au-shop-sanribu-shiti-kokura,ａｕショップ サンリブシティ小倉,北九州市小倉南区
https://www.au.com/storelocator/detail/?shopId=Q-00604,au-shop-kamikumamoto,ａｕショップ 上熊本,熊本市西区
https://www.au.com/storelocator/detail/?shopId=Q-00612,au-shop-oto,ａｕショップ 大塔,佐世保市
https://www.au.com/storelocator/detail/?shopId=Q-00615,au-shop-aku-rosu-puraza-so,ａｕショップ アクロスプラザ諫早,諫早市
https://www.au.com/storelocator/detail/?shopId=Q-00616,au-shop-azuma-nozomu,ａｕショップ 東望,長崎市
https://www.au.com/storelocator/detail/?shopId=Q-00619,au-shop-haya,ａｕショップ 羽屋,大分市
https://www.au.com/storelocator/detail/?shopId=Q-00621,au-shop-arina-chuo-dori,ａｕショップ アリーナ中央通,鹿児島市
https://www.au.com/storelocator/detail/?shopId=Q-00623,au-shop-nakama,ａｕショップ 中間,中間市
https://www.au.com/storelocator/detail/?shopId=Q-00624,au-shop-tsushima,ａｕショップ 対馬,対馬市
https://www.au.com/storelocator/detail/?shopId=Q-00626,au-shop-chikuzen,ａｕショップ 筑前,朝倉郡筑前町
https://www.au.com/storelocator/detail/?shopId=Q-00631,au-shop-omuta-shiranuhi-puraza,ａｕショップ 大牟田不知火プラザ,大牟田市
https://www.au.com/storelocator/detail/?shopId=Q-00636,au-shop-aino-tembo-dai,ａｕショップ 愛野展望台,雲仙市
https://www.au.com/storelocator/detail/?shopId=Q-00642,au-style-hitoyoshi,au Style 人吉,人吉市
https://www.au.com/storelocator/detail/?shopId=Q-00657,au-shop-miya-waka,ａｕショップ 宮若,宮若市
https://www.au.com/storelocator/detail/?shopId=Q-00676,au-shop-aeon-mall-miyazaki,ａｕショップ イオンモール宮崎,宮崎市
https://www.au.com/storelocator/detail/?shopId=Q-00678,au-shop-sasebo-hirota,ａｕショップ 佐世保広田,佐世保市
https://www.au.com/storelocator/detail/?shopId=Q-00679,au-style-yumetaun-yashiro,au Style ゆめタウン八代,八代市
https://www.au.com/storelocator/detail/?shopId=Q-00680,au-shop-kashima,ａｕショップ 鹿島（佐賀県）,鹿島市
https://www.au.com/storelocator/detail/?shopId=Q-00681,au-shop-imari-chuo,ａｕショップ 伊万里中央,伊万里市
https://www.au.com/storelocator/detail/?shopId=Q-00683,au-shop-moji,ａｕショップ 門司,北九州市門司区
https://www.au.com/storelocator/detail/?shopId=Q-00684,au-shop-kanda,ａｕショップ 神田,唐津市
https://www.au.com/storelocator/detail/?shopId=Q-00685,au-shop-okinoerabu,ａｕショップ 沖永良部,大島郡和泊町
https://www.au.com/storelocator/detail/?shopId=Q-00686,au-shop-tokunoshima,ａｕショップ 徳之島,大島郡徳之島町
https://www.au.com/storelocator/detail/?shopId=Q-00688,au-style-kadomatsu,au Style 門松,糟屋郡粕屋町
https://www.au.com/storelocator/detail/?shopId=Q-00690,au-shop-go-ju-shi,ａｕショップ 五十市,都城市
https://www.au.com/storelocator/detail/?shopId=Q-00692,au-shop-kobayashi-chuo,ａｕショップ 小林中央,小林市
https://www.au.com/storelocator/detail/?shopId=Q-00695,au-shop-hakozaki-harada,ａｕショップ 箱崎原田,福岡市東区
https://www.au.com/storelocator/detail/?shopId=Q-00696,au-shop-nagayo,ａｕショップ 長与,西彼杵郡長与町
https://www.au.com/storelocator/detail/?shopId=Q-00697,au-shop-moraju-saga,ａｕショップ モラージュ佐賀,佐賀市
https://www.au.com/storelocator/detail/?shopId=Q-00699,au-shop-shimabara-maehama,ａｕショップ 島原前浜,島原市
https://www.au.com/storelocator/detail/?shopId=Q-00701,au-shop-saga-honjo,ａｕショップ 佐賀本庄,佐賀市
https://www.au.com/storelocator/detail/?shopId=Q-00703,au-shop-shirominami-katae,ａｕショップ 城南片江,福岡市城南区
https://www.au.com/storelocator/detail/?shopId=Q-00706,au-shop-hayato-chuo,ａｕショップ 隼人中央,霧島市
https://www.au.com/storelocator/detail/?shopId=Q-00712,au-shop-hinode,ａｕショップ 日出,速見郡日出町
https://www.au.com/storelocator/detail/?shopId=Q-00719,au-shop-furesupo-fukahori,ａｕショップ フレスポ深堀,長崎市
https://www.au.com/storelocator/detail/?shopId=Q-00721,au-shop-beppu-chuo,ａｕショップ 別府中央,別府市
https://www.au.com/storelocator/detail/?shopId=Q-00725,au-shop-oyodo,ａｕショップ 大淀,宮崎市
https://www.au.com/storelocator/detail/?shopId=Q-00728,au-shop-suekichi,ａｕショップ 末吉,曽於市
https://www.au.com/storelocator/detail/?shopId=Q-00730,au-style-yumetaun-saga,au Style ゆめタウン佐賀,佐賀市
https://www.au.com/storelocator/detail/?shopId=Q-00731,au-shop-aeon-wakamatsu,ａｕショップ イオン若松,北九州市若松区
https://www.au.com/storelocator/detail/?shopId=Q-00735,au-shop-heisei-odori,ａｕショップ 平成大通り,熊本市南区
https://www.au.com/storelocator/detail/?shopId=Q-00736,au-shop-hanahata,ａｕショップ 花畑,久留米市
https://www.au.com/storelocator/detail/?shopId=Q-00739,au-shop-yumetaun-hakata,ａｕショップ ゆめタウン博多,福岡市東区
https://www.au.com/storelocator/detail/?shopId=Q-00740,au-shop-yumetaun-arao-shiti-moru,ａｕショップ ゆめタウン荒尾シティモール,荒尾市
https://www.au.com/storelocator/detail/?shopId=Q-00745,au-shop-chikushino-beressa,ａｕショップ 筑紫野ベレッサ,筑紫野市
https://www.au.com/storelocator/detail/?shopId=Q-00746,au-shop-higashiaikawa-baipasu,ａｕショップ 東合川バイパス,久留米市
https://www.au.com/storelocator/detail/?shopId=Q-00748,au-shop-omura-chuo,ａｕショップ 大村中央,大村市
https://www.au.com/storelocator/detail/?shopId=Q-00750,au-style-aeon-mall-joshi,au Style イオンモール宇城,宇城市
https://www.au.com/storelocator/detail/?shopId=Q-00752,au-shop-iki,ａｕショップ 壱岐,壱岐市
https://www.au.com/storelocator/detail/?shopId=Q-00753,au-shop-miyazaki-ken-byoin-mae,ａｕショップ 宮崎県病院前,宮崎市
https://www.au.com/storelocator/detail/?shopId=Q-00754,au-shop-sakura-machi,ａｕショップ SAKURA MACHI,熊本市中央区
https://www.au.com/storelocator/detail/?shopId=Q-00757,au-shop-toroku,ａｕショップ とろく,熊本市中央区
https://www.au.com/storelocator/detail/?shopId=Q-00758,au-shop-kokubu-baipasu,ａｕショップ 国分バイパス,久留米市
https://www.au.com/storelocator/detail/?shopId=Q-00763,au-shop-so-higashi,ａｕショップ 諫早東,諫早市
https://www.au.com/storelocator/detail/?shopId=Q-00767,au-shop-yame,ａｕショップ 八女,八女市
https://www.au.com/storelocator/detail/?shopId=Q-00770,au-shop-mi-rai-nagasaki-kokowoku,ａｕショップ みらい長崎ココウォーク,長崎市
https://www.au.com/storelocator/detail/?shopId=Q-00771,au-style-dazaifu,au Style 太宰府,太宰府市
https://www.au.com/storelocator/detail/?shopId=Q-00776,au-shop-karatsu,ａｕショップ 唐津,唐津市
https://www.au.com/storelocator/detail/?shopId=Q-00778,au-shop-nakagawa,ａｕショップ 那珂川,那珂川市
https://www.au.com/storelocator/detail/?shopId=Q-00781,au-shop-chachataun-kokura,ａｕショップ チャチャタウン小倉,北九州市小倉北区
https://www.au.com/storelocator/detail/?shopId=Q-00785,au-shop-kengun,ａｕショップ 健軍,熊本市東区
https://www.au.com/storelocator/detail/?shopId=Q-00786,au-shop-furesupo-tosu,ａｕショップ フレスポ鳥栖,鳥栖市
https://www.au.com/storelocator/detail/?shopId=Q-00787,au-shop-tokuriki,ａｕショップ 徳力,北九州市小倉南区
https://www.au.com/storelocator/detail/?shopId=Q-00790,au-shop-minami-yukuhashi,ａｕショップ 南行橋,行橋市
https://www.au.com/storelocator/detail/?shopId=Q-00794,au-shop-ogori,ａｕショップ 小郡,小郡市
https://www.au.com/storelocator/detail/?shopId=Q-00797,au-shop-aeon-taun-kurosaki,ａｕショップ イオンタウン黒崎,北九州市八幡西区
https://www.au.com/storelocator/detail/?shopId=Q-00799,au-shop-beazumoru-kiyotake,ａｕショップ ベアーズモール清武,宮崎市
https://www.au.com/storelocator/detail/?shopId=Q-00800,au-shop-tsubuku-baipasu,ａｕショップ 津福バイパス,久留米市
https://www.au.com/storelocator/detail/?shopId=Q-00802,au-shop-hida-baipasu,ａｕショップ 飛田バイパス,熊本市北区
https://www.au.com/storelocator/detail/?shopId=Q-00803,au-shop-hakata-basutaminaru,ａｕショップ 博多バスターミナル,福岡市博多区
https://www.au.com/storelocator/detail/?shopId=Q-00804,au-shop-yoshino,ａｕショップ 吉野,鹿児島市
https://www.au.com/storelocator/detail/?shopId=Q-00805,au-shop-ueki,ａｕショップ 植木,熊本市北区
https://www.au.com/storelocator/detail/?shopId=Q-00807,au-style-saya-ke-tani,au Style さやヶ谷,北九州市戸畑区
https://www.au.com/storelocator/detail/?shopId=Q-00809,au-shop-konoha-moru-hashimoto,ａｕショップ 木の葉モール橋本,福岡市西区
https://www.au.com/storelocator/detail/?shopId=Q-00813,au-shop-hinata-gakuin-mae,ａｕショップ 日向学院前,宮崎市
https://www.au.com/storelocator/detail/?shopId=Q-00814,au-shop-yahata-koyanose,ａｕショップ 八幡木屋瀬,北九州市八幡西区
https://www.au.com/storelocator/detail/?shopId=Q-00816,au-shop-merukusu-tagawa,ａｕショップ メルクス田川,田川市
https://www.au.com/storelocator/detail/?shopId=Q-00818,au-shop-tokiha-wa-sada,ａｕショップ トキハわさだ,大分市
https://www.au.com/storelocator/detail/?shopId=Q-00819,au-shop-hikari-no-morinaka-hisashi,ａｕショップ 光の森中央,菊池郡菊陽町
https://www.au.com/storelocator/detail/?shopId=Q-00823,au-shop-yumetaun-kurume,ａｕショップ ゆめタウン久留米,久留米市
https://www.au.com/storelocator/detail/?shopId=Q-00825,au-shop-hamacho-chuo-kyo,ａｕショップ 浜町中央橋,長崎市
https://www.au.com/storelocator/detail/?shopId=Q-00827,au-style-matsuzaki,au Style 松崎,福岡市東区
https://www.au.com/storelocator/detail/?shopId=Q-00830,au-style-fukuoka,au Style FUKUOKA,福岡市中央区
https://www.au.com/storelocator/detail/?shopId=Q-00831,au-shop-aeon-mall-fuku-tsu,ａｕショップ イオンモール福津,福津市
https://www.au.com/storelocator/detail/?shopId=Q-00835,au-style-aeon-mall-fukuoka,au Style イオンモール福岡,糟屋郡粕屋町
https://www.au.com/storelocator/detail/?shopId=Q-00838,au-shop-aeon-tobata,ａｕショップ イオン戸畑,北九州市戸畑区
https://www.au.com/storelocator/detail/?shopId=Q-00842,au-style-hakata,au Style HAKATA,福岡市博多区
https://www.au.com/storelocator/detail/?shopId=Q-00843,au-style-shimizu-yon-tsu-kaku,au Style 清水四ツ角,福岡市南区
https://www.au.com/storelocator/detail/?shopId=Q-00844,au-shop-roppommatsu-ekimae,ａｕショップ 六本松駅前,福岡市中央区
https://www.au.com/storelocator/detail/?shopId=Q-00845,au-shop-koga,ａｕショップ 古賀,古賀市
https://www.au.com/storelocator/detail/?shopId=Q-00846,au-shop-aeon-taun-aira,ａｕショップ イオンタウン姶良,姶良市
https://www.au.com/storelocator/detail/?shopId=Q-00847,au-style-aku-rosu-puraza-yojiro,au Style アクロスプラザ与次郎,鹿児島市
https://www.au.com/storelocator/detail/?shopId=Q-00848,au-style-lalaport-fukuoka,au Style ららぽーと福岡,福岡市博多区
https://www.au.com/storelocator/detail/?shopId=Q-00862,au-style-aeon-mall-sanko,au Style イオンモール三光,中津市
https://www.au.com/storelocator/detail/?shopId=Q-00863,au-style-toriasumoru,au Style トリアスモール,糟屋郡久山町
https://www.au.com/storelocator/detail/?shopId=Q-00871,au-style-yumetaun-izuka,au Style ゆめタウン飯塚,飯塚市
https://www.au.com/storelocator/detail/?shopId=Q-00872,au-style-aeon-mall-kagoshima,au Style イオンモール鹿児島,鹿児島市
https://www.au.com/storelocator/detail/?shopId=S-00003,au-shop-kamo-ji-ma,ａｕショップ かもじま,吉野川市
https://www.au.com/storelocator/detail/?shopId=S-00004,au-shop-naruto,ａｕショップ 鳴門,鳴門市
https://www.au.com/storelocator/detail/?shopId=S-00022,au-shop-aizumi,ａｕショップ 藍住,板野郡藍住町
https://www.au.com/storelocator/detail/?shopId=S-00033,au-shop-kamobe,ａｕショップ 鴨部,高知市
https://www.au.com/storelocator/detail/?shopId=S-00037,au-shop-sukumo,ａｕショップ 宿毛,宿毛市
https://www.au.com/storelocator/detail/?shopId=S-00046,au-shop-nakamura,ａｕショップ 中村,四万十市
https://www.au.com/storelocator/detail/?shopId=S-00049,au-shop-aeon-mall-niihama,ａｕショップ イオンモール新居浜,新居浜市
https://www.au.com/storelocator/detail/?shopId=S-00072,au-shop-yashima,ａｕショップ 屋島,高松市
https://www.au.com/storelocator/detail/?shopId=S-00073,au-shop-utazu,ａｕショップ 宇多津,綾歌郡宇多津町
https://www.au.com/storelocator/detail/?shopId=S-00076,au-shop-zentsuji,ａｕショップ 善通寺,善通寺市
https://www.au.com/storelocator/detail/?shopId=S-00082,au-shop-kawanoe,ａｕショップ 川之江,四国中央市
https://www.au.com/storelocator/detail/?shopId=S-00085,au-shop-sambommatsu,ａｕショップ 三本松,東かがわ市
https://www.au.com/storelocator/detail/?shopId=S-00088,au-shop-aki,ａｕショップ 安芸,安芸市
https://www.au.com/storelocator/detail/?shopId=S-00092,au-shop-hanamizuki-dori,ａｕショップ はなみずき通り,松山市
https://www.au.com/storelocator/detail/?shopId=S-00113,au-shop-takasu,ａｕショップ 高須(高知県),高知市
https://www.au.com/storelocator/detail/?shopId=S-00114,au-shop-susaki,ａｕショップ 須崎,須崎市
https://www.au.com/storelocator/detail/?shopId=S-00116,au-shop-noichi,ａｕショップ 野市,香南市
https://www.au.com/storelocator/detail/?shopId=S-00122,au-shop-wakicho,ａｕショップ 脇町,美馬市
https://www.au.com/storelocator/detail/?shopId=S-00132,au-shop-okihama,ａｕショップ 沖浜,徳島市
https://www.au.com/storelocator/detail/?shopId=S-00138,au-shop-komatsushima,ａｕショップ 小松島,小松島市
https://www.au.com/storelocator/detail/?shopId=S-00140,au-shop-ishii,ａｕショップ 石井,名西郡石井町
https://www.au.com/storelocator/detail/?shopId=S-00142,au-shop-anan,ａｕショップ 阿南,阿南市
https://www.au.com/storelocator/detail/?shopId=S-00144,au-style-yawatahama,au Style 八幡浜,八幡浜市
https://www.au.com/storelocator/detail/?shopId=S-00154,au-shop-niihama-miyanishi,ａｕショップ 新居浜宮西,新居浜市
https://www.au.com/storelocator/detail/?shopId=S-00155,au-shop-kozai,ａｕショップ 香西,高松市
https://www.au.com/storelocator/detail/?shopId=S-00159,au-shop-kokubunji,ａｕショップ 国分寺(香川県),高松市
https://www.au.com/storelocator/detail/?shopId=S-00160,au-shop-saijo-chuo,ａｕショップ 西条中央,西条市
https://www.au.com/storelocator/detail/?shopId=S-00164,au-shop-mishima-higashi,ａｕショップ 三島東,四国中央市
https://www.au.com/storelocator/detail/?shopId=S-00169,au-shop-takanoko,ａｕショップ 鷹ノ子,松山市
https://www.au.com/storelocator/detail/?shopId=S-00184,au-style-sanshain-dori,au Style サンシャイン通り,高松市
https://www.au.com/storelocator/detail/?shopId=S-00191,au-shop-tenjin,ａｕショップ 天神,高知市
https://www.au.com/storelocator/detail/?shopId=S-00193,au-shop-takaoka,ａｕショップ 高岡,土佐市
https://www.au.com/storelocator/detail/?shopId=S-00222,au-shop-fujiguran-shigenobu,ａｕショップ フジグラン重信,東温市
https://www.au.com/storelocator/detail/?shopId=S-00225,au-shop-miki,ａｕショップ 三木(香川県),木田郡三木町
https://www.au.com/storelocator/detail/?shopId=S-00229,au-shop-kannonji,ａｕショップ 観音寺,観音寺市
https://www.au.com/storelocator/detail/?shopId=S-00236,au-shop-azono,ａｕショップ 薊野,高知市
https://www.au.com/storelocator/detail/?shopId=S-00238,au-shop-asakura,ａｕショップ 朝倉,高知市
https://www.au.com/storelocator/detail/?shopId=S-00239,au-shop-marugame-doki,ａｕショップ 丸亀土器,丸亀市
https://www.au.com/storelocator/detail/?shopId=S-00245,au-style-matsuyama-kita-kanjo,au Style 松山北環状,松山市
https://www.au.com/storelocator/detail/?shopId=S-00246,au-shop-aeon-mall-imabari-shin-toshi,ａｕショップ イオンモール今治新都市,今治市
https://www.au.com/storelocator/detail/?shopId=S-00248,au-style-imabari-tori-sei,au Style 今治鳥生,今治市
https://www.au.com/storelocator/detail/?shopId=S-00249,au-shop-shima-nami,ａｕショップ しまなみ,今治市
https://www.au.com/storelocator/detail/?shopId=S-00252,au-shop-ban,ａｕショップ 万々,高知市
https://www.au.com/storelocator/detail/?shopId=S-00254,au-shop-toyo,ａｕショップ 東予,西条市
https://www.au.com/storelocator/detail/?shopId=S-00257,au-style-matsuyama-ginten-gai,au Style 松山銀天街,松山市
https://www.au.com/storelocator/detail/?shopId=S-00260,au-style-osu,au Style 大洲,大洲市
https://www.au.com/storelocator/detail/?shopId=S-00262,au-shop-azushima,ａｕショップ 小豆島,小豆郡土庄町
https://www.au.com/storelocator/detail/?shopId=S-00263,au-shop-tamiya-kaido,ａｕショップ 田宮街道,徳島市
https://www.au.com/storelocator/detail/?shopId=S-00267,au-shop-nishi,ａｕショップ 西予,西予市
https://www.au.com/storelocator/detail/?shopId=S-00270,au-shop-yumetaun-takamatsu,ａｕショップ ゆめタウン高松,高松市
https://www.au.com/storelocator/detail/?shopId=S-00272,au-shop-nihama,ａｕショップ 新浜,徳島市
https://www.au.com/storelocator/detail/?shopId=S-00277,au-shop-uwajima-warei,ａｕショップ 宇和島和霊,宇和島市
https://www.au.com/storelocator/detail/?shopId=S-00280,au-shop-saniakushisu-i-no,ａｕショップ サニーアクシスいの,吾川郡いの町
https://www.au.com/storelocator/detail/?shopId=S-00282,au-shop-matsuyama-higashi-kanjo,ａｕショップ 松山東環状,松山市
https://www.au.com/storelocator/detail/?shopId=S-00283,au-shop-sa-nuki-shido,ａｕショップ さぬき志度,さぬき市
https://www.au.com/storelocator/detail/?shopId=S-00285,au-shop-emifuru-masaki,ａｕショップ エミフルＭＡＳＡＫＩ,伊予郡松前町
https://www.au.com/storelocator/detail/?shopId=S-00324,au-shop-gomen,ａｕショップ ごめん,南国市
https://www.au.com/storelocator/detail/?shopId=S-00325,au-shop-yumetaun-marugame,ａｕショップ ゆめタウン丸亀,丸亀市
https://www.au.com/storelocator/detail/?shopId=S-00326,au-shop-fujiguran-yon-man-ju,ａｕショップ フジグラン四万十,四万十市
https://www.au.com/storelocator/detail/?shopId=S-00327,au-shop-takamatsu-reimbo-rodo,ａｕショップ 高松レインボーロード,高松市
https://www.au.com/storelocator/detail/?shopId=S-00328,au-style-parutifuji-kinuyama,au Style パルティフジ衣山,松山市
https://www.au.com/storelocator/detail/?shopId=S-00329,au-shop-kitajima-baipasu,ａｕショップ 北島バイパス,板野郡北島町
https://www.au.com/storelocator/detail/?shopId=S-00330,au-style-matsuyama-inter,au Style 松山インター,松山市
https://www.au.com/storelocator/detail/?shopId=S-00332,au-style-takamatsu-marugame-machi,au Style 高松丸亀町,高松市
https://www.au.com/storelocator/detail/?shopId=S-00333,au-shop-ni-iwa-ma-higashi,ａｕショップ にいはま東,新居浜市
https://www.au.com/storelocator/detail/?shopId=S-00334,au-shop-yumetaun-tokushima,ａｕショップ ゆめタウン徳島,板野郡藍住町
https://www.au.com/storelocator/detail/?shopId=S-00337,au-style-kukodori,au Style 空港通,松山市
https://www.au.com/storelocator/detail/?shopId=S-00338,au-style-iyo,au Style 伊予,伊予市
https://www.au.com/storelocator/detail/?shopId=S-00339,au-style-harozu-enza,au Style ハローズ円座,高松市
https://www.au.com/storelocator/detail/?shopId=S-00341,au-shop-kochi-ekimaedori,ａｕショップ 高知駅前通り,高知市
https://www.au.com/storelocator/detail/?shopId=S-00345,au-style-uwajima,au Style 宇和島,宇和島市
https://www.au.com/storelocator/detail/?shopId=S-00346,au-shop-aeon-mall-kochi,ａｕショップ イオンモール高知,高知市
https://www.au.com/storelocator/detail/?shopId=S-00359,au-style-aeon-sutairu-matsuyama,au Style イオンスタイル松山,松山市
https://www.au.com/storelocator/detail/?shopId=T-00001,au-shop-izumi,ａｕショップ 泉,仙台市泉区
https://www.au.com/storelocator/detail/?shopId=T-00002,au-shop-za-moru-sendai-nagamachi,ａｕショップ ザ・モール仙台長町,仙台市太白区
https://www.au.com/storelocator/detail/?shopId=T-00003,au-shop-aeon-mall-sendai-kamisugi,ａｕショップ イオンモール仙台上杉,仙台市青葉区
https://www.au.com/storelocator/detail/?shopId=T-00007,au-shop-nigata-godo,ａｕショップ 新潟河渡,新潟市東区
https://www.au.com/storelocator/detail/?shopId=T-00008,au-shop-sendai-kurisurodo,ａｕショップ 仙台クリスロード,仙台市青葉区
https://www.au.com/storelocator/detail/?shopId=T-00009,au-shop-tsubame-san-jo,ａｕショップ 燕三条,燕市
https://www.au.com/storelocator/detail/?shopId=T-00010,au-shop-hiwada,ａｕショップ 日和田,郡山市
https://www.au.com/storelocator/detail/?shopId=T-00011,au-shop-natori,ａｕショップ 名取,名取市
https://www.au.com/storelocator/detail/?shopId=T-00013,au-style-fukushima-kita,au Style 福島北,福島市
https://www.au.com/storelocator/detail/?shopId=T-00016,au-shop-koriyama-higashi,ａｕショップ 郡山東,郡山市
https://www.au.com/storelocator/detail/?shopId=T-00017,au-shop-koriyama-minami,ａｕショップ 郡山南,郡山市
https://www.au.com/storelocator/detail/?shopId=T-00018,au-shop-aizu-inter,ａｕショップ 会津インター,会津若松市
https://www.au.com/storelocator/detail/?shopId=T-00020,au-shop-shirakawa,ａｕショップ 白河,白河市
https://www.au.com/storelocator/detail/?shopId=T-00026,au-shop-aeon-nigata-higashi,ａｕショップ イオン新潟東,新潟市東区
https://www.au.com/storelocator/detail/?shopId=T-00027,au-style-furukawa-baipasu,au Style 古川バイパス,大崎市
https://www.au.com/storelocator/detail/?shopId=T-00028,au-shop-na-nai-ro-no-sato,ａｕショップ なないろの里,仙台市若林区
https://www.au.com/storelocator/detail/?shopId=T-00029,au-shop-kencho-mae,ａｕショップ 県庁前(新潟県),新潟市中央区
https://www.au.com/storelocator/detail/?shopId=T-00033,au-style-aeon-mall-shin-rifu-minamitate,au Style イオンモール新利府 南館,宮城郡利府町
https://www.au.com/storelocator/detail/?shopId=T-00036,au-shop-iizumi,ａｕショップ 五泉,五泉市
https://www.au.com/storelocator/detail/?shopId=T-00037,au-shop-ogawara,ａｕショップ 大河原,柴田郡大河原町
https://www.au.com/storelocator/detail/?shopId=T-00043,au-style-toku-machi-odori,au Style 徳町大通り,米沢市
https://www.au.com/storelocator/detail/?shopId=T-00044,au-shop-nagaoka-kashiwa-machi,ａｕショップ 長岡柏町,長岡市
https://www.au.com/storelocator/detail/?shopId=T-00045,au-style-hobara,au Style 保原,伊達市
https://www.au.com/storelocator/detail/?shopId=T-00046,au-style-nihommatsu,au Style 二本松,二本松市
https://www.au.com/storelocator/detail/?shopId=T-00047,au-style-gonome,au Style 郷野目,福島市
https://www.au.com/storelocator/detail/?shopId=T-00048,au-style-ueda,au Style 植田,いわき市
https://www.au.com/storelocator/detail/?shopId=T-00049,au-style-tagajo,au Style 多賀城,多賀城市
https://www.au.com/storelocator/detail/?shopId=T-00050,au-style-nagai,au Style 長井,長井市
https://www.au.com/storelocator/detail/?shopId=T-00051,au-shop-hachinohe-joka,ａｕショップ 八戸城下,八戸市
https://www.au.com/storelocator/detail/?shopId=T-00052,au-shop-towada,ａｕショップ 十和田,十和田市
https://www.au.com/storelocator/detail/?shopId=T-00061,au-shop-misawa,ａｕショップ 三沢,三沢市
https://www.au.com/storelocator/detail/?shopId=T-00062,au-shop-shibata,ａｕショップ 新発田,新発田市
https://www.au.com/storelocator/detail/?shopId=T-00064,au-shop-kashiwazaki,ａｕショップ 柏崎,柏崎市
https://www.au.com/storelocator/detail/?shopId=T-00065,au-shop-murakami,ａｕショップ 村上,村上市
https://www.au.com/storelocator/detail/?shopId=T-00066,au-shop-joetsu-takada,ａｕショップ 上越高田,上越市
https://www.au.com/storelocator/detail/?shopId=T-00068,au-shop-ishinomaki-megumino,ａｕショップ 石巻恵み野,石巻市
https://www.au.com/storelocator/detail/?shopId=T-00069,au-shop-aeon-taun-yamoto,ａｕショップ イオンタウン矢本,東松島市
https://www.au.com/storelocator/detail/?shopId=T-00070,au-shop-hanamaki,ａｕショップ 花巻,花巻市
https://www.au.com/storelocator/detail/?shopId=T-00073,au-shop-soma,ａｕショップ 相馬,相馬市
https://www.au.com/storelocator/detail/?shopId=T-00074,au-shop-haramachi,ａｕショップ 原町,南相馬市原町区
https://www.au.com/storelocator/detail/?shopId=T-00075,au-style-odate,au Style 大館,大館市
https://www.au.com/storelocator/detail/?shopId=T-00076,au-style-omagari,au Style 大曲,大仙市
https://www.au.com/storelocator/detail/?shopId=T-00078,au-style-yokote,au Style 横手,横手市
https://www.au.com/storelocator/detail/?shopId=T-00079,au-style-noshiro,au Style 能代,能代市
https://www.au.com/storelocator/detail/?shopId=T-00080,au-style-honjo,au Style 本荘,由利本荘市
https://www.au.com/storelocator/detail/?shopId=T-00082,au-shop-muikamachi,ａｕショップ 六日町,南魚沼市
https://www.au.com/storelocator/detail/?shopId=T-00083,au-shop-furukawa-omiya,ａｕショップ 古川大宮,大崎市
https://www.au.com/storelocator/detail/?shopId=T-00084,au-shop-ishinomaki-nakasato,ａｕショップ 石巻中里,石巻市
https://www.au.com/storelocator/detail/?shopId=T-00086,au-style-kitakata,au Style 喜多方,喜多方市
https://www.au.com/storelocator/detail/?shopId=T-00087,au-style-aizu,au Style 会津,会津若松市
https://www.au.com/storelocator/detail/?shopId=T-00096,au-shop-sanuma,ａｕショップ 佐沼,登米市
https://www.au.com/storelocator/detail/?shopId=T-00097,au-shop-yoshioka,ａｕショップ 吉岡,黒川郡大和町
https://www.au.com/storelocator/detail/?shopId=T-00100,au-shop-mutsu,ａｕショップ むつ,むつ市
https://www.au.com/storelocator/detail/?shopId=T-00102,au-style-ofunato,au Style 大船渡,大船渡市
https://www.au.com/storelocator/detail/?shopId=T-00105,au-shop-kuroishi,ａｕショップ 黒石,黒石市
https://www.au.com/storelocator/detail/?shopId=T-00106,au-shop-hirosaki-katada,ａｕショップ 弘前堅田,弘前市
https://www.au.com/storelocator/detail/?shopId=T-00107,au-shop-otsuki,ａｕショップ 大槻,郡山市
https://www.au.com/storelocator/detail/?shopId=T-00112,au-shop-sakurambo-higashine,ａｕショップ さくらんぼ東根,東根市
https://www.au.com/storelocator/detail/?shopId=T-00113,au-style-shinjo,au Style 新庄(山形県),新庄市
https://www.au.com/storelocator/detail/?shopId=T-00115,au-shop-sagae,ａｕショップ 寒河江,寒河江市
https://www.au.com/storelocator/detail/?shopId=T-00116,au-shop-yamagata-shima,ａｕショップ 山形嶋,山形市
https://www.au.com/storelocator/detail/?shopId=T-00117,au-shop-yuzawa,ａｕショップ 湯沢,湯沢市
https://www.au.com/storelocator/detail/?shopId=T-00120,au-shop-kesennuma,ａｕショップ 気仙沼,気仙沼市
https://www.au.com/storelocator/detail/?shopId=T-00122,au-shop-kameda,ａｕショップ 亀田,新潟市江南区
https://www.au.com/storelocator/detail/?shopId=T-00123,au-shop-iwaki-taira,ａｕショップ いわき平,いわき市
https://www.au.com/storelocator/detail/?shopId=T-00124,au-shop-aeon-mall-iwaki-onahama,ａｕショップ イオンモールいわき小名浜,いわき市
https://www.au.com/storelocator/detail/?shopId=T-00125,au-shop-iwaki-yumoto,ａｕショップ いわき湯本,いわき市
https://www.au.com/storelocator/detail/?shopId=T-00126,au-shop-uchi-kanjo-chuo,ａｕショップ 内環状中央,郡山市
https://www.au.com/storelocator/detail/?shopId=T-00129,au-shop-izumino-mura,ａｕショップ 泉野村,仙台市泉区
https://www.au.com/storelocator/detail/?shopId=T-00130,au-shop-higashikatsuyama,ａｕショップ 東勝山,仙台市青葉区
https://www.au.com/storelocator/detail/?shopId=T-00131,au-shop-miyafuru,ａｕショップ 宮古,宮古市
https://www.au.com/storelocator/detail/?shopId=T-00132,au-shop-itoigawa,ａｕショップ 糸魚川,糸魚川市
https://www.au.com/storelocator/detail/?shopId=T-00134,au-style-ichizeki,au Style 一関,一関市
https://www.au.com/storelocator/detail/?shopId=T-00135,au-style-tsushida,au Style 津志田,盛岡市
https://www.au.com/storelocator/detail/?shopId=T-00136,au-style-mizusawa-baipasu,au Style 水沢バイパス,奥州市
https://www.au.com/storelocator/detail/?shopId=T-00139,au-style-fukuyama,au Style 富久山,郡山市
https://www.au.com/storelocator/detail/?shopId=T-00141,au-shop-aoyama,ａｕショップ 青山,盛岡市
https://www.au.com/storelocator/detail/?shopId=T-00144,au-style-tokimeki-dori,au Style ときめき通り,山形市
https://www.au.com/storelocator/detail/?shopId=T-00147,au-shop-aomori-higashiono,ａｕショップ 青森東大野,青森市
https://www.au.com/storelocator/detail/?shopId=T-00148,au-shop-hachinohe-minatotakadai,ａｕショップ 八戸湊高台,八戸市
https://www.au.com/storelocator/detail/?shopId=T-00219,au-style-tenno,au Style 天王,潟上市
https://www.au.com/storelocator/detail/?shopId=T-00220,au-shop-shin-shirakawa,ａｕショップ 新白河,白河市
https://www.au.com/storelocator/detail/?shopId=T-00222,au-style-iwaki-kashima,au Style いわき鹿島,いわき市
https://www.au.com/storelocator/detail/?shopId=T-00223,au-shop-tsukidate,ａｕショップ 築館,栗原市
https://www.au.com/storelocator/detail/?shopId=T-00224,au-style-aeon-mall-tsu-garu-kashiwa,au Style イオンモールつがる柏,つがる市
https://www.au.com/storelocator/detail/?shopId=T-00225,au-shop-kuji,ａｕショップ 久慈,久慈市
https://www.au.com/storelocator/detail/?shopId=T-00226,au-shop-aeon-taun-kamaishi,ａｕショップ イオンタウン釜石,釜石市
https://www.au.com/storelocator/detail/?shopId=T-00227,au-shop-akita-shin-kokudo,ａｕショップ 秋田新国道,秋田市
https://www.au.com/storelocator/detail/?shopId=T-00230,au-shop-morioka-baipasu,ａｕショップ 盛岡バイパス,盛岡市
https://www.au.com/storelocator/detail/?shopId=T-00232,au-shop-nigata-sakai,ａｕショップ 新潟坂井,新潟市西区
https://www.au.com/storelocator/detail/?shopId=T-00239,au-style-hirosaki-nishi,au Style 弘前西,弘前市
https://www.au.com/storelocator/detail/?shopId=T-00242,au-shop-aomori-niji-ke-oka,ａｕショップ 青森虹ヶ丘,青森市
https://www.au.com/storelocator/detail/?shopId=T-00258,au-shop-joetsu,ａｕショップ 上越,上越市
https://www.au.com/storelocator/detail/?shopId=T-00263,au-style-burumuwarudo-iwanuma,au Style ブルームワールド岩沼,岩沼市
https://www.au.com/storelocator/detail/?shopId=T-00264,au-shop-kamiya,ａｕショップ 神谷,いわき市
https://www.au.com/storelocator/detail/?shopId=T-00266,au-style-hokujo-chuo,au Style 北上中央,北上市
https://www.au.com/storelocator/detail/?shopId=T-00270,au-shop-morioka-inter,ａｕショップ 盛岡インター,盛岡市
https://www.au.com/storelocator/detail/?shopId=T-00274,au-shop-furesupo-sukagawa,ａｕショップ フレスポ須賀川,須賀川市
https://www.au.com/storelocator/detail/?shopId=T-00278,au-shop-aeon-mall-tomiya,ａｕショップ イオンモール富谷,富谷市
https://www.au.com/storelocator/detail/?shopId=T-00279,au-shop-tsunoda,ａｕショップ 角田,角田市
https://www.au.com/storelocator/detail/?shopId=T-00283,au-shop-nishitaga,ａｕショップ 西多賀,仙台市太白区
https://www.au.com/storelocator/detail/?shopId=T-00284,au-shop-hirosaki-waseda,ａｕショップ 弘前早稲田,弘前市
https://www.au.com/storelocator/detail/?shopId=T-00285,au-shop-tsuruoka-shin-toki-machi,ａｕショップ 鶴岡新斎町,鶴岡市
https://www.au.com/storelocator/detail/?shopId=T-00290,au-shop-aeon-mall-tendo,ａｕショップ イオンモール天童,天童市
https://www.au.com/storelocator/detail/?shopId=T-00294,au-shop-aeon-mall-akita,ａｕショップ イオンモール秋田,秋田市
https://www.au.com/storelocator/detail/?shopId=T-00297,au-style-fukushima-nishi,au Style 福島西,福島市
https://www.au.com/storelocator/detail/?shopId=T-00299,au-style-aeon-sutairu-sendai-oroshi-machi,au Style イオンスタイル仙台卸町,仙台市若林区
https://www.au.com/storelocator/detail/?shopId=T-00300,au-style-aizu-minami,au Style 会津南,会津若松市
https://www.au.com/storelocator/detail/?shopId=T-00301,au-style-yamagata-uemachi,au Style 山形上町,山形市
https://www.au.com/storelocator/detail/?shopId=T-00304,au-style-sukagawa-aeon-taun,au Style 須賀川イオンタウン,須賀川市
https://www.au.com/storelocator/detail/?shopId=T-00308,au-shop-akita-tsuchizaki,ａｕショップ 秋田土崎,秋田市
https://www.au.com/storelocator/detail/?shopId=T-00310,au-shop-ichizeki-higashi,ａｕショップ 一関ひがし,一関市
https://www.au.com/storelocator/detail/?shopId=T-00313,au-shop-tamura,ａｕショップ 田村,田村市
https://www.au.com/storelocator/detail/?shopId=T-00314,au-shop-nishine,ａｕショップ 西根,八幡平市
https://www.au.com/storelocator/detail/?shopId=T-00315,au-shop-yokote-chuo,ａｕショップ 横手中央,横手市
https://www.au.com/storelocator/detail/?shopId=T-00316,au-shop-yaotome,ａｕショップ 八乙女,仙台市泉区
https://www.au.com/storelocator/detail/?shopId=T-00320,au-shop-kita-kanjo-yoshinaridai,ａｕショップ 北環状吉成台,仙台市青葉区
https://www.au.com/storelocator/detail/?shopId=T-00321,au-shop-wakuya,ａｕショップ 涌谷,遠田郡涌谷町
https://www.au.com/storelocator/detail/?shopId=T-00327,au-style-aeon-mall-natori,au Style イオンモール名取,名取市
https://www.au.com/storelocator/detail/?shopId=T-00328,au-shop-shiogama,ａｕショップ 塩釜,塩竈市
https://www.au.com/storelocator/detail/?shopId=T-00329,au-style-morioka-motomiya,au Style 盛岡本宮,盛岡市
https://www.au.com/storelocator/detail/?shopId=T-00330,au-style-motomiya-eito-taun,au Style 本宮エイトタウン,本宮市
https://www.au.com/storelocator/detail/?shopId=T-00331,au-style-akita-higashi,au Style 秋田東,秋田市
https://www.au.com/storelocator/detail/?shopId=T-00333,au-shop-aeon-taun-sanuma,ａｕショップ イオンタウン佐沼,登米市
https://www.au.com/storelocator/detail/?shopId=T-00362,au-shop-niida,ａｕショップ 仁井田,秋田市
https://www.au.com/storelocator/detail/?shopId=T-00363,au-shop-aeon-furukawa,ａｕショップ イオン古川,大崎市
https://www.au.com/storelocator/detail/?shopId=T-00366,au-shop-shin-aomori-ekimae,ａｕショップ 新青森駅前,青森市
https://www.au.com/storelocator/detail/?shopId=T-00367,au-shop-hachinohe-ishido,ａｕショップ 八戸石堂,八戸市
https://www.au.com/storelocator/detail/?shopId=T-00368,au-shop-higashisendai-foreo,ａｕショップ 東仙台フォレオ,仙台市宮城野区
https://www.au.com/storelocator/detail/?shopId=T-00370,au-shop-hanamaki-chuo,ａｕショップ 花巻中央,花巻市
https://www.au.com/storelocator/detail/?shopId=T-00373,au-shop-murayama-ekinishi,ａｕショップ 村山駅西,村山市
https://www.au.com/storelocator/detail/?shopId=T-00374,au-shop-yamagata-nishi-baipasu,ａｕショップ 山形西バイパス,山形市
https://www.au.com/storelocator/detail/?shopId=T-00375,au-shop-hachinohe-uruichi,ａｕショップ 八戸売市,八戸市
https://www.au.com/storelocator/detail/?shopId=T-00376,au-shop-bivi-sendai-eki-higashiguchi,ａｕショップ ＢｉVｉ仙台駅東口,仙台市宮城野区
https://www.au.com/storelocator/detail/?shopId=T-00378,au-shop-nagamachi-inter,ａｕショップ 長町インター,仙台市太白区
https://www.au.com/storelocator/detail/?shopId=T-00379,au-shop-ishikawa,ａｕショップ 石川(福島県),石川郡石川町
https://www.au.com/storelocator/detail/?shopId=T-00382,au-shop-iwaki-uchigo,ａｕショップ いわき内郷,いわき市
https://www.au.com/storelocator/detail/?shopId=T-00389,au-style-sakata-mizuho,au Style 酒田みずほ,酒田市
https://www.au.com/storelocator/detail/?shopId=T-00390,au-style-sendai,au Style SENDAI,仙台市青葉区
https://www.au.com/storelocator/detail/?shopId=T-00399,au-style-aeon-taun-koriyama,au Style イオンタウン郡山,郡山市
https://www.au.com/storelocator/detail/?shopId=T-00407,au-style-aeon-mall-yamagata-minami,au Style イオンモール山形南,山形市
https://www.au.com/storelocator/detail/?shopId=T-00408,au-style-and-rabina,au Style ＆ラビナ,青森市
https://www.softbank.jp/shop/search/detail/C300/,softbank-nagoya,ソフトバンク 名古屋,名古屋市中区
https://www.softbank.jp/shop/search/detail/C301/,softbank-agui-ekimae,ソフトバンク 阿久比駅前,知多郡阿久比町
https://www.softbank.jp/shop/search/detail/C302/,softbank-azutaun,ソフトバンク アズタウン,名古屋市中川区
https://www.softbank.jp/shop/search/detail/C306/,softbank-oke-hazama,ソフトバンク 桶狭間,名古屋市緑区
https://www.softbank.jp/shop/search/detail/C307/,softbank-aki,ソフトバンク 安城,安城市
https://www.softbank.jp/shop/search/detail/C308/,softbank-aki-sakurai,ソフトバンク 安城桜井,安城市
https://www.softbank.jp/shop/search/detail/C309/,softbank-aki-sumiyoshi,ソフトバンク 安城住吉,安城市
https://www.softbank.jp/shop/search/detail/C310/,softbank-ikeshita,ソフトバンク 池下,名古屋市千種区
https://www.softbank.jp/shop/search/detail/C312/,softbank-ichinomiya-imaise,ソフトバンク 一宮今伊勢,一宮市
https://www.softbank.jp/shop/search/detail/C314/,softbank-ichinomiya-myokoji,ソフトバンク 一宮妙興寺,一宮市
https://www.softbank.jp/shop/search/detail/C316/,softbank-inazawa-ekiminami,ソフトバンク 稲沢駅南,稲沢市
https://www.softbank.jp/shop/search/detail/C318/,softbank-inazawa-keisatsushomae,ソフトバンク 稲沢警察署前,稲沢市
https://www.softbank.jp/shop/search/detail/C320/,softbank-inuyama-haguro,ソフトバンク 犬山羽黒,犬山市
https://www.softbank.jp/shop/search/detail/C321/,softbank-inokoishi,ソフトバンク 猪子石,名古屋市千種区
https://www.softbank.jp/shop/search/detail/C323/,softbank-iwakura,ソフトバンク 岩倉,岩倉市
https://www.softbank.jp/shop/search/detail/C324/,softbank-ueda-kita,ソフトバンク 植田北,名古屋市天白区
https://www.softbank.jp/shop/search/detail/C328/,softbank-osone-akatsuka,ソフトバンク 大曽根赤塚,名古屋市東区
https://www.softbank.jp/shop/search/detail/C330/,softbank-nagoya-omori,ソフトバンク なごや大森,名古屋市守山区
https://www.softbank.jp/shop/search/detail/C333/,softbank-okazaki-kita,ソフトバンク 岡崎北,岡崎市
https://www.softbank.jp/shop/search/detail/C334/,softbank-okazaki-higashi,ソフトバンク 岡崎東,岡崎市
https://www.softbank.jp/shop/search/detail/C335/,softbank-okazaki-minami,ソフトバンク 岡崎南,岡崎市
https://www.softbank.jp/shop/search/detail/C336/,softbank-okazaki-roku-tsu-bi,ソフトバンク 岡崎六ッ美,岡崎市
https://www.softbank.jp/shop/search/detail/C337/,softbank-okazaki-yasaku,ソフトバンク 岡崎矢作,岡崎市
https://www.softbank.jp/shop/search/detail/C338/,softbank-odai,ソフトバンク 小田井,名古屋市西区
https://www.softbank.jp/shop/search/detail/C340/,softbank-kaguyama,ソフトバンク 香久山,日進市
https://www.softbank.jp/shop/search/detail/C341/,softbank-kasadera,ソフトバンク 笠寺,名古屋市南区
https://www.softbank.jp/shop/search/detail/C342/,softbank-kasugai,ソフトバンク 春日井,春日井市
https://www.softbank.jp/shop/search/detail/C345/,softbank-kasugai-shinryo,ソフトバンク 春日井神領,春日井市
https://www.softbank.jp/shop/search/detail/C346/,softbank-kasugai-shimin-byoin-mae,ソフトバンク 春日井市民病院前,春日井市
https://www.softbank.jp/shop/search/detail/C348/,softbank-aeon-taun-atsuta-sen-nen,ソフトバンク イオンタウン熱田千年,名古屋市熱田区
https://www.softbank.jp/shop/search/detail/C350/,softbank-kanie,ソフトバンク 蟹江,海部郡蟹江町
https://www.softbank.jp/shop/search/detail/C351/,softbank-kabano,ソフトバンク 蒲郡,蒲郡市
https://www.softbank.jp/shop/search/detail/C353/,softbank-kamiida,ソフトバンク 上飯田,名古屋市北区
https://www.softbank.jp/shop/search/detail/C356/,softbank-kariya-kuni-1,ソフトバンク 刈谷国１,刈谷市
https://www.softbank.jp/shop/search/detail/C360/,softbank-kyowa,ソフトバンク 共和,大府市
https://www.softbank.jp/shop/search/detail/C361/,softbank-yoshizuya-kiyosu,ソフトバンク ヨシヅヤ清洲,清須市
https://www.softbank.jp/shop/search/detail/C362/,softbank-mega-donkihote-uny-yoshi-ryo,ソフトバンク ＭＥＧＡドン・キホーテＵＮＹ吉良,西尾市
https://www.softbank.jp/shop/search/detail/C364/,softbank-kurokawa,ソフトバンク 黒川,名古屋市北区
https://www.softbank.jp/shop/search/detail/C365/,softbank-koseitori,ソフトバンク 康生通,名古屋市西区
https://www.softbank.jp/shop/search/detail/C366/,softbank-kozoji,ソフトバンク 高蔵寺,春日井市
https://www.softbank.jp/shop/search/detail/C369/,softbank-kodeki,ソフトバンク 古出来,名古屋市千種区
https://www.softbank.jp/shop/search/detail/C370/,softbank-omaki,ソフトバンク 小牧,小牧市
https://www.softbank.jp/shop/search/detail/C371/,softbank-omaki-gonaka,ソフトバンク 小牧郷中,小牧市
https://www.softbank.jp/shop/search/detail/C374/,softbank-sangane,ソフトバンク 三ヶ根,額田郡幸田町
https://www.softbank.jp/shop/search/detail/C375/,softbank-misato-nishi,ソフトバンク 三郷西,尾張旭市
https://www.softbank.jp/shop/search/detail/C376/,softbank-shikatsu,ソフトバンク 師勝,北名古屋市
https://www.softbank.jp/shop/search/detail/C377/,softbank-shiken-ya,ソフトバンク 四軒家,名古屋市守山区
https://www.softbank.jp/shop/search/detail/C378/,softbank-shippo,ソフトバンク 七宝,あま市
https://www.softbank.jp/shop/search/detail/C379/,softbank-shibata,ソフトバンク 柴田,名古屋市南区
https://www.softbank.jp/shop/search/detail/C380/,softbank-shimada-kyo,ソフトバンク 島田橋,名古屋市天白区
https://www.softbank.jp/shop/search/detail/C381/,softbank-jimokuji,ソフトバンク 甚目寺,あま市
https://www.softbank.jp/shop/search/detail/C386/,softbank-seto-chuo,ソフトバンク 瀬戸中央,瀬戸市
https://www.softbank.jp/shop/search/detail/C389/,softbank-seto-nishi,ソフトバンク 瀬戸西,瀬戸市
https://www.softbank.jp/shop/search/detail/C390/,softbank-taiheitori,ソフトバンク 太平通,名古屋市中川区
https://www.softbank.jp/shop/search/detail/C392/,softbank-takahata,ソフトバンク 高畑,名古屋市中川区
https://www.softbank.jp/shop/search/detail/C393/,softbank-takahama,ソフトバンク 高浜,高浜市
https://www.softbank.jp/shop/search/detail/C395/,softbank-takinomizu,ソフトバンク 滝ノ水,名古屋市緑区
https://www.softbank.jp/shop/search/detail/C396/,softbank-taketoyo,ソフトバンク 武豊,知多郡武豊町
https://www.softbank.jp/shop/search/detail/C397/,softbank-tahara,ソフトバンク 田原,田原市
https://www.softbank.jp/shop/search/detail/C399/,softbank-chita,ソフトバンク 知多,知多市
https://www.softbank.jp/shop/search/detail/C3A0/,softbank-chiryu,ソフトバンク 知立,知立市
https://www.softbank.jp/shop/search/detail/C3A2/,softbank-tsushima,ソフトバンク 津島,津島市
https://www.softbank.jp/shop/search/detail/C3A5/,softbank-tempaku,ソフトバンク 天白,名古屋市天白区
https://www.softbank.jp/shop/search/detail/C3A6/,softbank-fukishima,ソフトバンク 富木島,東海市
https://www.softbank.jp/shop/search/detail/C3A8/,softbank-tokai-minami-kagiya,ソフトバンク 東海南加木屋,東海市
https://www.softbank.jp/shop/search/detail/C3A9/,softbank-mega-donkihote-uny-momo-kadai,ソフトバンク ＭＥＧＡドン・キホーテＵＮＹ桃花台,小牧市
https://www.softbank.jp/shop/search/detail/C3B0/,softbank-togo,ソフトバンク 東郷,愛知郡東郷町
https://www.softbank.jp/shop/search/detail/C3B2/,softbank-poto-woku-minato,ソフトバンク ポートウォークみなと,名古屋市港区
https://www.softbank.jp/shop/search/detail/C3B4/,softbank-toyoake,ソフトバンク 豊明,豊明市
https://www.softbank.jp/shop/search/detail/C3B5/,softbank-toyoake-zengo,ソフトバンク 豊明前後,豊明市
https://www.softbank.jp/shop/search/detail/C3B6/,softbank-toyokawa,ソフトバンク 豊川,豊川市
https://www.softbank.jp/shop/search/detail/C3B8/,softbank-megu-ria-hon,ソフトバンク メグリア本店,豊田市
https://www.softbank.jp/shop/search/detail/C3B9/,softbank-toyoda-takahashi,ソフトバンク 豊田高橋,豊田市
https://www.softbank.jp/shop/search/detail/C3C0/,softbank-aeon-sutairu-toyoda,ソフトバンク イオンスタイル豊田,豊田市
https://www.softbank.jp/shop/search/detail/C3C6/,softbank-toyohashi-akebono,ソフトバンク 豊橋曙,豊橋市
https://www.softbank.jp/shop/search/detail/C3C7/,softbank-toyohashi-sato,ソフトバンク 豊橋佐藤,豊橋市
https://www.softbank.jp/shop/search/detail/C3C8/,softbank-toyohashi-nishi,ソフトバンク 豊橋西,豊橋市
https://www.softbank.jp/shop/search/detail/C3C9/,softbank-nakagawa-showabashitori,ソフトバンク 中川昭和橋通,名古屋市中川区
https://www.softbank.jp/shop/search/detail/C3D0/,softbank-nakagawa-yagumatori,ソフトバンク 中川八熊通,名古屋市中川区
https://www.softbank.jp/shop/search/detail/C3D1/,softbank-nagakute,ソフトバンク 長久手,長久手市
https://www.softbank.jp/shop/search/detail/C3D2/,softbank-nakamura-koen,ソフトバンク 中村公園,名古屋市中村区
https://www.softbank.jp/shop/search/detail/C3D5/,softbank-nan-yo,ソフトバンク 南陽,名古屋市港区
https://www.softbank.jp/shop/search/detail/C3D7/,softbank-nishio-yonetsu,ソフトバンク 西尾米津,西尾市
https://www.softbank.jp/shop/search/detail/C3D8/,softbank-nishiharu-tokushige,ソフトバンク 西春徳重,北名古屋市
https://www.softbank.jp/shop/search/detail/C3D9/,softbank-nishibiwashima,ソフトバンク 西枇杷島,清須市
https://www.softbank.jp/shop/search/detail/C3E0/,softbank-nisshin,ソフトバンク 日進,日進市
https://www.softbank.jp/shop/search/detail/C3E1/,softbank-nonami,ソフトバンク 野並,名古屋市緑区
https://www.softbank.jp/shop/search/detail/C3E2/,softbank-hara,ソフトバンク 原,名古屋市天白区
https://www.softbank.jp/shop/search/detail/C3E3/,softbank-handa,ソフトバンク 半田,半田市
https://www.softbank.jp/shop/search/detail/C3E4/,softbank-handa-kamezaki,ソフトバンク 半田亀崎,半田市
https://www.softbank.jp/shop/search/detail/C3E6/,softbank-higashiura,ソフトバンク 東浦,知多郡東浦町
https://www.softbank.jp/shop/search/detail/C3E8/,softbank-lalaport-aki,ソフトバンク ららぽーと安城,安城市
https://www.softbank.jp/shop/search/detail/C3F0/,softbank-ichinomiya-kaimei,ソフトバンク 一宮開明,一宮市
https://www.softbank.jp/shop/search/detail/C3F1/,softbank-bisai-nakajima,ソフトバンク 尾西中島,一宮市
https://www.softbank.jp/shop/search/detail/C3F3/,softbank-hirabari,ソフトバンク 平針,名古屋市天白区
https://www.softbank.jp/shop/search/detail/C3F4/,softbank-fukiage,ソフトバンク 吹上,名古屋市千種区
https://www.softbank.jp/shop/search/detail/C3F7/,softbank-fuso,ソフトバンク 扶桑,丹羽郡扶桑町
https://www.softbank.jp/shop/search/detail/C3F8/,softbank-hekinan,ソフトバンク 碧南,碧南市
https://www.softbank.jp/shop/search/detail/C3G0/,softbank-honjin,ソフトバンク 本陣,名古屋市中村区
https://www.softbank.jp/shop/search/detail/C3G3/,softbank-midori-tokushige,ソフトバンク 緑徳重,名古屋市緑区
https://www.softbank.jp/shop/search/detail/C3G5/,softbank-miyoshigaoka,ソフトバンク 三好ヶ丘,みよし市
https://www.softbank.jp/shop/search/detail/C3G8/,softbank-meito-bunkyodai,ソフトバンク 名東文教台,名古屋市名東区
https://www.softbank.jp/shop/search/detail/C3G9/,softbank-motoyama,ソフトバンク 本山,名古屋市千種区
https://www.softbank.jp/shop/search/detail/C3H0/,softbank-moriyama,ソフトバンク 守山,名古屋市守山区
https://www.softbank.jp/shop/search/detail/C3H1/,softbank-aeon-moriyama,ソフトバンク イオン守山,名古屋市守山区
https://www.softbank.jp/shop/search/detail/C3H2/,softbank-moriyama-koshin,ソフトバンク 守山幸心,名古屋市守山区
https://www.softbank.jp/shop/search/detail/C3H3/,softbank-moriyama-joka,ソフトバンク 守山城下,名古屋市守山区
https://www.softbank.jp/shop/search/detail/C3H7/,softbank-aeon-taun-okazaki-miai,ソフトバンク イオンタウン岡崎美合,岡崎市
https://www.softbank.jp/shop/search/detail/C3H9/,softbank-nisshin-takenoyama,ソフトバンク 日進竹の山,日進市
https://www.softbank.jp/shop/search/detail/C3I0/,softbank-toyokawa-minami,ソフトバンク 豊川南,豊川市
https://www.softbank.jp/shop/search/detail/C3I1/,softbank-sakurayama,ソフトバンク 桜山,名古屋市瑞穂区
https://www.softbank.jp/shop/search/detail/C3I3/,softbank-aeon-yagoto,ソフトバンク イオン八事,名古屋市昭和区
https://www.softbank.jp/shop/search/detail/C3I4/,softbank-osu-shoten-gai,ソフトバンク 大須商店街,名古屋市中区
https://www.softbank.jp/shop/search/detail/C3I7/,softbank-toyohashi-higashida,ソフトバンク 豊橋東田,豊橋市
https://www.softbank.jp/shop/search/detail/C3I9/,softbank-kozoji-nyutaun,ソフトバンク 高蔵寺ニュータウン,春日井市
https://www.softbank.jp/shop/search/detail/C3J0/,softbank-ichinomiya-fuji,ソフトバンク 一宮富士,一宮市
https://www.softbank.jp/shop/search/detail/C3J2/,softbank-miwa,ソフトバンク 美和,あま市
https://www.softbank.jp/shop/search/detail/C3J3/,softbank-nishio-tokuji,ソフトバンク 西尾徳次,西尾市
https://www.softbank.jp/shop/search/detail/C3J4/,softbank-edion-toyoda-hon,ソフトバンク エディオン豊田本店,豊田市
https://www.softbank.jp/shop/search/detail/C3J6/,softbank-toyoda-umetsubo,ソフトバンク 豊田梅坪,豊田市
https://www.softbank.jp/shop/search/detail/C3J7/,softbank-aeon-taun-meisei,ソフトバンク イオンタウン名西,名古屋市西区
https://www.softbank.jp/shop/search/detail/C3J9/,softbank-apita-kariya,ソフトバンク アピタ刈谷,刈谷市
https://www.softbank.jp/shop/search/detail/C3K1/,softbank-edion-okazaki-hon,ソフトバンク エディオン岡崎本店,岡崎市
https://www.softbank.jp/shop/search/detail/C3K2/,softbank-aeon-taun-yatomi,ソフトバンク イオンタウン弥富,弥富市
https://www.softbank.jp/shop/search/detail/C3K3/,softbank-toyohashi-dai-shimizu,ソフトバンク 豊橋大清水,豊橋市
https://www.softbank.jp/shop/search/detail/C3K4/,softbank-aki-takatana,ソフトバンク 安城高棚,安城市
https://www.softbank.jp/shop/search/detail/C3K5/,softbank-ai-saichi-sata,ソフトバンク 愛西佐屋,愛西市
https://www.softbank.jp/shop/search/detail/C3K6/,softbank-inazawa-heiwa,ソフトバンク 稲沢平和,稲沢市
https://www.softbank.jp/shop/search/detail/C3K7/,softbank-omaki-tagata,ソフトバンク 小牧田県,小牧市
https://www.softbank.jp/shop/search/detail/C3K9/,softbank-owariasahi-shirushi-jo,ソフトバンク 尾張旭印場,尾張旭市
https://www.softbank.jp/shop/search/detail/C3L0/,softbank-toyohashi-minami,ソフトバンク 豊橋南,豊橋市
https://www.softbank.jp/shop/search/detail/C3L1/,softbank-toyoyama,ソフトバンク 豊山,西春日井郡豊山町
https://www.softbank.jp/shop/search/detail/C3L2/,softbank-toyohashi-fujisawa,ソフトバンク 豊橋藤沢,豊橋市
https://www.softbank.jp/shop/search/detail/C3L5/,softbank-aeon-mall-toyokawa,ソフトバンク イオンモール豊川,豊川市
https://www.softbank.jp/shop/search/detail/C3L6/,softbank-yatomi-jushiyama,ソフトバンク 弥富十四山,弥富市
https://www.softbank.jp/shop/search/detail/C3L7/,softbank-tokoname-chuo,ソフトバンク 常滑中央,常滑市
https://www.softbank.jp/shop/search/detail/C3L8/,softbank-nishio-kunimori,ソフトバンク 西尾国森,西尾市
https://www.softbank.jp/shop/search/detail/C3L9/,softbank-kameria-gaden-koda,ソフトバンク カメリアガーデン幸田,額田郡幸田町
https://www.softbank.jp/shop/search/detail/C3M1/,softbank-okazaki-kamiwada,ソフトバンク 岡崎上和田,岡崎市
https://www.softbank.jp/shop/search/detail/C3M2/,softbank-yorokka-kasugai,ソフトバンク ヨロッカ春日井,春日井市
https://www.softbank.jp/shop/search/detail/C3M5/,softbank-shado,ソフトバンク 車道,名古屋市東区
https://www.softbank.jp/shop/search/detail/C3M6/,softbank-toyohashi-iwata,ソフトバンク 豊橋岩田,豊橋市
https://www.softbank.jp/shop/search/detail/C3M7/,softbank-ai-kyo-omae,ソフトバンク 愛教大前,刈谷市
https://www.softbank.jp/shop/search/detail/C3M8/,softbank-konan-danchi-mae,ソフトバンク 江南団地前,江南市
https://www.softbank.jp/shop/search/detail/C3N2/,softbank-kainzu-tokoname,ソフトバンク カインズ常滑,常滑市
https://www.softbank.jp/shop/search/detail/C3O4/,softbank-kainzu-nagoya-horita,ソフトバンク カインズ名古屋堀田,名古屋市瑞穂区
https://www.softbank.jp/shop/search/detail/C3O6/,softbank-edion-nagoya-hon,ソフトバンク エディオン名古屋本店,名古屋市中村区
https://www.softbank.jp/shop/search/detail/C3O7/,softbank-okazaki-wingutaun,ソフトバンク 岡崎ウィングタウン,岡崎市
https://www.softbank.jp/shop/search/detail/C3O8/,softbank-shin-aki,ソフトバンク 新安城,安城市
https://www.softbank.jp/shop/search/detail/C3O9/,softbank-risora-obu,ソフトバンク リソラ大府,大府市
https://www.softbank.jp/shop/search/detail/C3P2/,softbank-kasugai-takayama,ソフトバンク 春日井高山,春日井市
https://www.softbank.jp/shop/search/detail/C3P5/,softbank-iwatsukahontori,ソフトバンク 岩塚本通,名古屋市中村区
https://www.softbank.jp/shop/search/detail/C3P8/,softbank-toyokawa-yahata,ソフトバンク 豊川八幡,豊川市
https://www.softbank.jp/shop/search/detail/C3P9/,softbank-eapoto-woku-nagoya,ソフトバンク エアポートウォーク名古屋,西春日井郡豊山町
https://www.softbank.jp/shop/search/detail/C3Q0/,softbank-toyohashi-shin-ei,ソフトバンク 豊橋新栄,豊橋市
https://www.softbank.jp/shop/search/detail/C3Q3/,softbank-mozo-wandashiti-kamiotai,ソフトバンク ｍｏｚｏワンダーシティ上小田井,名古屋市西区
https://www.softbank.jp/shop/search/detail/C3Q4/,softbank-apita-tokai-arao,ソフトバンク アピタ東海荒尾,東海市
https://www.softbank.jp/shop/search/detail/C3Q6/,softbank-edion-aki,ソフトバンク エディオン安城,安城市
https://www.softbank.jp/shop/search/detail/C3Q7/,softbank-aeon-mall-kisogawa,ソフトバンク イオンモール木曽川,一宮市
https://www.softbank.jp/shop/search/detail/C3R2/,softbank-aeon-mall-shin-mizu-kyo,ソフトバンク イオンモール新瑞橋,名古屋市南区
https://www.softbank.jp/shop/search/detail/C3R4/,softbank-aeon-mall-fuso,ソフトバンク イオンモール扶桑,丹羽郡扶桑町
https://www.softbank.jp/shop/search/detail/C3R8/,softbank-rifu-woku-inazawa,ソフトバンク リーフウォーク稲沢,稲沢市
https://www.softbank.jp/shop/search/detail/C3R9/,softbank-gyararieapita-chiryu,ソフトバンク ギャラリエアピタ知立,知立市
https://www.softbank.jp/shop/search/detail/C3S0/,softbank-toyoda-wakabayashi,ソフトバンク 豊田若林,豊田市
https://www.softbank.jp/shop/search/detail/C3S1/,softbank-inuyama-kyasuta,ソフトバンク 犬山キャスタ,犬山市
https://www.softbank.jp/shop/search/detail/C3S2/,softbank-aeon-mall-atsuta,ソフトバンク イオンモール熱田,名古屋市熱田区
https://www.softbank.jp/shop/search/detail/C3S3/,softbank-aeon-mall-higashiura,ソフトバンク イオンモール東浦,知多郡東浦町
https://www.softbank.jp/shop/search/detail/C403/,softbank-aeon-taun-kagamihara,ソフトバンク イオンタウン各務原,各務原市
https://www.softbank.jp/shop/search/detail/C406/,softbank-tajimi,ソフトバンク 多治見,多治見市
https://www.softbank.jp/shop/search/detail/C407/,softbank-kani,ソフトバンク 可児,可児市
https://www.softbank.jp/shop/search/detail/C408/,softbank-mizunami,ソフトバンク 瑞浪,瑞浪市
https://www.softbank.jp/shop/search/detail/C412/,softbank-gifu-shima,ソフトバンク 岐阜島,岐阜市
https://www.softbank.jp/shop/search/detail/C413/,softbank-aeon-taun-gifu-kitakata,ソフトバンク イオンタウン岐阜北方,本巣郡北方町
https://www.softbank.jp/shop/search/detail/C414/,softbank-takayama,ソフトバンク 高山,高山市
https://www.softbank.jp/shop/search/detail/C417/,softbank-minokamo,ソフトバンク 美濃加茂,美濃加茂市
https://www.softbank.jp/shop/search/detail/C418/,softbank-tarui,ソフトバンク 垂井,不破郡垂井町
https://www.softbank.jp/shop/search/detail/C420/,softbank-nakatsugawa,ソフトバンク 中津川,中津川市
https://www.softbank.jp/shop/search/detail/C421/,softbank-gero,ソフトバンク 下呂,下呂市
https://www.softbank.jp/shop/search/detail/C422/,softbank-masa-21,ソフトバンク マーサ２１,岐阜市
https://www.softbank.jp/shop/search/detail/C423/,softbank-aeon-taun-kagamihara-unuma,ソフトバンク イオンタウン各務原鵜沼,各務原市
https://www.softbank.jp/shop/search/detail/C424/,softbank-okuwa-mino-inter,ソフトバンク オークワ美濃インター,美濃市
https://www.softbank.jp/shop/search/detail/C425/,softbank-tajimi-minami,ソフトバンク 多治見南,多治見市
https://www.softbank.jp/shop/search/detail/C426/,softbank-ogaki-inter-minami,ソフトバンク 大垣インター南,大垣市
https://www.softbank.jp/shop/search/detail/C427/,softbank-nishikagashima,ソフトバンク 西鏡島,岐阜市
https://www.softbank.jp/shop/search/detail/C428/,softbank-takatomi,ソフトバンク 高富,山県市
https://www.softbank.jp/shop/search/detail/C429/,softbank-toki,ソフトバンク 土岐,土岐市
https://www.softbank.jp/shop/search/detail/C430/,softbank-ogaki-nishi,ソフトバンク 大垣西,大垣市
https://www.softbank.jp/shop/search/detail/C432/,softbank-ginan,ソフトバンク 岐南,羽島郡岐南町
https://www.softbank.jp/shop/search/detail/C433/,softbank-kuzegawa,ソフトバンク 久瀬川,大垣市
https://www.softbank.jp/shop/search/detail/C434/,softbank-aeon-taun-motosu,ソフトバンク イオンタウン本巣,本巣市
https://www.softbank.jp/shop/search/detail/C435/,softbank-kaizu,ソフトバンク 海津,海津市
https://www.softbank.jp/shop/search/detail/C438/,softbank-aku-rosu-puraza-seki,ソフトバンク アクロスプラザ関,関市
https://www.softbank.jp/shop/search/detail/C439/,softbank-kani-nakaedo,ソフトバンク 可児中恵土,可児市
https://www.softbank.jp/shop/search/detail/C441/,softbank-baro-nagara,ソフトバンク バロー長良,岐阜市
https://www.softbank.jp/shop/search/detail/C442/,softbank-aeon-mall-toki,ソフトバンク イオンモール土岐,土岐市
https://www.softbank.jp/shop/search/detail/C445/,softbank-gifu-okiddopaku,ソフトバンク 岐阜オーキッドパーク,岐阜市
https://www.softbank.jp/shop/search/detail/C446/,softbank-mega-donkihote-uny-minokamo,ソフトバンク ＭＥＧＡドン・キホーテＵＮＹ美濃加茂,美濃加茂市
https://www.softbank.jp/shop/search/detail/C447/,softbank-gifu-akanabe,ソフトバンク 岐阜茜部,岐阜市
https://www.softbank.jp/shop/search/detail/C448/,softbank-korikami-yahata,ソフトバンク 郡上八幡,郡上市
https://www.softbank.jp/shop/search/detail/C452/,softbank-morera-gifu,ソフトバンク モレラ岐阜,本巣市
https://www.softbank.jp/shop/search/detail/C453/,softbank-apita-kagamihara,ソフトバンク アピタ各務原,各務原市
https://www.softbank.jp/shop/search/detail/C454/,softbank-ibi-ono,ソフトバンク 揖斐大野,揖斐郡大野町
https://www.softbank.jp/shop/search/detail/C457/,softbank-okuwa-tajimi,ソフトバンク オークワ多治見,多治見市
https://www.softbank.jp/shop/search/detail/C458/,softbank-baro-hashima-inter,ソフトバンク バロー羽島インター,羽島市
https://www.softbank.jp/shop/search/detail/C459/,softbank-kagamihara-inter,ソフトバンク 各務原インター,各務原市
https://www.softbank.jp/shop/search/detail/C460/,softbank-edion-ena,ソフトバンク エディオン恵那,恵那市
https://www.softbank.jp/shop/search/detail/C461/,softbank-mizuho,ソフトバンク 瑞穂,瑞穂市
https://www.softbank.jp/shop/search/detail/C462/,softbank-gifu-hashima,ソフトバンク 岐阜羽島,羽島市
https://www.softbank.jp/shop/search/detail/C465/,softbank-karafuru-taun-gifu,ソフトバンク カラフルタウン岐阜,岐阜市
https://www.softbank.jp/shop/search/detail/C469/,softbank-edion-kani-imawatari,ソフトバンク エディオン可児今渡,可児市
https://www.softbank.jp/shop/search/detail/C470/,softbank-aeon-taun-ogaki,ソフトバンク イオンタウン大垣,大垣市
https://www.softbank.jp/shop/search/detail/C472/,softbank-rasupa-mitake,ソフトバンク ラスパ御嵩,可児郡御嵩町
https://www.softbank.jp/shop/search/detail/C475/,softbank-gifu-akutami,ソフトバンク 岐阜芥見,岐阜市
https://www.softbank.jp/shop/search/detail/C476/,softbank-seki-mago,ソフトバンク 関マーゴ,関市
https://www.softbank.jp/shop/search/detail/C478/,softbank-aeon-mall-ogaki,ソフトバンク イオンモール大垣,大垣市
https://www.softbank.jp/shop/search/detail/C479/,softbank-aeon-mall-kagamihara,ソフトバンク イオンモール各務原,各務原市
https://www.softbank.jp/shop/search/detail/C502/,softbank-suzuka,ソフトバンク 鈴鹿,鈴鹿市
https://www.softbank.jp/shop/search/detail/C503/,softbank-aeon-taun-ise-rarapaku,ソフトバンク イオンタウン伊勢ララパーク,伊勢市
https://www.softbank.jp/shop/search/detail/C504/,softbank-tonarie-yokkaichi-shi,ソフトバンク トナリエ四日市,四日市
https://www.softbank.jp/shop/search/detail/C505/,softbank-kuwana,ソフトバンク 桑名,桑名市
https://www.softbank.jp/shop/search/detail/C507/,softbank-hinaga,ソフトバンク 日永,四日市
https://www.softbank.jp/shop/search/detail/C509/,softbank-kawage,ソフトバンク 河芸,津市
https://www.softbank.jp/shop/search/detail/C510/,softbank-iga-ueno,ソフトバンク 伊賀上野,伊賀市
https://www.softbank.jp/shop/search/detail/C511/,softbank-aeon-mall-kuwana,ソフトバンク イオンモール桑名,桑名市
https://www.softbank.jp/shop/search/detail/C513/,softbank-hisai,ソフトバンク 久居,津市
https://www.softbank.jp/shop/search/detail/C514/,softbank-ugata,ソフトバンク 鵜方,志摩市
https://www.softbank.jp/shop/search/detail/C515/,softbank-owase,ソフトバンク 尾鷲,尾鷲市
https://www.softbank.jp/shop/search/detail/C517/,softbank-adobansu-moru-matsusaka,ソフトバンク アドバンスモール松阪,松阪市
https://www.softbank.jp/shop/search/detail/C518/,softbank-aeon-taun-komono,ソフトバンク イオンタウン菰野,三重郡菰野町
https://www.softbank.jp/shop/search/detail/C519/,softbank-yokkaichi-shi-ikuwa,ソフトバンク 四日市生桑,四日市
https://www.softbank.jp/shop/search/detail/C521/,softbank-tsu-eki-nishi,ソフトバンク 津駅西,津市
https://www.softbank.jp/shop/search/detail/C522/,softbank-so-yora-suzuka-shirako,ソフトバンク そよら鈴鹿白子,鈴鹿市
https://www.softbank.jp/shop/search/detail/C523/,softbank-kameyama,ソフトバンク 亀山,亀山市
https://www.softbank.jp/shop/search/detail/C524/,softbank-ise-misono,ソフトバンク 伊勢御薗,伊勢市
https://www.softbank.jp/shop/search/detail/C527/,softbank-i-nabe,ソフトバンク いなべ,いなべ市
https://www.softbank.jp/shop/search/detail/C528/,softbank-makkusubaryu-suzuka-chuo,ソフトバンク マックスバリュ鈴鹿中央,鈴鹿市
https://www.softbank.jp/shop/search/detail/C529/,softbank-kuwana-chuo,ソフトバンク 桑名中央,桑名市
https://www.softbank.jp/shop/search/detail/C532/,softbank-yokkaichi-shi-kita,ソフトバンク 四日市北,四日市
https://www.softbank.jp/shop/search/detail/C533/,softbank-ise-watarai-kyo,ソフトバンク 伊勢度会橋,伊勢市
https://www.softbank.jp/shop/search/detail/C535/,softbank-aeon-mall-suzuka,ソフトバンク イオンモール鈴鹿,鈴鹿市
https://www.softbank.jp/shop/search/detail/C536/,softbank-aeon-taun-kuwana-shinnishikata,ソフトバンク イオンタウン桑名新西方,桑名市
https://www.softbank.jp/shop/search/detail/C537/,softbank-tsu-kita,ソフトバンク 津北,津市
https://www.softbank.jp/shop/search/detail/C538/,softbank-suzuka-sakitto-dori,ソフトバンク 鈴鹿サーキット通り,鈴鹿市
https://www.softbank.jp/shop/search/detail/C539/,softbank-edion-aeon-mall-suzuka,ソフトバンク エディオンイオンモール鈴鹿,鈴鹿市
https://www.softbank.jp/shop/search/detail/C540/,softbank-kuwana-sanshipaku,ソフトバンク 桑名サンシパーク,桑名市
https://www.softbank.jp/shop/search/detail/C546/,softbank-yokkaichi-shi-hazu,ソフトバンク 四日市羽津,四日市
https://www.softbank.jp/shop/search/detail/C548/,softbank-nabari-chuo,ソフトバンク 名張中央,名張市
https://www.softbank.jp/shop/search/detail/C552/,softbank-yokkaichi-ichikawa-to,ソフトバンク 四日市川島,四日市
https://www.softbank.jp/shop/search/detail/C553/,softbank-aeon-taun-suzuka-tamagaki,ソフトバンク イオンタウン鈴鹿玉垣,鈴鹿市
https://www.softbank.jp/shop/search/detail/C554/,softbank-taki-kurisutaru-taun,ソフトバンク 多気クリスタルタウン,多気郡多気町
https://www.softbank.jp/shop/search/detail/C558/,softbank-aeon-taun-tsu-shiroyama,ソフトバンク イオンタウン津城山,津市
https://www.softbank.jp/shop/search/detail/C600/,softbank-shizuoka,ソフトバンク 静岡,静岡市葵区
https://www.softbank.jp/shop/search/detail/C601/,softbank-numazu,ソフトバンク 沼津,沼津市
https://www.softbank.jp/shop/search/detail/C602/,softbank-shizuoka-minami,ソフトバンク 静岡南,静岡市駿河区
https://www.softbank.jp/shop/search/detail/C603/,softbank-hamamatsu-minami,ソフトバンク 浜松南,浜松市中央区
https://www.softbank.jp/shop/search/detail/C605/,softbank-aoki-shizuoka-chiyoda,ソフトバンク ＡＯＫＩ静岡千代田,静岡市葵区
https://www.softbank.jp/shop/search/detail/C607/,softbank-kakegawa,ソフトバンク 掛川,掛川市
https://www.softbank.jp/shop/search/detail/C609/,softbank-shimizu,ソフトバンク 清水,静岡市清水区
https://www.softbank.jp/shop/search/detail/C610/,softbank-terebishizuoka-mae,ソフトバンク テレビ静岡前,静岡市駿河区
https://www.softbank.jp/shop/search/detail/C611/,softbank-fujieda,ソフトバンク 藤枝,藤枝市
https://www.softbank.jp/shop/search/detail/C613/,softbank-hamamatsu-irino,ソフトバンク 浜松入野,浜松市中央区
https://www.softbank.jp/shop/search/detail/C616/,softbank-shizuoka-shitakawara,ソフトバンク 静岡下川原,静岡市駿河区
https://www.softbank.jp/shop/search/detail/C617/,softbank-shizuoka-hondori,ソフトバンク 静岡本通,静岡市葵区
https://www.softbank.jp/shop/search/detail/C618/,softbank-hamamatsu-higashi,ソフトバンク 浜松東,浜松市中央区
https://www.softbank.jp/shop/search/detail/C620/,softbank-yaizu,ソフトバンク 焼津,焼津市
https://www.softbank.jp/shop/search/detail/C621/,softbank-fukuroi,ソフトバンク 袋井,袋井市
https://www.softbank.jp/shop/search/detail/C623/,softbank-kosei,ソフトバンク 湖西,湖西市
https://www.softbank.jp/shop/search/detail/C624/,softbank-numazu-ko-nuki,ソフトバンク 沼津香貫,沼津市
https://www.softbank.jp/shop/search/detail/C625/,softbank-haibara,ソフトバンク 榛原,榛原郡吉田町
https://www.softbank.jp/shop/search/detail/C626/,softbank-kannami,ソフトバンク 函南,田方郡函南町
https://www.softbank.jp/shop/search/detail/C629/,softbank-shimada,ソフトバンク 島田,島田市
https://www.softbank.jp/shop/search/detail/C630/,softbank-gotemba,ソフトバンク 御殿場,御殿場市
https://www.softbank.jp/shop/search/detail/C632/,softbank-shimizu-tsuji,ソフトバンク 清水辻,静岡市清水区
https://www.softbank.jp/shop/search/detail/C633/,softbank-susono-minami,ソフトバンク 裾野南,裾野市
https://www.softbank.jp/shop/search/detail/C635/,softbank-iwata-toyoda,ソフトバンク 磐田豊田,磐田市
https://www.softbank.jp/shop/search/detail/C636/,softbank-shimoda,ソフトバンク 下田,下田市
https://www.softbank.jp/shop/search/detail/C638/,softbank-hamaoka,ソフトバンク 浜岡,御前崎市
https://www.softbank.jp/shop/search/detail/C640/,softbank-fujieda-kita,ソフトバンク 藤枝北,藤枝市
https://www.softbank.jp/shop/search/detail/C643/,softbank-hamamatsu-mikatahara,ソフトバンク 浜松三方原,浜松市中央区
https://www.softbank.jp/shop/search/detail/C644/,softbank-bei-dorimu-shimizu,ソフトバンク ベイドリーム清水,静岡市清水区
https://www.softbank.jp/shop/search/detail/C646/,softbank-yaizu-ishizu,ソフトバンク 焼津石津,焼津市
https://www.softbank.jp/shop/search/detail/C647/,softbank-aeon-mall-hamamatsu-shitoro,ソフトバンク イオンモール浜松志都呂,浜松市中央区
https://www.softbank.jp/shop/search/detail/C648/,softbank-numazu-hara,ソフトバンク 沼津原,沼津市
https://www.softbank.jp/shop/search/detail/C651/,softbank-kikukawa,ソフトバンク 菊川,菊川市
https://www.softbank.jp/shop/search/detail/C652/,softbank-fuji-shiyakushomae,ソフトバンク 富士市役所前,富士市
https://www.softbank.jp/shop/search/detail/C653/,softbank-shizuoka-sena,ソフトバンク 静岡瀬名,静岡市葵区
https://www.softbank.jp/shop/search/detail/C655/,softbank-shimizu-machi,ソフトバンク 清水町,駿東郡清水町
https://www.softbank.jp/shop/search/detail/C656/,softbank-fuji-ekiminami,ソフトバンク 富士駅南,富士市
https://www.softbank.jp/shop/search/detail/C659/,softbank-ito-kawana,ソフトバンク 伊東川奈,伊東市
https://www.softbank.jp/shop/search/detail/C660/,softbank-hamamatsu-tomizuka,ソフトバンク 浜松富塚,浜松市中央区
https://www.softbank.jp/shop/search/detail/C662/,softbank-fujinomiya-hibarigaoka,ソフトバンク 富士宮ひばりが丘,富士宮市
https://www.softbank.jp/shop/search/detail/C665/,softbank-iwata-kamiokada,ソフトバンク 磐田上岡田,磐田市
https://www.softbank.jp/shop/search/detail/C666/,softbank-shobu,ソフトバンク 昭府,静岡市葵区
https://www.softbank.jp/shop/search/detail/C667/,softbank-oi-gawa,ソフトバンク 大井川,焼津市
https://www.softbank.jp/shop/search/detail/C669/,softbank-edionkurosugaden-fuji-chuo,ソフトバンク エディオンクロスガーデン富士中央,富士市
https://www.softbank.jp/shop/search/detail/C670/,softbank-shimizu-omagari,ソフトバンク 清水大曲,静岡市清水区
https://www.softbank.jp/shop/search/detail/C671/,softbank-fujieda-higashi,ソフトバンク 藤枝東,藤枝市
https://www.softbank.jp/shop/search/detail/C672/,softbank-hamamatsu-tsumori,ソフトバンク 浜松都盛,浜松市中央区
https://www.softbank.jp/shop/search/detail/C673/,softbank-gotemba-chuo,ソフトバンク 御殿場中央,御殿場市
https://www.softbank.jp/shop/search/detail/C674/,softbank-ohito,ソフトバンク 大仁,伊豆の国市
https://www.softbank.jp/shop/search/detail/C676/,softbank-sansutorito-hamakita,ソフトバンク サンストリート浜北,浜松市浜名区
https://www.softbank.jp/shop/search/detail/C677/,softbank-apita-shimada,ソフトバンク アピタ島田,島田市
https://www.softbank.jp/shop/search/detail/C680/,softbank-kakegawa-oike,ソフトバンク 掛川大池,掛川市
https://www.softbank.jp/shop/search/detail/C681/,softbank-aeon-taun-iwata,ソフトバンク イオンタウン磐田,磐田市
https://www.softbank.jp/shop/search/detail/C683/,softbank-fuji-atsuhara,ソフトバンク 富士厚原,富士市
https://www.softbank.jp/shop/search/detail/C684/,softbank-hamamatsu-kasai,ソフトバンク 浜松笠井,浜松市中央区
https://www.softbank.jp/shop/search/detail/C686/,softbank-hamamatsu-chuo,ソフトバンク 浜松中央,浜松市中央区
https://www.softbank.jp/shop/search/detail/C687/,softbank-edionsantomun-kakita-gawa,ソフトバンク エディオンサントムーン柿田川,駿東郡清水町
https://www.softbank.jp/shop/search/detail/C689/,softbank-aeon-mall-hamamatsu-ichino,ソフトバンク イオンモール浜松市野,浜松市中央区
https://www.softbank.jp/shop/search/detail/C691/,softbank-aeon-mall-fujinomiya,ソフトバンク イオンモール富士宮,富士宮市
https://www.softbank.jp/shop/search/detail/C692/,softbank-pure-ha-woku-hamakita,ソフトバンク プレ葉ウォーク浜北,浜松市浜名区
https://www.softbank.jp/shop/search/detail/CA02/,softbank-aeon-mall-toin,ソフトバンク イオンモール東員,員弁郡東員町
https://www.softbank.jp/shop/search/detail/CA04/,softbank-aeon-mall-nagoya-chaya,ソフトバンク イオンモール名古屋茶屋,名古屋市港区
https://www.softbank.jp/shop/search/detail/CA07/,softbank-toyoda-josui-ekimae,ソフトバンク 豊田浄水駅前,豊田市
https://www.softbank.jp/shop/search/detail/CA09/,softbank-kasugai-shinoki,ソフトバンク 春日井篠木,春日井市
https://www.softbank.jp/shop/search/detail/CA23/,softbank-shinjo-kei-sa-tsu-mae,ソフトバンク 新城けいさつ前,新城市
https://www.softbank.jp/shop/search/detail/CA24/,softbank-chita-chubu,ソフトバンク 知多中部,知多市
https://www.softbank.jp/shop/search/detail/CA25/,softbank-matsusaka-chuo,ソフトバンク 松阪中央,松阪市
https://www.softbank.jp/shop/search/detail/CA27/,softbank-aeon-mall-tokoname,ソフトバンク イオンモール常滑,常滑市
https://www.softbank.jp/shop/search/detail/CA28/,softbank-otaka-inter,ソフトバンク 大高インター,名古屋市緑区
https://www.softbank.jp/shop/search/detail/CA30/,softbank-asunaru-kanayama,ソフトバンク アスナル金山,名古屋市中区
https://www.softbank.jp/shop/search/detail/CA31/,softbank-aeon-mall-nagakute,ソフトバンク イオンモール長久手,長久手市
https://www.softbank.jp/shop/search/detail/CA34/,softbank-aeon-taun-chikusa,ソフトバンク イオンタウン千種,名古屋市千種区
https://www.softbank.jp/shop/search/detail/CA35/,softbank-hamamatsu-itaya-machi,ソフトバンク 浜松板屋町,浜松市中央区
https://www.softbank.jp/shop/search/detail/CA36/,softbank-puraimu-tsuri-akaike,ソフトバンク プライムツリー赤池,日進市
https://www.softbank.jp/shop/search/detail/CA37/,softbank-aeon-mall-nagoya-domu-mae,ソフトバンク イオンモールナゴヤドーム前,名古屋市東区
https://www.softbank.jp/shop/search/detail/CA39/,softbank-lalaport-nagoya-minato-akurusu,ソフトバンク ららぽーと名古屋みなとアクルス,名古屋市港区
https://www.softbank.jp/shop/search/detail/CA40/,softbank-aeon-mall-tsunan,ソフトバンク イオンモール津南,津市
https://www.softbank.jp/shop/search/detail/CA42/,softbank-kariya,ソフトバンク 刈谷,刈谷市
https://www.softbank.jp/shop/search/detail/CA44/,softbank-aeon-mall-meiwa,ソフトバンク イオンモール明和,多気郡明和町
https://www.softbank.jp/shop/search/detail/CA45/,softbank-lalaport-numazu,ソフトバンク ららぽーと沼津,沼津市
https://www.softbank.jp/shop/search/detail/CA47/,softbank-aeon-taun-yokkaichi-shi-haku,ソフトバンク イオンタウン四日市泊,四日市
https://www.softbank.jp/shop/search/detail/CA48/,softbank-aeon-taun-geino,ソフトバンク イオンタウン芸濃,津市
https://www.softbank.jp/shop/search/detail/CA49/,softbank-ai-moru-miyoshi,ソフトバンク アイ・モール三好,みよし市
https://www.softbank.jp/shop/search/detail/CA50/,softbank-akuawoku-ogaki,ソフトバンク アクアウォーク大垣,大垣市
https://www.softbank.jp/shop/search/detail/CA51/,softbank-lalaport-aichi-togo,ソフトバンク ららぽーと愛知東郷,愛知郡東郷町
https://www.softbank.jp/shop/search/detail/CA52/,softbank-apita-kisogawa,ソフトバンク アピタ木曽川,一宮市
https://www.softbank.jp/shop/search/detail/CA53/,softbank-aeon-mall-nagoya-noritake-garden,ソフトバンク イオンモールＮａｇｏｙａ　Ｎｏｒｉｔａｋｅ　Ｇａｒｄｅｎ,名古屋市西区
https://www.softbank.jp/shop/search/detail/CA55/,softbank-nagoya-sanrodo,ソフトバンク 名古屋サンロード,名古屋市中村区
https://www.softbank.jp/shop/search/detail/CA56/,softbank-matsusaka-ureshino,ソフトバンク 松阪嬉野,松阪市
https://www.softbank.jp/shop/search/detail/CA57/,softbank-mega-donkihote-uny-konan,ソフトバンク ＭＥＧＡドン・キホーテＵＮＹ江南,江南市
https://www.softbank.jp/shop/search/detail/CA58/,softbank-lalaport-iwata,ソフトバンク ららぽーと磐田,磐田市
https://www.softbank.jp/shop/search/detail/CA59/,softbank-shop-sateraito-aeon-taun-yokkaichi-shi-haku,ソフトバンク ショップサテライトイオンタウン四日市泊,四日市
https://www.softbank.jp/shop/search/detail/CA60/,softbank-shop-sateraito-aeon-mall-yokkaichi-shi-kita,ソフトバンク ショップサテライトイオンモール四日市北,四日市
https://www.softbank.jp/shop/search/detail/CA61/,softbank-shop-sateraito-nishio-tokuji,ソフトバンク ショップサテライト西尾徳次,西尾市
https://www.softbank.jp/shop/search/detail/D301/,softbank-nopporo,ソフトバンク 野幌,江別市
https://www.softbank.jp/shop/search/detail/D310/,softbank-sapporo-nishino,ソフトバンク 札幌西野,札幌市西区
https://www.softbank.jp/shop/search/detail/D312/,softbank-sapporo-fujino,ソフトバンク 札幌藤野,札幌市南区
https://www.softbank.jp/shop/search/detail/D314/,softbank-kitami-ekimae,ソフトバンク 北見駅前,北見市
https://www.softbank.jp/shop/search/detail/D315/,softbank-toko-kanjo-sen,ソフトバンク 東光環状線,旭川市
https://www.softbank.jp/shop/search/detail/D316/,softbank-misono,ソフトバンク 美園,札幌市豊平区
https://www.softbank.jp/shop/search/detail/D320/,softbank-nishioka,ソフトバンク 西岡,札幌市豊平区
https://www.softbank.jp/shop/search/detail/D321/,softbank-kitahiroshima,ソフトバンク 北広島,北広島市
https://www.softbank.jp/shop/search/detail/D322/,softbank-ainosato,ソフトバンク あいの里,札幌市北区
https://www.softbank.jp/shop/search/detail/D323/,softbank-tomakomai-sakuragi,ソフトバンク 苫小牧桜木,苫小牧市
https://www.softbank.jp/shop/search/detail/D324/,softbank-muroran,ソフトバンク 室蘭,室蘭市
https://www.softbank.jp/shop/search/detail/D325/,softbank-noboribetsu,ソフトバンク 登別,登別市
https://www.softbank.jp/shop/search/detail/D327/,softbank-tomakomai-chuo,ソフトバンク 苫小牧中央,苫小牧市
https://www.softbank.jp/shop/search/detail/D328/,softbank-suehiro,ソフトバンク 末広,旭川市
https://www.softbank.jp/shop/search/detail/D329/,softbank-wakkanai,ソフトバンク 稚内,稚内市
https://www.softbank.jp/shop/search/detail/D332/,softbank-fukawa,ソフトバンク 深川,深川市
https://www.softbank.jp/shop/search/detail/D333/,softbank-rumoi,ソフトバンク 留萌,留萌市
https://www.softbank.jp/shop/search/detail/D336/,softbank-hakodate-mihara,ソフトバンク 函館美原,函館市
https://www.softbank.jp/shop/search/detail/D339/,softbank-nemuro,ソフトバンク 根室,根室市
https://www.softbank.jp/shop/search/detail/D341/,softbank-kushiro-showa,ソフトバンク 釧路昭和,釧路市
https://www.softbank.jp/shop/search/detail/D342/,softbank-mombetsu,ソフトバンク 紋別,紋別市
https://www.softbank.jp/shop/search/detail/D343/,softbank-abashiri,ソフトバンク 網走,網走市
https://www.softbank.jp/shop/search/detail/D345/,softbank-yoichi,ソフトバンク 余市,余市
https://www.softbank.jp/shop/search/detail/D346/,softbank-uingu-bei-otaru,ソフトバンク ウイングベイ小樽,小樽市
https://www.softbank.jp/shop/search/detail/D347/,softbank-nagasakiya-otaru,ソフトバンク 長崎屋小樽,小樽市
https://www.softbank.jp/shop/search/detail/D348/,softbank-hoshioki,ソフトバンク 星置,札幌市手稲区
https://www.softbank.jp/shop/search/detail/D349/,softbank-obihiro-shirakamba-dori,ソフトバンク 帯広白樺通,帯広市
https://www.softbank.jp/shop/search/detail/D350/,softbank-kamiyama,ソフトバンク 神山,函館市
https://www.softbank.jp/shop/search/detail/D351/,softbank-kanjo-nagayama,ソフトバンク 環状永山,旭川市
https://www.softbank.jp/shop/search/detail/D353/,softbank-hakodate-showa-taun-puraza,ソフトバンク 函館昭和タウンプラザ,函館市
https://www.softbank.jp/shop/search/detail/D356/,softbank-hakodate-yu-no-kawa,ソフトバンク 函館湯の川,函館市
https://www.softbank.jp/shop/search/detail/D357/,softbank-yakumo,ソフトバンク 八雲,二海郡八雲町
https://www.softbank.jp/shop/search/detail/D360/,softbank-shinkotoni,ソフトバンク 新琴似,札幌市北区
https://www.softbank.jp/shop/search/detail/D361/,softbank-sapporo-kitazakae,ソフトバンク 札幌北栄,札幌市東区
https://www.softbank.jp/shop/search/detail/D366/,softbank-ashibetsu-higashi,ソフトバンク 厚別東,札幌市厚別区
https://www.softbank.jp/shop/search/detail/D368/,softbank-iwamizawa,ソフトバンク 岩見沢,岩見沢市
https://www.softbank.jp/shop/search/detail/D369/,softbank-sapporo-motomachi,ソフトバンク 札幌元町,札幌市東区
https://www.softbank.jp/shop/search/detail/D370/,softbank-kitami-san-rin,ソフトバンク 北見三輪,北見市
https://www.softbank.jp/shop/search/detail/D371/,softbank-sapporo-shiraishi,ソフトバンク 札幌白石,札幌市白石区
https://www.softbank.jp/shop/search/detail/D372/,softbank-sapporo-kawazoe,ソフトバンク 札幌川沿,札幌市南区
https://www.softbank.jp/shop/search/detail/D374/,softbank-sapporo-nishi,ソフトバンク 札幌西,札幌市手稲区
https://www.softbank.jp/shop/search/detail/D375/,softbank-yahata-dori,ソフトバンク 八幡通,函館市
https://www.softbank.jp/shop/search/detail/D378/,softbank-shinashina-kotoni,ソフトバンク シーナシーナ琴似,札幌市西区
https://www.softbank.jp/shop/search/detail/D380/,softbank-sapporo-san-hana,ソフトバンク 札幌山鼻,札幌市中央区
https://www.softbank.jp/shop/search/detail/D381/,softbank-aeon-takigawa,ソフトバンク イオン滝川,滝川市
https://www.softbank.jp/shop/search/detail/D382/,softbank-chitose,ソフトバンク 千歳,千歳市
https://www.softbank.jp/shop/search/detail/D386/,softbank-kanjo-dori,ソフトバンク 環状通,札幌市東区
https://www.softbank.jp/shop/search/detail/D389/,softbank-hiraoka,ソフトバンク 平岡,札幌市清田区
https://www.softbank.jp/shop/search/detail/D390/,softbank-aeon-kamiiso,ソフトバンク イオン上磯,北斗市
https://www.softbank.jp/shop/search/detail/D392/,softbank-aeon-date,ソフトバンク イオン伊達,伊達市
https://www.softbank.jp/shop/search/detail/D393/,softbank-sapporo-chuo,ソフトバンク 札幌中央,札幌市中央区
https://www.softbank.jp/shop/search/detail/D394/,softbank-sapporo-eki-apia,ソフトバンク 札幌駅アピア,札幌市中央区
https://www.softbank.jp/shop/search/detail/D396/,softbank-aeon-nayose,ソフトバンク イオン名寄,名寄市
https://www.softbank.jp/shop/search/detail/D398/,softbank-shinhatsusamu,ソフトバンク 新発寒,札幌市手稲区
https://www.softbank.jp/shop/search/detail/D402/,softbank-fura-no,ソフトバンク ふらの,富良野市
https://www.softbank.jp/shop/search/detail/D405/,softbank-yodobashi-sapporo,ソフトバンク ヨドバシ札幌,札幌市北区
https://www.softbank.jp/shop/search/detail/D410/,softbank-sapporo-sakae-machi,ソフトバンク 札幌栄町,札幌市東区
https://www.softbank.jp/shop/search/detail/D416/,softbank-sapporo-shinkawa,ソフトバンク 札幌新川,札幌市北区
https://www.softbank.jp/shop/search/detail/D422/,softbank-nango-10-chome,ソフトバンク 南郷１０丁目,札幌市白石区
https://www.softbank.jp/shop/search/detail/D432/,softbank-sapporo-daitsu,ソフトバンク 札幌大通,札幌市中央区
https://www.softbank.jp/shop/search/detail/D433/,softbank-ebetsu,ソフトバンク 江別,江別市
https://www.softbank.jp/shop/search/detail/D435/,softbank-ario-sapporo,ソフトバンク アリオ札幌,札幌市東区
https://www.softbank.jp/shop/search/detail/D436/,softbank-tonden,ソフトバンク 屯田,札幌市北区
https://www.softbank.jp/shop/search/detail/D437/,softbank-ashibetsu,ソフトバンク 厚別,札幌市厚別区
https://www.softbank.jp/shop/search/detail/D438/,softbank-satsunai,ソフトバンク 札内,中川郡幕別町
https://www.softbank.jp/shop/search/detail/D440/,softbank-intavirejji-omagari,ソフトバンク インターヴィレッジ大曲,北広島市
https://www.softbank.jp/shop/search/detail/D445/,softbank-aeon-mall-asahikawa-nishi,ソフトバンク イオンモール旭川西,旭川市
https://www.softbank.jp/shop/search/detail/D446/,softbank-eniwa-baipasu,ソフトバンク 恵庭バイパス,恵庭市
https://www.softbank.jp/shop/search/detail/D447/,softbank-kikusuimoto-machi,ソフトバンク 菊水元町,札幌市白石区
https://www.softbank.jp/shop/search/detail/D448/,softbank-makkusubaryu-shizunai,ソフトバンク マックスバリュ静内,日高郡新ひだか町
https://www.softbank.jp/shop/search/detail/D449/,softbank-chitose-36-go,ソフトバンク 千歳３６号,千歳市
https://www.softbank.jp/shop/search/detail/D452/,softbank-furesupo-nakashibetsu,ソフトバンク フレスポ中標津,標津郡中標津町
https://www.softbank.jp/shop/search/detail/D453/,softbank-ishikari-teine-toru,ソフトバンク 石狩手稲通,石狩市
https://www.softbank.jp/shop/search/detail/D454/,softbank-asahikawa-kagura,ソフトバンク 旭川神楽,旭川市
https://www.softbank.jp/shop/search/detail/DB00/,softbank-shinsapporo-dyuo,ソフトバンク 新さっぽろデュオ,札幌市厚別区
https://www.softbank.jp/shop/search/detail/DB05/,softbank-aeon-mall-asahikawa-ekimae,ソフトバンク イオンモール旭川駅前,旭川市
https://www.softbank.jp/shop/search/detail/DB06/,softbank-kushiro-bun-en,ソフトバンク 釧路文苑,釧路市
https://www.softbank.jp/shop/search/detail/DB07/,softbank-maruyamakurasu,ソフトバンク マルヤマクラス,札幌市中央区
https://www.softbank.jp/shop/search/detail/DB08/,softbank-sapporo-utsukushigaoka,ソフトバンク 札幌美しが丘,札幌市清田区
https://www.softbank.jp/shop/search/detail/DB10/,softbank-shinoro,ソフトバンク 篠路,札幌市北区
https://www.softbank.jp/shop/search/detail/DB11/,softbank-toyooka-4-jo-dori,ソフトバンク 豊岡４条通,旭川市
https://www.softbank.jp/shop/search/detail/DB13/,softbank-furesupo-megumino,ソフトバンク フレスポ恵み野,恵庭市
https://www.softbank.jp/shop/search/detail/DB14/,softbank-otofuke-kino,ソフトバンク 音更木野,河東郡音更町
https://www.softbank.jp/shop/search/detail/DB15/,softbank-sapporo-hiragishi,ソフトバンク 札幌平岸,札幌市豊平区
https://www.softbank.jp/shop/search/detail/DB16/,softbank-bibai-daitsu,ソフトバンク 美唄大通,美唄市
https://www.softbank.jp/shop/search/detail/DB17/,softbank-obihiro-nishi,ソフトバンク 帯広西,帯広市
https://www.softbank.jp/shop/search/detail/DB19/,softbank-rasora-sapporo,ソフトバンク ラソラ札幌,札幌市白石区
https://www.softbank.jp/shop/search/detail/DB21/,softbank-obihiro-inada,ソフトバンク 帯広稲田,帯広市
https://www.softbank.jp/shop/search/detail/DB22/,softbank-you-te-i-kutchan,ソフトバンク ようてい倶知安,虻田郡倶知安町
https://www.softbank.jp/shop/search/detail/DB24/,softbank-sapporo-higashi,ソフトバンク 札幌東,札幌市東区
https://www.softbank.jp/shop/search/detail/DB25/,softbank-nishimachi,ソフトバンク 西町,札幌市西区
https://www.softbank.jp/shop/search/detail/DB27/,softbank-branch-sapporo-tsukisappu,ソフトバンク ＢＲＡＮＣＨ札幌月寒,札幌市豊平区
https://www.softbank.jp/shop/search/detail/DB28/,softbank-kushiro-katsuragi,ソフトバンク 釧路桂木,釧路郡釧路町
https://www.softbank.jp/shop/search/detail/DB30/,softbank-akenoshin-machi,ソフトバンク 明野新町,苫小牧市
https://www.softbank.jp/shop/search/detail/DB32/,softbank-teine,ソフトバンク 手稲,札幌市手稲区
https://www.softbank.jp/shop/search/detail/DB34/,softbank-aeon-asahikawa-shunko,ソフトバンク イオン旭川春光,旭川市
https://www.softbank.jp/shop/search/detail/DB35/,softbank-poru-suta-hakodate,ソフトバンク ポールスター函館,函館市
https://www.softbank.jp/shop/search/detail/DB36/,softbank-shop-sateraito-mega-donkihote-shinoro,ソフトバンク ショップサテライトＭＥＧＡドン・キホーテ篠路店,札幌市北区
https://www.softbank.jp/shop/search/detail/DB37/,softbank-shop-sateraito-ciina-ciina-fukusumi,ソフトバンク ショップサテライトＣｉｉＮＡ　ＣｉｉＮＡ福住,札幌市豊平区
https://www.softbank.jp/shop/search/detail/DB38/,softbank-shop-sateraito-aeon-sapporo-nishimachi,ソフトバンク ショップサテライトイオン札幌西町店,札幌市西区
https://www.softbank.jp/shop/search/detail/DB40/,softbank-shop-sateraito-mega-donkihote-nishi-obihiro,ソフトバンク ショップサテライトＭＥＧＡドン・キホーテ西帯広,帯広市
https://www.softbank.jp/shop/search/detail/DB41/,softbank-shop-sateraitofuresuposuzurampuraza,ソフトバンク ショップサテライトフレスポスズランプラザ,帯広市
https://www.softbank.jp/shop/search/detail/DB42/,softbank-shop-sateraito-aeon-sapporo-nishioka,ソフトバンク ショップサテライトイオン札幌西岡,札幌市豊平区
https://www.softbank.jp/shop/search/detail/DB43/,softbank-shop-sateraito-aeon-higashisapporo,ソフトバンク ショップサテライトイオン東札幌,札幌市白石区
https://www.softbank.jp/shop/search/detail/DB44/,softbank-shop-sateraito-nopporo,ソフトバンク ショップサテライト野幌,江別市
https://www.softbank.jp/shop/search/detail/DB45/,softbank-shop-sateraitogurandiruichii,ソフトバンク ショップサテライトグランディールイチイ,函館市
https://www.softbank.jp/shop/search/detail/E021/,softbank-bivi-minamisenju,ソフトバンク ＢｉＶｉ南千住,荒川区
https://www.softbank.jp/shop/search/detail/H100/,softbank-kuroishi,ソフトバンク 黒石,黒石市
https://www.softbank.jp/shop/search/detail/H101/,softbank-hirosaki-joto,ソフトバンク 弘前城東,弘前市
https://www.softbank.jp/shop/search/detail/H102/,softbank-goshogawara,ソフトバンク 五所川原,五所川原市
https://www.softbank.jp/shop/search/detail/H105/,softbank-shinashina-hirosaki,ソフトバンク シーナシーナ弘前,弘前市
https://www.softbank.jp/shop/search/detail/H106/,softbank-minatotakadai,ソフトバンク 湊高台,八戸市
https://www.softbank.jp/shop/search/detail/H107/,softbank-aomori-tsuku-da,ソフトバンク 青森つくだ,青森市
https://www.softbank.jp/shop/search/detail/H111/,softbank-towada,ソフトバンク 十和田,十和田市
https://www.softbank.jp/shop/search/detail/H117/,softbank-misawa,ソフトバンク 三沢,三沢市
https://www.softbank.jp/shop/search/detail/H118/,softbank-mutsu,ソフトバンク むつ,むつ市
https://www.softbank.jp/shop/search/detail/H121/,softbank-aeon-taun-hirosaki-hinokuchi,ソフトバンク イオンタウン弘前樋の口,弘前市
https://www.softbank.jp/shop/search/detail/H123/,softbank-sanrodo-aomori,ソフトバンク サンロード青森,青森市
https://www.softbank.jp/shop/search/detail/H143/,softbank-aeon-mall-tsu-garu-kashiwa,ソフトバンク イオンモールつがる柏,つがる市
https://www.softbank.jp/shop/search/detail/H144/,softbank-aeon-mall-shimoda,ソフトバンク イオンモール下田,上北郡おいらせ町
https://www.softbank.jp/shop/search/detail/H200/,softbank-akita-niida,ソフトバンク 秋田仁井田,秋田市
https://www.softbank.jp/shop/search/detail/H201/,softbank-aeon-taun-omagari-fukuda,ソフトバンク イオンタウン大曲福田,大仙市
https://www.softbank.jp/shop/search/detail/H205/,softbank-honjo,ソフトバンク 本荘,由利本荘市
https://www.softbank.jp/shop/search/detail/H206/,softbank-kakunodate,ソフトバンク 角館,仙北市
https://www.softbank.jp/shop/search/detail/H209/,softbank-yokote,ソフトバンク 横手,横手市
https://www.softbank.jp/shop/search/detail/H211/,softbank-yuzawa,ソフトバンク 湯沢,湯沢市
https://www.softbank.jp/shop/search/detail/H213/,softbank-hiroomote,ソフトバンク 広面,秋田市
https://www.softbank.jp/shop/search/detail/H215/,softbank-tenno,ソフトバンク 天王,潟上市
https://www.softbank.jp/shop/search/detail/H217/,softbank-tsuchizaki-ko,ソフトバンク 土崎港,秋田市
https://www.softbank.jp/shop/search/detail/H218/,softbank-shin-kokudo,ソフトバンク 新国道,秋田市
https://www.softbank.jp/shop/search/detail/H221/,softbank-aeon-mall-akita,ソフトバンク イオンモール秋田,秋田市
https://www.softbank.jp/shop/search/detail/H302/,softbank-hokujo-ezuriko-inter,ソフトバンク 北上江釣子インター,北上市
https://www.softbank.jp/shop/search/detail/H306/,softbank-hanamaki-sakuradai,ソフトバンク 花巻桜台,花巻市
https://www.softbank.jp/shop/search/detail/H307/,softbank-aeon-taun-hokujo,ソフトバンク イオンタウン北上,北上市
https://www.softbank.jp/shop/search/detail/H308/,softbank-ofunato,ソフトバンク 大船渡,大船渡市
https://www.softbank.jp/shop/search/detail/H309/,softbank-tsukigaoka,ソフトバンク 月が丘,盛岡市
https://www.softbank.jp/shop/search/detail/H311/,softbank-morioka-minami-sansa,ソフトバンク 盛岡南サンサ,盛岡市
https://www.softbank.jp/shop/search/detail/H312/,softbank-aeon-taun-kamaishi,ソフトバンク イオンタウン釜石,釜石市
https://www.softbank.jp/shop/search/detail/H313/,softbank-tono,ソフトバンク 遠野,遠野市
https://www.softbank.jp/shop/search/detail/H319/,softbank-oshu,ソフトバンク 奥州,奥州市
https://www.softbank.jp/shop/search/detail/H323/,softbank-morioka-motomiya,ソフトバンク 盛岡本宮,盛岡市
https://www.softbank.jp/shop/search/detail/H325/,softbank-kuji,ソフトバンク 久慈,久慈市
https://www.softbank.jp/shop/search/detail/H326/,softbank-yahaba,ソフトバンク 矢巾,紫波郡矢巾町
https://www.softbank.jp/shop/search/detail/H328/,softbank-aeon-mall-morioka,ソフトバンク イオンモール盛岡,盛岡市
https://www.softbank.jp/shop/search/detail/H400/,softbank-yamagata-minami,ソフトバンク 山形南,山形市
https://www.softbank.jp/shop/search/detail/H402/,softbank-aeon-taun-nan-yo,ソフトバンク イオンタウン南陽,南陽市
https://www.softbank.jp/shop/search/detail/H404/,softbank-murayama,ソフトバンク 村山,村山市
https://www.softbank.jp/shop/search/detail/H405/,softbank-higashine,ソフトバンク 東根,東根市
https://www.softbank.jp/shop/search/detail/H406/,softbank-yamagata-nishi-baipasu,ソフトバンク 山形西バイパス,山形市
https://www.softbank.jp/shop/search/detail/H407/,softbank-sakata-yutaka,ソフトバンク 酒田ゆたか,酒田市
https://www.softbank.jp/shop/search/detail/H410/,softbank-tokimeki-dori,ソフトバンク ときめき通り,山形市
https://www.softbank.jp/shop/search/detail/H411/,softbank-yonezawa-chuo,ソフトバンク 米沢中央,米沢市
https://www.softbank.jp/shop/search/detail/H414/,softbank-nagai,ソフトバンク 長井,長井市
https://www.softbank.jp/shop/search/detail/H415/,softbank-yonezawa,ソフトバンク 米沢,米沢市
https://www.softbank.jp/shop/search/detail/H416/,softbank-sagae,ソフトバンク 寒河江,寒河江市
https://www.softbank.jp/shop/search/detail/H417/,softbank-yamagata-kita,ソフトバンク 山形北,山形市
https://www.softbank.jp/shop/search/detail/H418/,softbank-tsuruoka-shin-toki-machi,ソフトバンク 鶴岡新斎町,鶴岡市
https://www.softbank.jp/shop/search/detail/H421/,softbank-aeon-mall-sankawa,ソフトバンク イオンモール三川,東田川郡三川町
https://www.softbank.jp/shop/search/detail/H422/,softbank-aeon-mall-yamagata-minami,ソフトバンク イオンモール山形南,山形市
https://www.softbank.jp/shop/search/detail/H423/,softbank-tendo-chuo,ソフトバンク 天童中央,天童市
https://www.softbank.jp/shop/search/detail/H424/,softbank-shinjo-aeon-taun,ソフトバンク 新庄イオンタウン,新庄市
https://www.softbank.jp/shop/search/detail/H426/,softbank-yamazawa-matsumi-machi,ソフトバンク ヤマザワ松見町,山形市
https://www.softbank.jp/shop/search/detail/H428/,softbank-tsuruoka-hona-mi,ソフトバンク 鶴岡ほなみ,鶴岡市
https://www.softbank.jp/shop/search/detail/H501/,softbank-serabi-shiraishi,ソフトバンク セラビ白石,白石市
https://www.softbank.jp/shop/search/detail/H503/,softbank-nakakura,ソフトバンク 中倉,仙台市若林区
https://www.softbank.jp/shop/search/detail/H504/,softbank-watari,ソフトバンク 亘理,亘理郡亘理町
https://www.softbank.jp/shop/search/detail/H507/,softbank-tsunoda,ソフトバンク 角田,角田市
https://www.softbank.jp/shop/search/detail/H508/,softbank-ogawara,ソフトバンク 大河原,柴田郡大河原町
https://www.softbank.jp/shop/search/detail/H509/,softbank-aeon-taun-sanuma,ソフトバンク イオンタウン佐沼,登米市
https://www.softbank.jp/shop/search/detail/H510/,softbank-ishinomaki-okaido,ソフトバンク 石巻大街道,石巻市
https://www.softbank.jp/shop/search/detail/H511/,softbank-nishitaga,ソフトバンク 西多賀,仙台市太白区
https://www.softbank.jp/shop/search/detail/H514/,softbank-sendai-izumi,ソフトバンク 仙台泉,仙台市泉区
https://www.softbank.jp/shop/search/detail/H516/,softbank-yagyu,ソフトバンク 柳生,仙台市太白区
https://www.softbank.jp/shop/search/detail/H517/,softbank-kashimadai,ソフトバンク 鹿島台,大崎市
https://www.softbank.jp/shop/search/detail/H518/,softbank-yamoto,ソフトバンク 矢本,東松島市
https://www.softbank.jp/shop/search/detail/H519/,softbank-ishinomaki-hebita,ソフトバンク 石巻蛇田,石巻市
https://www.softbank.jp/shop/search/detail/H520/,softbank-furukawa-baipasu,ソフトバンク 古川バイパス,大崎市
https://www.softbank.jp/shop/search/detail/H521/,softbank-aeon-mall-shin-rifu-minamitate,ソフトバンク イオンモール新利府南館,宮城郡利府町
https://www.softbank.jp/shop/search/detail/H524/,softbank-sendai-kurisurodo,ソフトバンク 仙台クリスロード,仙台市青葉区
https://www.softbank.jp/shop/search/detail/H528/,softbank-kesennuma,ソフトバンク 気仙沼,気仙沼市
https://www.softbank.jp/shop/search/detail/H533/,softbank-izumi-paku-taun,ソフトバンク 泉パークタウン,仙台市泉区
https://www.softbank.jp/shop/search/detail/H536/,softbank-aiko,ソフトバンク 愛子,仙台市青葉区
https://www.softbank.jp/shop/search/detail/H537/,softbank-sendai-ko-inter,ソフトバンク 仙台港インター,仙台市宮城野区
https://www.softbank.jp/shop/search/detail/H538/,softbank-aeon-sutairu-sendai-oroshi-machi,ソフトバンク イオンスタイル仙台卸町,仙台市若林区
https://www.softbank.jp/shop/search/detail/H542/,softbank-geba,ソフトバンク 下馬,多賀城市
https://www.softbank.jp/shop/search/detail/H545/,softbank-ishinomaki-nakasato,ソフトバンク 石巻中里,石巻市
https://www.softbank.jp/shop/search/detail/H546/,softbank-yoshinari,ソフトバンク 吉成,仙台市青葉区
https://www.softbank.jp/shop/search/detail/H548/,softbank-yoshioka,ソフトバンク 吉岡,黒川郡大和町
https://www.softbank.jp/shop/search/detail/H550/,softbank-furukawa-higashi,ソフトバンク 古川東,大崎市
https://www.softbank.jp/shop/search/detail/H551/,softbank-kezudenki-sendai-minami,ソフトバンク ケーズデンキ仙台南,名取市
https://www.softbank.jp/shop/search/detail/H558/,softbank-aeon-mall-natori,ソフトバンク イオンモール名取,名取市
https://www.softbank.jp/shop/search/detail/H559/,softbank-tsukidate,ソフトバンク 築館,栗原市
https://www.softbank.jp/shop/search/detail/H560/,softbank-kozuru,ソフトバンク 小鶴,仙台市宮城野区
https://www.softbank.jp/shop/search/detail/H561/,softbank-iwanuma,ソフトバンク 岩沼,岩沼市
https://www.softbank.jp/shop/search/detail/H563/,softbank-ichinazaka,ソフトバンク 市名坂,仙台市泉区
https://www.softbank.jp/shop/search/detail/H566/,softbank-wakuya,ソフトバンク 涌谷,遠田郡涌谷町
https://www.softbank.jp/shop/search/detail/H570/,softbank-tagajo,ソフトバンク 多賀城,多賀城市
https://www.softbank.jp/shop/search/detail/H571/,softbank-aeon-taun-shiogama,ソフトバンク イオンタウン塩釜,塩竈市
https://www.softbank.jp/shop/search/detail/H573/,softbank-za-moru-sendai-nagamachi,ソフトバンク ザ・モール仙台長町,仙台市太白区
https://www.softbank.jp/shop/search/detail/H576/,softbank-sendai-roku-cho-no-me,ソフトバンク 仙台六丁の目,仙台市若林区
https://www.softbank.jp/shop/search/detail/H578/,softbank-nankodai,ソフトバンク 南光台,仙台市泉区
https://www.softbank.jp/shop/search/detail/H579/,softbank-furukawaminami,ソフトバンク 古川南,大崎市
https://www.softbank.jp/shop/search/detail/H581/,softbank-aeon-taun-furukawa,ソフトバンク イオンタウン古川,大崎市
https://www.softbank.jp/shop/search/detail/H600/,softbank-koriyama-ekihigashi,ソフトバンク 郡山駅東,郡山市
https://www.softbank.jp/shop/search/detail/H601/,softbank-iwaki-taira,ソフトバンク いわき平,いわき市
https://www.softbank.jp/shop/search/detail/H603/,softbank-nihommatsu,ソフトバンク 二本松,二本松市
https://www.softbank.jp/shop/search/detail/H604/,softbank-aizuwakamatsu,ソフトバンク 会津若松,会津若松市
https://www.softbank.jp/shop/search/detail/H605/,softbank-kitakata,ソフトバンク 喜多方,喜多方市
https://www.softbank.jp/shop/search/detail/H606/,softbank-koriyama-kuwano,ソフトバンク 郡山桑野,郡山市
https://www.softbank.jp/shop/search/detail/H608/,softbank-aeon-taun-sukagawa,ソフトバンク イオンタウン須賀川,須賀川市
https://www.softbank.jp/shop/search/detail/H609/,softbank-yoshikura,ソフトバンク 吉倉,福島市
https://www.softbank.jp/shop/search/detail/H615/,softbank-hachi-yamada,ソフトバンク 八山田,郡山市
https://www.softbank.jp/shop/search/detail/H616/,softbank-shin-shirakawa,ソフトバンク 新白河,白河市
https://www.softbank.jp/shop/search/detail/H617/,softbank-tairayagawase,ソフトバンク 平谷川瀬,いわき市
https://www.softbank.jp/shop/search/detail/H618/,softbank-minami-fukushima,ソフトバンク 南福島,福島市
https://www.softbank.jp/shop/search/detail/H620/,softbank-haramachi,ソフトバンク 原町,南相馬市原町区
https://www.softbank.jp/shop/search/detail/H621/,softbank-oharada,ソフトバンク 小原田,郡山市
https://www.softbank.jp/shop/search/detail/H624/,softbank-aizu-kadota,ソフトバンク 会津門田,会津若松市
https://www.softbank.jp/shop/search/detail/H625/,softbank-fukushima-kita,ソフトバンク 福島北,福島市
https://www.softbank.jp/shop/search/detail/H626/,softbank-aizu-ban-ge,ソフトバンク 会津ばんげ,河沼郡会津坂下町
https://www.softbank.jp/shop/search/detail/H632/,softbank-hobara,ソフトバンク 保原,伊達市
https://www.softbank.jp/shop/search/detail/H638/,softbank-iwaki-kamiya,ソフトバンク いわき神谷,いわき市
https://www.softbank.jp/shop/search/detail/H639/,softbank-fukushima-motouchi,ソフトバンク 福島本内,福島市
https://www.softbank.jp/shop/search/detail/H641/,softbank-iwaki-onahama,ソフトバンク いわき小名浜,いわき市
https://www.softbank.jp/shop/search/detail/H644/,softbank-oriento-paku-asaka,ソフトバンク オリエントパーク安積,郡山市
https://www.softbank.jp/shop/search/detail/H649/,softbank-shirakawa-4-go-baipasu,ソフトバンク 白河４号バイパス,白河市
https://www.softbank.jp/shop/search/detail/H652/,softbank-yabuki,ソフトバンク 矢吹,西白河郡矢吹町
https://www.softbank.jp/shop/search/detail/H655/,softbank-shin-sakura-dori,ソフトバンク 新さくら通り,郡山市
https://www.softbank.jp/shop/search/detail/HA00/,softbank-sendai-ichibancho,ソフトバンク 仙台一番町,仙台市青葉区
https://www.softbank.jp/shop/search/detail/HA06/,softbank-aeon-mall-tomiya,ソフトバンク イオンモール富谷,富谷市
https://www.softbank.jp/shop/search/detail/HA07/,softbank-odate,ソフトバンク 大館,大館市
https://www.softbank.jp/shop/search/detail/HA08/,softbank-aeon-mall-tendo,ソフトバンク イオンモール天童,天童市
https://www.softbank.jp/shop/search/detail/HA09/,softbank-soma,ソフトバンク 相馬,相馬市
https://www.softbank.jp/shop/search/detail/HA10/,softbank-ichizeki-inter,ソフトバンク 一関インター,一関市
https://www.softbank.jp/shop/search/detail/HA12/,softbank-sendai-eki-mae,ソフトバンク 仙台駅前,仙台市青葉区
https://www.softbank.jp/shop/search/detail/HA13/,softbank-akita-sanno,ソフトバンク 秋田山王,秋田市
https://www.softbank.jp/shop/search/detail/HA14/,softbank-oriento-paku-hiwada,ソフトバンク オリエントパーク日和田,郡山市
https://www.softbank.jp/shop/search/detail/HA15/,softbank-iwaki-kashima,ソフトバンク いわき鹿島,いわき市
https://www.softbank.jp/shop/search/detail/HA16/,softbank-sakata-mizuho,ソフトバンク 酒田みずほ,酒田市
https://www.softbank.jp/shop/search/detail/HA17/,softbank-aeon-taun-sendai-izumi-osawa,ソフトバンク イオンタウン仙台泉大沢,仙台市泉区
https://www.softbank.jp/shop/search/detail/HA18/,softbank-shinashina-aomori,ソフトバンク シーナシーナ青森,青森市
https://www.softbank.jp/shop/search/detail/HA19/,softbank-aeon-mall-iwaki-onahama,ソフトバンク イオンモールいわき小名浜,いわき市
https://www.softbank.jp/shop/search/detail/HA22/,softbank-aeon-mall-omagari,ソフトバンク イオンモール大曲,大仙市
https://www.softbank.jp/shop/search/detail/HA23/,softbank-branch-sendai-chomei-ke-oka,ソフトバンク ＢＲＡＮＣＨ仙台長命ヶ丘,仙台市泉区
https://www.softbank.jp/shop/search/detail/HA24/,softbank-koriyama-minami,ソフトバンク 郡山南,郡山市
https://www.softbank.jp/shop/search/detail/HA25/,softbank-furesupo-tomizawa,ソフトバンク フレスポ富沢,仙台市太白区
https://www.softbank.jp/shop/search/detail/HA27/,softbank-yokubenimaru-fukushima-nishi,ソフトバンク ヨークベニマル福島西,福島市
https://www.softbank.jp/shop/search/detail/HA30/,softbank-oshu-suitaku,ソフトバンク 奥州水沢,奥州市
https://www.softbank.jp/shop/search/detail/HA31/,softbank-aeon-taun-noshiro,ソフトバンク イオンタウン能代,能代市
https://www.softbank.jp/shop/search/detail/HA32/,softbank-hachinohe-nejiro,ソフトバンク 八戸根城,八戸市
https://www.softbank.jp/shop/search/detail/HA34/,softbank-morioka-ueda,ソフトバンク 盛岡上田,盛岡市
https://www.softbank.jp/shop/search/detail/HA35/,softbank-aeon-mall-morioka-minami,ソフトバンク イオンモール盛岡南,盛岡市
https://www.softbank.jp/shop/search/detail/HA36/,softbank-miyafuru-baipasu,ソフトバンク 宮古バイパス,宮古市
https://www.softbank.jp/shop/search/detail/HA37/,softbank-garataun,ソフトバンク ガーラタウン,青森市
https://www.softbank.jp/shop/search/detail/HA39/,softbank-tetc-life-select-sendai-asu-to-nagamachi,ソフトバンク Ｔｅｃｃ　ＬＩＦＥ　ＳＥＬＥＣＴ　仙台あすと長町店,仙台市太白区
https://www.softbank.jp/shop/search/detail/HA40/,softbank-aeon-mall-sendai-kamisugi,ソフトバンク イオンモール仙台上杉,仙台市青葉区
https://www.softbank.jp/shop/search/detail/HA41/,softbank-higashisendai-foreo,ソフトバンク 東仙台フォレオ,仙台市宮城野区
https://www.softbank.jp/shop/search/detail/HA43/,softbank-shop-sateraito-aeon-supa-senta-towada,ソフトバンク ショップサテライトイオンスーパーセンター十和田店,十和田市
https://www.softbank.jp/shop/search/detail/K100/,softbank-tenjimbashi,ソフトバンク 天神橋,大阪市北区
https://www.softbank.jp/shop/search/detail/K101/,softbank-yao,ソフトバンク 八尾,八尾市
https://www.softbank.jp/shop/search/detail/K102/,softbank-kindai-mae,ソフトバンク 近大前,東大阪市
https://www.softbank.jp/shop/search/detail/K103/,softbank-kosaka,ソフトバンク 小阪,東大阪市
https://www.softbank.jp/shop/search/detail/K104/,softbank-aeon-mall-dainichi,ソフトバンク イオンモール大日,守口市
https://www.softbank.jp/shop/search/detail/K106/,softbank-matsubara,ソフトバンク 松原,松原市
https://www.softbank.jp/shop/search/detail/K107/,softbank-uehon-machi,ソフトバンク 上本町,大阪市天王寺区
https://www.softbank.jp/shop/search/detail/K111/,softbank-nagayoshinagahara,ソフトバンク 長吉長原,大阪市平野区
https://www.softbank.jp/shop/search/detail/K113/,softbank-joipaku-izumigaoka,ソフトバンク ジョイパーク泉ヶ丘,堺市南区
https://www.softbank.jp/shop/search/detail/K116/,softbank-fujiidera,ソフトバンク 藤井寺,藤井寺市
https://www.softbank.jp/shop/search/detail/K117/,softbank-kireuriwari,ソフトバンク 喜連瓜破,大阪市平野区
https://www.softbank.jp/shop/search/detail/K119/,softbank-shin-ishikiri,ソフトバンク 新石切,東大阪市
https://www.softbank.jp/shop/search/detail/K122/,softbank-kitahanada,ソフトバンク 北花田,堺市北区
https://www.softbank.jp/shop/search/detail/K124/,softbank-showacho,ソフトバンク 昭和町,大阪市阿倍野区
https://www.softbank.jp/shop/search/detail/K125/,softbank-hirakata-miyanosaka,ソフトバンク 枚方宮之阪,枚方市
https://www.softbank.jp/shop/search/detail/K126/,softbank-toyonaka-chuo,ソフトバンク 豊中中央,豊中市
https://www.softbank.jp/shop/search/detail/K127/,softbank-i-no-ko-tani,ソフトバンク 亥の子谷,吹田市
https://www.softbank.jp/shop/search/detail/K128/,softbank-namba-woku,ソフトバンク なんばウォーク,大阪市中央区
https://www.softbank.jp/shop/search/detail/K131/,softbank-konoike-nitta,ソフトバンク 鴻池新田,東大阪市
https://www.softbank.jp/shop/search/detail/K133/,softbank-hatsushiba,ソフトバンク 初芝,堺市東区
https://www.softbank.jp/shop/search/detail/K134/,softbank-ozaki-eki-mae,ソフトバンク 尾崎駅前,阪南市
https://www.softbank.jp/shop/search/detail/K135/,softbank-sennan,ソフトバンク 泉南,泉南市
https://www.softbank.jp/shop/search/detail/K137/,softbank-hirakata-hisage,ソフトバンク 枚方招提,枚方市
https://www.softbank.jp/shop/search/detail/K138/,softbank-izumi-chuo,ソフトバンク 和泉中央,和泉市
https://www.softbank.jp/shop/search/detail/K139/,softbank-senrioka,ソフトバンク 千里丘,摂津市
https://www.softbank.jp/shop/search/detail/K143/,softbank-nihombashi,ソフトバンク 日本橋,大阪市浪速区
https://www.softbank.jp/shop/search/detail/K144/,softbank-ju-san-ekimae,ソフトバンク 十三駅前,大阪市淀川区
https://www.softbank.jp/shop/search/detail/K146/,softbank-fukaebashi,ソフトバンク 深江橋,大阪市城東区
https://www.softbank.jp/shop/search/detail/K148/,softbank-fukai-ekimae,ソフトバンク 深井駅前,堺市中区
https://www.softbank.jp/shop/search/detail/K149/,softbank-umeda-chuo,ソフトバンク 梅田中央,大阪市北区
https://www.softbank.jp/shop/search/detail/K151/,softbank-hankyu-takatsuki,ソフトバンク 阪急高槻,高槻市
https://www.softbank.jp/shop/search/detail/K152/,softbank-fuse,ソフトバンク 布施,東大阪市
https://www.softbank.jp/shop/search/detail/K155/,softbank-takatsuki-nishiguchi,ソフトバンク 高槻西口,高槻市
https://www.softbank.jp/shop/search/detail/K156/,softbank-neyagawa-shi-ekimae,ソフトバンク 寝屋川市駅前,寝屋川市
https://www.softbank.jp/shop/search/detail/K157/,softbank-nodahanshin,ソフトバンク 野田阪神,大阪市福島区
https://www.softbank.jp/shop/search/detail/K158/,softbank-minamimori-machi,ソフトバンク 南森町,大阪市北区
https://www.softbank.jp/shop/search/detail/K159/,softbank-sakai-higashiichijo-dori,ソフトバンク 堺東一条通,堺市堺区
https://www.softbank.jp/shop/search/detail/K162/,softbank-hankyu-ibaragi,ソフトバンク 阪急茨木,茨木市
https://www.softbank.jp/shop/search/detail/K164/,softbank-nishinakajima-nampo,ソフトバンク 西中島南方,大阪市淀川区
https://www.softbank.jp/shop/search/detail/K167/,softbank-izumi-shiyakushomae,ソフトバンク 和泉市役所前,和泉市
https://www.softbank.jp/shop/search/detail/K170/,softbank-minami-ibaragi,ソフトバンク 南茨木,茨木市
https://www.softbank.jp/shop/search/detail/K172/,softbank-higashi-kishiwada,ソフトバンク 東岸和田,岸和田市
https://www.softbank.jp/shop/search/detail/K173/,softbank-izumiotsu,ソフトバンク 泉大津,泉大津市
https://www.softbank.jp/shop/search/detail/K174/,softbank-jr-suita,ソフトバンク ＪＲ吹田,吹田市
https://www.softbank.jp/shop/search/detail/K181/,softbank-nishi-yodo,ソフトバンク 西淀,大阪市西淀川区
https://www.softbank.jp/shop/search/detail/K182/,softbank-tamatsukuri,ソフトバンク 玉造,大阪市天王寺区
https://www.softbank.jp/shop/search/detail/K183/,softbank-korien,ソフトバンク 香里園,寝屋川市
https://www.softbank.jp/shop/search/detail/K184/,softbank-hommachi,ソフトバンク 本町,大阪市中央区
https://www.softbank.jp/shop/search/detail/K185/,softbank-sakai-puratto-puratto,ソフトバンク 堺プラットプラット,堺市堺区
https://www.softbank.jp/shop/search/detail/K187/,softbank-tengachaya,ソフトバンク 天下茶屋,大阪市西成区
https://www.softbank.jp/shop/search/detail/K188/,softbank-harinakano,ソフトバンク 針中野,大阪市東住吉区
https://www.softbank.jp/shop/search/detail/K189/,softbank-kaizuka-r-26,ソフトバンク 貝塚Ｒ２６,貝塚市
https://www.softbank.jp/shop/search/detail/K190/,softbank-kumatori,ソフトバンク 熊取,泉南郡熊取町
https://www.softbank.jp/shop/search/detail/K191/,softbank-suminodo,ソフトバンク 住道,大東市
https://www.softbank.jp/shop/search/detail/K193/,softbank-komyoike,ソフトバンク 光明池,堺市南区
https://www.softbank.jp/shop/search/detail/K195/,softbank-minamihanada,ソフトバンク 南花田,堺市北区
https://www.softbank.jp/shop/search/detail/K1A1/,softbank-higashimikuni,ソフトバンク 東三国,大阪市淀川区
https://www.softbank.jp/shop/search/detail/K1A2/,softbank-minato-dori,ソフトバンク みなと通り,大阪市港区
https://www.softbank.jp/shop/search/detail/K1A5/,softbank-toyonaka-ekimae,ソフトバンク 豊中駅前,豊中市
https://www.softbank.jp/shop/search/detail/K1A6/,softbank-jr-tsukamoto,ソフトバンク ＪＲ塚本,大阪市西淀川区
https://www.softbank.jp/shop/search/detail/K1A8/,softbank-hattori,ソフトバンク 服部,豊中市
https://www.softbank.jp/shop/search/detail/K1A9/,softbank-esaka,ソフトバンク 江坂,吹田市
https://www.softbank.jp/shop/search/detail/K1B0/,softbank-katano,ソフトバンク 交野,交野市
https://www.softbank.jp/shop/search/detail/K1B1/,softbank-onohara,ソフトバンク 小野原,箕面市
https://www.softbank.jp/shop/search/detail/K1B3/,softbank-furukawa-kyo,ソフトバンク 古川橋,門真市
https://www.softbank.jp/shop/search/detail/K1B4/,softbank-minoo,ソフトバンク 箕面,箕面市
https://www.softbank.jp/shop/search/detail/K1B5/,softbank-sekime,ソフトバンク 関目,大阪市城東区
https://www.softbank.jp/shop/search/detail/K1B7/,softbank-kawauchi-kokubu,ソフトバンク 河内国分,柏原市
https://www.softbank.jp/shop/search/detail/K1B8/,softbank-nitori-moru-hirakata,ソフトバンク ニトリモール枚方,枚方市
https://www.softbank.jp/shop/search/detail/K1C0/,softbank-kyu-jo,ソフトバンク 九条,大阪市西区
https://www.softbank.jp/shop/search/detail/K1C2/,softbank-jr-kyuhoji,ソフトバンク ＪＲ久宝寺,八尾市
https://www.softbank.jp/shop/search/detail/K1C3/,softbank-senrichuo,ソフトバンク 千里中央,豊中市
https://www.softbank.jp/shop/search/detail/K1C6/,softbank-sakai-fukuda,ソフトバンク 堺福田,堺市中区
https://www.softbank.jp/shop/search/detail/K1C7/,softbank-ibaragi-higashioda,ソフトバンク 茨木東太田,茨木市
https://www.softbank.jp/shop/search/detail/K1C8/,softbank-jr-hirano,ソフトバンク ＪＲ平野,大阪市平野区
https://www.softbank.jp/shop/search/detail/K1D0/,softbank-ikuno,ソフトバンク 生野,大阪市生野区
https://www.softbank.jp/shop/search/detail/K1D1/,softbank-miyakojima,ソフトバンク 都島,大阪市都島区
https://www.softbank.jp/shop/search/detail/K1D2/,softbank-kamishinjo,ソフトバンク 上新庄,大阪市東淀川区
https://www.softbank.jp/shop/search/detail/K1D3/,softbank-moriguchi-ekimae,ソフトバンク 守口駅前,守口市
https://www.softbank.jp/shop/search/detail/K1D7/,softbank-hirakata-moru,ソフトバンク 枚方モール,枚方市
https://www.softbank.jp/shop/search/detail/K1E0/,softbank-kawachinagano,ソフトバンク 河内長野,河内長野市
https://www.softbank.jp/shop/search/detail/K1E6/,softbank-aeon-mall-ibaragi,ソフトバンク イオンモール茨木,茨木市
https://www.softbank.jp/shop/search/detail/K1F9/,softbank-yodobashi-umeda,ソフトバンク ヨドバシ梅田,大阪市北区
https://www.softbank.jp/shop/search/detail/K1G1/,softbank-takatsuki-higashi,ソフトバンク 高槻東,高槻市
https://www.softbank.jp/shop/search/detail/K1G3/,softbank-labi-1-namba,ソフトバンク ＬＡＢＩ１ＮＡＭＢＡ,大阪市浪速区
https://www.softbank.jp/shop/search/detail/K1G7/,softbank-kuzu-wa-moru,ソフトバンク くずはモール,枚方市
https://www.softbank.jp/shop/search/detail/K1H4/,softbank-aeon-mall-tsurumi-ryokuchi,ソフトバンク イオンモール鶴見緑地,大阪市鶴見区
https://www.softbank.jp/shop/search/detail/K1H6/,softbank-ikuno-hondori,ソフトバンク 生野本通り,大阪市生野区
https://www.softbank.jp/shop/search/detail/K1H8/,softbank-chidori-kyo,ソフトバンク 千鳥橋,大阪市此花区
https://www.softbank.jp/shop/search/detail/K1J2/,softbank-izumiya-shoppingu-senta-yao,ソフトバンク イズミヤショッピングセンター八尾,八尾市
https://www.softbank.jp/shop/search/detail/K1J3/,softbank-hankyu-san-koku,ソフトバンク 阪急三国,大阪市淀川区
https://www.softbank.jp/shop/search/detail/K1J4/,softbank-hotarugaike,ソフトバンク 蛍池,豊中市
https://www.softbank.jp/shop/search/detail/K1J5/,softbank-aeon-taun-toyonaka-midorigaoka,ソフトバンク イオンタウン豊中緑丘,豊中市
https://www.softbank.jp/shop/search/detail/K1J6/,softbank-ishizugawa,ソフトバンク 石津川,堺市西区
https://www.softbank.jp/shop/search/detail/K1J7/,softbank-midori-kyo,ソフトバンク 緑橋,大阪市東成区
https://www.softbank.jp/shop/search/detail/K1K0/,softbank-sembayashi-eki-mae,ソフトバンク 千林駅前,大阪市旭区
https://www.softbank.jp/shop/search/detail/K1K5/,softbank-ibaragi-aikawa,ソフトバンク 茨木鮎川,茨木市
https://www.softbank.jp/shop/search/detail/K1K6/,softbank-chiyoda-eki-mae,ソフトバンク 千代田駅前,河内長野市
https://www.softbank.jp/shop/search/detail/K1K7/,softbank-takatsuki-shiyakushomae,ソフトバンク 高槻市役所前,高槻市
https://www.softbank.jp/shop/search/detail/K1K8/,softbank-uenoshiba-semboku-1-gosen,ソフトバンク 上野芝泉北１号線,堺市堺区
https://www.softbank.jp/shop/search/detail/K1L3/,softbank-kurisuta-nagahori,ソフトバンク クリスタ長堀,大阪市中央区
https://www.softbank.jp/shop/search/detail/K1L5/,softbank-minoo-higashi,ソフトバンク 箕面東,箕面市
https://www.softbank.jp/shop/search/detail/K1L6/,softbank-tadaoka-minami,ソフトバンク 忠岡南,泉北郡忠岡町
https://www.softbank.jp/shop/search/detail/K1L7/,softbank-asahi-shimizu,ソフトバンク 旭清水,大阪市旭区
https://www.softbank.jp/shop/search/detail/K1L9/,softbank-higashiosaka-hanazono,ソフトバンク 東大阪花園,東大阪市
https://www.softbank.jp/shop/search/detail/K1M1/,softbank-minamisenri,ソフトバンク 南千里,吹田市
https://www.softbank.jp/shop/search/detail/K1M2/,softbank-kumata,ソフトバンク 杭全,大阪市東住吉区
https://www.softbank.jp/shop/search/detail/K1M5/,softbank-konan-chu-mo-zu,ソフトバンク コーナン中もず,堺市北区
https://www.softbank.jp/shop/search/detail/K1M7/,softbank-hirakata-fujisakahigashi,ソフトバンク 枚方藤阪東,枚方市
https://www.softbank.jp/shop/search/detail/K1N0/,softbank-aku-rosu-puraza-suminoe,ソフトバンク アクロスプラザ住之江,大阪市住之江区
https://www.softbank.jp/shop/search/detail/K1N1/,softbank-nagayoshideto,ソフトバンク 長吉出戸,大阪市平野区
https://www.softbank.jp/shop/search/detail/K1N2/,softbank-keihan-owada,ソフトバンク 京阪大和田,門真市
https://www.softbank.jp/shop/search/detail/K1N3/,softbank-furesupo-nagata,ソフトバンク フレスポ長田,東大阪市
https://www.softbank.jp/shop/search/detail/K1N4/,softbank-habikino,ソフトバンク 羽曳野,羽曳野市
https://www.softbank.jp/shop/search/detail/K1N7/,softbank-kishiwada-haruki,ソフトバンク 岸和田春木,岸和田市
https://www.softbank.jp/shop/search/detail/K1N8/,softbank-i-kora-mo-ru-izumisano,ソフトバンク いこらもーる泉佐野,泉佐野市
https://www.softbank.jp/shop/search/detail/K1N9/,softbank-ogimachi,ソフトバンク 扇町,大阪市北区
https://www.softbank.jp/shop/search/detail/K1P0/,softbank-takaishi-26-gosen,ソフトバンク 高石２６号線,和泉市
https://www.softbank.jp/shop/search/detail/K1P2/,softbank-minamieguchi,ソフトバンク 南江口,大阪市東淀川区
https://www.softbank.jp/shop/search/detail/K1P4/,softbank-tonarie-tsuga-miki-ta,ソフトバンク トナリエ栂・美木多,堺市南区
https://www.softbank.jp/shop/search/detail/K1P5/,softbank-abi-ko,ソフトバンク あびこ,大阪市住吉区
https://www.softbank.jp/shop/search/detail/K1P7/,softbank-hagurazaki,ソフトバンク 羽倉崎,泉佐野市
https://www.softbank.jp/shop/search/detail/K1P8/,softbank-nishinagahori,ソフトバンク 西長堀,大阪市西区
https://www.softbank.jp/shop/search/detail/K1Q0/,softbank-abeno-kyuzumoru,ソフトバンク あべのキューズモール,大阪市阿倍野区
https://www.softbank.jp/shop/search/detail/K1Q3/,softbank-takaida,ソフトバンク 高井田,東大阪市
https://www.softbank.jp/shop/search/detail/K1Q5/,softbank-nagai-koenhigashi,ソフトバンク 長居公園東,大阪市東住吉区
https://www.softbank.jp/shop/search/detail/K1Q7/,softbank-mikunigaoka,ソフトバンク 三国ヶ丘,堺市堺区
https://www.softbank.jp/shop/search/detail/K1Q9/,softbank-aeon-taun-higashiosaka,ソフトバンク イオンタウン東大阪,東大阪市
https://www.softbank.jp/shop/search/detail/K1R1/,softbank-imafukunishi,ソフトバンク 今福西,大阪市城東区
https://www.softbank.jp/shop/search/detail/K1R2/,softbank-kadoma,ソフトバンク 門真,門真市
https://www.softbank.jp/shop/search/detail/K1R5/,softbank-otori-noboru,ソフトバンク 鳳上,堺市西区
https://www.softbank.jp/shop/search/detail/K1R7/,softbank-kishiwada-r-26,ソフトバンク 岸和田Ｒ２６,岸和田市
https://www.softbank.jp/shop/search/detail/K1S1/,softbank-aeon-mall-hineno,ソフトバンク イオンモール日根野,泉佐野市
https://www.softbank.jp/shop/search/detail/K1S2/,softbank-tondabayashi-ekoru-roze,ソフトバンク 富田林エコール・ロゼ,富田林市
https://www.softbank.jp/shop/search/detail/K1T2/,softbank-bibamoru-neyagawa,ソフトバンク ビバモール寝屋川,寝屋川市
https://www.softbank.jp/shop/search/detail/K1U1/,softbank-fukushima,ソフトバンク 福島,大阪市福島区
https://www.softbank.jp/shop/search/detail/K1U2/,softbank-tsurumi-yasuda,ソフトバンク 鶴見安田,大阪市鶴見区
https://www.softbank.jp/shop/search/detail/K1U4/,softbank-ario-yao,ソフトバンク アリオ八尾,八尾市
https://www.softbank.jp/shop/search/detail/K1U6/,softbank-guranfuronto-osaka,ソフトバンク グランフロント大阪,大阪市北区
https://www.softbank.jp/shop/search/detail/K1U7/,softbank-keihan-kyobashi,ソフトバンク 京阪京橋,大阪市都島区
https://www.softbank.jp/shop/search/detail/K200/,softbank-kasai,ソフトバンク 加西,加西市
https://www.softbank.jp/shop/search/detail/K201/,softbank-mikage-kurasse,ソフトバンク 御影クラッセ,神戸市東灘区
https://www.softbank.jp/shop/search/detail/K202/,softbank-akashi,ソフトバンク 明石,明石市
https://www.softbank.jp/shop/search/detail/K203/,softbank-kobe-koikawa-suji,ソフトバンク 神戸鯉川筋,神戸市中央区
https://www.softbank.jp/shop/search/detail/K205/,softbank-nishi-suzuran-dai,ソフトバンク 西鈴蘭台,神戸市北区
https://www.softbank.jp/shop/search/detail/K206/,softbank-sannomiya-higashiguchi,ソフトバンク 三宮東口,神戸市中央区
https://www.softbank.jp/shop/search/detail/K207/,softbank-seishinchuo,ソフトバンク 西神中央,神戸市西区
https://www.softbank.jp/shop/search/detail/K209/,softbank-miki,ソフトバンク 三木,三木市
https://www.softbank.jp/shop/search/detail/K210/,softbank-kakogawa-beppu,ソフトバンク 加古川別府,加古川市
https://www.softbank.jp/shop/search/detail/K211/,softbank-himeji-nakaji,ソフトバンク 姫路中地,姫路市飾磨区
https://www.softbank.jp/shop/search/detail/K212/,softbank-higashi-kakogawa,ソフトバンク 東加古川,加古川市
https://www.softbank.jp/shop/search/detail/K213/,softbank-ono,ソフトバンク 小野,小野市
https://www.softbank.jp/shop/search/detail/K214/,softbank-hoden,ソフトバンク 宝殿,高砂市
https://www.softbank.jp/shop/search/detail/K215/,softbank-harima-taishi,ソフトバンク 播磨太子,揖保郡太子町
https://www.softbank.jp/shop/search/detail/K216/,softbank-jr-okubo-ekimae,ソフトバンク ＪＲ大久保駅前,明石市
https://www.softbank.jp/shop/search/detail/K217/,softbank-akashi-futami,ソフトバンク 明石二見,明石市
https://www.softbank.jp/shop/search/detail/K218/,softbank-himeji-nozato,ソフトバンク 姫路野里,姫路市
https://www.softbank.jp/shop/search/detail/K219/,softbank-jr-nishinomiya,ソフトバンク ＪＲ西宮,西宮市
https://www.softbank.jp/shop/search/detail/K221/,softbank-hanshin-nishinomiya,ソフトバンク 阪神西宮,西宮市
https://www.softbank.jp/shop/search/detail/K222/,softbank-tokyu-puraza-shin-nagata,ソフトバンク 東急プラザ新長田,神戸市長田区
https://www.softbank.jp/shop/search/detail/K224/,softbank-tarumi,ソフトバンク 垂水,神戸市垂水区
https://www.softbank.jp/shop/search/detail/K226/,softbank-nishi-akashi,ソフトバンク 西明石,明石市
https://www.softbank.jp/shop/search/detail/K229/,softbank-shukugawa,ソフトバンク 夙川,西宮市
https://www.softbank.jp/shop/search/detail/K230/,softbank-nishikambe,ソフトバンク 西神戸,神戸市西区
https://www.softbank.jp/shop/search/detail/K231/,softbank-sakasegawa,ソフトバンク 逆瀬川,宝塚市
https://www.softbank.jp/shop/search/detail/K232/,softbank-sannomiya-senta-gai,ソフトバンク 三宮センター街,神戸市中央区
https://www.softbank.jp/shop/search/detail/K235/,softbank-maiko,ソフトバンク 舞子,神戸市垂水区
https://www.softbank.jp/shop/search/detail/K236/,softbank-himeji-miyuki-dori,ソフトバンク 姫路みゆき通り,姫路市
https://www.softbank.jp/shop/search/detail/K237/,softbank-tamba-chuo,ソフトバンク 丹波中央,丹波市
https://www.softbank.jp/shop/search/detail/K238/,softbank-hankyu-itami,ソフトバンク 阪急伊丹,伊丹市
https://www.softbank.jp/shop/search/detail/K239/,softbank-takarazuka,ソフトバンク 宝塚,宝塚市
https://www.softbank.jp/shop/search/detail/K241/,softbank-asute-kawanishi,ソフトバンク アステ川西,川西市
https://www.softbank.jp/shop/search/detail/K242/,softbank-himeji-imajuku,ソフトバンク 姫路今宿,姫路市
https://www.softbank.jp/shop/search/detail/K243/,softbank-aioi,ソフトバンク 相生,相生市
https://www.softbank.jp/shop/search/detail/K244/,softbank-myodani,ソフトバンク 名谷,神戸市須磨区
https://www.softbank.jp/shop/search/detail/K247/,softbank-toyooka,ソフトバンク 豊岡,豊岡市
https://www.softbank.jp/shop/search/detail/K248/,softbank-sannomiya-senta-puraza,ソフトバンク 三宮センタープラザ,神戸市中央区
https://www.softbank.jp/shop/search/detail/K249/,softbank-aeon-mall-himeji-riba-shiti,ソフトバンク イオンモール姫路リバーシティ,姫路市飾磨区
https://www.softbank.jp/shop/search/detail/K251/,softbank-nishinomiya-monko,ソフトバンク 西宮門戸,西宮市
https://www.softbank.jp/shop/search/detail/K254/,softbank-socola-tsukaguchi-kurosu,ソフトバンク ＳＯＣＯＬＡ塚口クロス,尼崎市
https://www.softbank.jp/shop/search/detail/K255/,softbank-aeon-taun-kawanishi,ソフトバンク イオンタウン川西,川西市
https://www.softbank.jp/shop/search/detail/K256/,softbank-dyuo-ko-be,ソフトバンク デュオこうべ,神戸市中央区
https://www.softbank.jp/shop/search/detail/K258/,softbank-itayado,ソフトバンク 板宿,神戸市須磨区
https://www.softbank.jp/shop/search/detail/K259/,softbank-akuta-nishinomiya,ソフトバンク アクタ西宮,西宮市
https://www.softbank.jp/shop/search/detail/K260/,softbank-mukonoso,ソフトバンク 武庫之荘,尼崎市
https://www.softbank.jp/shop/search/detail/K261/,softbank-fukusaki,ソフトバンク 福崎,神崎郡福崎町
https://www.softbank.jp/shop/search/detail/K262/,softbank-himeji-higashi,ソフトバンク 姫路東,姫路市
https://www.softbank.jp/shop/search/detail/K263/,softbank-hyogo-ekimae,ソフトバンク 兵庫駅前,神戸市兵庫区
https://www.softbank.jp/shop/search/detail/K264/,softbank-jr-amagasaki,ソフトバンク ＪＲ尼崎,尼崎市
https://www.softbank.jp/shop/search/detail/K266/,softbank-tachibana-ekimae,ソフトバンク 立花駅前,尼崎市
https://www.softbank.jp/shop/search/detail/K267/,softbank-jr-rokkomichi,ソフトバンク ＪＲ六甲道,神戸市灘区
https://www.softbank.jp/shop/search/detail/K268/,softbank-amagasaki-chuo-shoten-gai,ソフトバンク 尼崎中央商店街,尼崎市
https://www.softbank.jp/shop/search/detail/K270/,softbank-ako,ソフトバンク 赤穂,赤穂市
https://www.softbank.jp/shop/search/detail/K271/,softbank-tatsuno,ソフトバンク 龍野,たつの市
https://www.softbank.jp/shop/search/detail/K274/,softbank-okaba,ソフトバンク 岡場,神戸市北区
https://www.softbank.jp/shop/search/detail/K275/,softbank-kobe-sumiyoshi,ソフトバンク 神戸住吉,神戸市東灘区
https://www.softbank.jp/shop/search/detail/K283/,softbank-nakayamadera,ソフトバンク 中山寺,宝塚市
https://www.softbank.jp/shop/search/detail/K284/,softbank-tamba-shinoyama,ソフトバンク 丹波篠山,丹波篠山市
https://www.softbank.jp/shop/search/detail/K286/,softbank-buru-meru-mai-tamon,ソフトバンク ブルメール舞多聞,神戸市垂水区
https://www.softbank.jp/shop/search/detail/K288/,softbank-hamakoshien,ソフトバンク 浜甲子園,西宮市
https://www.softbank.jp/shop/search/detail/K290/,softbank-konan-yamate,ソフトバンク 甲南山手,神戸市東灘区
https://www.softbank.jp/shop/search/detail/K294/,softbank-kakogawa-nikkepakutaun,ソフトバンク 加古川ニッケパークタウン,加古川市
https://www.softbank.jp/shop/search/detail/K295/,softbank-nishiwaki,ソフトバンク 西脇,西脇市
https://www.softbank.jp/shop/search/detail/K296/,softbank-shijimi-eki-mae,ソフトバンク 志染駅前,三木市
https://www.softbank.jp/shop/search/detail/K2A4/,softbank-ikawadani,ソフトバンク 伊川谷,神戸市西区
https://www.softbank.jp/shop/search/detail/K2A5/,softbank-akashi-uozumi,ソフトバンク 明石魚住,明石市
https://www.softbank.jp/shop/search/detail/K2B3/,softbank-ashiya-minami,ソフトバンク 芦屋南,芦屋市
https://www.softbank.jp/shop/search/detail/K2B5/,softbank-okubo-inter,ソフトバンク 大久保インター,神戸市西区
https://www.softbank.jp/shop/search/detail/K2B6/,softbank-tsukashin,ソフトバンク つかしん,尼崎市
https://www.softbank.jp/shop/search/detail/K2C1/,softbank-minami-awa-ji,ソフトバンク 南あわじ,南あわじ市
https://www.softbank.jp/shop/search/detail/K2C3/,softbank-himeji-shiyakusho-dori,ソフトバンク 姫路市役所通り,姫路市飾磨区
https://www.softbank.jp/shop/search/detail/K2C5/,softbank-himeji-hirohata,ソフトバンク 姫路広畑,姫路市広畑区
https://www.softbank.jp/shop/search/detail/K2D1/,softbank-suma-rikyu-tera-suma,ソフトバンク 須磨離宮テラスマ,神戸市須磨区
https://www.softbank.jp/shop/search/detail/K2D3/,softbank-aeon-nagata-minami,ソフトバンク イオン長田南,神戸市長田区
https://www.softbank.jp/shop/search/detail/K2D4/,softbank-aeon-mita-udditaun,ソフトバンク イオン三田ウッディタウン,三田市
https://www.softbank.jp/shop/search/detail/K2D7/,softbank-takasago,ソフトバンク 高砂,高砂市
https://www.softbank.jp/shop/search/detail/K2E2/,softbank-hime-ji-bessho,ソフトバンク ひめじ別所,姫路市
https://www.softbank.jp/shop/search/detail/K2E4/,softbank-kakogawa-ekimae,ソフトバンク 加古川駅前,加古川市
https://www.softbank.jp/shop/search/detail/K2E5/,softbank-ama-ga-saki-kyuzumoru,ソフトバンク あまがさきキューズモール,尼崎市
https://www.softbank.jp/shop/search/detail/K2E6/,softbank-shisawa,ソフトバンク 宍粟,宍粟市
https://www.softbank.jp/shop/search/detail/K2E8/,softbank-edion-itami,ソフトバンク エディオン伊丹,伊丹市
https://www.softbank.jp/shop/search/detail/K2F1/,softbank-wadayama,ソフトバンク 和田山,朝来市
https://www.softbank.jp/shop/search/detail/K2F2/,softbank-lalaport-koshien,ソフトバンク ららぽーと甲子園,西宮市
https://www.softbank.jp/shop/search/detail/K2F3/,softbank-aeon-mall-itami-koya,ソフトバンク イオンモール伊丹昆陽,伊丹市
https://www.softbank.jp/shop/search/detail/K2F4/,softbank-jemusu-san,ソフトバンク ジェームス山,神戸市垂水区
https://www.softbank.jp/shop/search/detail/K2F5/,softbank-aeon-mall-kobe-kita,ソフトバンク イオンモール神戸北,神戸市北区
https://www.softbank.jp/shop/search/detail/K2G1/,softbank-jr-rokkomichi-minami,ソフトバンク ＪＲ六甲道南,神戸市灘区
https://www.softbank.jp/shop/search/detail/K2G2/,softbank-kobe-habarando-umie,ソフトバンク 神戸ハーバーランドｕｍｉｅ,神戸市中央区
https://www.softbank.jp/shop/search/detail/K300/,softbank-kitano,ソフトバンク 北野,京都市北区
https://www.softbank.jp/shop/search/detail/K301/,softbank-shijo-gai-omae,ソフトバンク 四条外大前,京都市右京区
https://www.softbank.jp/shop/search/detail/K303/,softbank-aru-puraza-kyotanabe,ソフトバンク アル・プラザ京田辺,京田辺市
https://www.softbank.jp/shop/search/detail/K304/,softbank-uji-magishima,ソフトバンク 宇治槇島,宇治市
https://www.softbank.jp/shop/search/detail/K306/,softbank-kameoka,ソフトバンク 亀岡,亀岡市
https://www.softbank.jp/shop/search/detail/K307/,softbank-gojo-katsura,ソフトバンク 五条桂,京都市西京区
https://www.softbank.jp/shop/search/detail/K310/,softbank-fukakusa,ソフトバンク 深草,京都市伏見区
https://www.softbank.jp/shop/search/detail/K311/,softbank-saiin,ソフトバンク 西院,京都市右京区
https://www.softbank.jp/shop/search/detail/K312/,softbank-ni-jo,ソフトバンク 二条,京都市中京区
https://www.softbank.jp/shop/search/detail/K313/,softbank-hitachi,ソフトバンク 常盤,京都市右京区
https://www.softbank.jp/shop/search/detail/K314/,softbank-maizuru,ソフトバンク 舞鶴,舞鶴市
https://www.softbank.jp/shop/search/detail/K315/,softbank-fukuchiyama,ソフトバンク 福知山,福知山市
https://www.softbank.jp/shop/search/detail/K317/,softbank-fushimi-momoyama,ソフトバンク 伏見桃山,京都市伏見区
https://www.softbank.jp/shop/search/detail/K319/,softbank-muko-machi,ソフトバンク 向日町,向日市
https://www.softbank.jp/shop/search/detail/K320/,softbank-kyoto-shijo-dori,ソフトバンク 京都四条通,京都市下京区
https://www.softbank.jp/shop/search/detail/K322/,softbank-katsura,ソフトバンク 桂,京都市西京区
https://www.softbank.jp/shop/search/detail/K327/,softbank-kitaoji-karasuma,ソフトバンク 北大路烏丸,京都市北区
https://www.softbank.jp/shop/search/detail/K328/,softbank-joyo,ソフトバンク 城陽,城陽市
https://www.softbank.jp/shop/search/detail/K330/,softbank-aeon-taun-yamashina-nagitsuji,ソフトバンク イオンタウン山科椥辻,京都市山科区
https://www.softbank.jp/shop/search/detail/K332/,softbank-aeon-mall-kyoto-gojo,ソフトバンク イオンモール京都五条,京都市右京区
https://www.softbank.jp/shop/search/detail/K333/,softbank-momo-terasu-roku-jizo,ソフトバンク ＭＯＭＯテラス六地蔵,京都市伏見区
https://www.softbank.jp/shop/search/detail/K335/,softbank-uji-ogura,ソフトバンク 宇治小倉,宇治市
https://www.softbank.jp/shop/search/detail/K336/,softbank-yamashina-tono,ソフトバンク 山科東野,京都市山科区
https://www.softbank.jp/shop/search/detail/K339/,softbank-chiyokawa,ソフトバンク 千代川,亀岡市
https://www.softbank.jp/shop/search/detail/K341/,softbank-kyo-tango-main,ソフトバンク 京丹後マイン,京丹後市
https://www.softbank.jp/shop/search/detail/K343/,softbank-hyaku-man-hen,ソフトバンク 百万遍,京都市左京区
https://www.softbank.jp/shop/search/detail/K345/,softbank-raku-nishiguchi,ソフトバンク 洛西口,向日市
https://www.softbank.jp/shop/search/detail/K347/,softbank-yahata-shiyakushomae,ソフトバンク 八幡市役所前,八幡市
https://www.softbank.jp/shop/search/detail/K348/,softbank-kisshoin,ソフトバンク 吉祥院,京都市南区
https://www.softbank.jp/shop/search/detail/K349/,softbank-joyo-hisatsu-gawa,ソフトバンク 城陽久津川,城陽市
https://www.softbank.jp/shop/search/detail/K350/,softbank-gaden-moru-kizugawa,ソフトバンク ガーデンモール木津川,木津川市
https://www.softbank.jp/shop/search/detail/K356/,softbank-yodobashi-kyoto,ソフトバンク ヨドバシ京都,京都市下京区
https://www.softbank.jp/shop/search/detail/K361/,softbank-aeon-mall-kumiyama,ソフトバンク イオンモール久御山,久世郡久御山町
https://www.softbank.jp/shop/search/detail/K362/,softbank-kumiyama,ソフトバンク 久御山,久世郡久御山町
https://www.softbank.jp/shop/search/detail/K364/,softbank-fushimi-kuga,ソフトバンク 伏見久我,京都市伏見区
https://www.softbank.jp/shop/search/detail/K400/,softbank-sakurai,ソフトバンク 桜井,桜井市
https://www.softbank.jp/shop/search/detail/K401/,softbank-yamatokoriyama,ソフトバンク 大和郡山,大和郡山市
https://www.softbank.jp/shop/search/detail/K402/,softbank-kashihara,ソフトバンク 橿原,橿原市
https://www.softbank.jp/shop/search/detail/K403/,softbank-tawaramoto,ソフトバンク 田原本,磯城郡田原本町
https://www.softbank.jp/shop/search/detail/K404/,softbank-tenri,ソフトバンク 天理,天理市
https://www.softbank.jp/shop/search/detail/K405/,softbank-gakuemmae,ソフトバンク 学園前,奈良市
https://www.softbank.jp/shop/search/detail/K408/,softbank-ikoma,ソフトバンク 生駒,生駒市
https://www.softbank.jp/shop/search/detail/K409/,softbank-kashihara-jingumae,ソフトバンク 橿原神宮前,橿原市
https://www.softbank.jp/shop/search/detail/K410/,softbank-oji,ソフトバンク 王寺,北葛城郡王寺町
https://www.softbank.jp/shop/search/detail/K411/,softbank-yamatotakada,ソフトバンク 大和高田,大和高田市
https://www.softbank.jp/shop/search/detail/K412/,softbank-shin-omiya,ソフトバンク 新大宮,奈良市
https://www.softbank.jp/shop/search/detail/K413/,softbank-nara-kitanosho,ソフトバンク 奈良北之庄,奈良市
https://www.softbank.jp/shop/search/detail/K415/,softbank-gose,ソフトバンク 御所,御所市
https://www.softbank.jp/shop/search/detail/K416/,softbank-oshikuma,ソフトバンク 押熊,奈良市
https://www.softbank.jp/shop/search/detail/K417/,softbank-hanna-ni-jo,ソフトバンク 阪奈二条,奈良市
https://www.softbank.jp/shop/search/detail/K419/,softbank-aeon-mall-nara-tomi-ke-oka,ソフトバンク イオンモール奈良登美ヶ丘,生駒市
https://www.softbank.jp/shop/search/detail/K423/,softbank-mami-ke-oka,ソフトバンク 真美ヶ丘,香芝市
https://www.softbank.jp/shop/search/detail/K425/,softbank-aeon-mall-kashihara,ソフトバンク イオンモール橿原,橿原市
https://www.softbank.jp/shop/search/detail/K426/,softbank-ikoma-nabatake,ソフトバンク 生駒菜畑,生駒市
https://www.softbank.jp/shop/search/detail/K427/,softbank-aeon-mall-yamatokoriyama,ソフトバンク イオンモール大和郡山,大和郡山市
https://www.softbank.jp/shop/search/detail/K500/,softbank-mizuguchi,ソフトバンク 水口,甲賀市
https://www.softbank.jp/shop/search/detail/K501/,softbank-foreo-otsu-ichiriyama,ソフトバンク フォレオ大津一里山,大津市
https://www.softbank.jp/shop/search/detail/K506/,softbank-minami-kusatsu-ekimae,ソフトバンク 南草津駅前,草津市
https://www.softbank.jp/shop/search/detail/K507/,softbank-kusatsu-ei-sukuea,ソフトバンク 草津エイスクエア,草津市
https://www.softbank.jp/shop/search/detail/K510/,softbank-moriyama,ソフトバンク 守山,守山市
https://www.softbank.jp/shop/search/detail/K511/,softbank-omihachiman,ソフトバンク 近江八幡,近江八幡市
https://www.softbank.jp/shop/search/detail/K512/,softbank-nagahama,ソフトバンク 長浜,長浜市
https://www.softbank.jp/shop/search/detail/K514/,softbank-kosai,ソフトバンク 甲西,湖南市
https://www.softbank.jp/shop/search/detail/K515/,softbank-yokaichi,ソフトバンク 八日市,東近江市
https://www.softbank.jp/shop/search/detail/K516/,softbank-hikone,ソフトバンク 彦根,彦根市
https://www.softbank.jp/shop/search/detail/K517/,softbank-katada,ソフトバンク 堅田,大津市
https://www.softbank.jp/shop/search/detail/K518/,softbank-ritto,ソフトバンク 栗東,栗東市
https://www.softbank.jp/shop/search/detail/K521/,softbank-aeon-taun-hikone,ソフトバンク イオンタウン彦根,彦根市
https://www.softbank.jp/shop/search/detail/K524/,softbank-aru-puraza-yasu,ソフトバンク アル・プラザ野洲,野洲市
https://www.softbank.jp/shop/search/detail/K528/,softbank-aeon-mall-kusatsu,ソフトバンク イオンモール草津,草津市
https://www.softbank.jp/shop/search/detail/K529/,softbank-adogawa,ソフトバンク 安曇川,高島市
https://www.softbank.jp/shop/search/detail/K531/,softbank-notogawa,ソフトバンク 能登川,東近江市
https://www.softbank.jp/shop/search/detail/K600/,softbank-wakayama-kita,ソフトバンク 和歌山北,和歌山市
https://www.softbank.jp/shop/search/detail/K601/,softbank-nangai-shi-ekimae,ソフトバンク 南海市駅前,和歌山市
https://www.softbank.jp/shop/search/detail/K602/,softbank-kokutai-doro,ソフトバンク 国体道路,和歌山市
https://www.softbank.jp/shop/search/detail/K604/,softbank-iwade,ソフトバンク 岩出,岩出市
https://www.softbank.jp/shop/search/detail/K605/,softbank-ari-da,ソフトバンク ありだ,有田市
https://www.softbank.jp/shop/search/detail/K606/,softbank-o-sutorito-wakayama-kita,ソフトバンク オーストリート和歌山北,和歌山市
https://www.softbank.jp/shop/search/detail/K607/,softbank-kii-tanabe,ソフトバンク 紀伊田辺,田辺市
https://www.softbank.jp/shop/search/detail/K609/,softbank-hashimoto,ソフトバンク 橋本,橋本市
https://www.softbank.jp/shop/search/detail/K611/,softbank-shingu,ソフトバンク 新宮,新宮市
https://www.softbank.jp/shop/search/detail/K614/,softbank-wakayama-yakata-dori,ソフトバンク 和歌山屋形通り,和歌山市
https://www.softbank.jp/shop/search/detail/K615/,softbank-pabirion-shiti-tanabe,ソフトバンク パビリオンシティ田辺,田辺市
https://www.softbank.jp/shop/search/detail/K619/,softbank-iwade-baipasu-nakajima,ソフトバンク 岩出バイパス中島,岩出市
https://www.softbank.jp/shop/search/detail/KB02/,softbank-rasupa-nishi-yamato,ソフトバンク ラスパ西大和,北葛城郡上牧町
https://www.softbank.jp/shop/search/detail/KB05/,softbank-aeon-mall-inagawa,ソフトバンク イオンモール猪名川,川辺郡猪名川町
https://www.softbank.jp/shop/search/detail/KB07/,softbank-kashiba-inter,ソフトバンク 香芝インター,香芝市
https://www.softbank.jp/shop/search/detail/KB08/,softbank-aeon-mall-kyoto-katsuragawa,ソフトバンク イオンモール京都桂川,京都市南区
https://www.softbank.jp/shop/search/detail/KB10/,softbank-lalaport-izumi,ソフトバンク ららぽーと和泉,和泉市
https://www.softbank.jp/shop/search/detail/KB11/,softbank-shugakuin,ソフトバンク 修学院,京都市左京区
https://www.softbank.jp/shop/search/detail/KB12/,softbank-hirakata-higashikori,ソフトバンク 枚方東香里,枚方市
https://www.softbank.jp/shop/search/detail/KB14/,softbank-shonai-eki-mae,ソフトバンク 庄内駅前,豊中市
https://www.softbank.jp/shop/search/detail/KB15/,softbank-takada-baipasu,ソフトバンク 高田バイパス,大和高田市
https://www.softbank.jp/shop/search/detail/KB16/,softbank-nagai-eki-mae,ソフトバンク 長居駅前,大阪市住吉区
https://www.softbank.jp/shop/search/detail/KB18/,softbank-kitakagaya,ソフトバンク 北加賀屋,大阪市住之江区
https://www.softbank.jp/shop/search/detail/KB20/,softbank-pieri-moriyama,ソフトバンク ピエリ守山,守山市
https://www.softbank.jp/shop/search/detail/KB24/,softbank-awaji-eki-mae,ソフトバンク 淡路駅前,大阪市東淀川区
https://www.softbank.jp/shop/search/detail/KB26/,softbank-miyamaki,ソフトバンク 三山木,京田辺市
https://www.softbank.jp/shop/search/detail/KB28/,softbank-aeon-mall-shijonawate,ソフトバンク イオンモール四條畷,四條畷市
https://www.softbank.jp/shop/search/detail/KB29/,softbank-lalaport-expocity,ソフトバンク ららぽーとＥＸＰＯＣＩＴＹ,吹田市
https://www.softbank.jp/shop/search/detail/KB32/,softbank-aeon-mall-sakai-teppo-machi,ソフトバンク イオンモール堺鉄砲町,堺市堺区
https://www.softbank.jp/shop/search/detail/KB33/,softbank-ishiyama,ソフトバンク 石山,大津市
https://www.softbank.jp/shop/search/detail/KB35/,softbank-wakae,ソフトバンク 若江,東大阪市
https://www.softbank.jp/shop/search/detail/KB38/,softbank-aeon-mall-rin-kuu-sennan,ソフトバンク イオンモールりんくう泉南,泉南市
https://www.softbank.jp/shop/search/detail/KB39/,softbank-kimu-tsuyoshi-r-310,ソフトバンク 金剛Ｒ３１０,大阪狭山市
https://www.softbank.jp/shop/search/detail/KB40/,softbank-aeon-mall-wakayama,ソフトバンク イオンモール和歌山,和歌山市
https://www.softbank.jp/shop/search/detail/KB41/,softbank-nara-famiri,ソフトバンク ならファミリー,奈良市
https://www.softbank.jp/shop/search/detail/KB43/,softbank-mori-nomi-ya-kyuzumoru-base,ソフトバンク もりのみやキューズモールＢＡＳＥ,大阪市中央区
https://www.softbank.jp/shop/search/detail/KB44/,softbank-buru-meru-hat-kobe,ソフトバンク ブルメールＨＡＴ神戸,神戸市中央区
https://www.softbank.jp/shop/search/detail/KB47/,softbank-namba-sukaio,ソフトバンク なんばスカイオ,大阪市中央区
https://www.softbank.jp/shop/search/detail/KB48/,softbank-chishima-gaden-moru,ソフトバンク 千島ガーデンモール,大阪市大正区
https://www.softbank.jp/shop/search/detail/KB51/,softbank-hankyu-nishinomiya-gadenzu,ソフトバンク 阪急西宮ガーデンズ,西宮市
https://www.softbank.jp/shop/search/detail/KB52/,softbank-ikeda-ikedia,ソフトバンク 池田ＩＫＥＤＩＡ,池田市
https://www.softbank.jp/shop/search/detail/KB54/,softbank-roman-shiti-gobo,ソフトバンク ロマンシティ御坊,御坊市
https://www.softbank.jp/shop/search/detail/KB55/,softbank-aeon-sumoto,ソフトバンク イオン洲本,洲本市
https://www.softbank.jp/shop/search/detail/KB56/,softbank-raku-kitasaka-kyu-sukuea,ソフトバンク 洛北阪急スクエア,京都市左京区
https://www.softbank.jp/shop/search/detail/KB57/,softbank-branch-otsu-kyo,ソフトバンク ＢＲＡＮＣＨ大津京,大津市
https://www.softbank.jp/shop/search/detail/KB58/,softbank-kainan,ソフトバンク 海南,海南市
https://www.softbank.jp/shop/search/detail/KB59/,softbank-mino-o-kyuzumoru,ソフトバンク みのおキューズモール,箕面市
https://www.softbank.jp/shop/search/detail/KB60/,softbank-minatogawa-paku-taun,ソフトバンク 湊川パークタウン,神戸市兵庫区
https://www.softbank.jp/shop/search/detail/KB63/,softbank-aeon-mall-osakadomu-shiti,ソフトバンク イオンモール大阪ドームシティ,大阪市西区
https://www.softbank.jp/shop/search/detail/KB64/,softbank-sebun-paku-amami,ソフトバンク セブンパーク天美,松原市
https://www.softbank.jp/shop/search/detail/KB65/,softbank-wakayama,ソフトバンク 和歌山,和歌山市
https://www.softbank.jp/shop/search/detail/KB67/,softbank-lalaport-sakai,ソフトバンク ららぽーと堺,堺市美原区
https://www.softbank.jp/shop/search/detail/KB68/,softbank-okamoto,ソフトバンク 岡本,神戸市東灘区
https://www.softbank.jp/shop/search/detail/KB69/,softbank-lalaport-kadoma,ソフトバンク ららぽーと門真,門真市
https://www.softbank.jp/shop/search/detail/KB70/,softbank-aeon-mall-kyoto,ソフトバンク イオンモールＫＹＯＴＯ,京都市南区
https://www.softbank.jp/shop/search/detail/KB71/,softbank-aeon-mall-takanohara,ソフトバンク イオンモール高の原,木津川市
https://www.softbank.jp/shop/search/detail/KB73/,softbank-nagaoka-tenjin,ソフトバンク 長岡天神,長岡京市
https://www.softbank.jp/shop/search/detail/KB75/,softbank-aeon-fujiidera,ソフトバンク イオン藤井寺,藤井寺市
https://www.softbank.jp/shop/search/detail/KB77/,softbank-kishiwada-kankambeisaidomoru,ソフトバンク 岸和田カンカンベイサイドモール,岸和田市
https://www.softbank.jp/shop/search/detail/KB80/,softbank-shop-sateraito-hitachi,ソフトバンク ショップサテライト常盤,京都市右京区
https://www.softbank.jp/shop/search/detail/KB81/,softbank-shop-sateraito-esaka,ソフトバンク ショップサテライト江坂,吹田市
https://www.softbank.jp/shop/search/detail/KB82/,softbank-shop-sateraito-aeon-mall-himeji-otsu,ソフトバンク ショップサテライトイオンモール姫路大津,姫路市大津区
https://www.softbank.jp/shop/search/detail/N111/,softbank-aru-paku,ソフトバンク アルパーク,広島市西区
https://www.softbank.jp/shop/search/detail/N114/,softbank-itsukaichi-shiroyama,ソフトバンク 五日市城山,広島市佐伯区
https://www.softbank.jp/shop/search/detail/N115/,softbank-hiroshima-dambara-shoppingu-senta,ソフトバンク 広島段原ショッピングセンター,広島市南区
https://www.softbank.jp/shop/search/detail/N127/,softbank-aeon-mihara,ソフトバンク イオン三原,三原市
https://www.softbank.jp/shop/search/detail/N130/,softbank-kabe-baipasu,ソフトバンク 可部バイパス,広島市安佐北区
https://www.softbank.jp/shop/search/detail/N135/,softbank-fujiguran-aki,ソフトバンク フジグラン安芸,安芸郡坂町
https://www.softbank.jp/shop/search/detail/N137/,softbank-aeon-mall-hiroshima-fuchu,ソフトバンク イオンモール広島府中,安芸郡府中町
https://www.softbank.jp/shop/search/detail/N141/,softbank-yumetaun-fukuyama,ソフトバンク ゆめタウン福山,福山市
https://www.softbank.jp/shop/search/detail/N144/,softbank-fukuyama-ekiya,ソフトバンク 福山駅家,福山市
https://www.softbank.jp/shop/search/detail/N147/,softbank-minamimatsunaga,ソフトバンク 南松永,福山市
https://www.softbank.jp/shop/search/detail/N148/,softbank-higashi-onomichi,ソフトバンク 東尾道,尾道市
https://www.softbank.jp/shop/search/detail/N150/,softbank-hiroekimae,ソフトバンク 広駅前,呉市
https://www.softbank.jp/shop/search/detail/N152/,softbank-saijo-chuo,ソフトバンク 西条中央,東広島市
https://www.softbank.jp/shop/search/detail/N154/,softbank-takaya,ソフトバンク 高屋,東広島市
https://www.softbank.jp/shop/search/detail/N156/,softbank-yumetaun-otake,ソフトバンク ゆめタウン大竹,大竹市
https://www.softbank.jp/shop/search/detail/N157/,softbank-mitsugi-san-gurin,ソフトバンク 三次サングリーン,三次市
https://www.softbank.jp/shop/search/detail/N160/,softbank-hatsukaichi-shi,ソフトバンク 廿日市,廿日市
https://www.softbank.jp/shop/search/detail/N162/,softbank-saijo-doyo-maru,ソフトバンク 西条土与丸,東広島市
https://www.softbank.jp/shop/search/detail/N163/,softbank-aeon-taun-rakurakuen,ソフトバンク イオンタウン楽々園,広島市佐伯区
https://www.softbank.jp/shop/search/detail/N164/,softbank-hiro-kokusai-dori,ソフトバンク 広国際通り,呉市
https://www.softbank.jp/shop/search/detail/N165/,softbank-ko-hi-chuo,ソフトバンク 高陽中央,広島市安佐北区
https://www.softbank.jp/shop/search/detail/N168/,softbank-takehara,ソフトバンク 竹原,竹原市
https://www.softbank.jp/shop/search/detail/N169/,softbank-yumetaun-etajima,ソフトバンク ゆめタウン江田島,江田島市
https://www.softbank.jp/shop/search/detail/N170/,softbank-kurose,ソフトバンク 黒瀬,東広島市
https://www.softbank.jp/shop/search/detail/N172/,softbank-yoshida,ソフトバンク 吉田,安芸高田市
https://www.softbank.jp/shop/search/detail/N173/,softbank-aida,ソフトバンク 相田,広島市安佐南区
https://www.softbank.jp/shop/search/detail/N175/,softbank-kaita-chuo,ソフトバンク 海田中央,安芸郡海田町
https://www.softbank.jp/shop/search/detail/N176/,softbank-yakeyama,ソフトバンク 焼山,呉市
https://www.softbank.jp/shop/search/detail/N177/,softbank-hachihommatsu,ソフトバンク 八本松,東広島市
https://www.softbank.jp/shop/search/detail/N182/,softbank-sanribu-itsukaichi,ソフトバンク サンリブ五日市,広島市佐伯区
https://www.softbank.jp/shop/search/detail/N185/,softbank-yokogawa-eki,ソフトバンク 横川駅,広島市西区
https://www.softbank.jp/shop/search/detail/N186/,softbank-sansu-te-fukuyama,ソフトバンク さんすて福山,福山市
https://www.softbank.jp/shop/search/detail/N187/,softbank-fukuyama-higashi-yubin-kyoku-mae,ソフトバンク 福山東郵便局前,福山市
https://www.softbank.jp/shop/search/detail/N190/,softbank-zao,ソフトバンク 蔵王,福山市
https://www.softbank.jp/shop/search/detail/N193/,softbank-nogami,ソフトバンク 野上,福山市
https://www.softbank.jp/shop/search/detail/N198/,softbank-kodai-mae,ソフトバンク 広大前,東広島市
https://www.softbank.jp/shop/search/detail/N1A0/,softbank-kannon,ソフトバンク 観音,広島市西区
https://www.softbank.jp/shop/search/detail/N1A2/,softbank-labi-hiroshima,ソフトバンク ＬＡＢＩ広島,広島市中区
https://www.softbank.jp/shop/search/detail/N1A4/,softbank-onomichi,ソフトバンク 尾道,尾道市
https://www.softbank.jp/shop/search/detail/N1A5/,softbank-kogo,ソフトバンク 庚午,広島市西区
https://www.softbank.jp/shop/search/detail/N1A7/,softbank-hiroshima-hondori-shoten-gai,ソフトバンク 広島本通商店街,広島市中区
https://www.softbank.jp/shop/search/detail/N1A8/,softbank-innoshima,ソフトバンク 因島,尾道市
https://www.softbank.jp/shop/search/detail/N1B3/,softbank-akebono,ソフトバンク あけぼの,福山市
https://www.softbank.jp/shop/search/detail/N1B8/,softbank-yumetaun-kure,ソフトバンク ゆめタウン呉,呉市
https://www.softbank.jp/shop/search/detail/N1B9/,softbank-marunaka-kabe,ソフトバンク マルナカ可部,広島市安佐北区
https://www.softbank.jp/shop/search/detail/N1C3/,softbank-yumetaun-miyuki,ソフトバンク ゆめタウンみゆき,広島市南区
https://www.softbank.jp/shop/search/detail/N1C5/,softbank-tomohigashi,ソフトバンク 伴東,広島市安佐南区
https://www.softbank.jp/shop/search/detail/N1C7/,softbank-yumetaun-hiroshima,ソフトバンク ゆめタウン広島,広島市南区
https://www.softbank.jp/shop/search/detail/N1C8/,softbank-sera,ソフトバンク 世羅,世羅郡世羅町
https://www.softbank.jp/shop/search/detail/N1D1/,softbank-hondori-eki-mae,ソフトバンク 本通駅前,広島市中区
https://www.softbank.jp/shop/search/detail/N1D3/,softbank-aeon-mall-hiroshima-gion,ソフトバンク イオンモール広島祇園,広島市安佐南区
https://www.softbank.jp/shop/search/detail/N1D4/,softbank-foreo-hiroshima-higashi,ソフトバンク フォレオ広島東,広島市東区
https://www.softbank.jp/shop/search/detail/N1D6/,softbank-eru-eru-hiroshima-eki-mae,ソフトバンク エールエール広島駅前,広島市南区
https://www.softbank.jp/shop/search/detail/N1D7/,softbank-fujiguran-midorii,ソフトバンク フジグラン緑井,広島市安佐南区
https://www.softbank.jp/shop/search/detail/N1D8/,softbank-fujiguran-hiroshima,ソフトバンク フジグラン広島,広島市中区
https://www.softbank.jp/shop/search/detail/N203/,softbank-okayama-hirai,ソフトバンク 岡山平井,岡山市中区
https://www.softbank.jp/shop/search/detail/N206/,softbank-mizushima-kanda,ソフトバンク 水島神田,倉敷市
https://www.softbank.jp/shop/search/detail/N209/,softbank-nimi,ソフトバンク 新見,新見市
https://www.softbank.jp/shop/search/detail/N210/,softbank-sosha,ソフトバンク 総社,総社市
https://www.softbank.jp/shop/search/detail/N215/,softbank-temmaya-hapizu-saidaiji-moru,ソフトバンク 天満屋ハピーズ西大寺モール,岡山市東区
https://www.softbank.jp/shop/search/detail/N216/,softbank-kurashiki-tanoue,ソフトバンク 倉敷田ノ上,倉敷市
https://www.softbank.jp/shop/search/detail/N217/,softbank-marunaka-shin-kurashiki,ソフトバンク マルナカ新倉敷,倉敷市
https://www.softbank.jp/shop/search/detail/N219/,softbank-mizushima,ソフトバンク 水島,倉敷市
https://www.softbank.jp/shop/search/detail/N220/,softbank-aeon-mall-kurashiki,ソフトバンク イオンモール倉敷,倉敷市
https://www.softbank.jp/shop/search/detail/N222/,softbank-kojima,ソフトバンク 児島,倉敷市
https://www.softbank.jp/shop/search/detail/N223/,softbank-tamano-meruka,ソフトバンク 玉野メルカ,玉野市
https://www.softbank.jp/shop/search/detail/N225/,softbank-kamogata,ソフトバンク 鴨方,浅口市
https://www.softbank.jp/shop/search/detail/N230/,softbank-tsuyama-kawabe,ソフトバンク 津山河辺,津山市
https://www.softbank.jp/shop/search/detail/N235/,softbank-tsuyama-odanaka,ソフトバンク 津山小田中,津山市
https://www.softbank.jp/shop/search/detail/N237/,softbank-senoo,ソフトバンク 妹尾,岡山市南区
https://www.softbank.jp/shop/search/detail/N239/,softbank-tamano-beni-hi-dai,ソフトバンク 玉野紅陽台,玉野市
https://www.softbank.jp/shop/search/detail/N240/,softbank-masuno,ソフトバンク 益野,岡山市東区
https://www.softbank.jp/shop/search/detail/N241/,softbank-aku-rosu-puraza-okaminami,ソフトバンク アクロスプラザ岡南,岡山市南区
https://www.softbank.jp/shop/search/detail/N244/,softbank-marunaka-niwase,ソフトバンク マルナカ庭瀬,岡山市北区
https://www.softbank.jp/shop/search/detail/N245/,softbank-higashikawara,ソフトバンク 東川原,岡山市中区
https://www.softbank.jp/shop/search/detail/N246/,softbank-marunaka-hirashima,ソフトバンク マルナカ平島,岡山市東区
https://www.softbank.jp/shop/search/detail/N249/,softbank-yume-moru-san-yo,ソフトバンク ゆめモール山陽,赤磐市
https://www.softbank.jp/shop/search/detail/N251/,softbank-kasaoka,ソフトバンク 笠岡,笠岡市
https://www.softbank.jp/shop/search/detail/N253/,softbank-yumetaun-takahashi,ソフトバンク ゆめタウン高梁,高梁市
https://www.softbank.jp/shop/search/detail/N256/,softbank-kurashiki-nakajima,ソフトバンク 倉敷中島,倉敷市
https://www.softbank.jp/shop/search/detail/N258/,softbank-shimonakano,ソフトバンク 下中野,岡山市北区
https://www.softbank.jp/shop/search/detail/N259/,softbank-kurashiki-nakasho,ソフトバンク 倉敷中庄,倉敷市
https://www.softbank.jp/shop/search/detail/N260/,softbank-sasaoki,ソフトバンク 笹沖,倉敷市
https://www.softbank.jp/shop/search/detail/N261/,softbank-ihara,ソフトバンク 井原,井原市
https://www.softbank.jp/shop/search/detail/N266/,softbank-nishinagase,ソフトバンク 西長瀬,岡山市北区
https://www.softbank.jp/shop/search/detail/N269/,softbank-shin-kurashiki-ekimae,ソフトバンク 新倉敷駅前,倉敷市
https://www.softbank.jp/shop/search/detail/N270/,softbank-yumetaun-oku,ソフトバンク ゆめタウン邑久,瀬戸内市
https://www.softbank.jp/shop/search/detail/N273/,softbank-higashi-okayama,ソフトバンク 東岡山,岡山市中区
https://www.softbank.jp/shop/search/detail/N275/,softbank-noda,ソフトバンク 野田,岡山市北区
https://www.softbank.jp/shop/search/detail/N279/,softbank-edion-kurashiki-hon,ソフトバンク エディオン倉敷本店,倉敷市
https://www.softbank.jp/shop/search/detail/N282/,softbank-ario-kurashiki,ソフトバンク アリオ倉敷,倉敷市
https://www.softbank.jp/shop/search/detail/N303/,softbank-ono-da-sampaku,ソフトバンク おのだサンパーク,山陽小野田市
https://www.softbank.jp/shop/search/detail/N305/,softbank-fujiguran-ube,ソフトバンク フジグラン宇部,宇部市
https://www.softbank.jp/shop/search/detail/N315/,softbank-shimoru-shimonoseki,ソフトバンク シーモール下関,下関市
https://www.softbank.jp/shop/search/detail/N323/,softbank-yumetaun-ube,ソフトバンク ゆめタウン宇部,宇部市
https://www.softbank.jp/shop/search/detail/N324/,softbank-shimonoseki-yamanota,ソフトバンク 下関山の田,下関市
https://www.softbank.jp/shop/search/detail/N327/,softbank-yumetaun-minami-iwakuni,ソフトバンク ゆめタウン南岩国,岩国市
https://www.softbank.jp/shop/search/detail/N328/,softbank-hofu-chuo,ソフトバンク 防府中央,防府市
https://www.softbank.jp/shop/search/detail/N331/,softbank-iwakuni-muronoki,ソフトバンク 岩国室の木,岩国市
https://www.softbank.jp/shop/search/detail/N334/,softbank-aeon-taun-hofu,ソフトバンク イオンタウン防府,防府市
https://www.softbank.jp/shop/search/detail/N340/,softbank-tokuyama-higashi,ソフトバンク 徳山東,周南市
https://www.softbank.jp/shop/search/detail/N341/,softbank-hoshi-puraza-shimomatsu,ソフトバンク 星プラザ下松,下松市
https://www.softbank.jp/shop/search/detail/N342/,softbank-yumetaun-tokuyama,ソフトバンク ゆめタウン徳山,周南市
https://www.softbank.jp/shop/search/detail/N343/,softbank-aeon-hikari,ソフトバンク イオン光,光市
https://www.softbank.jp/shop/search/detail/N348/,softbank-yanai-chuo,ソフトバンク 柳井中央,柳井市
https://www.softbank.jp/shop/search/detail/N352/,softbank-shinnan-yo,ソフトバンク 新南陽,周南市
https://www.softbank.jp/shop/search/detail/N354/,softbank-sampaku-a-jisu,ソフトバンク サンパークあじす,山口市
https://www.softbank.jp/shop/search/detail/N355/,softbank-aeon-hofu,ソフトバンク イオン防府,防府市
https://www.softbank.jp/shop/search/detail/N356/,softbank-yumetaun-cho-fu,ソフトバンク ゆめタウン長府,下関市
https://www.softbank.jp/shop/search/detail/N358/,softbank-yumetaun-yamaguchi,ソフトバンク ゆめタウン山口,山口市
https://www.softbank.jp/shop/search/detail/N362/,softbank-aeon-taun-ogori,ソフトバンク イオンタウン小郡,山口市
https://www.softbank.jp/shop/search/detail/N365/,softbank-yume-shiti,ソフトバンク ゆめシティ,下関市
https://www.softbank.jp/shop/search/detail/N402/,softbank-yonago-maibara,ソフトバンク 米子米原,米子市
https://www.softbank.jp/shop/search/detail/N408/,softbank-tottori-chuo,ソフトバンク 鳥取中央,鳥取市
https://www.softbank.jp/shop/search/detail/N409/,softbank-tottori-koyama,ソフトバンク 鳥取湖山,鳥取市
https://www.softbank.jp/shop/search/detail/N410/,softbank-kurayoshi-chuo,ソフトバンク 倉吉中央,倉吉市
https://www.softbank.jp/shop/search/detail/N419/,softbank-yonago-chuo,ソフトバンク 米子中央,米子市
https://www.softbank.jp/shop/search/detail/N421/,softbank-tottori-miyanaga,ソフトバンク 鳥取宮長,鳥取市
https://www.softbank.jp/shop/search/detail/N502/,softbank-izumo,ソフトバンク 出雲,出雲市
https://www.softbank.jp/shop/search/detail/N506/,softbank-matsue-gakuen-dori-minami,ソフトバンク 松江学園通南,松江市
https://www.softbank.jp/shop/search/detail/N507/,softbank-matsue-chuo,ソフトバンク 松江中央,松江市
https://www.softbank.jp/shop/search/detail/N517/,softbank-matsue-tawa-san,ソフトバンク 松江田和山,松江市
https://www.softbank.jp/shop/search/detail/N520/,softbank-yumetaun-hamada,ソフトバンク ゆめタウン浜田,浜田市
https://www.softbank.jp/shop/search/detail/N522/,softbank-yumetaun-izumo,ソフトバンク ゆめタウン出雲,出雲市
https://www.softbank.jp/shop/search/detail/NA00/,softbank-aeon-mall-okayama,ソフトバンク イオンモール岡山,岡山市北区
https://www.softbank.jp/shop/search/detail/NA02/,softbank-yamaguchi-daigakumae,ソフトバンク 山口大学前,山口市
https://www.softbank.jp/shop/search/detail/NA03/,softbank-yumetaun-hatsukaichi-shi,ソフトバンク ゆめタウン廿日市,廿日市
https://www.softbank.jp/shop/search/detail/NA05/,softbank-yonago-kaike,ソフトバンク 米子皆生,米子市
https://www.softbank.jp/shop/search/detail/NA06/,softbank-kurayoshi,ソフトバンク 倉吉,倉吉市
https://www.softbank.jp/shop/search/detail/NA07/,softbank-bizen,ソフトバンク 備前,備前市
https://www.softbank.jp/shop/search/detail/NA08/,softbank-kambe,ソフトバンク 神辺,福山市
https://www.softbank.jp/shop/search/detail/NA10/,softbank-aeon-mall-izumo,ソフトバンク イオンモール出雲,出雲市
https://www.softbank.jp/shop/search/detail/NA11/,softbank-hagi,ソフトバンク 萩,萩市
https://www.softbank.jp/shop/search/detail/NA13/,softbank-aeon-matsue,ソフトバンク イオン松江,松江市
https://www.softbank.jp/shop/search/detail/NA14/,softbank-aeon-mall-hiezu,ソフトバンク イオンモール日吉津,西伯郡日吉津村
https://www.softbank.jp/shop/search/detail/NA15/,softbank-aeon-mall-tottori-kita,ソフトバンク イオンモール鳥取北,鳥取市
https://www.softbank.jp/shop/search/detail/NA16/,softbank-okayama-nibo,ソフトバンク 岡山新保,岡山市南区
https://www.softbank.jp/shop/search/detail/NA17/,softbank-mihara-miyanoura,ソフトバンク 三原宮浦,三原市
https://www.softbank.jp/shop/search/detail/NA19/,softbank-yumetaun-masuda,ソフトバンク ゆめタウン益田,益田市
https://www.softbank.jp/shop/search/detail/NA20/,softbank-sakaiminato,ソフトバンク 境港,境港市
https://www.softbank.jp/shop/search/detail/NA21/,softbank-furesutamorukajiru-tsu-to,ソフトバンク フレスタモールカジル津島,岡山市北区
https://www.softbank.jp/shop/search/detail/NA22/,softbank-yumetaun-kuse,ソフトバンク ゆめタウン久世,真庭市
https://www.softbank.jp/shop/search/detail/NA23/,softbank-aeon-taun-ota,ソフトバンク イオンタウン大田,大田市
https://www.softbank.jp/shop/search/detail/NA24/,softbank-jiautoretto-hiroshima,ソフトバンク ジアウトレット広島,広島市佐伯区
https://www.softbank.jp/shop/search/detail/NA25/,softbank-fuchu-temmaya,ソフトバンク 府中天満屋,府中市
https://www.softbank.jp/shop/search/detail/NA27/,softbank-lect-hiroshima-t-site,ソフトバンク ＬＥＣＴ広島Ｔ‐ＳＩＴＥ,広島市西区
https://www.softbank.jp/shop/search/detail/NA28/,softbank-fujiguran-kambe,ソフトバンク フジグラン神辺,福山市
https://www.softbank.jp/shop/search/detail/NA29/,softbank-kurashiki-inter,ソフトバンク 倉敷インター,倉敷市
https://www.softbank.jp/shop/search/detail/Q101/,softbank-hara-chugakko-mae,ソフトバンク 原中学校前,福岡市早良区
https://www.softbank.jp/shop/search/detail/Q103/,softbank-marushoku-shin-moritsune,ソフトバンク マルショク新守恒,北九州市小倉南区
https://www.softbank.jp/shop/search/detail/Q105/,softbank-chikugo,ソフトバンク 筑後,筑後市
https://www.softbank.jp/shop/search/detail/Q106/,softbank-yanakawa,ソフトバンク 柳川,柳川市
https://www.softbank.jp/shop/search/detail/Q107/,softbank-omuta,ソフトバンク 大牟田,大牟田市
https://www.softbank.jp/shop/search/detail/Q108/,softbank-okawa,ソフトバンク 大川,大川市
https://www.softbank.jp/shop/search/detail/Q109/,softbank-yumetaun-omuta,ソフトバンク ゆめタウン大牟田,大牟田市
https://www.softbank.jp/shop/search/detail/Q113/,softbank-wajiro,ソフトバンク 和白,福岡市東区
https://www.softbank.jp/shop/search/detail/Q114/,softbank-nakama,ソフトバンク 中間,中間市
https://www.softbank.jp/shop/search/detail/Q117/,softbank-nogata,ソフトバンク 直方,直方市
https://www.softbank.jp/shop/search/detail/Q123/,softbank-shime,ソフトバンク 志免,糟屋郡志免町
https://www.softbank.jp/shop/search/detail/Q125/,softbank-jiromaru,ソフトバンク 次郎丸,福岡市早良区
https://www.softbank.jp/shop/search/detail/Q128/,softbank-onojo-minami-ke-oka,ソフトバンク 大野城南ヶ丘,大野城市
https://www.softbank.jp/shop/search/detail/Q129/,softbank-noma,ソフトバンク 野間,福岡市南区
https://www.softbank.jp/shop/search/detail/Q133/,softbank-yukuhashi,ソフトバンク 行橋,行橋市
https://www.softbank.jp/shop/search/detail/Q139/,softbank-yukawa,ソフトバンク 湯川,北九州市小倉南区
https://www.softbank.jp/shop/search/detail/Q140/,softbank-aoki-fukuoka-shimizu,ソフトバンク ＡＯＫＩ福岡清水,福岡市南区
https://www.softbank.jp/shop/search/detail/Q141/,softbank-kuri-e-ito-munakata,ソフトバンク くりえいと宗像,宗像市
https://www.softbank.jp/shop/search/detail/Q149/,softbank-roppommatsu,ソフトバンク 六本松,福岡市中央区
https://www.softbank.jp/shop/search/detail/Q151/,softbank-onga,ソフトバンク 遠賀,遠賀郡遠賀町
https://www.softbank.jp/shop/search/detail/Q152/,softbank-miya-waka,ソフトバンク 宮若,宮若市
https://www.softbank.jp/shop/search/detail/Q163/,softbank-wakamatsu-takasu,ソフトバンク 若松高須,北九州市若松区
https://www.softbank.jp/shop/search/detail/Q167/,softbank-maimatsubara,ソフトバンク 舞松原,福岡市東区
https://www.softbank.jp/shop/search/detail/Q173/,softbank-maehara,ソフトバンク 前原,糸島市
https://www.softbank.jp/shop/search/detail/Q174/,softbank-yodobashikamera-hakata,ソフトバンク ヨドバシカメラ博多,福岡市博多区
https://www.softbank.jp/shop/search/detail/Q175/,softbank-nishijin,ソフトバンク 西新,福岡市早良区
https://www.softbank.jp/shop/search/detail/Q177/,softbank-ogori,ソフトバンク 小郡,小郡市
https://www.softbank.jp/shop/search/detail/Q180/,softbank-chachataun-kokura,ソフトバンク チャチャタウン小倉,北九州市小倉北区
https://www.softbank.jp/shop/search/detail/Q181/,softbank-saya-ke-tani,ソフトバンク 鞘ヶ谷,北九州市戸畑区
https://www.softbank.jp/shop/search/detail/Q182/,softbank-fukuoka-tenjin,ソフトバンク 福岡天神,福岡市中央区
https://www.softbank.jp/shop/search/detail/Q185/,softbank-yumetaun-izuka,ソフトバンク ゆめタウン飯塚,飯塚市
https://www.softbank.jp/shop/search/detail/Q189/,softbank-branch-hakata-papiyongaden,ソフトバンク ＢＲＡＮＣＨ博多パピヨンガーデン,福岡市博多区
https://www.softbank.jp/shop/search/detail/Q190/,softbank-yumetaun-chikushino,ソフトバンク ゆめタウン筑紫野,筑紫野市
https://www.softbank.jp/shop/search/detail/Q191/,softbank-aku-rosu-moru-kasuga,ソフトバンク アクロスモール春日,春日市
https://www.softbank.jp/shop/search/detail/Q1A1/,softbank-kamitsu-baipasu,ソフトバンク 上津バイパス,久留米市
https://www.softbank.jp/shop/search/detail/Q1A4/,softbank-kyudai-gakken-toshi,ソフトバンク 九大学研都市,福岡市西区
https://www.softbank.jp/shop/search/detail/Q1A5/,softbank-hakata-marui,ソフトバンク 博多マルイ,福岡市博多区
https://www.softbank.jp/shop/search/detail/Q1A6/,softbank-onojo,ソフトバンク 大野城,大野城市
https://www.softbank.jp/shop/search/detail/Q1C5/,softbank-kurume-hommachi,ソフトバンク 久留米本町,久留米市
https://www.softbank.jp/shop/search/detail/Q1C6/,softbank-nakagawa,ソフトバンク 那珂川,那珂川市
https://www.softbank.jp/shop/search/detail/Q1C7/,softbank-hirao-ekimae,ソフトバンク 平尾駅前,福岡市南区
https://www.softbank.jp/shop/search/detail/Q1C8/,softbank-komasharu-moru-hakata,ソフトバンク コマーシャルモール博多,福岡市博多区
https://www.softbank.jp/shop/search/detail/Q1C9/,softbank-merukusu-tagawa,ソフトバンク メルクス田川,田川市
https://www.softbank.jp/shop/search/detail/Q1D4/,softbank-aeon-taun-kurosaki,ソフトバンク イオンタウン黒崎,北九州市八幡西区
https://www.softbank.jp/shop/search/detail/Q1D6/,softbank-moji,ソフトバンク 門司,北九州市門司区
https://www.softbank.jp/shop/search/detail/Q1D7/,softbank-shingu-chuo,ソフトバンク 新宮中央,糟屋郡新宮町
https://www.softbank.jp/shop/search/detail/Q1D8/,softbank-tsuda,ソフトバンク 津田,北九州市小倉南区
https://www.softbank.jp/shop/search/detail/Q1D9/,softbank-futsukaichi,ソフトバンク 二日市,筑紫野市
https://www.softbank.jp/shop/search/detail/Q1E2/,softbank-nakai,ソフトバンク 中井,北九州市小倉北区
https://www.softbank.jp/shop/search/detail/Q1E3/,softbank-yumetaun-hakata,ソフトバンク ゆめタウン博多,福岡市東区
https://www.softbank.jp/shop/search/detail/Q1E4/,softbank-amagi,ソフトバンク 甘木,朝倉市
https://www.softbank.jp/shop/search/detail/Q1E8/,softbank-yukuhashi-chuo,ソフトバンク 行橋中央,行橋市
https://www.softbank.jp/shop/search/detail/Q1F1/,softbank-nanakuma,ソフトバンク 七隈,福岡市城南区
https://www.softbank.jp/shop/search/detail/Q1F7/,softbank-tagawa-kawasaki,ソフトバンク 田川川崎,田川郡川崎町
https://www.softbank.jp/shop/search/detail/Q1F8/,softbank-chikugo-kita,ソフトバンク 筑後北,筑後市
https://www.softbank.jp/shop/search/detail/Q1G1/,softbank-hokusumobairusuteshon,ソフトバンク ホークスモバイルステーション,福岡市中央区
https://www.softbank.jp/shop/search/detail/Q1G2/,softbank-koga-hanami,ソフトバンク 古賀花見,古賀市
https://www.softbank.jp/shop/search/detail/Q1G3/,softbank-misuta-makkusu-itoshima,ソフトバンク ミスターマックス糸島,糸島市
https://www.softbank.jp/shop/search/detail/Q1G5/,softbank-harada-ekimae,ソフトバンク 原田駅前,筑紫野市
https://www.softbank.jp/shop/search/detail/Q1G6/,softbank-hara-yayoi,ソフトバンク 原弥生,福岡市早良区
https://www.softbank.jp/shop/search/detail/Q1G7/,softbank-tanushimaru,ソフトバンク 田主丸,久留米市
https://www.softbank.jp/shop/search/detail/Q1G8/,softbank-kasuya-nakahara,ソフトバンク 粕屋仲原,糟屋郡粕屋町
https://www.softbank.jp/shop/search/detail/Q1H2/,softbank-aeon-mall-nogata,ソフトバンク イオンモール直方,直方市
https://www.softbank.jp/shop/search/detail/Q1H3/,softbank-tagawa-natsuyoshi,ソフトバンク 田川夏吉,田川市
https://www.softbank.jp/shop/search/detail/Q1H4/,softbank-konoha-moru-hashimoto,ソフトバンク 木の葉モール橋本,福岡市西区
https://www.softbank.jp/shop/search/detail/Q1H5/,softbank-yame,ソフトバンク 八女,八女市
https://www.softbank.jp/shop/search/detail/Q1H8/,softbank-munakata-mitsuoka,ソフトバンク 宗像光岡,宗像市
https://www.softbank.jp/shop/search/detail/Q1I2/,softbank-yume-moru-nakagawa,ソフトバンク ゆめモール那珂川,那珂川市
https://www.softbank.jp/shop/search/detail/Q1I3/,softbank-tonoharu,ソフトバンク 唐原,福岡市東区
https://www.softbank.jp/shop/search/detail/Q1I4/,softbank-izuka-kayanomori,ソフトバンク 飯塚柏の森,飯塚市
https://www.softbank.jp/shop/search/detail/Q1I7/,softbank-kurume-yamakawa,ソフトバンク 久留米山川,久留米市
https://www.softbank.jp/shop/search/detail/Q1J2/,softbank-yahata-sangamori,ソフトバンク 八幡三ヶ森,北九州市八幡西区
https://www.softbank.jp/shop/search/detail/Q1J4/,softbank-kurume-shingo-gawa,ソフトバンク 久留米新合川,久留米市
https://www.softbank.jp/shop/search/detail/Q1J6/,softbank-mega-donkihote-fukushige,ソフトバンク ＭＥＧＡドン・キホーテ福重,福岡市西区
https://www.softbank.jp/shop/search/detail/Q1J8/,softbank-riba-woku-kitakyushu,ソフトバンク リバーウォーク北九州,北九州市小倉北区
https://www.softbank.jp/shop/search/detail/Q1K0/,softbank-chikuzen,ソフトバンク 筑前,朝倉郡筑前町
https://www.softbank.jp/shop/search/detail/Q1K1/,softbank-dazaifu-mukaizano,ソフトバンク 太宰府向佐野,太宰府市
https://www.softbank.jp/shop/search/detail/Q1K2/,softbank-kurume-hanahata,ソフトバンク 久留米花畑,久留米市
https://www.softbank.jp/shop/search/detail/Q1K3/,softbank-chayama,ソフトバンク 茶山,福岡市城南区
https://www.softbank.jp/shop/search/detail/Q1K5/,softbank-foreo-hakata,ソフトバンク フォレオ博多,福岡市博多区
https://www.softbank.jp/shop/search/detail/Q1K6/,softbank-aeon-mall-fukuoka,ソフトバンク イオンモール福岡,糟屋郡粕屋町
https://www.softbank.jp/shop/search/detail/Q1K7/,softbank-kanda-baipasu,ソフトバンク 苅田バイパス,京都郡苅田町
https://www.softbank.jp/shop/search/detail/Q1K8/,softbank-kadomatsu,ソフトバンク 門松,糟屋郡粕屋町
https://www.softbank.jp/shop/search/detail/Q1K9/,softbank-kokura-numa,ソフトバンク 小倉沼,北九州市小倉南区
https://www.softbank.jp/shop/search/detail/Q1L2/,softbank-kuzuhara,ソフトバンク 葛原,北九州市小倉南区
https://www.softbank.jp/shop/search/detail/Q1L4/,softbank-aeon-mall-yahatahigashi,ソフトバンク イオンモール八幡東,北九州市八幡東区
https://www.softbank.jp/shop/search/detail/Q1L5/,softbank-fukuoka-tenjinnishi-dori,ソフトバンク 福岡天神西通り,福岡市中央区
https://www.softbank.jp/shop/search/detail/Q1L7/,softbank-aeon-mari-nata-un,ソフトバンク イオンマリナタウン,福岡市西区
https://www.softbank.jp/shop/search/detail/Q1L9/,softbank-sanribu-shiti-kokura,ソフトバンク サンリブシティ小倉,北九州市小倉南区
https://www.softbank.jp/shop/search/detail/Q1M0/,softbank-noke,ソフトバンク 野芥,福岡市早良区
https://www.softbank.jp/shop/search/detail/Q1M1/,softbank-yoshimi-o,ソフトバンク 嘉麻,嘉麻市
https://www.softbank.jp/shop/search/detail/Q1M3/,softbank-toyomae,ソフトバンク 豊前,豊前市
https://www.softbank.jp/shop/search/detail/Q1M8/,softbank-aeon-mall-chikushino,ソフトバンク イオンモール筑紫野,筑紫野市
https://www.softbank.jp/shop/search/detail/Q1N0/,softbank-yumetaun-kurume,ソフトバンク ゆめタウン久留米,久留米市
https://www.softbank.jp/shop/search/detail/Q200/,softbank-saga-minami,ソフトバンク 佐賀南,佐賀市
https://www.softbank.jp/shop/search/detail/Q202/,softbank-aeon-mall-saga-yamato,ソフトバンク イオンモール佐賀大和,佐賀市
https://www.softbank.jp/shop/search/detail/Q203/,softbank-tosu,ソフトバンク 鳥栖,鳥栖市
https://www.softbank.jp/shop/search/detail/Q205/,softbank-yoshino-ke-sato,ソフトバンク 吉野ヶ里,神埼郡吉野ヶ里町
https://www.softbank.jp/shop/search/detail/Q206/,softbank-takeo,ソフトバンク 武雄,武雄市
https://www.softbank.jp/shop/search/detail/Q207/,softbank-kashima,ソフトバンク 鹿島,鹿島市
https://www.softbank.jp/shop/search/detail/Q208/,softbank-saga-chuo,ソフトバンク 佐賀中央,佐賀市
https://www.softbank.jp/shop/search/detail/Q209/,softbank-imari,ソフトバンク 伊万里,伊万里市
https://www.softbank.jp/shop/search/detail/Q211/,softbank-saga-hokubu-baipasu,ソフトバンク 佐賀北部バイパス,佐賀市
https://www.softbank.jp/shop/search/detail/Q213/,softbank-karatsu,ソフトバンク 唐津,唐津市
https://www.softbank.jp/shop/search/detail/Q217/,softbank-aeon-karatsu,ソフトバンク イオン唐津,唐津市
https://www.softbank.jp/shop/search/detail/Q221/,softbank-furesupo-tosu,ソフトバンク フレスポ鳥栖,鳥栖市
https://www.softbank.jp/shop/search/detail/Q223/,softbank-ogi,ソフトバンク 小城,小城市
https://www.softbank.jp/shop/search/detail/Q303/,softbank-kita-sasebo,ソフトバンク 北佐世保,佐世保市
https://www.softbank.jp/shop/search/detail/Q304/,softbank-haiki,ソフトバンク 早岐,佐世保市
https://www.softbank.jp/shop/search/detail/Q305/,softbank-mi-rai-nagasaki-kokowoku,ソフトバンク みらい長崎ココウォーク,長崎市
https://www.softbank.jp/shop/search/detail/Q306/,softbank-so-baipasu,ソフトバンク 諫早バイパス,諫早市
https://www.softbank.jp/shop/search/detail/Q307/,softbank-nagasaki-sumiyoshi,ソフトバンク 長崎住吉,長崎市
https://www.softbank.jp/shop/search/detail/Q308/,softbank-omura,ソフトバンク 大村,大村市
https://www.softbank.jp/shop/search/detail/Q313/,softbank-higashi-nagasaki,ソフトバンク 東長崎,長崎市
https://www.softbank.jp/shop/search/detail/Q315/,softbank-togitsu,ソフトバンク 時津,西彼杵郡時津町
https://www.softbank.jp/shop/search/detail/Q318/,softbank-shimabara,ソフトバンク 島原,島原市
https://www.softbank.jp/shop/search/detail/Q321/,softbank-nagasaki-sutajiamu-shiti,ソフトバンク 長崎スタジアムシティ,長崎市
https://www.softbank.jp/shop/search/detail/Q330/,softbank-sa-se-bo-go-ban-gai,ソフトバンク させぼ五番街,佐世保市
https://www.softbank.jp/shop/search/detail/Q331/,softbank-iki,ソフトバンク 壱岐,壱岐市
https://www.softbank.jp/shop/search/detail/Q332/,softbank-nagasaki-hamacho,ソフトバンク 長崎浜町,長崎市
https://www.softbank.jp/shop/search/detail/Q400/,softbank-beppu-aoyama,ソフトバンク 別府青山,別府市
https://www.softbank.jp/shop/search/detail/Q401/,softbank-komu-bokkusu-oita,ソフトバンク コムボックス大分,大分市
https://www.softbank.jp/shop/search/detail/Q404/,softbank-nitta,ソフトバンク 日田,日田市
https://www.softbank.jp/shop/search/detail/Q405/,softbank-nakatsu,ソフトバンク 中津,中津市
https://www.softbank.jp/shop/search/detail/Q406/,softbank-usa,ソフトバンク 宇佐,宇佐市
https://www.softbank.jp/shop/search/detail/Q407/,softbank-akeno,ソフトバンク 明野,大分市
https://www.softbank.jp/shop/search/detail/Q408/,softbank-daido,ソフトバンク 大道,大分市
https://www.softbank.jp/shop/search/detail/Q409/,softbank-takagi,ソフトバンク 高城,大分市
https://www.softbank.jp/shop/search/detail/Q410/,softbank-saiki,ソフトバンク 佐伯,佐伯市
https://www.softbank.jp/shop/search/detail/Q412/,softbank-oita-kencho-mae,ソフトバンク 大分県庁前,大分市
https://www.softbank.jp/shop/search/detail/Q418/,softbank-hinode,ソフトバンク 日出,速見郡日出町
https://www.softbank.jp/shop/search/detail/Q419/,softbank-ozai,ソフトバンク 大在,大分市
https://www.softbank.jp/shop/search/detail/Q421/,softbank-morimachi,ソフトバンク 森町,大分市
https://www.softbank.jp/shop/search/detail/Q422/,softbank-yumetaun-beppu,ソフトバンク ゆめタウン別府,別府市
https://www.softbank.jp/shop/search/detail/Q423/,softbank-nakatsu-higashi,ソフトバンク 中津東,中津市
https://www.softbank.jp/shop/search/detail/Q427/,softbank-shimogori,ソフトバンク 下郡,大分市
https://www.softbank.jp/shop/search/detail/Q429/,softbank-kyusho,ソフトバンク 臼杵,臼杵市
https://www.softbank.jp/shop/search/detail/Q431/,softbank-beppu-minato,ソフトバンク 別府みなと,別府市
https://www.softbank.jp/shop/search/detail/Q435/,softbank-tokiha-wa-sada-taun,ソフトバンク トキハわさだタウン,大分市
https://www.softbank.jp/shop/search/detail/Q500/,softbank-higashi-baipasu,ソフトバンク 東バイパス,熊本市東区
https://www.softbank.jp/shop/search/detail/Q501/,softbank-shimotori,ソフトバンク 下通,熊本市中央区
https://www.softbank.jp/shop/search/detail/Q502/,softbank-kengun,ソフトバンク 健軍,熊本市東区
https://www.softbank.jp/shop/search/detail/Q503/,softbank-matsubase,ソフトバンク 松橋,宇城市
https://www.softbank.jp/shop/search/detail/Q504/,softbank-asoda,ソフトバンク 麻生田,熊本市北区
https://www.softbank.jp/shop/search/detail/Q507/,softbank-heisei-odori,ソフトバンク 平成大通り,熊本市南区
https://www.softbank.jp/shop/search/detail/Q509/,softbank-hitoyoshi,ソフトバンク 人吉,人吉市
https://www.softbank.jp/shop/search/detail/Q511/,softbank-yumetaun-yashiro,ソフトバンク ゆめタウン八代,八代市
https://www.softbank.jp/shop/search/detail/Q512/,softbank-tsuboi,ソフトバンク 坪井,熊本市中央区
https://www.softbank.jp/shop/search/detail/Q515/,softbank-kumamoto-nisseki-mae,ソフトバンク 熊本日赤前,熊本市中央区
https://www.softbank.jp/shop/search/detail/Q516/,softbank-yamaga,ソフトバンク 山鹿,山鹿市
https://www.softbank.jp/shop/search/detail/Q518/,softbank-yumetaun-ko-no-mori,ソフトバンク ゆめタウン光の森,菊池郡菊陽町
https://www.softbank.jp/shop/search/detail/Q520/,softbank-uto-shiti,ソフトバンク 宇土シティ,宇土市
https://www.softbank.jp/shop/search/detail/Q526/,softbank-ueki,ソフトバンク 植木,熊本市北区
https://www.softbank.jp/shop/search/detail/Q531/,softbank-aeon-mall-kumamoto,ソフトバンク イオンモール熊本,上益城郡嘉島町
https://www.softbank.jp/shop/search/detail/Q533/,softbank-kamikumamoto,ソフトバンク 上熊本,熊本市西区
https://www.softbank.jp/shop/search/detail/Q541/,softbank-yume-taun-wa-mase-n,ソフトバンク ゆめタウンはません,熊本市南区
https://www.softbank.jp/shop/search/detail/Q542/,softbank-yumetaun-shiti-moru-arao,ソフトバンク ゆめタウンシティモールあらお,荒尾市
https://www.softbank.jp/shop/search/detail/Q544/,softbank-amakusa,ソフトバンク 天草,天草市
https://www.softbank.jp/shop/search/detail/Q545/,softbank-tamana-chuo,ソフトバンク 玉名中央,玉名市
https://www.softbank.jp/shop/search/detail/Q547/,softbank-otsu-chuo,ソフトバンク 大津中央,菊池郡大津町
https://www.softbank.jp/shop/search/detail/Q548/,softbank-kengun-higashi,ソフトバンク 健軍東,熊本市東区
https://www.softbank.jp/shop/search/detail/Q549/,softbank-yashiro-chuo,ソフトバンク 八代中央,八代市
https://www.softbank.jp/shop/search/detail/Q550/,softbank-kumamoto-nishi,ソフトバンク 熊本西,熊本市西区
https://www.softbank.jp/shop/search/detail/Q553/,softbank-kikuchi-chuo,ソフトバンク 菊池中央,菊池市
https://www.softbank.jp/shop/search/detail/Q554/,softbank-hikari-no-morikita-yubin-kyoku-mae,ソフトバンク 光の森北郵便局前,菊池郡菊陽町
https://www.softbank.jp/shop/search/detail/Q556/,softbank-hida-baipasu,ソフトバンク 飛田バイパス,熊本市北区
https://www.softbank.jp/shop/search/detail/Q604/,softbank-fenikkusu-gaden-uki-no-ji-you,ソフトバンク フェニックスガーデンうきのじょう,宮崎市
https://www.softbank.jp/shop/search/detail/Q605/,softbank-takanabe,ソフトバンク 高鍋,児湯郡高鍋町
https://www.softbank.jp/shop/search/detail/Q606/,softbank-kiyotake-kano,ソフトバンク 清武加納,宮崎市
https://www.softbank.jp/shop/search/detail/Q607/,softbank-aeon-mall-miyakonojo-ekimae,ソフトバンク イオンモール都城駅前,都城市
https://www.softbank.jp/shop/search/detail/Q609/,softbank-miyazaki-otsuka,ソフトバンク 宮崎大塚,宮崎市
https://www.softbank.jp/shop/search/detail/Q610/,softbank-miyazaki-kukomae,ソフトバンク 宮崎空港前,宮崎市
https://www.softbank.jp/shop/search/detail/Q612/,softbank-miyakonojo-hayasuzu,ソフトバンク 都城早鈴,都城市
https://www.softbank.jp/shop/search/detail/Q617/,softbank-kobayashi,ソフトバンク 小林,小林市
https://www.softbank.jp/shop/search/detail/Q620/,softbank-hinata,ソフトバンク 日向,日向市
https://www.softbank.jp/shop/search/detail/Q621/,softbank-nobeoka-idekita,ソフトバンク 延岡出北,延岡市
https://www.softbank.jp/shop/search/detail/Q624/,softbank-oyodo-ohashi,ソフトバンク 大淀大橋,宮崎市
https://www.softbank.jp/shop/search/detail/Q625/,softbank-aeon-mall-miyazaki,ソフトバンク イオンモール宮崎,宮崎市
https://www.softbank.jp/shop/search/detail/Q628/,softbank-miyakonojo-chuo,ソフトバンク 都城中央,都城市
https://www.softbank.jp/shop/search/detail/Q630/,softbank-miyazaki-jingumae,ソフトバンク 宮崎神宮前,宮崎市
https://www.softbank.jp/shop/search/detail/Q702/,softbank-sendai-eki-mae,ソフトバンク 川内駅前,薩摩川内市
https://www.softbank.jp/shop/search/detail/Q703/,softbank-ten-machi,ソフトバンク てんまち,鹿児島市
https://www.softbank.jp/shop/search/detail/Q704/,softbank-nakayama-baipasu,ソフトバンク 中山バイパス,鹿児島市
https://www.softbank.jp/shop/search/detail/Q705/,softbank-kasanohara,ソフトバンク 笠之原,鹿屋市
https://www.softbank.jp/shop/search/detail/Q713/,softbank-amami,ソフトバンク 奄美,奄美市
https://www.softbank.jp/shop/search/detail/Q714/,softbank-kisha-jo,ソフトバンク 騎射場,鹿児島市
https://www.softbank.jp/shop/search/detail/Q715/,softbank-ibusuki,ソフトバンク 指宿,指宿市
https://www.softbank.jp/shop/search/detail/Q730/,softbank-yoshino,ソフトバンク 吉野,鹿児島市
https://www.softbank.jp/shop/search/detail/Q735/,softbank-kanoya-kotobuki,ソフトバンク 鹿屋寿,鹿屋市
https://www.softbank.jp/shop/search/detail/Q737/,softbank-ushuku,ソフトバンク 宇宿,鹿児島市
https://www.softbank.jp/shop/search/detail/Q741/,softbank-hayato-kokubu,ソフトバンク 隼人国分,霧島市
https://www.softbank.jp/shop/search/detail/Q742/,softbank-okinoerabu,ソフトバンク 沖永良部,大島郡和泊町
https://www.softbank.jp/shop/search/detail/Q745/,softbank-kagoshima-chuo-eki-nishiguchi,ソフトバンク 鹿児島中央駅西口,鹿児島市
https://www.softbank.jp/shop/search/detail/Q752/,softbank-shibushi,ソフトバンク 志布志,志布志市
https://www.softbank.jp/shop/search/detail/Q754/,softbank-taniyama,ソフトバンク 谷山,鹿児島市
https://www.softbank.jp/shop/search/detail/Q757/,softbank-makurazaki,ソフトバンク 枕崎,枕崎市
https://www.softbank.jp/shop/search/detail/Q806/,softbank-miyako,ソフトバンク 宮古,宮古島市
https://www.softbank.jp/shop/search/detail/Q807/,softbank-shin-toshin,ソフトバンク 新都心,那覇市
https://www.softbank.jp/shop/search/detail/Q809/,softbank-nago,ソフトバンク 名護,名護市
https://www.softbank.jp/shop/search/detail/Q810/,softbank-itoman,ソフトバンク 糸満,糸満市
https://www.softbank.jp/shop/search/detail/Q814/,softbank-joma,ソフトバンク 城間,浦添市
https://www.softbank.jp/shop/search/detail/Q821/,softbank-aeon-taun-awase,ソフトバンク イオンタウン泡瀬,沖縄市
https://www.softbank.jp/shop/search/detail/Q824/,softbank-ishigaki,ソフトバンク 石垣,石垣市
https://www.softbank.jp/shop/search/detail/Q825/,softbank-uruma-ishikawa,ソフトバンク うるま石川,うるま市
https://www.softbank.jp/shop/search/detail/Q829/,softbank-midori-machi,ソフトバンク みどり町,うるま市
https://www.softbank.jp/shop/search/detail/Q832/,softbank-to-mishiro,ソフトバンク とみしろ,豊見城市
https://www.softbank.jp/shop/search/detail/Q836/,softbank-koroku,ソフトバンク 小禄,那覇市
https://www.softbank.jp/shop/search/detail/Q842/,softbank-hachi-ju-se,ソフトバンク 八重瀬,島尻郡八重瀬町
https://www.softbank.jp/shop/search/detail/Q846/,softbank-mote-haebaru-tsu-kazan,ソフトバンク モーテ南風原つかざん,島尻郡南風原町
https://www.softbank.jp/shop/search/detail/Q848/,softbank-wa-ebaru-miyadaira,ソフトバンク はえばる宮平,島尻郡南風原町
https://www.softbank.jp/shop/search/detail/Q852/,softbank-ameku,ソフトバンク 天久,那覇市
https://www.softbank.jp/shop/search/detail/Q857/,softbank-edion-naha-meimpureisu,ソフトバンク エディオン那覇メインプレイス,那覇市
https://www.softbank.jp/shop/search/detail/Q858/,softbank-ijuin,ソフトバンク 伊集院,日置市
https://www.softbank.jp/shop/search/detail/Q859/,softbank-aeon-taun-nishi-kumamoto,ソフトバンク イオンタウン西熊本,熊本市南区
https://www.softbank.jp/shop/search/detail/Q860/,softbank-okagaki,ソフトバンク 岡垣,遠賀郡岡垣町
https://www.softbank.jp/shop/search/detail/Q862/,softbank-kokubu-chuo,ソフトバンク 国分中央,霧島市
https://www.softbank.jp/shop/search/detail/Q865/,softbank-yamada-fukuoka-kashii,ソフトバンク ＹＡＭＡＤＡ福岡香椎店,福岡市東区
https://www.softbank.jp/shop/search/detail/Q866/,softbank-aeon-mall-omuta,ソフトバンク イオンモール大牟田,大牟田市
https://www.softbank.jp/shop/search/detail/Q868/,softbank-aso-ichinomiya,ソフトバンク 阿蘇一の宮,阿蘇市
https://www.softbank.jp/shop/search/detail/Q871/,softbank-aeon-mall-fuku-tsu,ソフトバンク イオンモール福津,福津市
https://www.softbank.jp/shop/search/detail/Q875/,softbank-pakupureisu-oita,ソフトバンク パークプレイス大分,大分市
https://www.softbank.jp/shop/search/detail/Q877/,softbank-moraju-saga,ソフトバンク モラージュ佐賀,佐賀市
https://www.softbank.jp/shop/search/detail/Q878/,softbank-aeon-taun-yomitan,ソフトバンク イオンタウン読谷,中頭郡読谷村
https://www.softbank.jp/shop/search/detail/Q880/,softbank-kasuga-foresutoshiti,ソフトバンク 春日フォレストシティ,春日市
https://www.softbank.jp/shop/search/detail/QA05/,softbank-ogura-katano,ソフトバンク 小倉片野,北九州市小倉北区
https://www.softbank.jp/shop/search/detail/QA06/,softbank-aeon-mall-okinawa-rai-kamu,ソフトバンク イオンモール沖縄ライカム,中頭郡北中城村
https://www.softbank.jp/shop/search/detail/QA07/,softbank-ginowan-nagata,ソフトバンク 宜野湾長田,宜野湾市
https://www.softbank.jp/shop/search/detail/QA08/,softbank-honjo-chuo,ソフトバンク 本城中央,北九州市八幡西区
https://www.softbank.jp/shop/search/detail/QA10/,softbank-yakuin,ソフトバンク 薬院,福岡市中央区
https://www.softbank.jp/shop/search/detail/QA11/,softbank-izumi-chuo,ソフトバンク 出水中央,出水市
https://www.softbank.jp/shop/search/detail/QA12/,softbank-aeon-taun-aira,ソフトバンク イオンタウン姶良,姶良市
https://www.softbank.jp/shop/search/detail/QA13/,softbank-nobeoka-tatara,ソフトバンク 延岡多々良,延岡市
https://www.softbank.jp/shop/search/detail/QA14/,softbank-miyama,ソフトバンク みやま,みやま市
https://www.softbank.jp/shop/search/detail/QA15/,softbank-oto,ソフトバンク 大塔,佐世保市
https://www.softbank.jp/shop/search/detail/QA18/,softbank-chatan,ソフトバンク 北谷,中頭郡北谷町
https://www.softbank.jp/shop/search/detail/QA19/,softbank-shimoishiki,ソフトバンク 下伊敷,鹿児島市
https://www.softbank.jp/shop/search/detail/QA20/,softbank-nichinan,ソフトバンク 日南,日南市
https://www.softbank.jp/shop/search/detail/QA21/,softbank-toriasumoru,ソフトバンク トリアスモール,糟屋郡久山町
https://www.softbank.jp/shop/search/detail/QA22/,softbank-aku-rosu-puraza-yojiro,ソフトバンク アクロスプラザ与次郎,鹿児島市
https://www.softbank.jp/shop/search/detail/QA23/,softbank-aeon-wakamatsu,ソフトバンク イオン若松,北九州市若松区
https://www.softbank.jp/shop/search/detail/QA24/,softbank-aeon-mall-kashiihama,ソフトバンク イオンモール香椎浜,福岡市東区
https://www.softbank.jp/shop/search/detail/QA25/,softbank-misato,ソフトバンク 美里,沖縄市
https://www.softbank.jp/shop/search/detail/QA30/,softbank-matsushima,ソフトバンク 松島,福岡市東区
https://www.softbank.jp/shop/search/detail/QA31/,softbank-makuizu-fukuoka-mo-mochi,ソフトバンク マークイズ福岡ももち,福岡市中央区
https://www.softbank.jp/shop/search/detail/QA32/,softbank-yonabaru-chuo,ソフトバンク 与那原中央,島尻郡与那原町
https://www.softbank.jp/shop/search/detail/QA34/,softbank-makabi,ソフトバンク 真嘉比,那覇市
https://www.softbank.jp/shop/search/detail/QA35/,softbank-ohashi,ソフトバンク 大橋,福岡市南区
https://www.softbank.jp/shop/search/detail/QA36/,softbank-urazoe-paruko-shiti,ソフトバンク 浦添パルコシティ,浦添市
https://www.softbank.jp/shop/search/detail/QA37/,softbank-uesuto-koto-meinohama,ソフトバンク ウエストコート姪浜,福岡市西区
https://www.softbank.jp/shop/search/detail/QA38/,softbank-hana-yamate,ソフトバンク 花山手,宮崎市
https://www.softbank.jp/shop/search/detail/QA39/,softbank-sakuramachi,ソフトバンク ＳＡＫＵＲＡＭＡＣＨＩ,熊本市中央区
https://www.softbank.jp/shop/search/detail/QA40/,softbank-shin-kamigoshima,ソフトバンク 新上五島,南松浦郡新上五島町
https://www.softbank.jp/shop/search/detail/QA41/,softbank-nagasaki-hayama,ソフトバンク 長崎葉山,長崎市
https://www.softbank.jp/shop/search/detail/QA42/,softbank-iasu-okinawa-toyosaki,ソフトバンク イーアス沖縄豊崎,豊見城市
https://www.softbank.jp/shop/search/detail/QA43/,softbank-yumetaun-saga,ソフトバンク ゆめタウン佐賀,佐賀市
https://www.softbank.jp/shop/search/detail/QA44/,softbank-kasuga-ike-ike-tori,ソフトバンク 春日いけいけ通り,春日市
https://www.softbank.jp/shop/search/detail/QA45/,softbank-aeon-taun-nagayo,ソフトバンク イオンタウン長与,西彼杵郡長与町
https://www.softbank.jp/shop/search/detail/QA46/,softbank-mie-machi,ソフトバンク 三重町,豊後大野市
https://www.softbank.jp/shop/search/detail/QA48/,softbank-furesupo-fukahori,ソフトバンク フレスポ深堀,長崎市
https://www.softbank.jp/shop/search/detail/QA51/,softbank-kominedai,ソフトバンク 小嶺台,北九州市八幡西区
https://www.softbank.jp/shop/search/detail/QA52/,softbank-moji-minato,ソフトバンク 門司港,北九州市門司区
https://www.softbank.jp/shop/search/detail/QA53/,softbank-sani-saido-moru-kokura,ソフトバンク サニーサイドモール小倉,北九州市小倉南区
https://www.softbank.jp/shop/search/detail/QA54/,softbank-ginowan-r-58-go,ソフトバンク 宜野湾Ｒ５８号,宜野湾市
https://www.softbank.jp/shop/search/detail/QA55/,softbank-ablo-uruma,ソフトバンク ＡＢＬＯうるま,うるま市
https://www.softbank.jp/shop/search/detail/QA57/,softbank-urazoe-kyozuka,ソフトバンク 浦添経塚,浦添市
https://www.softbank.jp/shop/search/detail/QA58/,softbank-lalaport-fukuoka,ソフトバンク ららぽーと福岡,福岡市博多区
https://www.softbank.jp/shop/search/detail/QA61/,softbank-aku-rosu-puraza-so,ソフトバンク アクロスプラザ諫早,諫早市
https://www.softbank.jp/shop/search/detail/QA63/,softbank-aeon-mall-kagoshima,ソフトバンク イオンモール鹿児島,鹿児島市
https://www.softbank.jp/shop/search/detail/QA66/,softbank-shop-sateraito-aeon-honami-shoppingu-senta,ソフトバンク ショップサテライトイオン穂波ショッピングセンター,飯塚市
https://www.softbank.jp/shop/search/detail/R101/,softbank-shinjo,ソフトバンク 新庄,富山市
https://www.softbank.jp/shop/search/detail/R102/,softbank-yamamuro,ソフトバンク 山室,富山市
https://www.softbank.jp/shop/search/detail/R105/,softbank-takaoka-ekiminami,ソフトバンク 高岡駅南,高岡市
https://www.softbank.jp/shop/search/detail/R106/,softbank-kosugi,ソフトバンク 小杉,射水市
https://www.softbank.jp/shop/search/detail/R108/,softbank-takaoka-yokotahon-machi,ソフトバンク 高岡横田本町,高岡市
https://www.softbank.jp/shop/search/detail/R109/,softbank-takaoka-nomura,ソフトバンク 高岡野村,高岡市
https://www.softbank.jp/shop/search/detail/R110/,softbank-merushi-kurobe,ソフトバンク メルシー黒部,黒部市
https://www.softbank.jp/shop/search/detail/R113/,softbank-fabore,ソフトバンク ファボーレ,富山市
https://www.softbank.jp/shop/search/detail/R115/,softbank-toyama-toyoda,ソフトバンク 富山豊田,富山市
https://www.softbank.jp/shop/search/detail/R116/,softbank-uozu,ソフトバンク 魚津,魚津市
https://www.softbank.jp/shop/search/detail/R118/,softbank-toide,ソフトバンク 戸出,高岡市
https://www.softbank.jp/shop/search/detail/R119/,softbank-kureha,ソフトバンク 呉羽,富山市
https://www.softbank.jp/shop/search/detail/R124/,softbank-apita-toyama,ソフトバンク アピタ富山,富山市
https://www.softbank.jp/shop/search/detail/R129/,softbank-kurose-kitamachi,ソフトバンク 黒瀬北町,富山市
https://www.softbank.jp/shop/search/detail/R130/,softbank-puranto-3-namekawa,ソフトバンク プラント‐３滑川,滑川市
https://www.softbank.jp/shop/search/detail/R131/,softbank-himi,ソフトバンク 氷見,氷見市
https://www.softbank.jp/shop/search/detail/R137/,softbank-itaun-imizu,ソフトバンク イータウン射水,射水市
https://www.softbank.jp/shop/search/detail/R138/,softbank-kubomoto-machi,ソフトバンク 窪本町,富山市
https://www.softbank.jp/shop/search/detail/R204/,softbank-okyozuka,ソフトバンク 御経塚,金沢市
https://www.softbank.jp/shop/search/detail/R206/,softbank-kaga,ソフトバンク 加賀,加賀市
https://www.softbank.jp/shop/search/detail/R207/,softbank-mori-no-sato,ソフトバンク 杜の里,金沢市
https://www.softbank.jp/shop/search/detail/R208/,softbank-kanazawa-bei,ソフトバンク 金沢ベイ,金沢市
https://www.softbank.jp/shop/search/detail/R211/,softbank-kasamai,ソフトバンク 笠舞,金沢市
https://www.softbank.jp/shop/search/detail/R213/,softbank-aeon-mall-shin-komatsu,ソフトバンク イオンモール新小松,小松市
https://www.softbank.jp/shop/search/detail/R214/,softbank-aku-rosu-puraza-nonoichi-shi,ソフトバンク アクロスプラザ野々市,野々市
https://www.softbank.jp/shop/search/detail/R216/,softbank-kitayasue,ソフトバンク 北安江,金沢市
https://www.softbank.jp/shop/search/detail/R219/,softbank-arimatsu,ソフトバンク 有松,金沢市
https://www.softbank.jp/shop/search/detail/R222/,softbank-naruwa,ソフトバンク 鳴和,金沢市
https://www.softbank.jp/shop/search/detail/R224/,softbank-nonoichi-shi-chuo,ソフトバンク 野々市中央,野々市
https://www.softbank.jp/shop/search/detail/R225/,softbank-aeon-taun-hakui,ソフトバンク イオンタウン羽咋,羽咋市
https://www.softbank.jp/shop/search/detail/R226/,softbank-aeon-kanazawa,ソフトバンク イオン金沢,金沢市
https://www.softbank.jp/shop/search/detail/R228/,softbank-kanazawa-kodai-mae,ソフトバンク 金沢工大前,野々市
https://www.softbank.jp/shop/search/detail/R229/,softbank-puranto-3-kawakita,ソフトバンク プラント‐３川北,能美郡川北町
https://www.softbank.jp/shop/search/detail/R232/,softbank-aeon-taun-kanazawa-shimeno,ソフトバンク イオンタウン金沢示野,金沢市
https://www.softbank.jp/shop/search/detail/R233/,softbank-bei-moru-nanao,ソフトバンク ベイモール七尾,七尾市
https://www.softbank.jp/shop/search/detail/R239/,softbank-rasupa-hakusan,ソフトバンク ラスパ白山,白山市
https://www.softbank.jp/shop/search/detail/R240/,softbank-komatsu-ariake,ソフトバンク 小松有明,小松市
https://www.softbank.jp/shop/search/detail/R241/,softbank-apita-kanazawa,ソフトバンク アピタ金沢,金沢市
https://www.softbank.jp/shop/search/detail/R245/,softbank-kanazawa-oko-ba-ta,ソフトバンク 金沢おこばた,金沢市
https://www.softbank.jp/shop/search/detail/R246/,softbank-kanazawa-kencho-mae,ソフトバンク 金沢県庁前,金沢市
https://www.softbank.jp/shop/search/detail/R249/,softbank-aeon-mall-ka-ho,ソフトバンク イオンモールかほく,かほく市
https://www.softbank.jp/shop/search/detail/R301/,softbank-emorinaka,ソフトバンク 江守中,福井市
https://www.softbank.jp/shop/search/detail/R302/,softbank-etsuzen-ruto-8,ソフトバンク 越前ルート８,越前市
https://www.softbank.jp/shop/search/detail/R304/,softbank-harue,ソフトバンク 春江,坂井市
https://www.softbank.jp/shop/search/detail/R306/,softbank-sabae,ソフトバンク 鯖江,鯖江市
https://www.softbank.jp/shop/search/detail/R307/,softbank-fukui-undokoen,ソフトバンク 福井運動公園,福井市
https://www.softbank.jp/shop/search/detail/R311/,softbank-apita-fukui-owada,ソフトバンク アピタ福井大和田,福井市
https://www.softbank.jp/shop/search/detail/R312/,softbank-takefu,ソフトバンク 武生,越前市
https://www.softbank.jp/shop/search/detail/R313/,softbank-miyuki,ソフトバンク 御幸,福井市
https://www.softbank.jp/shop/search/detail/R315/,softbank-mega-donkihote-uny-fukui,ソフトバンク ＭＥＧＡドン・キホーテＵＮＹ福井,福井市
https://www.softbank.jp/shop/search/detail/R316/,softbank-sabae-chuo,ソフトバンク 鯖江中央,鯖江市
https://www.softbank.jp/shop/search/detail/R323/,softbank-ninomiya,ソフトバンク 二の宮,福井市
https://www.softbank.jp/shop/search/detail/RA00/,softbank-apita-matto,ソフトバンク アピタ松任,白山市
https://www.softbank.jp/shop/search/detail/RA01/,softbank-aeon-mall-tonami,ソフトバンク イオンモールとなみ,砺波市
https://www.softbank.jp/shop/search/detail/RA02/,softbank-mega-donkihote-uny-tsuruga,ソフトバンク ＭＥＧＡドン・キホーテＵＮＹ敦賀,敦賀市
https://www.softbank.jp/shop/search/detail/RA03/,softbank-maruoka,ソフトバンク 丸岡,坂井市
https://www.softbank.jp/shop/search/detail/RA04/,softbank-irie,ソフトバンク 入江,金沢市
https://www.softbank.jp/shop/search/detail/RA05/,softbank-aeon-mall-takaoka,ソフトバンク イオンモール高岡,高岡市
https://www.softbank.jp/shop/search/detail/RA06/,softbank-aeon-mall-hakusan,ソフトバンク イオンモール白山,白山市横江町土地区
https://www.softbank.jp/shop/search/detail/RA07/,softbank-shop-sateraito-aeon-mall-tonami,ソフトバンク ショップサテライトイオンモールとなみ,小矢部市
https://www.softbank.jp/shop/search/detail/S101/,softbank-aeon-mall-tokushima,ソフトバンク イオンモール徳島,徳島市
https://www.softbank.jp/shop/search/detail/S105/,softbank-wakicho,ソフトバンク 脇町,美馬市
https://www.softbank.jp/shop/search/detail/S108/,softbank-aizumi,ソフトバンク 藍住,板野郡藍住町
https://www.softbank.jp/shop/search/detail/S110/,softbank-anan-chuo,ソフトバンク 阿南中央,阿南市
https://www.softbank.jp/shop/search/detail/S117/,softbank-naruto,ソフトバンク 鳴門,鳴門市
https://www.softbank.jp/shop/search/detail/S119/,softbank-fujiguran-kitajima,ソフトバンク フジグラン北島,板野郡北島町
https://www.softbank.jp/shop/search/detail/S120/,softbank-okihama,ソフトバンク 沖浜,徳島市
https://www.softbank.jp/shop/search/detail/S123/,softbank-nihama,ソフトバンク 新浜,徳島市
https://www.softbank.jp/shop/search/detail/S130/,softbank-fujiguran-ishii,ソフトバンク フジグラン石井,名西郡石井町
https://www.softbank.jp/shop/search/detail/S134/,softbank-yoshinogawa,ソフトバンク 吉野川,吉野川市
https://www.softbank.jp/shop/search/detail/S135/,softbank-yumetaun-tokushima,ソフトバンク ゆめタウン徳島,板野郡藍住町
https://www.softbank.jp/shop/search/detail/S200/,softbank-yashima,ソフトバンク 屋島,高松市
https://www.softbank.jp/shop/search/detail/S201/,softbank-kannonji,ソフトバンク 観音寺,観音寺市
https://www.softbank.jp/shop/search/detail/S204/,softbank-utazu,ソフトバンク 宇多津,綾歌郡宇多津町
https://www.softbank.jp/shop/search/detail/S205/,softbank-marugame-chuo,ソフトバンク 丸亀中央,丸亀市
https://www.softbank.jp/shop/search/detail/S215/,softbank-sogawa,ソフトバンク 十川,高松市
https://www.softbank.jp/shop/search/detail/S217/,softbank-sa-nuki-miki,ソフトバンク さぬき三木,木田郡三木町
https://www.softbank.jp/shop/search/detail/S221/,softbank-marugame,ソフトバンク 丸亀,丸亀市
https://www.softbank.jp/shop/search/detail/S224/,softbank-yumetaun-takamatsu,ソフトバンク ゆめタウン高松,高松市
https://www.softbank.jp/shop/search/detail/S225/,softbank-azushima,ソフトバンク 小豆島,小豆郡土庄町
https://www.softbank.jp/shop/search/detail/S226/,softbank-takamatsu-reimbo-rodo,ソフトバンク 高松レインボーロード,高松市
https://www.softbank.jp/shop/search/detail/S228/,softbank-marugame-machi-shoten-gai,ソフトバンク 丸亀町商店街,高松市
https://www.softbank.jp/shop/search/detail/S233/,softbank-takamatsu-ichinomiya,ソフトバンク 高松一宮,高松市
https://www.softbank.jp/shop/search/detail/S239/,softbank-marugame-doki,ソフトバンク 丸亀土器,丸亀市
https://www.softbank.jp/shop/search/detail/S245/,softbank-takamatsu-chuo,ソフトバンク 高松中央,高松市
https://www.softbank.jp/shop/search/detail/S247/,softbank-yamada-ayakawa,ソフトバンク ＹＡＭＡＤＡ綾川,綾歌郡綾川町
https://www.softbank.jp/shop/search/detail/S248/,softbank-yumetaun-mitoyo,ソフトバンク ゆめタウン三豊,三豊市
https://www.softbank.jp/shop/search/detail/S249/,softbank-yumetaun-marugame,ソフトバンク ゆめタウン丸亀,丸亀市
https://www.softbank.jp/shop/search/detail/S300/,softbank-tsukamoto,ソフトバンク 束本,松山市
https://www.softbank.jp/shop/search/detail/S303/,softbank-aeon-sutairu-matsuyama,ソフトバンク イオンスタイル松山,松山市
https://www.softbank.jp/shop/search/detail/S309/,softbank-matsuyama-inter,ソフトバンク 松山インター,松山市
https://www.softbank.jp/shop/search/detail/S311/,softbank-aeon-mall-niihama,ソフトバンク イオンモール新居浜,新居浜市
https://www.softbank.jp/shop/search/detail/S312/,softbank-shikoku-chuo,ソフトバンク 四国中央,四国中央市
https://www.softbank.jp/shop/search/detail/S315/,softbank-matsuyama-hirata,ソフトバンク 松山平田,松山市
https://www.softbank.jp/shop/search/detail/S316/,softbank-toyo,ソフトバンク 東予,西条市
https://www.softbank.jp/shop/search/detail/S317/,softbank-niihama-nishi,ソフトバンク 新居浜西,新居浜市
https://www.softbank.jp/shop/search/detail/S319/,softbank-higashi-osu,ソフトバンク 東大洲,大洲市
https://www.softbank.jp/shop/search/detail/S322/,softbank-fujiguran-shigenobu,ソフトバンク フジグラン重信,東温市
https://www.softbank.jp/shop/search/detail/S324/,softbank-imabari-nishi,ソフトバンク 今治西,今治市
https://www.softbank.jp/shop/search/detail/S325/,softbank-matsuyama-kukodori,ソフトバンク 松山空港通,松山市
https://www.softbank.jp/shop/search/detail/S327/,softbank-fuji-natsume,ソフトバンク フジ夏目,松山市
https://www.softbank.jp/shop/search/detail/S329/,softbank-parutifuji-kinuyama,ソフトバンク パルティフジ衣山,松山市
https://www.softbank.jp/shop/search/detail/S331/,softbank-okaido-chuo,ソフトバンク 大街道中央,松山市
https://www.softbank.jp/shop/search/detail/S3A1/,softbank-niihama-higashi,ソフトバンク 新居浜東,新居浜市
https://www.softbank.jp/shop/search/detail/S3A2/,softbank-imabari-higashi,ソフトバンク 今治東,今治市
https://www.softbank.jp/shop/search/detail/S3A3/,softbank-emifuru-masaki,ソフトバンク エミフルＭＡＳＡＫＩ,伊予郡松前町
https://www.softbank.jp/shop/search/detail/S3A4/,softbank-mitsuzu-hama,ソフトバンク 三津浜,松山市
https://www.softbank.jp/shop/search/detail/S3A5/,softbank-fujiguran-kita-uwajima,ソフトバンク フジグラン北宇和島,宇和島市
https://www.softbank.jp/shop/search/detail/S401/,softbank-fujiguran-yon-man-ju,ソフトバンク フジグラン四万十,四万十市
https://www.softbank.jp/shop/search/detail/S404/,softbank-aeon-mall-kochi,ソフトバンク イオンモール高知,高知市
https://www.softbank.jp/shop/search/detail/S406/,softbank-tosa-doro,ソフトバンク 土佐道路,高知市
https://www.softbank.jp/shop/search/detail/S413/,softbank-obiya-machi,ソフトバンク 帯屋町,高知市
https://www.softbank.jp/shop/search/detail/S416/,softbank-pawa-senta-kochi,ソフトバンク パワーセンター高知,高知市
https://www.softbank.jp/shop/search/detail/S418/,softbank-yae-mon-koen,ソフトバンク やえもん公園,高知市
https://www.softbank.jp/shop/search/detail/S422/,softbank-takasu,ソフトバンク 高須,高知市
https://www.softbank.jp/shop/search/detail/S424/,softbank-konan-55-go,ソフトバンク 香南５５号,香南市
https://www.softbank.jp/shop/search/detail/SA00/,softbank-aeon-mall-takamatsu,ソフトバンク イオンモール高松,高松市
https://www.softbank.jp/shop/search/detail/SA03/,softbank-komatsushima-rupia,ソフトバンク 小松島ルピア,小松島市
https://www.softbank.jp/shop/search/detail/SA08/,softbank-kagawa-kokubunji,ソフトバンク 香川国分寺,高松市
https://www.softbank.jp/shop/search/detail/SA09/,softbank-zentsuji,ソフトバンク 善通寺,善通寺市
https://www.softbank.jp/shop/search/detail/SA10/,softbank-mikamo,ソフトバンク 三加茂,三好郡東みよし町
https://www.softbank.jp/shop/search/detail/SA11/,softbank-aeon-mall-imabari-shin-toshi,ソフトバンク イオンモール今治新都市,今治市
https://www.softbank.jp/shop/search/detail/SA13/,softbank-tokushima-chuo,ソフトバンク 徳島中央,徳島市
https://www.softbank.jp/shop/search/detail/SA14/,softbank-fuji-sukumo,ソフトバンク フジ宿毛,宿毛市
https://www.softbank.jp/shop/search/detail/SA15/,softbank-sakaide,ソフトバンク 坂出,坂出市
https://www.softbank.jp/shop/search/detail/SA16/,softbank-shimada-takuto,ソフトバンク 島田タクト,徳島市
https://www.softbank.jp/shop/search/detail/SA18/,softbank-yawatahama,ソフトバンク 八幡浜,八幡浜市
https://www.softbank.jp/shop/search/detail/SA20/,softbank-kochi-shioe,ソフトバンク 高知潮江,高知市
https://www.softbank.jp/shop/search/detail/SA21/,softbank-nishi,ソフトバンク 西予,西予市
https://www.softbank.jp/shop/search/detail/SA24/,softbank-paruti-fuji-saijo-tamatsu,ソフトバンク パルティ・フジ西条玉津,西条市
https://www.softbank.jp/shop/search/detail/T100/,softbank-aoto-ekimae,ソフトバンク 青砥駅前,葛飾区
https://www.softbank.jp/shop/search/detail/T101/,softbank-nerima,ソフトバンク 練馬,練馬区
https://www.softbank.jp/shop/search/detail/T102/,softbank-idabashi,ソフトバンク 飯田橋,千代田区
https://www.softbank.jp/shop/search/detail/T103/,softbank-morita-un-akishima,ソフトバンク モリタウン昭島,昭島市
https://www.softbank.jp/shop/search/detail/T104/,softbank-ichigaya,ソフトバンク 市ヶ谷,千代田区
https://www.softbank.jp/shop/search/detail/T105/,softbank-aeon-hachioji-takiyama,ソフトバンク イオン八王子滝山,八王子市
https://www.softbank.jp/shop/search/detail/T106/,softbank-hachioji,ソフトバンク 八王子,八王子市
https://www.softbank.jp/shop/search/detail/T107/,softbank-kobe-oume-kaido,ソフトバンク 河辺青梅街道,青梅市
https://www.softbank.jp/shop/search/detail/T108/,softbank-nishi-hachioji,ソフトバンク 西八王子,八王子市
https://www.softbank.jp/shop/search/detail/T111/,softbank-chitose-uzan,ソフトバンク 千歳烏山,世田谷区
https://www.softbank.jp/shop/search/detail/T112/,softbank-kitasenju,ソフトバンク 北千住,足立区
https://www.softbank.jp/shop/search/detail/T113/,softbank-shibuya-miya-masuzaka,ソフトバンク 渋谷宮益坂,渋谷区
https://www.softbank.jp/shop/search/detail/T114/,softbank-itabashi,ソフトバンク 板橋,板橋区
https://www.softbank.jp/shop/search/detail/T117/,softbank-hamamatsu-machi,ソフトバンク 浜松町,港区
https://www.softbank.jp/shop/search/detail/T118/,softbank-seijogakuen,ソフトバンク 成城学園,世田谷区
https://www.softbank.jp/shop/search/detail/T119/,softbank-hankyu-oi-machi-gaden,ソフトバンク 阪急大井町ガーデン,品川区
https://www.softbank.jp/shop/search/detail/T120/,softbank-omori,ソフトバンク 大森,品川区
https://www.softbank.jp/shop/search/detail/T122/,softbank-tatsukawa,ソフトバンク 立川,立川市
https://www.softbank.jp/shop/search/detail/T123/,softbank-tatsukawa-minami,ソフトバンク 立川南,立川市
https://www.softbank.jp/shop/search/detail/T124/,softbank-shinkoiwa,ソフトバンク 新小岩,葛飾区
https://www.softbank.jp/shop/search/detail/T125/,softbank-higashimurayama,ソフトバンク 東村山,東村山市
https://www.softbank.jp/shop/search/detail/T126/,softbank-fussa,ソフトバンク 福生,福生市
https://www.softbank.jp/shop/search/detail/T127/,softbank-tama-nyutaun,ソフトバンク 多摩ニュータウン,八王子市
https://www.softbank.jp/shop/search/detail/T128/,softbank-chofu,ソフトバンク 調布,調布市
https://www.softbank.jp/shop/search/detail/T131/,softbank-kameidokurokku,ソフトバンク カメイドクロック,江東区
https://www.softbank.jp/shop/search/detail/T132/,softbank-takadanobaba,ソフトバンク 高田馬場,新宿区
https://www.softbank.jp/shop/search/detail/T137/,softbank-mitaka,ソフトバンク 三鷹,三鷹市
https://www.softbank.jp/shop/search/detail/T138/,softbank-koenji,ソフトバンク 高円寺,杉並区
https://www.softbank.jp/shop/search/detail/T139/,softbank-funabori,ソフトバンク 船堀,江戸川区
https://www.softbank.jp/shop/search/detail/T140/,softbank-nishikasai,ソフトバンク 西葛西,江戸川区
https://www.softbank.jp/shop/search/detail/T143/,softbank-kanda,ソフトバンク 神田,千代田区
https://www.softbank.jp/shop/search/detail/T144/,softbank-sangenjaya,ソフトバンク 三軒茶屋,世田谷区
https://www.softbank.jp/shop/search/detail/T145/,softbank-gakugei-daigaku,ソフトバンク 学芸大学,目黒区
https://www.softbank.jp/shop/search/detail/T147/,softbank-aeon-mall-tamadaira-no-mori,ソフトバンク イオンモール多摩平の森,日野市
https://www.softbank.jp/shop/search/detail/T148/,softbank-musashi-koganei,ソフトバンク 武蔵小金井,小金井市
https://www.softbank.jp/shop/search/detail/T149/,softbank-vita-mall-seiseki,ソフトバンク ＶＩＴＡ　ＭＡＬＬ　ＳＥＩＳＥＫＩ,多摩市
https://www.softbank.jp/shop/search/detail/T150/,softbank-itoyokado-musashisakai,ソフトバンク イトーヨーカドー武蔵境,武蔵野市
https://www.softbank.jp/shop/search/detail/T152/,softbank-fuchu,ソフトバンク 府中,府中市
https://www.softbank.jp/shop/search/detail/T154/,softbank-monzennaka-machi,ソフトバンク 門前仲町,江東区
https://www.softbank.jp/shop/search/detail/T155/,softbank-kokubunji,ソフトバンク 国分寺,国分寺市
https://www.softbank.jp/shop/search/detail/T157/,softbank-ebisu,ソフトバンク 恵比寿,渋谷区
https://www.softbank.jp/shop/search/detail/T159/,softbank-arukakitto-kinshi-machi,ソフトバンク アルカキット錦糸町,墨田区
https://www.softbank.jp/shop/search/detail/T160/,softbank-nippori,ソフトバンク 日暮里,荒川区
https://www.softbank.jp/shop/search/detail/T162/,softbank-shimbashi,ソフトバンク 新橋,港区
https://www.softbank.jp/shop/search/detail/T167/,softbank-nakano-sammoru,ソフトバンク 中野サンモール,中野区
https://www.softbank.jp/shop/search/detail/T168/,softbank-asakusa-rox,ソフトバンク 浅草ＲＯＸ,台東区
https://www.softbank.jp/shop/search/detail/T169/,softbank-mark-is-katsushika-kana-machi,ソフトバンク ＭＡＲＫ　ＩＳ　葛飾かなまち,葛飾区
https://www.softbank.jp/shop/search/detail/T171/,softbank-suiten-miya,ソフトバンク 水天宮,中央区
https://www.softbank.jp/shop/search/detail/T172/,softbank-mizue,ソフトバンク 瑞江,江戸川区
https://www.softbank.jp/shop/search/detail/T174/,softbank-tanashi-asuta,ソフトバンク 田無アスタ,西東京市
https://www.softbank.jp/shop/search/detail/T175/,softbank-meguro,ソフトバンク 目黒,品川区
https://www.softbank.jp/shop/search/detail/T176/,softbank-naka-meguro,ソフトバンク 中目黒,目黒区
https://www.softbank.jp/shop/search/detail/T177/,softbank-higashikurume-maesawa,ソフトバンク 東久留米前沢,東久留米市
https://www.softbank.jp/shop/search/detail/T178/,softbank-shimokitazawa,ソフトバンク 下北沢,世田谷区
https://www.softbank.jp/shop/search/detail/T179/,softbank-akasaka-mitsuke,ソフトバンク 赤坂見附,港区
https://www.softbank.jp/shop/search/detail/T181/,softbank-narimasu,ソフトバンク 成増,板橋区
https://www.softbank.jp/shop/search/detail/T182/,softbank-ogikubo,ソフトバンク 荻窪,杉並区
https://www.softbank.jp/shop/search/detail/T183/,softbank-hikarigaoka,ソフトバンク 光が丘,練馬区
https://www.softbank.jp/shop/search/detail/T185/,softbank-osaki-nyu-shiti,ソフトバンク 大崎ニューシティ,品川区
https://www.softbank.jp/shop/search/detail/T187/,softbank-kamata-tokyu-puraza,ソフトバンク 蒲田東急プラザ,大田区
https://www.softbank.jp/shop/search/detail/T188/,softbank-gotanda,ソフトバンク 五反田,品川区
https://www.softbank.jp/shop/search/detail/T189/,softbank-asagaya,ソフトバンク 阿佐ヶ谷,杉並区
https://www.softbank.jp/shop/search/detail/T190/,softbank-kokuritsu,ソフトバンク 国立,国立市
https://www.softbank.jp/shop/search/detail/T191/,softbank-take-no-tsuka,ソフトバンク 竹ノ塚,足立区
https://www.softbank.jp/shop/search/detail/T193/,softbank-kameari,ソフトバンク 亀有,葛飾区
https://www.softbank.jp/shop/search/detail/T194/,softbank-renkon,ソフトバンク 蓮根,板橋区
https://www.softbank.jp/shop/search/detail/T195/,softbank-ikebukuro-nishiguchi,ソフトバンク 池袋西口,豊島区
https://www.softbank.jp/shop/search/detail/T196/,softbank-sasazuka,ソフトバンク 笹塚,渋谷区
https://www.softbank.jp/shop/search/detail/T198/,softbank-shibuya,ソフトバンク 渋谷,渋谷区
https://www.softbank.jp/shop/search/detail/T1A0/,softbank-paku-shiti-musashi-koyama-zamoru,ソフトバンク パークシティ武蔵小山ザモール,品川区
https://www.softbank.jp/shop/search/detail/T1A1/,softbank-okubo,ソフトバンク 大久保,新宿区
https://www.softbank.jp/shop/search/detail/T1A2/,softbank-komagome,ソフトバンク 駒込,豊島区
https://www.softbank.jp/shop/search/detail/T1A3/,softbank-otsukaekimae,ソフトバンク 大塚駅前,豊島区
https://www.softbank.jp/shop/search/detail/T1A4/,softbank-yodobashi-akiba,ソフトバンク ヨドバシＡＫＩＢＡ,千代田区
https://www.softbank.jp/shop/search/detail/T1A7/,softbank-hongosanchome,ソフトバンク 本郷三丁目,文京区
https://www.softbank.jp/shop/search/detail/T1B0/,softbank-ueno-hirokoji,ソフトバンク 上野広小路,台東区
https://www.softbank.jp/shop/search/detail/T1B1/,softbank-mejirodai,ソフトバンク めじろ台,八王子市
https://www.softbank.jp/shop/search/detail/T1B7/,softbank-kokoria-tama-senta,ソフトバンク ココリア多摩センター,多摩市
https://www.softbank.jp/shop/search/detail/T1B9/,softbank-sugamo,ソフトバンク 巣鴨,豊島区
https://www.softbank.jp/shop/search/detail/T1C0/,softbank-shinagawa,ソフトバンク 品川,港区
https://www.softbank.jp/shop/search/detail/T1C1/,softbank-hibarigaoka,ソフトバンク ひばりヶ丘,西東京市
https://www.softbank.jp/shop/search/detail/T1C3/,softbank-lalaport-toyosu,ソフトバンク ららぽーと豊洲,江東区
https://www.softbank.jp/shop/search/detail/T1C7/,softbank-komae,ソフトバンク 狛江,狛江市
https://www.softbank.jp/shop/search/detail/T1D2/,softbank-kamishakujii,ソフトバンク 上石神井,練馬区
https://www.softbank.jp/shop/search/detail/T1D3/,softbank-omotesando,ソフトバンク 表参道,渋谷区
https://www.softbank.jp/shop/search/detail/T1D8/,softbank-ju-jo,ソフトバンク 十条,北区
https://www.softbank.jp/shop/search/detail/T1E3/,softbank-wakabadai,ソフトバンク 若葉台,稲城市
https://www.softbank.jp/shop/search/detail/T1E5/,softbank-ueno-asakusa-dori,ソフトバンク 上野浅草通り,台東区
https://www.softbank.jp/shop/search/detail/T1E7/,softbank-takahatafudo-ekimae,ソフトバンク 高幡不動駅前,日野市
https://www.softbank.jp/shop/search/detail/T1F0/,softbank-otorii-ekimae,ソフトバンク 大鳥居駅前,大田区
https://www.softbank.jp/shop/search/detail/T1F2/,softbank-machida,ソフトバンク 町田,町田市
https://www.softbank.jp/shop/search/detail/T1F4/,softbank-chikatetsu-akazuka,ソフトバンク 地下鉄赤塚,練馬区
https://www.softbank.jp/shop/search/detail/T1F6/,softbank-saginomiya-kitaguchi,ソフトバンク 鷺ノ宮北口,中野区
https://www.softbank.jp/shop/search/detail/T1F7/,softbank-yukigayaotsuka-ekimae,ソフトバンク 雪が谷大塚駅前,大田区
https://www.softbank.jp/shop/search/detail/T1F8/,softbank-umeyashiki,ソフトバンク 梅屋敷,大田区
https://www.softbank.jp/shop/search/detail/T1G0/,softbank-kagurazaka,ソフトバンク 神楽坂,新宿区
https://www.softbank.jp/shop/search/detail/T1G5/,softbank-shinjuku-nishiguchi,ソフトバンク 新宿西口,新宿区
https://www.softbank.jp/shop/search/detail/T1G6/,softbank-tahara-machi,ソフトバンク 田原町,台東区
https://www.softbank.jp/shop/search/detail/T1G7/,softbank-gurinado-nagayama,ソフトバンク グリナード永山,多摩市
https://www.softbank.jp/shop/search/detail/T1H0/,softbank-futago-tamagawa,ソフトバンク 二子玉川,世田谷区
https://www.softbank.jp/shop/search/detail/T1H8/,softbank-kodaira-ogawa-machi,ソフトバンク 小平小川町,小平市
https://www.softbank.jp/shop/search/detail/T1H9/,softbank-komazawadaigaku-ekimae,ソフトバンク 駒沢大学駅前,世田谷区
https://www.softbank.jp/shop/search/detail/T1I1/,softbank-yodobashi-kichijoji,ソフトバンク ヨドバシ吉祥寺,武蔵野市
https://www.softbank.jp/shop/search/detail/T1I3/,softbank-sangenjaya-cha-sawa-dori,ソフトバンク 三軒茶屋茶沢通り,世田谷区
https://www.softbank.jp/shop/search/detail/T1I4/,softbank-branch-chofu,ソフトバンク ＢＲＡＮＣＨ調布,調布市
https://www.softbank.jp/shop/search/detail/T1I7/,softbank-kichijoji-marui,ソフトバンク 吉祥寺マルイ,武蔵野市
https://www.softbank.jp/shop/search/detail/T1I8/,softbank-yanokuchi,ソフトバンク 矢野口,稲城市
https://www.softbank.jp/shop/search/detail/T1J0/,softbank-nakanobu,ソフトバンク 中延,品川区
https://www.softbank.jp/shop/search/detail/T1J1/,softbank-hoya,ソフトバンク 保谷,西東京市
https://www.softbank.jp/shop/search/detail/T1J2/,softbank-higashi-nagasaki-eki-mae,ソフトバンク 東長崎駅前,豊島区
https://www.softbank.jp/shop/search/detail/T1J3/,softbank-kichijoji-sanrodo,ソフトバンク 吉祥寺サンロード,武蔵野市
https://www.softbank.jp/shop/search/detail/T1J4/,softbank-toyo-machi-isuto-21,ソフトバンク 東陽町イースト２１,江東区
https://www.softbank.jp/shop/search/detail/T1J7/,softbank-higashijujo,ソフトバンク 東十条,北区
https://www.softbank.jp/shop/search/detail/T1J8/,softbank-ayase,ソフトバンク 綾瀬,足立区
https://www.softbank.jp/shop/search/detail/T1J9/,softbank-hachioji-minamino,ソフトバンク 八王子みなみ野,八王子市
https://www.softbank.jp/shop/search/detail/T1K1/,softbank-ue-itabashi,ソフトバンク 上板橋,板橋区
https://www.softbank.jp/shop/search/detail/T1K5/,softbank-hane-mura-sakae-machi,ソフトバンク 羽村栄町,羽村市
https://www.softbank.jp/shop/search/detail/T1K7/,softbank-kumekawa-ekimae,ソフトバンク 久米川駅前,東村山市
https://www.softbank.jp/shop/search/detail/T1L0/,softbank-itoyokado-minamiosawa,ソフトバンク イトーヨーカドー南大沢,八王子市
https://www.softbank.jp/shop/search/detail/T1L2/,softbank-ario-nishiarai,ソフトバンク アリオ西新井,足立区
https://www.softbank.jp/shop/search/detail/T1L7/,softbank-aeon-mall-hinode,ソフトバンク イオンモール日の出,西多摩郡日の出町
https://www.softbank.jp/shop/search/detail/T1L8/,softbank-nishiogi-kubo,ソフトバンク 西荻窪,杉並区
https://www.softbank.jp/shop/search/detail/T1M2/,softbank-higashikurume-shoppingusentakurune,ソフトバンク 東久留米ショッピングセンタークルネ,東久留米市
https://www.softbank.jp/shop/search/detail/T1M7/,softbank-shinjuku-higashiguchi-chuo-dori,ソフトバンク 新宿東口中央通り,新宿区
https://www.softbank.jp/shop/search/detail/T1M9/,softbank-shibata,ソフトバンク 新発田,新発田市
https://www.softbank.jp/shop/search/detail/T1N0/,softbank-nitsu,ソフトバンク 新津,新潟市秋葉区
https://www.softbank.jp/shop/search/detail/T1N2/,softbank-sado,ソフトバンク 佐渡,佐渡市
https://www.softbank.jp/shop/search/detail/T1N6/,softbank-nagaoka,ソフトバンク 長岡,長岡市
https://www.softbank.jp/shop/search/detail/T1N8/,softbank-chitosefunabashi,ソフトバンク 千歳船橋,世田谷区
https://www.softbank.jp/shop/search/detail/T1O1/,softbank-mizuho-r-16,ソフトバンク 瑞穂Ｒ１６,西多摩郡瑞穂町
https://www.softbank.jp/shop/search/detail/T1O2/,softbank-hanakoganei,ソフトバンク 花小金井,小平市
https://www.softbank.jp/shop/search/detail/T1O3/,softbank-shimura-sakagami,ソフトバンク 志村坂上,板橋区
https://www.softbank.jp/shop/search/detail/T1O5/,softbank-musashimurayama,ソフトバンク 武蔵村山,武蔵村山市
https://www.softbank.jp/shop/search/detail/T1O6/,softbank-machida-kanai,ソフトバンク 町田金井,町田市
https://www.softbank.jp/shop/search/detail/T1P1/,softbank-togoshi-ginza,ソフトバンク 戸越銀座,品川区
https://www.softbank.jp/shop/search/detail/T1Q1/,softbank-hamadayama,ソフトバンク 浜田山,杉並区
https://www.softbank.jp/shop/search/detail/T1Q6/,softbank-hamura,ソフトバンク 羽村,羽村市
https://www.softbank.jp/shop/search/detail/T1Q7/,softbank-ario-kasai,ソフトバンク アリオ葛西,江戸川区
https://www.softbank.jp/shop/search/detail/T1Q8/,softbank-oyama,ソフトバンク 大山,板橋区
https://www.softbank.jp/shop/search/detail/T1Q9/,softbank-takashimadaira,ソフトバンク 高島平,板橋区
https://www.softbank.jp/shop/search/detail/T1R3/,softbank-nigata-benten-inter,ソフトバンク 新潟弁天インター,新潟市中央区
https://www.softbank.jp/shop/search/detail/T1R4/,softbank-machiya,ソフトバンク 町屋,荒川区
https://www.softbank.jp/shop/search/detail/T1T1/,softbank-apita-nigata-nishi,ソフトバンク アピタ新潟西,新潟市西区
https://www.softbank.jp/shop/search/detail/T1T4/,softbank-minano-fuchu-bubaigawara,ソフトバンク ＭＩＮＡＮＯ府中・分倍河原,府中市
https://www.softbank.jp/shop/search/detail/T1U0/,softbank-ookayama,ソフトバンク 大岡山,大田区
https://www.softbank.jp/shop/search/detail/T1U2/,softbank-ekoda,ソフトバンク 江古田,練馬区
https://www.softbank.jp/shop/search/detail/T1U3/,softbank-mafu-ju-ban,ソフトバンク 麻布十番,港区
https://www.softbank.jp/shop/search/detail/T1U5/,softbank-moto-sumiyoshi,ソフトバンク 元住吉,川崎市中原区
https://www.softbank.jp/shop/search/detail/T1U6/,softbank-tobu-nerima,ソフトバンク 東武練馬,練馬区
https://www.softbank.jp/shop/search/detail/T1U7/,softbank-shimotakaido,ソフトバンク 下高井戸,世田谷区
https://www.softbank.jp/shop/search/detail/T1U8/,softbank-waseda,ソフトバンク 早稲田,新宿区
https://www.softbank.jp/shop/search/detail/T1V2/,softbank-kasai,ソフトバンク 葛西,江戸川区
https://www.softbank.jp/shop/search/detail/T1V3/,softbank-jiyugaoka-minamiguchi,ソフトバンク 自由が丘南口,目黒区
https://www.softbank.jp/shop/search/detail/T1V4/,softbank-sakurashin-machi,ソフトバンク 桜新町,世田谷区
https://www.softbank.jp/shop/search/detail/T200/,softbank-mukogaoka-yuen,ソフトバンク 向ヶ丘遊園,川崎市多摩区
https://www.softbank.jp/shop/search/detail/T201/,softbank-saginuma,ソフトバンク 鷺沼,川崎市宮前区
https://www.softbank.jp/shop/search/detail/T202/,softbank-mizonokuchi,ソフトバンク 溝の口,川崎市高津区
https://www.softbank.jp/shop/search/detail/T203/,softbank-tsunajima,ソフトバンク 綱島,横浜市港北区
https://www.softbank.jp/shop/search/detail/T204/,softbank-odakyu-shonan-gate,ソフトバンク ＯＤＡＫＹＵ湘南ＧＡＴＥ,藤沢市
https://www.softbank.jp/shop/search/detail/T205/,softbank-tenno-machi,ソフトバンク 天王町,横浜市保土ケ谷区
https://www.softbank.jp/shop/search/detail/T206/,softbank-apita-kanazawa-bunko,ソフトバンク アピタ金沢文庫,横浜市金沢区
https://www.softbank.jp/shop/search/detail/T207/,softbank-futamatagawa,ソフトバンク 二俣川,横浜市旭区
https://www.softbank.jp/shop/search/detail/T208/,softbank-aeon-hadano,ソフトバンク イオン秦野,秦野市
https://www.softbank.jp/shop/search/detail/T210/,softbank-kita-kurihama,ソフトバンク 北久里浜,横須賀市
https://www.softbank.jp/shop/search/detail/T211/,softbank-chuo-rinkan,ソフトバンク 中央林間,大和市
https://www.softbank.jp/shop/search/detail/T212/,softbank-tama-puraza,ソフトバンク たまプラーザ,横浜市青葉区
https://www.softbank.jp/shop/search/detail/T213/,softbank-aoba-dai,ソフトバンク 青葉台,横浜市青葉区
https://www.softbank.jp/shop/search/detail/T214/,softbank-totsuka,ソフトバンク 戸塚,横浜市戸塚区
https://www.softbank.jp/shop/search/detail/T215/,softbank-yamato,ソフトバンク 大和,大和市
https://www.softbank.jp/shop/search/detail/T216/,softbank-tsurumi,ソフトバンク 鶴見,横浜市鶴見区
https://www.softbank.jp/shop/search/detail/T217/,softbank-shonandai,ソフトバンク 湘南台,藤沢市
https://www.softbank.jp/shop/search/detail/T219/,softbank-rasuka-chigasaki,ソフトバンク ラスカ茅ヶ崎,茅ヶ崎市
https://www.softbank.jp/shop/search/detail/T221/,softbank-odawara-ekimae,ソフトバンク 小田原駅前,小田原市
https://www.softbank.jp/shop/search/detail/T223/,softbank-shin-yokohama,ソフトバンク 新横浜,横浜市港北区
https://www.softbank.jp/shop/search/detail/T225/,softbank-atsugi-tsumada,ソフトバンク 厚木妻田,厚木市
https://www.softbank.jp/shop/search/detail/T226/,softbank-aeon-sagamihara,ソフトバンク イオン相模原,相模原市南区
https://www.softbank.jp/shop/search/detail/T227/,softbank-shonan-raifu-taun,ソフトバンク 湘南ライフタウン,藤沢市
https://www.softbank.jp/shop/search/detail/T228/,softbank-dainashiti-odawara,ソフトバンク ダイナシティ小田原,小田原市
https://www.softbank.jp/shop/search/detail/T229/,softbank-isehara,ソフトバンク 伊勢原,伊勢原市
https://www.softbank.jp/shop/search/detail/T230/,softbank-kawasaki,ソフトバンク 川崎,川崎市川崎区
https://www.softbank.jp/shop/search/detail/T231/,softbank-hon-atsugi,ソフトバンク 本厚木,厚木市
https://www.softbank.jp/shop/search/detail/T232/,softbank-kamiooka,ソフトバンク 上大岡,横浜市港南区
https://www.softbank.jp/shop/search/detail/T235/,softbank-obune,ソフトバンク 大船,鎌倉市
https://www.softbank.jp/shop/search/detail/T236/,softbank-higashi-kanagawa,ソフトバンク 東神奈川,横浜市神奈川区
https://www.softbank.jp/shop/search/detail/T237/,softbank-konan-tai-bazu,ソフトバンク 港南台バーズ,横浜市港南区
https://www.softbank.jp/shop/search/detail/T239/,softbank-kannai,ソフトバンク 関内,横浜市中区
https://www.softbank.jp/shop/search/detail/T240/,softbank-rasuka-hiratsuka,ソフトバンク ラスカ平塚,平塚市
https://www.softbank.jp/shop/search/detail/T242/,softbank-ra-ra-terasu-musashi-kosugi,ソフトバンク ららテラス武蔵小杉,川崎市中原区
https://www.softbank.jp/shop/search/detail/T243/,softbank-sagamihara,ソフトバンク 相模原,相模原市中央区
https://www.softbank.jp/shop/search/detail/T245/,softbank-shin-yurigaoka-opa,ソフトバンク 新百合丘オーパ,川崎市麻生区
https://www.softbank.jp/shop/search/detail/T247/,softbank-hommoku,ソフトバンク 本牧,横浜市中区
https://www.softbank.jp/shop/search/detail/T248/,softbank-roppongi,ソフトバンク 六本木,港区
https://www.softbank.jp/shop/search/detail/T249/,softbank-kodaira-tenjin-machi,ソフトバンク 小平天神町,小平市
https://www.softbank.jp/shop/search/detail/T250/,softbank-nakayama,ソフトバンク 中山,横浜市緑区
https://www.softbank.jp/shop/search/detail/T251/,softbank-hiyoshi,ソフトバンク 日吉,横浜市港北区
https://www.softbank.jp/shop/search/detail/T253/,softbank-yodobashi-yokohama,ソフトバンク ヨドバシ横浜,横浜市西区
https://www.softbank.jp/shop/search/detail/T256/,softbank-tachiba,ソフトバンク 立場,横浜市泉区
https://www.softbank.jp/shop/search/detail/T260/,softbank-razona-kawasaki-puraza,ソフトバンク ラゾーナ川崎プラザ,川崎市幸区
https://www.softbank.jp/shop/search/detail/T262/,softbank-isezaki-moru,ソフトバンク 伊勢佐木モール,横浜市中区
https://www.softbank.jp/shop/search/detail/T264/,softbank-yokodai,ソフトバンク 洋光台,横浜市磯子区
https://www.softbank.jp/shop/search/detail/T265/,softbank-ayase-shiyakusho-dori,ソフトバンク 綾瀬市役所通り,綾瀬市
https://www.softbank.jp/shop/search/detail/T278/,softbank-kurihama,ソフトバンク 久里浜,横須賀市
https://www.softbank.jp/shop/search/detail/T281/,softbank-senta-kita-kaisatsu-mae,ソフトバンク センター北改札前,横浜市都筑区
https://www.softbank.jp/shop/search/detail/T283/,softbank-yamato-sakuragaoka,ソフトバンク 大和桜ヶ丘,大和市
https://www.softbank.jp/shop/search/detail/T285/,softbank-odawara-isen-kyo,ソフトバンク 小田原飯泉橋,小田原市
https://www.softbank.jp/shop/search/detail/T290/,softbank-aeon-mall-yamato,ソフトバンク イオンモール大和,大和市
https://www.softbank.jp/shop/search/detail/T293/,softbank-miura-kaigan-r-134,ソフトバンク 三浦海岸Ｒ１３４,横須賀市
https://www.softbank.jp/shop/search/detail/T294/,softbank-azamino,ソフトバンク あざみ野,横浜市青葉区
https://www.softbank.jp/shop/search/detail/T295/,softbank-ashigara,ソフトバンク 足柄,足柄上郡大井町
https://www.softbank.jp/shop/search/detail/T296/,softbank-zushi,ソフトバンク 逗子,逗子市
https://www.softbank.jp/shop/search/detail/T297/,softbank-shiki-no-mori,ソフトバンク 四季の森,横浜市旭区
https://www.softbank.jp/shop/search/detail/T2A0/,softbank-zama,ソフトバンク 座間,座間市
https://www.softbank.jp/shop/search/detail/T2A1/,softbank-kamimizo,ソフトバンク 上溝,相模原市中央区
https://www.softbank.jp/shop/search/detail/T2A4/,softbank-miyamae-taira,ソフトバンク 宮前平,川崎市宮前区
https://www.softbank.jp/shop/search/detail/T2A5/,softbank-rakuaru-odasaga,ソフトバンク ラクアル・オダサガ,相模原市南区
https://www.softbank.jp/shop/search/detail/T2A7/,softbank-lalaport-yokohama,ソフトバンク ららぽーと横浜,横浜市都筑区
https://www.softbank.jp/shop/search/detail/T2A9/,softbank-sagamihara-r-16,ソフトバンク 相模原Ｒ１６,相模原市中央区
https://www.softbank.jp/shop/search/detail/T2B1/,softbank-sotetsu-raifu-mitsuzakai,ソフトバンク 相鉄ライフ三ツ境,横浜市瀬谷区
https://www.softbank.jp/shop/search/detail/T2B2/,softbank-isehara-r-246,ソフトバンク 伊勢原Ｒ２４６,伊勢原市
https://www.softbank.jp/shop/search/detail/T2B4/,softbank-san-tsu-sawa,ソフトバンク 三ッ沢,横浜市神奈川区
https://www.softbank.jp/shop/search/detail/T2B6/,softbank-kawasaki-daishi,ソフトバンク 川崎大師,川崎市川崎区
https://www.softbank.jp/shop/search/detail/T2B9/,softbank-shinkawasaki-kashimada,ソフトバンク 新川崎鹿島田,川崎市幸区
https://www.softbank.jp/shop/search/detail/T2C2/,softbank-samukawa-ekimae,ソフトバンク 寒川駅前,高座郡寒川町
https://www.softbank.jp/shop/search/detail/T2C3/,softbank-ichigao,ソフトバンク 市ヶ尾,横浜市青葉区
https://www.softbank.jp/shop/search/detail/T2C4/,softbank-aeon-kanazawa-hakkei,ソフトバンク イオン金沢八景,横浜市金沢区
https://www.softbank.jp/shop/search/detail/T2C5/,softbank-kitayamata,ソフトバンク 北山田,横浜市都筑区
https://www.softbank.jp/shop/search/detail/T2C6/,softbank-nagatsuta,ソフトバンク 長津田,横浜市緑区
https://www.softbank.jp/shop/search/detail/T2C7/,softbank-kyo-kyu-suita,ソフトバンク 京急杉田,横浜市磯子区
https://www.softbank.jp/shop/search/detail/T2D1/,softbank-musashishinjo,ソフトバンク 武蔵新城,川崎市中原区
https://www.softbank.jp/shop/search/detail/T2D2/,softbank-yokohama-moazu,ソフトバンク 横浜モアーズ,横浜市西区
https://www.softbank.jp/shop/search/detail/T2D4/,softbank-aikawa,ソフトバンク 愛川,愛甲郡愛川町
https://www.softbank.jp/shop/search/detail/T2D6/,softbank-ario-hashimoto,ソフトバンク アリオ橋本,相模原市緑区
https://www.softbank.jp/shop/search/detail/T2D8/,softbank-ikuta-fuchu-kaido,ソフトバンク 生田府中街道,川崎市多摩区
https://www.softbank.jp/shop/search/detail/T2D9/,softbank-binawoku-ebina,ソフトバンク ビナウォーク海老名,海老名市
https://www.softbank.jp/shop/search/detail/T2E0/,softbank-nokendai,ソフトバンク 能見台,横浜市金沢区
https://www.softbank.jp/shop/search/detail/T2E1/,softbank-yokohama-rando-maku,ソフトバンク 横浜ランドマーク,横浜市西区
https://www.softbank.jp/shop/search/detail/T2E3/,softbank-ario-kitasuna,ソフトバンク アリオ北砂,江東区
https://www.softbank.jp/shop/search/detail/T2E4/,softbank-terasu-moru-shonan,ソフトバンク テラスモール湘南,藤沢市
https://www.softbank.jp/shop/search/detail/T2E5/,softbank-aiko-ishida,ソフトバンク 愛甲石田,厚木市
https://www.softbank.jp/shop/search/detail/T2E7/,softbank-okurayama,ソフトバンク 大倉山,横浜市港北区
https://www.softbank.jp/shop/search/detail/T2E9/,softbank-fujimigaoka,ソフトバンク 富士見が丘,横浜市都筑区
https://www.softbank.jp/shop/search/detail/T2F0/,softbank-totsuka-nishiguchi-totsukana,ソフトバンク 戸塚西口トツカーナ,横浜市戸塚区
https://www.softbank.jp/shop/search/detail/T2F1/,softbank-toressa-yokohama,ソフトバンク 　トレッサ横浜,横浜市港北区
https://www.softbank.jp/shop/search/detail/T2F2/,softbank-tsurumi-shijo,ソフトバンク 鶴見市場,横浜市鶴見区
https://www.softbank.jp/shop/search/detail/T2F3/,softbank-osc-shonan-shiti,ソフトバンク ＯＳＣ湘南シティ,平塚市
https://www.softbank.jp/shop/search/detail/T2F4/,softbank-sagamihara-tana,ソフトバンク 相模原田名,相模原市中央区
https://www.softbank.jp/shop/search/detail/T2F7/,softbank-yokosuka-moazushiti,ソフトバンク 横須賀モアーズシティ,横須賀市
https://www.softbank.jp/shop/search/detail/T2F8/,softbank-tsuru-ke-ho,ソフトバンク 鶴ヶ峰,横浜市旭区
https://www.softbank.jp/shop/search/detail/T2G0/,softbank-kamakura,ソフトバンク 鎌倉,鎌倉市
https://www.softbank.jp/shop/search/detail/T2G1/,softbank-yokohama-nishiguchi,ソフトバンク 横浜西口,横浜市西区
https://www.softbank.jp/shop/search/detail/T2G3/,softbank-kikuna,ソフトバンク 菊名,横浜市港北区
https://www.softbank.jp/shop/search/detail/T2G7/,softbank-bo-no-sagamiono,ソフトバンク ボーノ相模大野,相模原市南区
https://www.softbank.jp/shop/search/detail/T2G9/,softbank-kohoku-tokyu-sc,ソフトバンク 港北東急ＳＣ,横浜市都筑区
https://www.softbank.jp/shop/search/detail/T300/,softbank-higashikana,ソフトバンク 東金,東金市
https://www.softbank.jp/shop/search/detail/T301/,softbank-mohara,ソフトバンク 茂原,茂原市
https://www.softbank.jp/shop/search/detail/T302/,softbank-noda-nakane,ソフトバンク 野田中根,野田市
https://www.softbank.jp/shop/search/detail/T303/,softbank-kashiwa-shonan,ソフトバンク 柏・沼南,柏市
https://www.softbank.jp/shop/search/detail/T304/,softbank-kashiwa-higashiguchi-ekimae,ソフトバンク 柏東口駅前,柏市
https://www.softbank.jp/shop/search/detail/T305/,softbank-funabashi-ekimae,ソフトバンク 船橋駅前,船橋市
https://www.softbank.jp/shop/search/detail/T306/,softbank-aeon-mall-tsudanuma,ソフトバンク イオンモール津田沼,習志野市
https://www.softbank.jp/shop/search/detail/T308/,softbank-aeon-mall-chiba-nyutaun,ソフトバンク イオンモール千葉ニュータウン,印西市
https://www.softbank.jp/shop/search/detail/T309/,softbank-kitanarashino,ソフトバンク 北習志野,船橋市
https://www.softbank.jp/shop/search/detail/T310/,softbank-minamikashiwa,ソフトバンク 南柏,柏市
https://www.softbank.jp/shop/search/detail/T311/,softbank-aeon-taun-tateyama,ソフトバンク イオンタウン館山,館山市
https://www.softbank.jp/shop/search/detail/T312/,softbank-yachiyo,ソフトバンク 八千代,八千代市
https://www.softbank.jp/shop/search/detail/T317/,softbank-paruna-sawara,ソフトバンク パルナ佐原,稲敷市
https://www.softbank.jp/shop/search/detail/T319/,softbank-shin-hachi-hashira,ソフトバンク 新八柱,松戸市
https://www.softbank.jp/shop/search/detail/T321/,softbank-sakura-usui,ソフトバンク 佐倉臼井,佐倉市
https://www.softbank.jp/shop/search/detail/T322/,softbank-kamagaya,ソフトバンク 鎌ヶ谷,鎌ケ谷市
https://www.softbank.jp/shop/search/detail/T323/,softbank-chiba-kita,ソフトバンク 千葉北,千葉市稲毛区
https://www.softbank.jp/shop/search/detail/T324/,softbank-misuta-makkusu-o-yumi-no,ソフトバンク ミスターマックスおゆみ野,千葉市緑区
https://www.softbank.jp/shop/search/detail/T325/,softbank-shin-matsudo,ソフトバンク 新松戸,松戸市
https://www.softbank.jp/shop/search/detail/T326/,softbank-yotsukaido,ソフトバンク 四街道,四街道市
https://www.softbank.jp/shop/search/detail/T327/,softbank-aeon-mall-narita,ソフトバンク イオンモール成田,成田市
https://www.softbank.jp/shop/search/detail/T329/,softbank-ichikawa,ソフトバンク 市川,市川市
https://www.softbank.jp/shop/search/detail/T330/,softbank-gyotoku,ソフトバンク 行徳,市川市
https://www.softbank.jp/shop/search/detail/T331/,softbank-kimitsu,ソフトバンク 君津,君津市
https://www.softbank.jp/shop/search/detail/T332/,softbank-motoyawata,ソフトバンク 本八幡,市川市
https://www.softbank.jp/shop/search/detail/T333/,softbank-kisarazu,ソフトバンク 木更津,木更津市
https://www.softbank.jp/shop/search/detail/T335/,softbank-ikoasu-chishirodai,ソフトバンク イコアス千城台,千葉市若葉区
https://www.softbank.jp/shop/search/detail/T336/,softbank-urayasu,ソフトバンク 浦安,浦安市
https://www.softbank.jp/shop/search/detail/T337/,softbank-lalaport-tokyo-bay,ソフトバンク ららぽーとＴＯＫＹＯーＢＡＹ,船橋市
https://www.softbank.jp/shop/search/detail/T338/,softbank-chiba-suehiro,ソフトバンク 千葉末広,千葉市中央区
https://www.softbank.jp/shop/search/detail/T340/,softbank-inage-kaigan,ソフトバンク 稲毛海岸,千葉市美浜区
https://www.softbank.jp/shop/search/detail/T341/,softbank-yuaerumu-narita,ソフトバンク ユアエルム成田,成田市
https://www.softbank.jp/shop/search/detail/T342/,softbank-chiba,ソフトバンク 千葉,千葉市中央区
https://www.softbank.jp/shop/search/detail/T343/,softbank-nishi-funabashi,ソフトバンク 西船橋,船橋市
https://www.softbank.jp/shop/search/detail/T345/,softbank-inage,ソフトバンク 稲毛,千葉市稲毛区
https://www.softbank.jp/shop/search/detail/T347/,softbank-lalaport-kashiwanoha,ソフトバンク ららぽーと柏の葉,柏市
https://www.softbank.jp/shop/search/detail/T348/,softbank-nagareyama-o-ta-ka-no-mori,ソフトバンク 流山おおたかの森,流山市
https://www.softbank.jp/shop/search/detail/T349/,softbank-funabashi-kitaguchi,ソフトバンク 船橋北口,船橋市
https://www.softbank.jp/shop/search/detail/T350/,softbank-yuaerumu-yachiyo-dai,ソフトバンク ユアエルム八千代台,八千代市
https://www.softbank.jp/shop/search/detail/T353/,softbank-shin-urayasu,ソフトバンク 新浦安,浦安市
https://www.softbank.jp/shop/search/detail/T354/,softbank-ichihara-heisei-dori,ソフトバンク 市原平成通り,市原市
https://www.softbank.jp/shop/search/detail/T355/,softbank-yokaichiba,ソフトバンク 八日市場,匝瑳市
https://www.softbank.jp/shop/search/detail/T358/,softbank-myoden,ソフトバンク 妙典,市川市
https://www.softbank.jp/shop/search/detail/T359/,softbank-yunimo-chiharadai,ソフトバンク ユニモちはら台,市原市
https://www.softbank.jp/shop/search/detail/T360/,softbank-aeon-yamachi,ソフトバンク イオン八街,八街市
https://www.softbank.jp/shop/search/detail/T362/,softbank-higashi-matsudo,ソフトバンク 東松戸,松戸市
https://www.softbank.jp/shop/search/detail/T363/,softbank-minamigyotoku,ソフトバンク 南行徳,市川市
https://www.softbank.jp/shop/search/detail/T364/,softbank-sodegaura,ソフトバンク 袖ヶ浦,袖ケ浦市
https://www.softbank.jp/shop/search/detail/T366/,softbank-narashino-narita-kaido,ソフトバンク 習志野成田街道,船橋市
https://www.softbank.jp/shop/search/detail/T367/,softbank-joifuru-honda-chiba-nyutaun,ソフトバンク ジョイフル本田千葉ニュータウン,印西市
https://www.softbank.jp/shop/search/detail/T368/,softbank-shinkemigawa,ソフトバンク 新検見川,千葉市花見川区
https://www.softbank.jp/shop/search/detail/T371/,softbank-tsuga,ソフトバンク 都賀,千葉市若葉区
https://www.softbank.jp/shop/search/detail/T374/,softbank-ichikawa-nikkekorutompuraza,ソフトバンク 市川ニッケコルトンプラザ,市川市
https://www.softbank.jp/shop/search/detail/T377/,softbank-tsuchike-asumigaoka,ソフトバンク 土気あすみが丘,千葉市緑区
https://www.softbank.jp/shop/search/detail/T378/,softbank-aku-rosu-moru-shinkamagaya,ソフトバンク アクロスモール新鎌ヶ谷,鎌ケ谷市
https://www.softbank.jp/shop/search/detail/T379/,softbank-mega-donkihote-naruto,ソフトバンク ＭＥＧＡドン・キホーテ成東,山武市
https://www.softbank.jp/shop/search/detail/T380/,softbank-goko,ソフトバンク 五香,松戸市
https://www.softbank.jp/shop/search/detail/T381/,softbank-moraju-kashiwa,ソフトバンク モラージュ柏,柏市
https://www.softbank.jp/shop/search/detail/T384/,softbank-aeon-mall-choshi,ソフトバンク イオンモール銚子,銚子市
https://www.softbank.jp/shop/search/detail/T385/,softbank-shin-narashino,ソフトバンク 新習志野,習志野市
https://www.softbank.jp/shop/search/detail/T386/,softbank-fusato,ソフトバンク 富里,富里市
https://www.softbank.jp/shop/search/detail/T387/,softbank-minami-nagareyama,ソフトバンク 南流山,流山市
https://www.softbank.jp/shop/search/detail/T388/,softbank-sakura,ソフトバンク 佐倉,佐倉市
https://www.softbank.jp/shop/search/detail/T389/,softbank-shirai,ソフトバンク 白井,白井市
https://www.softbank.jp/shop/search/detail/T390/,softbank-chiba-to-machi,ソフトバンク 千葉都町,千葉市中央区
https://www.softbank.jp/shop/search/detail/T392/,softbank-anezaki,ソフトバンク 姉崎,市原市
https://www.softbank.jp/shop/search/detail/T393/,softbank-aeon-taun-noda-nanakodai,ソフトバンク イオンタウン野田七光台,野田市
https://www.softbank.jp/shop/search/detail/T395/,softbank-aeon-mall-yachiyo-midorigaoka,ソフトバンク イオンモール八千代緑が丘,八千代市
https://www.softbank.jp/shop/search/detail/T398/,softbank-asahi,ソフトバンク 旭,旭市
https://www.softbank.jp/shop/search/detail/T400/,softbank-kasukabe,ソフトバンク 春日部,春日部市
https://www.softbank.jp/shop/search/detail/T401/,softbank-hanno,ソフトバンク 飯能,飯能市
https://www.softbank.jp/shop/search/detail/T402/,softbank-kotesashi,ソフトバンク 小手指,所沢市
https://www.softbank.jp/shop/search/detail/T403/,softbank-omiya,ソフトバンク 大宮,さいたま市大宮区
https://www.softbank.jp/shop/search/detail/T404/,softbank-urawa,ソフトバンク 浦和,さいたま市浦和区
https://www.softbank.jp/shop/search/detail/T405/,softbank-toda,ソフトバンク 戸田,戸田市
https://www.softbank.jp/shop/search/detail/T406/,softbank-kitaura-kazu,ソフトバンク 北浦和,さいたま市中央区
https://www.softbank.jp/shop/search/detail/T407/,softbank-omiya-nana-sato,ソフトバンク 大宮七里,さいたま市見沼区
https://www.softbank.jp/shop/search/detail/T408/,softbank-asaka-tai-ekimae,ソフトバンク 朝霞台駅前,朝霞市
https://www.softbank.jp/shop/search/detail/T409/,softbank-minami-koshigaya,ソフトバンク 南越谷,越谷市
https://www.softbank.jp/shop/search/detail/T410/,softbank-shiki,ソフトバンク 志木,志木市
https://www.softbank.jp/shop/search/detail/T411/,softbank-hasuda-ina-sakae,ソフトバンク 蓮田伊奈栄,北足立郡伊奈町
https://www.softbank.jp/shop/search/detail/T412/,softbank-ario-kawaguchi,ソフトバンク アリオ川口,川口市
https://www.softbank.jp/shop/search/detail/T413/,softbank-kuki,ソフトバンク 久喜,久喜市
https://www.softbank.jp/shop/search/detail/T415/,softbank-sayama,ソフトバンク 狭山,狭山市
https://www.softbank.jp/shop/search/detail/T416/,softbank-atore-kawagoe,ソフトバンク アトレ川越,川越市
https://www.softbank.jp/shop/search/detail/T417/,softbank-sakado,ソフトバンク 坂戸,坂戸市
https://www.softbank.jp/shop/search/detail/T418/,softbank-higashimatsuyama,ソフトバンク 東松山,東松山市
https://www.softbank.jp/shop/search/detail/T419/,softbank-fukaya,ソフトバンク 深谷,深谷市
https://www.softbank.jp/shop/search/detail/T421/,softbank-musashi-urawa-mare,ソフトバンク 武蔵浦和マーレ,さいたま市南区
https://www.softbank.jp/shop/search/detail/T423/,softbank-ageo,ソフトバンク 上尾,上尾市
https://www.softbank.jp/shop/search/detail/T424/,softbank-miyahara,ソフトバンク 宮原,さいたま市北区
https://www.softbank.jp/shop/search/detail/T425/,softbank-kumagaya-chuo,ソフトバンク 熊谷中央,熊谷市
https://www.softbank.jp/shop/search/detail/T426/,softbank-nittomoru-kumagaya,ソフトバンク ニットーモール熊谷,熊谷市
https://www.softbank.jp/shop/search/detail/T429/,softbank-warabi,ソフトバンク 蕨,川口市
https://www.softbank.jp/shop/search/detail/T431/,softbank-kazo,ソフトバンク 加須,加須市
https://www.softbank.jp/shop/search/detail/T432/,softbank-higashi-kawaguchi,ソフトバンク 東川口,川口市
https://www.softbank.jp/shop/search/detail/T433/,softbank-benibana-woku-okegawa,ソフトバンク ベニバナウォーク桶川,桶川市
https://www.softbank.jp/shop/search/detail/T434/,softbank-aeon-taun-fujimino,ソフトバンク イオンタウンふじみ野,ふじみ野市
https://www.softbank.jp/shop/search/detail/T435/,softbank-omiya-nishiguchi,ソフトバンク 大宮西口,さいたま市大宮区
https://www.softbank.jp/shop/search/detail/T437/,softbank-misato-chuo,ソフトバンク 三郷中央,三郷市
https://www.softbank.jp/shop/search/detail/T438/,softbank-iwatsuki,ソフトバンク 岩槻,さいたま市岩槻区
https://www.softbank.jp/shop/search/detail/T440/,softbank-soka-hanaguri,ソフトバンク 草加花栗,草加市
https://www.softbank.jp/shop/search/detail/T441/,softbank-tsurugashima,ソフトバンク 鶴ヶ島,鶴ヶ島市
https://www.softbank.jp/shop/search/detail/T442/,softbank-fujimino,ソフトバンク ふじみ野,ふじみ野市
https://www.softbank.jp/shop/search/detail/T443/,softbank-emi-terasu-tokorozawa,ソフトバンク エミテラス所沢,所沢市
https://www.softbank.jp/shop/search/detail/T445/,softbank-soka-ekimae,ソフトバンク 草加駅前,草加市
https://www.softbank.jp/shop/search/detail/T446/,softbank-iruma-chuo,ソフトバンク 入間中央,入間市
https://www.softbank.jp/shop/search/detail/T449/,softbank-gyoda,ソフトバンク 行田,行田市
https://www.softbank.jp/shop/search/detail/T452/,softbank-aku-rosu-puraza-miyoshi,ソフトバンク アクロスプラザ三芳,入間郡三芳町
https://www.softbank.jp/shop/search/detail/T453/,softbank-wakaba,ソフトバンク 若葉,坂戸市
https://www.softbank.jp/shop/search/detail/T455/,softbank-yashio,ソフトバンク 八潮,八潮市
https://www.softbank.jp/shop/search/detail/T456/,softbank-yoshikawa,ソフトバンク 吉川,吉川市
https://www.softbank.jp/shop/search/detail/T457/,softbank-kuki-aoba,ソフトバンク 久喜青葉,久喜市
https://www.softbank.jp/shop/search/detail/T458/,softbank-harenoterasu-higashiomiya,ソフトバンク ハレノテラス東大宮,さいたま市見沼区
https://www.softbank.jp/shop/search/detail/T460/,softbank-asaka-mihara,ソフトバンク 朝霞三原,朝霞市
https://www.softbank.jp/shop/search/detail/T463/,softbank-ki-moru-puraza-kawaguchi,ソフトバンク 樹モールプラザ川口,川口市
https://www.softbank.jp/shop/search/detail/T467/,softbank-wako,ソフトバンク 和光,和光市
https://www.softbank.jp/shop/search/detail/T468/,softbank-hasuda-shiraoka,ソフトバンク 蓮田白岡,蓮田市
https://www.softbank.jp/shop/search/detail/T470/,softbank-sen-gen-dai,ソフトバンク せんげん台,越谷市
https://www.softbank.jp/shop/search/detail/T471/,softbank-honjo,ソフトバンク 本庄,本庄市
https://www.softbank.jp/shop/search/detail/T472/,softbank-niza,ソフトバンク 新座,新座市
https://www.softbank.jp/shop/search/detail/T473/,softbank-kasukabe-yurinoki-dori,ソフトバンク 春日部ユリノキ通り,春日部市
https://www.softbank.jp/shop/search/detail/T474/,softbank-urawa-nakao,ソフトバンク 浦和中尾,さいたま市緑区
https://www.softbank.jp/shop/search/detail/T475/,softbank-sakado-ni-tsu-sai,ソフトバンク 坂戸にっさい,坂戸市
https://www.softbank.jp/shop/search/detail/T476/,softbank-misato-inter,ソフトバンク 三郷インター,三郷市
https://www.softbank.jp/shop/search/detail/T479/,softbank-minamiurawa-eki-mae,ソフトバンク 南浦和駅前,さいたま市南区
https://www.softbank.jp/shop/search/detail/T480/,softbank-musashi-fujisawa,ソフトバンク 武蔵藤沢,入間市
https://www.softbank.jp/shop/search/detail/T481/,softbank-mizuhodai,ソフトバンク みずほ台,富士見市
https://www.softbank.jp/shop/search/detail/T482/,softbank-aeon-mall-ageo,ソフトバンク イオンモール上尾,上尾市
https://www.softbank.jp/shop/search/detail/T487/,softbank-aeon-mall-kita-toda,ソフトバンク イオンモール北戸田,戸田市
https://www.softbank.jp/shop/search/detail/T488/,softbank-satte,ソフトバンク 幸手,幸手市
https://www.softbank.jp/shop/search/detail/T490/,softbank-aeon-reikutaun,ソフトバンク イオンレイクタウン,越谷市
https://www.softbank.jp/shop/search/detail/T493/,softbank-raragaden-kawaguchi,ソフトバンク ララガーデン川口,川口市
https://www.softbank.jp/shop/search/detail/T494/,softbank-moraju-shobu,ソフトバンク モラージュ菖蒲,久喜市
https://www.softbank.jp/shop/search/detail/T495/,softbank-aeon-mall-urawa-misono,ソフトバンク イオンモール浦和美園,さいたま市緑区
https://www.softbank.jp/shop/search/detail/T497/,softbank-pioniwoku-higashimatsuyama,ソフトバンク ピオニウォーク東松山,東松山市
https://www.softbank.jp/shop/search/detail/T498/,softbank-erumi-ko-nosu-shoppingu-moru,ソフトバンク エルミこうのすショッピングモール,鴻巣市
https://www.softbank.jp/shop/search/detail/T499/,softbank-habu,ソフトバンク 羽生,羽生市
https://www.softbank.jp/shop/search/detail/T500/,softbank-hitachino-u-shiku,ソフトバンク ひたち野うしく,牛久市
https://www.softbank.jp/shop/search/detail/T502/,softbank-mito,ソフトバンク 水戸,水戸市
https://www.softbank.jp/shop/search/detail/T503/,softbank-hitachi,ソフトバンク 日立,日立市
https://www.softbank.jp/shop/search/detail/T504/,softbank-hitachinaka,ソフトバンク ひたちなか,ひたちなか市
https://www.softbank.jp/shop/search/detail/T506/,softbank-moriya,ソフトバンク 守谷,守谷市
https://www.softbank.jp/shop/search/detail/T510/,softbank-furukawa,ソフトバンク 古河,古河市
https://www.softbank.jp/shop/search/detail/T513/,softbank-ishioka,ソフトバンク 石岡,石岡市
https://www.softbank.jp/shop/search/detail/T515/,softbank-tsuchiura,ソフトバンク 土浦,土浦市
https://www.softbank.jp/shop/search/detail/T516/,softbank-shimodate,ソフトバンク 下館,筑西市
https://www.softbank.jp/shop/search/detail/T517/,softbank-ryugasaki,ソフトバンク 竜ヶ崎,龍ケ崎市
https://www.softbank.jp/shop/search/detail/T519/,softbank-maruetsu-iwai,ソフトバンク マルエツ岩井,坂東市
https://www.softbank.jp/shop/search/detail/T521/,softbank-mito-akatsuka,ソフトバンク 水戸赤塚,水戸市
https://www.softbank.jp/shop/search/detail/T522/,softbank-yuki,ソフトバンク 結城,結城市
https://www.softbank.jp/shop/search/detail/T524/,softbank-aeon-taun-mito-minami,ソフトバンク イオンタウン水戸南,東茨城郡茨城町
https://www.softbank.jp/shop/search/detail/T533/,softbank-aeon-mall-mito-uchihara,ソフトバンク イオンモール水戸内原,水戸市
https://www.softbank.jp/shop/search/detail/T536/,softbank-tokai,ソフトバンク 東海,那珂郡東海村
https://www.softbank.jp/shop/search/detail/T537/,softbank-hokoden,ソフトバンク 鉾田,鉾田市
https://www.softbank.jp/shop/search/detail/T538/,softbank-tsukuba-kenkyu-gakuen,ソフトバンク つくば研究学園,つくば市
https://www.softbank.jp/shop/search/detail/T543/,softbank-aeon-shimozuma,ソフトバンク イオン下妻,下妻市
https://www.softbank.jp/shop/search/detail/T544/,softbank-iasu-tsukuba,ソフトバンク イーアスつくば,つくば市
https://www.softbank.jp/shop/search/detail/T546/,softbank-hitachi-taga,ソフトバンク 日立多賀,日立市
https://www.softbank.jp/shop/search/detail/T547/,softbank-sakai,ソフトバンク 境,猿島郡境町
https://www.softbank.jp/shop/search/detail/T548/,softbank-aeon-mall-tsuchiura,ソフトバンク イオンモール土浦,土浦市
https://www.softbank.jp/shop/search/detail/T551/,softbank-fasshon-kuruzu-hitachinaka,ソフトバンク ファッションクルーズひたちなか,ひたちなか市
https://www.softbank.jp/shop/search/detail/T552/,softbank-sowa,ソフトバンク 総和,古河市
https://www.softbank.jp/shop/search/detail/T553/,softbank-inashiki,ソフトバンク 稲敷,稲敷市
https://www.softbank.jp/shop/search/detail/T558/,softbank-aeon-mall-tsukuba,ソフトバンク イオンモールつくば,つくば市
https://www.softbank.jp/shop/search/detail/T600/,softbank-oyama,ソフトバンク 小山,小山市
https://www.softbank.jp/shop/search/detail/T601/,softbank-ashikaga-komu-fasuto,ソフトバンク 足利コムファースト,足利市
https://www.softbank.jp/shop/search/detail/T602/,softbank-yaita,ソフトバンク 矢板,矢板市
https://www.softbank.jp/shop/search/detail/T604/,softbank-utsunomiya-nishikawata,ソフトバンク 宇都宮西川田,宇都宮市
https://www.softbank.jp/shop/search/detail/T605/,softbank-kanuma,ソフトバンク 鹿沼,鹿沼市
https://www.softbank.jp/shop/search/detail/T607/,softbank-utsunomiya-higashi,ソフトバンク 宇都宮東,宇都宮市
https://www.softbank.jp/shop/search/detail/T608/,softbank-shin-oka,ソフトバンク 真岡,真岡市
https://www.softbank.jp/shop/search/detail/T609/,softbank-fkd-utsunomiya,ソフトバンク ＦＫＤ宇都宮,宇都宮市
https://www.softbank.jp/shop/search/detail/T611/,softbank-ujiie,ソフトバンク 氏家,さくら市
https://www.softbank.jp/shop/search/detail/T614/,softbank-utsunomiya-miya-tamaki-hosoya,ソフトバンク 宇都宮宮環細谷,宇都宮市
https://www.softbank.jp/shop/search/detail/T615/,softbank-oyama-jonan,ソフトバンク 小山城南,小山市
https://www.softbank.jp/shop/search/detail/T616/,softbank-tochigi,ソフトバンク 栃木,栃木市
https://www.softbank.jp/shop/search/detail/T617/,softbank-aeon-nikko-imaichi,ソフトバンク イオン日光今市,日光市
https://www.softbank.jp/shop/search/detail/T620/,softbank-inter-paku-utsunomiya,ソフトバンク インターパーク宇都宮,宇都宮市
https://www.softbank.jp/shop/search/detail/T622/,softbank-sano-horigome,ソフトバンク 佐野堀米,佐野市
https://www.softbank.jp/shop/search/detail/T623/,softbank-koganei-eki-higashi,ソフトバンク 小金井駅東,下野市
https://www.softbank.jp/shop/search/detail/T629/,softbank-beru-moru-utsunomiya,ソフトバンク ベルモール宇都宮,宇都宮市
https://www.softbank.jp/shop/search/detail/T634/,softbank-utsunomiya-yui-no-mori,ソフトバンク 宇都宮ゆいの杜,宇都宮市
https://www.softbank.jp/shop/search/detail/T700/,softbank-ota,ソフトバンク 太田,太田市
https://www.softbank.jp/shop/search/detail/T701/,softbank-tatebayashi,ソフトバンク 館林,館林市
https://www.softbank.jp/shop/search/detail/T702/,softbank-kiryu,ソフトバンク 桐生,桐生市
https://www.softbank.jp/shop/search/detail/T703/,softbank-gumma-oizumi,ソフトバンク 群馬大泉,邑楽郡大泉町
https://www.softbank.jp/shop/search/detail/T704/,softbank-isezaki,ソフトバンク 伊勢崎,伊勢崎市
https://www.softbank.jp/shop/search/detail/T706/,softbank-gumma-ken-hisashi,ソフトバンク 群馬県央,高崎市
https://www.softbank.jp/shop/search/detail/T707/,softbank-tomioka,ソフトバンク 富岡,富岡市
https://www.softbank.jp/shop/search/detail/T708/,softbank-nitta,ソフトバンク 新田,太田市
https://www.softbank.jp/shop/search/detail/T709/,softbank-takasaki,ソフトバンク 高崎,高崎市
https://www.softbank.jp/shop/search/detail/T712/,softbank-numata,ソフトバンク 沼田,沼田市
https://www.softbank.jp/shop/search/detail/T713/,softbank-shibukawa,ソフトバンク 渋川,渋川市
https://www.softbank.jp/shop/search/detail/T714/,softbank-furesupo-fujioka,ソフトバンク フレスポ藤岡,藤岡市
https://www.softbank.jp/shop/search/detail/T715/,softbank-yamada-maebashi-hon,ソフトバンク ＹＡＭＡＤＡ前橋本店,前橋市
https://www.softbank.jp/shop/search/detail/T716/,softbank-ke-yaki-woku-maebashi,ソフトバンク けやきウォーク前橋,前橋市
https://www.softbank.jp/shop/search/detail/T719/,softbank-maebashi-mitsumata,ソフトバンク 前橋三俣,前橋市
https://www.softbank.jp/shop/search/detail/T720/,softbank-isezaki-chuo,ソフトバンク 伊勢崎中央,伊勢崎市
https://www.softbank.jp/shop/search/detail/T726/,softbank-sumaku-isezaki,ソフトバンク スマーク伊勢崎,伊勢崎市
https://www.softbank.jp/shop/search/detail/T728/,softbank-ota-chuo,ソフトバンク 太田中央,太田市
https://www.softbank.jp/shop/search/detail/T730/,softbank-aeon-mall-takasaki,ソフトバンク イオンモール高崎,高崎市
https://www.softbank.jp/shop/search/detail/T800/,softbank-isawa,ソフトバンク 石和,笛吹市
https://www.softbank.jp/shop/search/detail/T802/,softbank-kofu-showacho,ソフトバンク 甲府昭和,中巨摩郡昭和町
https://www.softbank.jp/shop/search/detail/T803/,softbank-fujiyoshida,ソフトバンク 富士吉田,富士吉田市
https://www.softbank.jp/shop/search/detail/T804/,softbank-arupusu-dori,ソフトバンク アルプス通り,甲斐市
https://www.softbank.jp/shop/search/detail/T805/,softbank-nirasaki,ソフトバンク 韮崎,韮崎市
https://www.softbank.jp/shop/search/detail/T808/,softbank-tsuru,ソフトバンク 都留,都留市
https://www.softbank.jp/shop/search/detail/T811/,softbank-yamanashi-shi-ekimae,ソフトバンク 山梨市駅前,山梨市
https://www.softbank.jp/shop/search/detail/T812/,softbank-razawoku-kaino-futaba,ソフトバンク ラザウォーク甲斐双葉,甲斐市
https://www.softbank.jp/shop/search/detail/T813/,softbank-aeon-mall-kofu-showacho,ソフトバンク イオンモール甲府昭和,中巨摩郡昭和町
https://www.softbank.jp/shop/search/detail/T900/,softbank-nagano-minami-baipasu,ソフトバンク 長野南バイパス,長野市
https://www.softbank.jp/shop/search/detail/T902/,softbank-ina,ソフトバンク 伊那,伊那市
https://www.softbank.jp/shop/search/detail/T903/,softbank-saku-taira,ソフトバンク 佐久平,佐久市
https://www.softbank.jp/shop/search/detail/T906/,softbank-shiojiri,ソフトバンク 塩尻,塩尻市
https://www.softbank.jp/shop/search/detail/T907/,softbank-ario-ueda,ソフトバンク Ａｒｉｏ上田,上田市
https://www.softbank.jp/shop/search/detail/T908/,softbank-sen-kyoku,ソフトバンク 千曲,千曲市
https://www.softbank.jp/shop/search/detail/T909/,softbank-nakano-baipasu,ソフトバンク 中野バイパス,中野市
https://www.softbank.jp/shop/search/detail/T911/,softbank-suwa,ソフトバンク 諏訪,諏訪市
https://www.softbank.jp/shop/search/detail/T912/,softbank-hirabayashi,ソフトバンク 平林,長野市
https://www.softbank.jp/shop/search/detail/T913/,softbank-reikuwoku-okaya,ソフトバンク レイクウォーク岡谷,岡谷市
https://www.softbank.jp/shop/search/detail/T914/,softbank-ida,ソフトバンク 飯田,飯田市
https://www.softbank.jp/shop/search/detail/T915/,softbank-ueda,ソフトバンク 上田,上田市
https://www.softbank.jp/shop/search/detail/T916/,softbank-azumi-noichi,ソフトバンク 安曇野,安曇野市
https://www.softbank.jp/shop/search/detail/T918/,softbank-aeon-mall-suzaka,ソフトバンク イオンモール須坂,須坂市
https://www.softbank.jp/shop/search/detail/T919/,softbank-aeon-taun-matsumoto-murai,ソフトバンク イオンタウン松本村井,松本市
https://www.softbank.jp/shop/search/detail/T921/,softbank-komoro,ソフトバンク 小諸,小諸市
https://www.softbank.jp/shop/search/detail/T922/,softbank-nagano-kita,ソフトバンク 長野北,長野市
https://www.softbank.jp/shop/search/detail/T925/,softbank-aeon-mall-saku-taira,ソフトバンク イオンモール佐久平,佐久市
https://www.softbank.jp/shop/search/detail/T926/,softbank-chino,ソフトバンク 茅野,茅野市
https://www.softbank.jp/shop/search/detail/T928/,softbank-matsumoto-nishi,ソフトバンク 松本西,松本市
https://www.softbank.jp/shop/search/detail/T929/,softbank-yamadasbc-dori-hon,ソフトバンク ＹＡＭＡＤＡＳＢＣ通り本店,長野市
https://www.softbank.jp/shop/search/detail/TA12/,softbank-hamamatsu-takaoka,ソフトバンク 浜松高丘,浜松市中央区
https://www.softbank.jp/shop/search/detail/TA18/,softbank-shizuoka-mise,ソフトバンク 静岡見瀬,静岡市駿河区
https://www.softbank.jp/shop/search/detail/TA23/,softbank-nishi-yaizu,ソフトバンク 西焼津,焼津市
https://www.softbank.jp/shop/search/detail/TA24/,softbank-suterataun-omiya,ソフトバンク ステラタウン大宮,さいたま市北区
https://www.softbank.jp/shop/search/detail/TC10/,softbank-aeon-muikamachi,ソフトバンク イオン六日町,南魚沼市
https://www.softbank.jp/shop/search/detail/TC11/,softbank-tokamachi-machi,ソフトバンク 十日町,十日町市
https://www.softbank.jp/shop/search/detail/TC12/,softbank-joetsu-kenshin-oyake-daitsu,ソフトバンク 上越謙信公大通,上越市
https://www.softbank.jp/shop/search/detail/TC15/,softbank-furumachi,ソフトバンク 古町,新潟市中央区
https://www.softbank.jp/shop/search/detail/TC16/,softbank-nigatadaigaku-mae,ソフトバンク 新潟大学前,新潟市西区
https://www.softbank.jp/shop/search/detail/TC17/,softbank-apita-nigata-kameda,ソフトバンク アピタ新潟亀田,新潟市江南区
https://www.softbank.jp/shop/search/detail/TC20/,softbank-sanjo-chuo,ソフトバンク 三条中央,三条市
https://www.softbank.jp/shop/search/detail/TC23/,softbank-joetsu-moru,ソフトバンク 上越モール,上越市
https://www.softbank.jp/shop/search/detail/TC24/,softbank-hoei,ソフトバンク 豊栄,新潟市北区
https://www.softbank.jp/shop/search/detail/TC25/,softbank-murakami,ソフトバンク 村上,村上市
https://www.softbank.jp/shop/search/detail/TC26/,softbank-riba-saido-senshu,ソフトバンク リバーサイド千秋,長岡市
https://www.softbank.jp/shop/search/detail/TC28/,softbank-mega-donkihote-kashiwazaki,ソフトバンク ＭＥＧＡドン・キホーテ柏崎,柏崎市
https://www.softbank.jp/shop/search/detail/TC30/,softbank-ken-hisashi,ソフトバンク 県央,三条市
https://www.softbank.jp/shop/search/detail/TC32/,softbank-aku-rosu-puraza-nagaoka,ソフトバンク アクロスプラザ長岡,長岡市
https://www.softbank.jp/shop/search/detail/TC33/,softbank-aeon-nigata-higashi,ソフトバンク イオン新潟東,新潟市東区
https://www.softbank.jp/shop/search/detail/TC34/,softbank-puranto-mitsuke,ソフトバンク プラント見附,見附市
https://www.softbank.jp/shop/search/detail/TC36/,softbank-tsubame-yoshida,ソフトバンク 燕吉田,燕市
https://www.softbank.jp/shop/search/detail/TD08/,softbank-myogatani,ソフトバンク 茗荷谷,文京区
https://www.softbank.jp/shop/search/detail/TD11/,softbank-go-han-no,ソフトバンク 五反野,足立区
https://www.softbank.jp/shop/search/detail/TD13/,softbank-ritonado-hachiman-yama,ソフトバンク リトナード八幡山,杉並区
https://www.softbank.jp/shop/search/detail/TD14/,softbank-shin-akitsu,ソフトバンク 新秋津,東村山市
https://www.softbank.jp/shop/search/detail/TD15/,softbank-oizumigakuen,ソフトバンク 大泉学園,練馬区
https://www.softbank.jp/shop/search/detail/TD17/,softbank-kiyose,ソフトバンク 清瀬,清瀬市
https://www.softbank.jp/shop/search/detail/TD20/,softbank-akaba-ekimae,ソフトバンク 赤羽駅前,北区
https://www.softbank.jp/shop/search/detail/TD21/,softbank-tsurukawa,ソフトバンク 鶴川,町田市
https://www.softbank.jp/shop/search/detail/TD23/,softbank-machida-koyama,ソフトバンク 町田小山,町田市
https://www.softbank.jp/shop/search/detail/TD24/,softbank-ryokoku,ソフトバンク 両国,墨田区
https://www.softbank.jp/shop/search/detail/TD25/,softbank-ochiai-ekimae,ソフトバンク 落合駅前,新宿区
https://www.softbank.jp/shop/search/detail/TD28/,softbank-zasshoku-suimon-dori,ソフトバンク 雑色水門通り,大田区
https://www.softbank.jp/shop/search/detail/TD31/,softbank-ginza,ソフトバンク 銀座,中央区
https://www.softbank.jp/shop/search/detail/TD35/,softbank-chofu-minamiguchi,ソフトバンク 調布南口,調布市
https://www.softbank.jp/shop/search/detail/TD36/,softbank-nishi-shinjuku,ソフトバンク 西新宿,新宿区
https://www.softbank.jp/shop/search/detail/TD37/,softbank-hatchobori,ソフトバンク 八丁堀,中央区
https://www.softbank.jp/shop/search/detail/TD43/,softbank-ojiekimae,ソフトバンク 王子駅前,北区
https://www.softbank.jp/shop/search/detail/TD44/,softbank-harumi-tori-ton,ソフトバンク 晴海トリトン,中央区
https://www.softbank.jp/shop/search/detail/TD45/,softbank-honancho-ekimae,ソフトバンク 方南町駅前,杉並区
https://www.softbank.jp/shop/search/detail/TD46/,softbank-hirai-eki-minamiguchi,ソフトバンク 平井駅南口,江戸川区
https://www.softbank.jp/shop/search/detail/TD48/,softbank-ame-ria-machida,ソフトバンク アメリア町田,町田市
https://www.softbank.jp/shop/search/detail/TD49/,softbank-nishinippori,ソフトバンク 西日暮里,荒川区
https://www.softbank.jp/shop/search/detail/TD50/,softbank-iias-takao,ソフトバンク ｉｉａｓ高尾,八王子市
https://www.softbank.jp/shop/search/detail/TD52/,softbank-takano-eki-mae,ソフトバンク 高野駅前,足立区
https://www.softbank.jp/shop/search/detail/TE01/,softbank-aeon-mall-habu,ソフトバンク イオンモール羽生,羽生市
https://www.softbank.jp/shop/search/detail/TE02/,softbank-chichibu,ソフトバンク 秩父,秩父市
https://www.softbank.jp/shop/search/detail/TE04/,softbank-higashi-tokorozawa,ソフトバンク 東所沢,所沢市
https://www.softbank.jp/shop/search/detail/TE05/,softbank-unicus-ina,ソフトバンク ＵＮＩＣＵＳ伊奈,北足立郡伊奈町
https://www.softbank.jp/shop/search/detail/TE06/,softbank-kitamoto,ソフトバンク 北本,北本市
https://www.softbank.jp/shop/search/detail/TE11/,softbank-aeon-mall-kawaguchi-maekawa,ソフトバンク イオンモール川口前川,川口市
https://www.softbank.jp/shop/search/detail/TE12/,softbank-aeon-mall-kasukabe,ソフトバンク イオンモール春日部,春日部市
https://www.softbank.jp/shop/search/detail/TE13/,softbank-tobudobutsukoen,ソフトバンク 東武動物公園,北葛飾郡杉戸町
https://www.softbank.jp/shop/search/detail/TE17/,softbank-ario-washimiya,ソフトバンク アリオ鷲宮,久喜市
https://www.softbank.jp/shop/search/detail/TF06/,softbank-forute-tsudanuma,ソフトバンク フォルテ津田沼,習志野市
https://www.softbank.jp/shop/search/detail/TG04/,softbank-midori,ソフトバンク みどり,みどり市
https://www.softbank.jp/shop/search/detail/TG05/,softbank-ario-ageo,ソフトバンク アリオ上尾,上尾市
https://www.softbank.jp/shop/search/detail/TG06/,softbank-kita-koshigaya,ソフトバンク 北越谷,越谷市
https://www.softbank.jp/shop/search/detail/TG16/,softbank-koiwa-showa-dori,ソフトバンク 小岩昭和通り,江戸川区
https://www.softbank.jp/shop/search/detail/TG17/,softbank-kamegai,ソフトバンク 亀貝,新潟市西区
https://www.softbank.jp/shop/search/detail/TG19/,softbank-ario-ichihara,ソフトバンク アリオ市原,市原市
https://www.softbank.jp/shop/search/detail/TG21/,softbank-aeon-mall-makuhari-shinto-shin,ソフトバンク イオンモール幕張新都心,千葉市美浜区
https://www.softbank.jp/shop/search/detail/TG22/,softbank-yoku-taun-ohira,ソフトバンク ヨークタウン大平,栃木市
https://www.softbank.jp/shop/search/detail/TG27/,softbank-yasunaka,ソフトバンク 安中,安中市
https://www.softbank.jp/shop/search/detail/TG28/,softbank-naruse,ソフトバンク 成瀬,町田市
https://www.softbank.jp/shop/search/detail/TG36/,softbank-nokuti-mizonokuchi,ソフトバンク ノクティ溝の口,川崎市高津区
https://www.softbank.jp/shop/search/detail/TG50/,softbank-minami-hatogaya,ソフトバンク 南鳩ヶ谷,川口市
https://www.softbank.jp/shop/search/detail/TG51/,softbank-matsudo-ni-ju-seiki-ga-oka,ソフトバンク 松戸二十世紀が丘,松戸市
https://www.softbank.jp/shop/search/detail/TG52/,softbank-naka,ソフトバンク 那珂,那珂市
https://www.softbank.jp/shop/search/detail/TG53/,softbank-kamisu,ソフトバンク 神栖,神栖市
https://www.softbank.jp/shop/search/detail/TG54/,softbank-toride,ソフトバンク 取手,取手市
https://www.softbank.jp/shop/search/detail/TG55/,softbank-shiwa,ソフトバンク 紫波,紫波郡紫波町
https://www.softbank.jp/shop/search/detail/TG60/,softbank-aeon-mall-kisarazu,ソフトバンク イオンモール木更津,木更津市
https://www.softbank.jp/shop/search/detail/TG67/,softbank-seibu-higashi-totsuka,ソフトバンク 西武東戸塚,横浜市戸塚区
https://www.softbank.jp/shop/search/detail/TG69/,softbank-254-kawagoe-kita,ソフトバンク ２５４川越北,川越市
https://www.softbank.jp/shop/search/detail/TG72/,softbank-otawara-asaka,ソフトバンク 大田原浅香,大田原市
https://www.softbank.jp/shop/search/detail/TG77/,softbank-hokima,ソフトバンク 保木間,足立区
https://www.softbank.jp/shop/search/detail/TG80/,softbank-lalaport-fujimi,ソフトバンク ららぽーと富士見,富士見市
https://www.softbank.jp/shop/search/detail/TG83/,softbank-higashiyamato-mukaihara,ソフトバンク 東大和向原,東大和市
https://www.softbank.jp/shop/search/detail/TG88/,softbank-kurea-moru-kawagoe,ソフトバンク クレアモール川越,川越市
https://www.softbank.jp/shop/search/detail/TG91/,softbank-ikegami,ソフトバンク 池上,大田区
https://www.softbank.jp/shop/search/detail/TG92/,softbank-lalaport-ebina,ソフトバンク ららぽーと海老名,海老名市
https://www.softbank.jp/shop/search/detail/TG94/,softbank-ashikaga,ソフトバンク 足利,足利市
https://www.softbank.jp/shop/search/detail/TG95/,softbank-saitama-chuo,ソフトバンク さいたま中央,さいたま市大宮区
https://www.softbank.jp/shop/search/detail/TG96/,softbank-kuroiso-atsusaki,ソフトバンク 黒磯厚崎,那須塩原市
https://www.softbank.jp/shop/search/detail/TG97/,softbank-kokuritsu-fujimidai,ソフトバンク 国立富士見台,国立市
https://www.softbank.jp/shop/search/detail/TG99/,softbank-lalaport-tatsukawa-tatsu-hi,ソフトバンク ららぽーと立川立飛,立川市
https://www.softbank.jp/shop/search/detail/TH00/,softbank-yorii,ソフトバンク 寄居,大里郡寄居町
https://www.softbank.jp/shop/search/detail/TH03/,softbank-matsudo-nishiguchi,ソフトバンク 松戸西口,松戸市
https://www.softbank.jp/shop/search/detail/TH04/,softbank-hatanodai,ソフトバンク 旗の台,品川区
https://www.softbank.jp/shop/search/detail/TH06/,softbank-hachioji-narahara,ソフトバンク 八王子楢原,八王子市
https://www.softbank.jp/shop/search/detail/TH07/,softbank-atsugi-hayashi,ソフトバンク 厚木林,厚木市
https://www.softbank.jp/shop/search/detail/TH08/,softbank-kokunshiti,ソフトバンク コクーンシティ,さいたま市大宮区
https://www.softbank.jp/shop/search/detail/TH09/,softbank-aeon-mall-yono,ソフトバンク イオンモール与野,さいたま市中央区
https://www.softbank.jp/shop/search/detail/TH10/,softbank-ori-nasu-kinshi-machi,ソフトバンク オリナス錦糸町,墨田区
https://www.softbank.jp/shop/search/detail/TH12/,softbank-shin-koshigaya,ソフトバンク 新越谷,越谷市
https://www.softbank.jp/shop/search/detail/TH15/,softbank-sebumpakuario-kashiwa,ソフトバンク セブンパークアリオ柏,柏市
https://www.softbank.jp/shop/search/detail/TH16/,softbank-takasaki-nakai,ソフトバンク 高崎中居,高崎市
https://www.softbank.jp/shop/search/detail/TH19/,softbank-kyodo-eki-mae,ソフトバンク 経堂駅前,世田谷区
https://www.softbank.jp/shop/search/detail/TH20/,softbank-soka-matsubara,ソフトバンク 草加松原,草加市
https://www.softbank.jp/shop/search/detail/TH21/,softbank-nigata-godo,ソフトバンク 新潟河渡,新潟市東区
https://www.softbank.jp/shop/search/detail/TH23/,softbank-nagano-chuo,ソフトバンク 長野中央,長野市
https://www.softbank.jp/shop/search/detail/TH26/,softbank-aeon-taun-yukarigaoka,ソフトバンク イオンタウンユーカリが丘,佐倉市
https://www.softbank.jp/shop/search/detail/TH49/,softbank-utsunomiya-tsuruta,ソフトバンク 宇都宮鶴田,宇都宮市
https://www.softbank.jp/shop/search/detail/TH51/,softbank-lalaport-shonan-hiratsuka,ソフトバンク ららぽーと湘南平塚,平塚市
https://www.softbank.jp/shop/search/detail/TH55/,softbank-joetsu,ソフトバンク 上越,上越市
https://www.softbank.jp/shop/search/detail/TH57/,softbank-aeon-mall-shibata,ソフトバンク イオンモール新発田,新発田市
https://www.softbank.jp/shop/search/detail/TH58/,softbank-new-shiroyama,ソフトバンク ＮＥＷ城山,相模原市緑区
https://www.softbank.jp/shop/search/detail/TH59/,softbank-yokohama-sogo,ソフトバンク 横浜そごう,横浜市西区
https://www.softbank.jp/shop/search/detail/TH60/,softbank-sante-rasu-sano,ソフトバンク サンテラス佐野,佐野市
https://www.softbank.jp/shop/search/detail/TH62/,softbank-aeon-mall-kobe-minami,ソフトバンク イオンモール神戸南,神戸市兵庫区
https://www.softbank.jp/shop/search/detail/TH64/,softbank-maebashi-sekine,ソフトバンク 前橋関根,前橋市
https://www.softbank.jp/shop/search/detail/TH65/,softbank-aeon-mall-matsumoto,ソフトバンク イオンモール松本,松本市
https://www.softbank.jp/shop/search/detail/TH67/,softbank-kofu-nishi,ソフトバンク 甲府西,甲府市
https://www.softbank.jp/shop/search/detail/TH68/,softbank-gurantsuri-musashi-kosugi,ソフトバンク グランツリー武蔵小杉,川崎市中原区
https://www.softbank.jp/shop/search/detail/TH70/,softbank-miwi-hashimoto,ソフトバンク ミウィ橋本,相模原市緑区
https://www.softbank.jp/shop/search/detail/TH72/,softbank-aeon-mall-zama,ソフトバンク イオンモール座間,座間市
https://www.softbank.jp/shop/search/detail/TH74/,softbank-kokubunji-fuchu-kaido,ソフトバンク 国分寺府中街道,国分寺市
https://www.softbank.jp/shop/search/detail/TH75/,softbank-nakamura-kyo,ソフトバンク 中村橋,練馬区
https://www.softbank.jp/shop/search/detail/TH76/,softbank-tsukuba-umezono,ソフトバンク つくば梅園,つくば市
https://www.softbank.jp/shop/search/detail/TH77/,softbank-kandatsu,ソフトバンク 神立,土浦市
https://www.softbank.jp/shop/search/detail/TH78/,softbank-hino,ソフトバンク 日野,日野市
https://www.softbank.jp/shop/search/detail/TH79/,softbank-kamata,ソフトバンク 蒲田,大田区
https://www.softbank.jp/shop/search/detail/TH80/,softbank-aeon-chigasaki-chuo,ソフトバンク イオン茅ヶ崎中央,茅ヶ崎市
https://www.softbank.jp/shop/search/detail/TH81/,softbank-tokyo-soramachi,ソフトバンク 東京ソラマチ,墨田区
https://www.softbank.jp/shop/search/detail/TH83/,softbank-kofu-muko-machi,ソフトバンク 甲府向町,甲府市
https://www.softbank.jp/shop/search/detail/TH85/,softbank-kawasaki-oda-sakae,ソフトバンク 川崎小田栄,川崎市川崎区
https://www.softbank.jp/shop/search/detail/TH87/,softbank-itoyokado-kiba,ソフトバンク イトーヨーカドー木場,江東区
https://www.softbank.jp/shop/search/detail/TH88/,softbank-mi-rai-taira,ソフトバンク みらい平,つくばみらい市
https://www.softbank.jp/shop/search/detail/TH90/,softbank-musashi-koyama-parumu,ソフトバンク 武蔵小山パルム,品川区
https://www.softbank.jp/shop/search/detail/TH92/,softbank-lalaport-shin-misato,ソフトバンク ららぽーと新三郷,三郷市
https://www.softbank.jp/shop/search/detail/TH93/,softbank-nakano-sakagami,ソフトバンク 中野坂上,中野区
https://www.softbank.jp/shop/search/detail/TH95/,softbank-minami-machida-guramberipaku,ソフトバンク 南町田グランベリーパーク,町田市
https://www.softbank.jp/shop/search/detail/TH96/,softbank-terasu-moru-matsudo,ソフトバンク テラスモール松戸,松戸市
https://www.softbank.jp/shop/search/detail/TH97/,softbank-aeon-minamisuna,ソフトバンク イオン南砂,江東区
https://www.softbank.jp/shop/search/detail/TH98/,softbank-ariake-gaden,ソフトバンク 有明ガーデン,江東区
https://www.softbank.jp/shop/search/detail/TH99/,softbank-homuzu-sengawa,ソフトバンク ホームズ仙川,調布市
https://www.softbank.jp/shop/search/detail/TJ00/,softbank-kawagoe-shingashi,ソフトバンク 川越新河岸,川越市
https://www.softbank.jp/shop/search/detail/TJ01/,softbank-ikebukuro-higashiguchi-ekimae,ソフトバンク 池袋東口駅前,豊島区
https://www.softbank.jp/shop/search/detail/TJ02/,softbank-aeon-mall-ota,ソフトバンク イオンモール太田,太田市
https://www.softbank.jp/shop/search/detail/TJ04/,softbank-a-biko-shoppingu-puraza,ソフトバンク あびこショッピングプラザ,我孫子市
https://www.softbank.jp/shop/search/detail/TJ10/,softbank-aeon-mall-kawaguchi,ソフトバンク イオンモール川口,川口市
https://www.softbank.jp/shop/search/detail/TJ11/,softbank-dekki-401,ソフトバンク デッキー４０１,新潟市中央区
https://www.softbank.jp/shop/search/detail/TJ13/,softbank-aeon-shirane,ソフトバンク イオン白根,新潟市南区
https://www.softbank.jp/shop/search/detail/TJ18/,softbank-ikebukuro-nishiguchi-azeria-dori,ソフトバンク 池袋西口アゼリア通り,豊島区
https://www.softbank.jp/shop/search/detail/TJ20/,softbank-futago-tamagawa-raizu,ソフトバンク 二子玉川ライズ,世田谷区
https://www.softbank.jp/shop/search/detail/TJ21/,softbank-itoyokado-kaminagaya,ソフトバンク イトーヨーカドー上永谷,横浜市港南区
https://www.softbank.jp/shop/search/detail/TJ22/,softbank-maebashi-minami-moru,ソフトバンク 前橋みなみモール,前橋市
https://www.softbank.jp/shop/search/detail/TJ26/,softbank-koshigaya-chuo,ソフトバンク 越谷中央,越谷市
https://www.softbank.jp/shop/search/detail/TJ27/,softbank-ji-autoretto-shonan-hiratsuka,ソフトバンク ジ　アウトレット湘南平塚,平塚市
https://www.softbank.jp/shop/search/detail/TJ28/,softbank-joihompaku-yoshioka,ソフトバンク ジョイホンパーク吉岡,北群馬郡吉岡町
https://www.softbank.jp/shop/search/detail/TJ30/,softbank-shakujiikoen,ソフトバンク 石神井公園,練馬区
https://www.softbank.jp/shop/search/detail/TJ33/,softbank-yumegaoka-soratosu,ソフトバンク ゆめが丘ソラトス,横浜市泉区
https://www.softbank.jp/shop/search/detail/TJ36/,softbank-cherio-kashima,ソフトバンク チェリオ鹿嶋,鹿嶋市
https://www.softbank.jp/shop/search/detail/TJ42/,softbank-misuta-makkusu-shonan-fujisawa,ソフトバンク ミスターマックス湘南藤沢,藤沢市
https://www.softbank.jp/shop/search/detail/TJ43/,softbank-shibusawa,ソフトバンク 渋沢,秦野市
https://www.softbank.jp/shop/search/detail/TJ44/,softbank-furesupo-odawara-shiti-moru,ソフトバンク フレスポ小田原シティーモール,小田原市
https://www.softbank.jp/shop/search/detail/TJ45/,softbank-aeon-mall-nigata-kameda-inter,ソフトバンク イオンモール新潟亀田インター,新潟市江南区
https://www.softbank.jp/shop/search/detail/TJ50/,softbank-shop-sateraito-shonan-moru-firu,ソフトバンク ショップサテライト湘南モールフィル,藤沢市
https://www.softbank.jp/shop/search/detail/TJ51/,softbank-shop-sateraitoerumaru,ソフトバンク ショップサテライトエルマール,上越市
