キャリア,地域,都道府県,店名,住所,URL,スラッグ,緯度,経度,取得元,取得日
aeonmobile,東海,愛知県,イオンモバイルナゴヤドーム前,461-0048 愛知県名古屋市東区矢田南4丁目102番-3,https://aeonmobile.jp/shoplist/nagoyado-mumae/,aeon-mobile-nagoyado-mumae,35.1875779026727,136.94343772249337,https://aeonmobile.jp/shoplist/data.json,2026-08-19
aeonmobile,東海,愛知県,イオンモバイルワンダーシティ,452-0817 愛知県名古屋市西区二方町40番地,https://aeonmobile.jp/shoplist/wanda-shiti/,aeon-mobile-wanda-shiti,35.22597238030292,136.88219491499783,https://aeonmobile.jp/shoplist/data.json,2026-08-19
aeonmobile,東海,愛知県,イオンモバイル岡崎,444-0840 愛知県岡崎市戸崎町字ばら山1-1,https://aeonmobile.jp/shoplist/okazaki/,aeon-mobile-okazaki,34.93870398037405,137.16211371498906,https://aeonmobile.jp/shoplist/data.json,2026-08-19
aeonmobile,東海,愛知県,イオンモバイル三好,470-0224 愛知県みよし市三好町青木91,https://aeonmobile.jp/shoplist/miyoshi/,aeon-mobile-miyoshi,35.09229928033574,137.07735021499374,https://aeonmobile.jp/shoplist/data.json,2026-08-19
aeonmobile,東海,愛知県,イオンモバイル春日井,486-0927 愛知県春日井市柏井町4-17,https://aeonmobile.jp/shoplist/kasugai/,aeon-mobile-kasugai,35.23812568029994,136.96025541499813,https://aeonmobile.jp/shoplist/data.json,2026-08-19
aeonmobile,東海,愛知県,イオンモバイル常滑,479-0882 愛知県常滑市りんくう町2丁目20番3,https://aeonmobile.jp/shoplist/tokoname/,aeon-mobile-tokoname,34.880206080388895,136.82426991498735,https://aeonmobile.jp/shoplist/data.json,2026-08-19
aeonmobile,東海,愛知県,イオンモバイル大高,459-8016 愛知県名古屋市緑区南大高2丁目450番地,https://aeonmobile.jp/shoplist/odaka/,aeon-mobile-odaka,35.051958880345694,136.94593931499256,https://aeonmobile.jp/shoplist/data.json,2026-08-19
aeonmobile,東海,愛知県,イオンモバイル長久手,480-1128 愛知県長久手市勝入塚501番地,https://aeonmobile.jp/shoplist/nagakute/,aeon-mobile-nagakute,35.173518780315824,137.0484111649962,https://aeonmobile.jp/shoplist/data.json,2026-08-19
aeonmobile,東海,愛知県,イオンモバイル東浦,470-2102 愛知県知多郡東浦町大字緒川字旭13-2,https://aeonmobile.jp/shoplist/higashiura/,aeon-mobile-higashiura,34.9777991803642,136.97201041499036,https://aeonmobile.jp/shoplist/data.json,2026-08-19
aeonmobile,東海,愛知県,イオンモバイル熱田,456-8763 愛知県名古屋市熱田区六野1丁目2番11号,https://aeonmobile.jp/shoplist/atsuta/,aeon-mobile-atsuta,35.13651228032491,136.90750691499508,https://aeonmobile.jp/shoplist/data.json,2026-08-19
aeonmobile,東海,愛知県,イオンモバイル豊橋南,441-8124 愛知県豊橋市野依町字落合1-12,https://aeonmobile.jp/shoplist/toyohashiminami/,aeon-mobile-toyohashiminami,34.70958138043231,137.38612141498223,https://aeonmobile.jp/shoplist/data.json,2026-08-19
aeonmobile,東海,愛知県,イオンモバイル豊川（旧イオンモバイル新豊川）,442-8550 愛知県豊川市白鳥町兎足1番16,https://aeonmobile.jp/shoplist/toyokawa/,aeon-mobile-toyokawa,34.825274580402684,137.34908391523558,https://aeonmobile.jp/shoplist/data.json,2026-08-19
aeonmobile,東海,愛知県,イオンモバイル豊川開運通（旧イオンモバイル豊川）,442-0048 愛知県豊川市開運通2-31,https://aeonmobile.jp/shoplist/toyokawakaiundori/,aeon-mobile-toyokawakaiundori,34.8274179804021,137.38221131498582,https://aeonmobile.jp/shoplist/data.json,2026-08-19
aeonmobile,東海,愛知県,イオンモバイル豊田,471-0864 愛知県豊田市広路町1丁目1,https://aeonmobile.jp/shoplist/toyota/,aeon-mobile-toyota,35.0784874,137.1596657,https://aeonmobile.jp/shoplist/data.json,2026-08-19
aeonmobile,東海,愛知県,イオンモバイル名古屋茶屋,455-0858 愛知県名古屋市港区西茶屋2丁目11,https://aeonmobile.jp/shoplist/nagoyachaya/,aeon-mobile-nagoyachaya,35.10302618033314,136.82131571499394,https://aeonmobile.jp/shoplist/data.json,2026-08-19
aeonmobile,東海,愛知県,イオンモバイル木曽川,493-0001 愛知県一宮市木曽川町黒田字南八ッヶ池25番-1,https://aeonmobile.jp/shoplist/kisogawa/,aeon-mobile-kisogawa,35.34841638027317,136.7713778150014,https://aeonmobile.jp/shoplist/data.json,2026-08-19
aeonmobile,東海,愛知県,イオン八事店,466-0834 愛知県名古屋市昭和区広路町字石坂2-1,https://aeonmobile.jp/shoplist/yagoto/,aeon-mobile-yagoto,35.13683375968622,136.9601325763318,https://aeonmobile.jp/shoplist/data.json,2026-08-19
uqmobile,東海,愛知県,UQスポット イオンモール常滑,愛知県 常滑市 りんくう町２－２０－３ イオンモール常滑２Ｆ,https://www.uqwimax.jp/mobile/shoplist/N218001/,uq-mobile-n218001,34.880751,136.826501,https://www.uqwimax.jp/mobile/shoplist/shoplist.json,2026-08-19
uqmobile,東海,愛知県,UQスポット イオンモール新瑞橋,愛知県 名古屋市南区 菊住１丁目７－１０ イオンモール新瑞橋 ２Ｆ,https://www.uqwimax.jp/mobile/shoplist/N04808U/,uq-mobile-n04808u,35.114768,136.935801,https://www.uqwimax.jp/mobile/shoplist/shoplist.json,2026-08-19
uqmobile,東海,愛知県,UQスポット イオンモール長久手,愛知県 長久手市 勝入塚５０１ イオンモール長久手店 4F,https://www.uqwimax.jp/mobile/shoplist/N218002/,uq-mobile-n218002,35.173523,137.051399,https://www.uqwimax.jp/mobile/shoplist/shoplist.json,2026-08-19
uqmobile,東海,愛知県,UQスポット イオンモール名古屋茶屋,愛知県 名古屋市港区 西茶屋２丁目１１ イオンモール名古屋茶屋3F,https://www.uqwimax.jp/mobile/shoplist/N04512U/,uq-mobile-n04512u,35.103407,136.825001,https://www.uqwimax.jp/mobile/shoplist/shoplist.json,2026-08-19
uqmobile,東海,愛知県,UQスポット イオン豊橋南,愛知県 豊橋市 野依町字落合１－１２ イオン豊橋南店２F,https://www.uqwimax.jp/mobile/shoplist/N00509U/,uq-mobile-n00509u,34.709549,137.388302,https://www.uqwimax.jp/mobile/shoplist/shoplist.json,2026-08-19
uqmobile,東海,愛知県,UQスポット ヴェルサウォーク西尾,愛知県 西尾市 高畠町３丁目２３－９ ヴェルサウォーク西尾２階,https://www.uqwimax.jp/mobile/shoplist/N312014/,uq-mobile-n312014,34.863167,137.058983,https://www.uqwimax.jp/mobile/shoplist/shoplist.json,2026-08-19
uqmobile,東海,愛知県,UQスポット エアポートウォーク名古屋,愛知県 西春日井郡豊山町 豊場林先１番８,https://www.uqwimax.jp/mobile/shoplist/N04533U/,uq-mobile-n04533u,35.245953,136.924816,https://www.uqwimax.jp/mobile/shoplist/shoplist.json,2026-08-19
uqmobile,東海,愛知県,UQスポット ヒルズウォーク徳重,愛知県 名古屋市緑区 元徳重１丁目５０５ ヒルズウォーク徳重ガーデンズ２Ｆ,https://www.uqwimax.jp/mobile/shoplist/N17406U/,uq-mobile-n17406u,35.094321,136.999297,https://www.uqwimax.jp/mobile/shoplist/shoplist.json,2026-08-19
ymobile,東海,愛知県,ワイモバイルmozoワンダーシティ上小田井,452-0817 愛知県名古屋市西区二方町40 454 mozoワンダーシティー4F,https://www.ymobile.jp/shop/detail/W03A/,ymobile-w03a,35.22580829,136.884365,https://www.ymobile.jp/shop/api_json.php,2026-08-19
ymobile,東海,愛知県,ワイモバイルアピタ稲沢,492-8275 愛知県稲沢市天池五反田町1,https://www.ymobile.jp/shop/detail/WA1P/,ymobile-wa1p,35.252254,136.771558,https://www.ymobile.jp/shop/api_json.php,2026-08-19
ymobile,東海,愛知県,ワイモバイルアピタ江南西,483-8342 愛知県江南市松竹町上野205番地 アピタ江南西1F,https://www.ymobile.jp/shop/detail/W86N/,ymobile-w86n,35.343043,136.855879,https://www.ymobile.jp/shop/api_json.php,2026-08-19
ymobile,東海,愛知県,ワイモバイルアピタ高蔵寺,487-0011 愛知県春日井市中央台2丁目5 アピタ高蔵寺1階,https://www.ymobile.jp/shop/detail/WA1L/,ymobile-wa1l,35.282763,137.048889,https://www.ymobile.jp/shop/api_json.php,2026-08-19
ymobile,東海,愛知県,ワイモバイルアピタ千代田橋,464-0011 愛知県名古屋市千種区千代田橋2丁目1‐1 アピタ千代田橋3F,https://www.ymobile.jp/shop/detail/W0YP/,ymobile-w0yp,35.187264,136.969289,https://www.ymobile.jp/shop/api_json.php,2026-08-19
ymobile,東海,愛知県,ワイモバイルアピタ鳴海,458-0844 愛知県名古屋市緑区鳴海町字伝治山3番地9 アピタ鳴海2F,https://www.ymobile.jp/shop/detail/W20P/,ymobile-w20p,35.094116,136.95911,https://www.ymobile.jp/shop/api_json.php,2026-08-19
ymobile,東海,愛知県,ワイモバイルアピタ木曽川,493-0001 愛知県一宮市木曽川町黒田八ノ通り51番地の4 アピタ木曽川店1階,https://www.ymobile.jp/shop/detail/WA6L/,ymobile-wa6l,35.34457985,136.7906369,https://www.ymobile.jp/shop/api_json.php,2026-08-19
ymobile,東海,愛知県,ワイモバイルイオンスタイル豊田,471-0864 愛知県豊田市広路町1丁目1,https://www.ymobile.jp/shop/detail/WA1M/,ymobile-wa1m,35.078365,137.160199,https://www.ymobile.jp/shop/api_json.php,2026-08-19
ymobile,東海,愛知県,ワイモバイルイオンタウン名西,451-0015 愛知県名古屋市西区香呑町6丁目49‐1 イオンタウン名西2階,https://www.ymobile.jp/shop/detail/W75R/,ymobile-w75r,35.203999,136.892811,https://www.ymobile.jp/shop/api_json.php,2026-08-19
ymobile,東海,愛知県,ワイモバイルイオンモールナゴヤドーム前,461-0048 愛知県名古屋市東区矢田南4丁目102番3号 イオンモールナゴヤドーム前,https://www.ymobile.jp/shop/detail/WA5D/,ymobile-wa5d,35.187175,136.944094,https://www.ymobile.jp/shop/api_json.php,2026-08-19
ymobile,東海,愛知県,ワイモバイルイオンモール常滑,479-0882 愛知県常滑市りんくう町2丁目20番3 イオンモール常滑,https://www.ymobile.jp/shop/detail/W9PB/,ymobile-w9pb,34.882314,136.826168,https://www.ymobile.jp/shop/api_json.php,2026-08-19
ymobile,東海,愛知県,ワイモバイルイオン豊橋南,441-8124 愛知県豊橋市野依町字落合1‐12 イオン豊橋南内2F,https://www.ymobile.jp/shop/detail/W9BC/,ymobile-w9bc,34.709775,137.388263,https://www.ymobile.jp/shop/api_json.php,2026-08-19
ymobile,東海,愛知県,ワイモバイルエディオンイオンモール扶桑店,480-0105 愛知県丹羽郡扶桑町大字南山名字高塚5‐1 イオンモール扶桑,https://www.ymobile.jp/shop/detail/W15U/,ymobile-w15u,35.360747,136.900462,https://www.ymobile.jp/shop/api_json.php,2026-08-19
ymobile,東海,愛知県,ワイモバイルエディオンメッツ大曽根店,461-0040 愛知県名古屋市東区矢田2丁目1‐95 メッツ大曽根,https://www.ymobile.jp/shop/detail/W0Y9/,ymobile-w0y9,35.192364,136.940577,https://www.ymobile.jp/shop/api_json.php,2026-08-19
ymobile,東海,愛知県,ワイモバイルエディオン安城店,446-0057 愛知県安城市三河安城東町1丁目17‐1,https://www.ymobile.jp/shop/detail/W0Y4/,ymobile-w0y4,34.96306,137.068316,https://www.ymobile.jp/shop/api_json.php,2026-08-19
ymobile,東海,愛知県,ワイモバイルエディオン一宮本店,491-0862 愛知県一宮市緑5丁目6‐10,https://www.ymobile.jp/shop/detail/W0OJ/,ymobile-w0oj,35.297515,136.823432,https://www.ymobile.jp/shop/api_json.php,2026-08-19
ymobile,東海,愛知県,ワイモバイルエディオン岡崎本店,444-0859 愛知県岡崎市上六名町字宮前1番地,https://www.ymobile.jp/shop/detail/W0Y5/,ymobile-w0y5,34.951051,137.156547,https://www.ymobile.jp/shop/api_json.php,2026-08-19
ymobile,東海,愛知県,ワイモバイルエディオン日進竹の山店,470-0136 愛知県日進市竹の山3丁目2003番地,https://www.ymobile.jp/shop/detail/W0ZP/,ymobile-w0zp,35.155217,137.035557,https://www.ymobile.jp/shop/api_json.php,2026-08-19
ymobile,東海,愛知県,ワイモバイルエディオン尾張旭店,488-0044 愛知県尾張旭市南本地ケ原町3丁目143番地,https://www.ymobile.jp/shop/detail/W20H/,ymobile-w20h,35.197855,137.038119,https://www.ymobile.jp/shop/api_json.php,2026-08-19
ymobile,東海,愛知県,ワイモバイルエディオン豊田本店,471-0037 愛知県豊田市三軒町8丁目55 エディオン豊田本店内,https://www.ymobile.jp/shop/detail/W0NB/,ymobile-w0nb,35.082445,137.141205,https://www.ymobile.jp/shop/api_json.php,2026-08-19
ymobile,東海,愛知県,ワイモバイルエディオン名古屋本店,450-0003 愛知県名古屋市中村区名駅南2丁目4‐22,https://www.ymobile.jp/shop/detail/W134/,ymobile-w134,35.163831,136.891042,https://www.ymobile.jp/shop/api_json.php,2026-08-19
ymobile,東海,愛知県,ワイモバイルジョーシン大高イオンモール店,459-8016 愛知県名古屋市緑区南大高2丁目450番地 イオンモール大高1F,https://www.ymobile.jp/shop/detail/W27G/,ymobile-w27g,35.052958,136.9475,https://www.ymobile.jp/shop/api_json.php,2026-08-19
ymobile,東海,愛知県,ワイモバイルテラスウォーク一宮,491-0022 愛知県一宮市両郷町1丁目2 テラスウォーク一宮1階,https://www.ymobile.jp/shop/detail/W9QV/,ymobile-w9qv,35.310623,136.816775,https://www.ymobile.jp/shop/api_json.php,2026-08-19
ymobile,東海,愛知県,ワイモバイルビックカメラ名古屋駅西店,453-0015 愛知県名古屋市中村区椿町6‐9,https://www.ymobile.jp/shop/detail/W989/,ymobile-w989,35.1703471,136.8794173,https://www.ymobile.jp/shop/api_json.php,2026-08-19
ymobile,東海,愛知県,ワイモバイルプライムツリー赤池,470-0126 愛知県日進市赤池町箕ノ手1番 プライムツリー赤池,https://www.ymobile.jp/shop/detail/WA2C/,ymobile-wa2c,35.118921,137.022134,https://www.ymobile.jp/shop/api_json.php,2026-08-19
ymobile,東海,愛知県,ワイモバイルヨシヅヤ津島本店,496-0027 愛知県津島市大字津島字北新開351 ヨシヅヤ津島本店1F,https://www.ymobile.jp/shop/detail/W9PP/,ymobile-w9pp,35.174958,136.747004,https://www.ymobile.jp/shop/api_json.php,2026-08-19
ymobile,東海,愛知県,ワイモバイルヨドバシカメラサンシャインサカエ,460-0003 愛知県名古屋市中区錦3丁目24‐4,https://www.ymobile.jp/shop/detail/W9JU/,ymobile-w9ju,35.16957912,136.9062489,https://www.ymobile.jp/shop/api_json.php,2026-08-19
ymobile,東海,愛知県,ワイモバイル岡崎ウイングタウン,444-0814 愛知県岡崎市羽根町字小豆坂3,https://www.ymobile.jp/shop/detail/W0L1/,ymobile-w0l1,34.923283,137.174975,https://www.ymobile.jp/shop/api_json.php,2026-08-19
aeonmobile,四国,愛媛県,イオンモバイル松山,790-0951 愛媛県松山市天山1-13-5,https://aeonmobile.jp/shoplist/matsuyama/,aeon-mobile-matsuyama,33.82364018066874,132.77427741498624,https://aeonmobile.jp/shoplist/data.json,2026-08-19
aeonmobile,四国,愛媛県,イオンモバイル新居浜,792-0007 愛媛県新居浜市前田町8-8,https://aeonmobile.jp/shoplist/niihama/,aeon-mobile-niihama,33.955280780632506,133.26552051499004,https://aeonmobile.jp/shoplist/data.json,2026-08-19
uqmobile,四国,愛媛県,UQスポット イオンモール今治新都市,愛媛県 今治市 にぎわい広場１－１,https://www.uqwimax.jp/mobile/shoplist/S513008/,uq-mobile-s513008,34.043203,132.962241,https://www.uqwimax.jp/mobile/shoplist/shoplist.json,2026-08-19
uqmobile,四国,愛媛県,UQスポット イオンモール新居浜,愛媛県 新居浜市 前田町８－８,https://www.uqwimax.jp/mobile/shoplist/S513007/,uq-mobile-s513007,33.954888,133.268469,https://www.uqwimax.jp/mobile/shoplist/shoplist.json,2026-08-19
ymobile,四国,愛媛県,ワイモバイルエディオン南松山店,790-0952 愛媛県松山市朝生田町5丁目1‐25 ジョー・プラ,https://www.ymobile.jp/shop/detail/W0YF/,ymobile-w0yf,33.822459,132.772354,https://www.ymobile.jp/shop/api_json.php,2026-08-19
ymobile,四国,愛媛県,ワイモバイルエミフルMASAKI,791-3120 愛媛県伊予郡松前町大字筒井850番,https://www.ymobile.jp/shop/detail/W0JG/,ymobile-w0jg,33.786894,132.715209,https://www.ymobile.jp/shop/api_json.php,2026-08-19
ymobile,四国,愛媛県,ワイモバイルフジグラン重信,791-0216 愛媛県東温市野田3丁目1‐13 フジグラン重信1F,https://www.ymobile.jp/shop/detail/W057/,ymobile-w057,33.795628,132.833677,https://www.ymobile.jp/shop/api_json.php,2026-08-19
aeonmobile,関東,茨城県,イオンモバイルつくば,305-0071 茨城県つくば市稲岡66-1,https://aeonmobile.jp/shoplist/tsukuba/,aeon-mobile-tsukuba,36.03620856297245,140.13639242975307,https://aeonmobile.jp/shoplist/data.json,2026-08-19
aeonmobile,関東,茨城県,イオンモバイル下妻,304-0033 茨城県下妻市堀篭972-1,https://aeonmobile.jp/shoplist/shimotsuma/,aeon-mobile-shimotsuma,36.18976663889736,139.98928395126973,https://aeonmobile.jp/shoplist/data.json,2026-08-19
aeonmobile,関東,茨城県,イオンモバイル古河,306-0012 茨城県古河市旭町1-2-17,https://aeonmobile.jp/shoplist/koga/,aeon-mobile-koga,36.19704319918308,139.71853380987883,https://aeonmobile.jp/shoplist/data.json,2026-08-19
aeonmobile,関東,茨城県,イオンモバイル水戸内原,319-0317 茨城県水戸市内原2丁目1番地,https://aeonmobile.jp/shoplist/mitouchihara/,aeon-mobile-mitouchihara,36.374845641800334,140.35975320792622,https://aeonmobile.jp/shoplist/data.json,2026-08-19
uqmobile,関東,茨城県,UQスポット イオンタウン守谷,茨城県 守谷市 百合ケ丘３丁目２４９－１,https://www.uqwimax.jp/mobile/shoplist/E045UQ5/,uq-mobile-e045uq5,35.944872,139.990399,https://www.uqwimax.jp/mobile/shoplist/shoplist.json,2026-08-19
uqmobile,関東,茨城県,UQスポット イオンモールつくば,茨城県 つくば市 稲岡６６－１ イオンモールつくば３Ｆ,https://www.uqwimax.jp/mobile/shoplist/E336UQ8/,uq-mobile-e336uq8,36.034595,140.132763,https://www.uqwimax.jp/mobile/shoplist/shoplist.json,2026-08-19
uqmobile,関東,茨城県,UQスポット イオンモール水戸内原,茨城県 水戸市 内原２丁目１ イオンモール水戸内原２Ｆ,https://www.uqwimax.jp/mobile/shoplist/E336UQ9/,uq-mobile-e336uq9,36.374553,140.359409,https://www.uqwimax.jp/mobile/shoplist/shoplist.json,2026-08-19
uqmobile,関東,茨城県,UQスポット イオンモール土浦,茨城県 土浦市 上高津３６７ イオンモール土浦２Ｆ,https://www.uqwimax.jp/mobile/shoplist/E336UQ6/,uq-mobile-e336uq6,36.079931,140.180987,https://www.uqwimax.jp/mobile/shoplist/shoplist.json,2026-08-19
uqmobile,関東,茨城県,UQスポット ファッションクルーズひたちなか,茨城県 ひたちなか市 新光町３５ ファッションクルーズニューポートひたちなか本館２Ｆ,https://www.uqwimax.jp/mobile/shoplist/E336UQB/,uq-mobile-e336uqb,36.405403,140.586099,https://www.uqwimax.jp/mobile/shoplist/shoplist.json,2026-08-19
ymobile,関東,茨城県,ワイモバイルMEGAドン・キホーテ上水戸,310-0041 茨城県水戸市上水戸2丁目9‐10 MEGAドン・キホーテ上水戸1F,https://www.ymobile.jp/shop/detail/W0HV/,ymobile-w0hv,36.390046,140.445207,https://www.ymobile.jp/shop/api_json.php,2026-08-19
ymobile,関東,茨城県,ワイモバイルイオンモールつくば,305-0071 茨城県つくば市稲岡66‐1,https://www.ymobile.jp/shop/detail/W21M/,ymobile-w21m,36.034491,140.133185,https://www.ymobile.jp/shop/api_json.php,2026-08-19
ymobile,関東,茨城県,ワイモバイルイオンモール下妻,304-0033 茨城県下妻市堀篭972‐1 イオンモール下妻,https://www.ymobile.jp/shop/detail/W9QT/,ymobile-w9qt,36.189917,139.98955,https://www.ymobile.jp/shop/api_json.php,2026-08-19
ymobile,関東,茨城県,ワイモバイルケーズデンキ水戸本店,310-0836 茨城県水戸市元吉田町上千束1944‐12,https://www.ymobile.jp/shop/detail/W0X0/,ymobile-w0x0,36.339272,140.481672,https://www.ymobile.jp/shop/api_json.php,2026-08-19
aeonmobile,中国,岡山県,イオンモバイル岡山,700-8650 岡山県岡山市北区下石井1丁目2番1号,https://aeonmobile.jp/shoplist/okayama/,aeon-mobile-okayama,34.66161498044455,133.9159218150106,https://aeonmobile.jp/shoplist/data.json,2026-08-19
aeonmobile,中国,岡山県,イオンモバイル倉敷,710-8560 岡山県倉敷市水江1,https://aeonmobile.jp/shoplist/kurashiki/,aeon-mobile-kurashiki,34.60226748045985,133.74328671500882,https://aeonmobile.jp/shoplist/data.json,2026-08-19
aeonmobile,中国,岡山県,イオンモバイル津山,708-0842 岡山県津山市河辺1000-1,https://aeonmobile.jp/shoplist/tsuyama/,aeon-mobile-tsuyama,35.06509398034252,134.04425331502253,https://aeonmobile.jp/shoplist/data.json,2026-08-19
uqmobile,中国,岡山県,UQスポット アリオ倉敷,岡山県 倉敷市 寿町１２番２号 アリオ倉敷2F,https://www.uqwimax.jp/mobile/shoplist/CK01041/,uq-mobile-ck01041,34.603327,133.764198,https://www.uqwimax.jp/mobile/shoplist/shoplist.json,2026-08-19
uqmobile,中国,岡山県,UQスポット イオンモール岡山,岡山県 岡山市北区 下石井１丁目２－１ イオンモール岡山２Ｆ,https://www.uqwimax.jp/mobile/shoplist/CK01046/,uq-mobile-ck01046,34.662253,133.918363,https://www.uqwimax.jp/mobile/shoplist/shoplist.json,2026-08-19
ymobile,中国,岡山県,ワイモバイルアリオ倉敷,710-0813 岡山県倉敷市寿町12番2号 アリオ倉敷1F,https://www.ymobile.jp/shop/detail/W9HH/,ymobile-w9hh,34.603335,133.764164,https://www.ymobile.jp/shop/api_json.php,2026-08-19
ymobile,中国,岡山県,ワイモバイルイオンモール津山,708-0842 岡山県津山市河辺1000‐1 イオンモール津山 1F,https://www.ymobile.jp/shop/detail/W15K/,ymobile-w15k,35.064801,134.047581,https://www.ymobile.jp/shop/api_json.php,2026-08-19
ymobile,中国,岡山県,ワイモバイルエディオン倉敷本店,710-0834 岡山県倉敷市笹沖1209‐1,https://www.ymobile.jp/shop/detail/W0UE/,ymobile-w0ue,34.579001,133.768521,https://www.ymobile.jp/shop/api_json.php,2026-08-19
ymobile,中国,岡山県,ワイモバイルエディオン津山本店,708-0841 岡山県津山市川崎147,https://www.ymobile.jp/shop/detail/W15T/,ymobile-w15t,35.060659,134.02887,https://www.ymobile.jp/shop/api_json.php,2026-08-19
ymobile,中国,岡山県,ワイモバイル岡山東川原,703-8256 岡山県岡山市中区浜604‐3 トラスト井上ビル1F,https://www.ymobile.jp/shop/detail/W0JA/,ymobile-w0ja,34.67131702,133.9438831,https://www.ymobile.jp/shop/api_json.php,2026-08-19
aeonmobile,沖縄,沖縄県,アップルプレミアムリセラー NEWCOM 沖縄ライカム店,901-2306 沖縄県中頭郡北中城村字ライカム1番地,https://aeonmobile.jp/shoplist/newcomraikamu/,aeon-mobile-newcomraikamu,26.314244091847932,127.79387365139821,https://aeonmobile.jp/shoplist/data.json,2026-08-19
aeonmobile,沖縄,沖縄県,イオンモバイルライカム,901-2306 沖縄県中頭郡北中城村字ライカム1番地,https://aeonmobile.jp/shoplist/raikamu/,aeon-mobile-raikamu,26.315189983388503,127.79216481479205,https://aeonmobile.jp/shoplist/data.json,2026-08-19
uqmobile,沖縄,沖縄県,UQスポット サンエーしおざきシティ,沖縄県 糸満市 潮崎２丁目２番,https://www.uqwimax.jp/mobile/shoplist/R046910/,uq-mobile-r046910,26.124087,127.667795,https://www.uqwimax.jp/mobile/shoplist/shoplist.json,2026-08-19
uqmobile,沖縄,沖縄県,UQスポット サンエー石川シティ,沖縄県 うるま市 石川２５２１－１,https://www.uqwimax.jp/mobile/shoplist/R046912/,uq-mobile-r046912,26.421288,127.824228,https://www.uqwimax.jp/mobile/shoplist/shoplist.json,2026-08-19
uqmobile,沖縄,沖縄県,UQスポット サンエー八重瀬シティ,沖縄県 島尻郡八重瀬町 屋宜原９９－１,https://www.uqwimax.jp/mobile/shoplist/R046914/,uq-mobile-r046914,26.161254,127.730208,https://www.uqwimax.jp/mobile/shoplist/shoplist.json,2026-08-19
ymobile,沖縄,沖縄県,ワイモバイルイオンタウン南城大里,901-1205 沖縄県南城市大里字高平高宮城原97番2 1階109‐1区画,https://www.ymobile.jp/shop/detail/WA65/,ymobile-wa65,26.173055,127.744163,https://www.ymobile.jp/shop/api_json.php,2026-08-19
ymobile,沖縄,沖縄県,ワイモバイルエディオンしおざきシティ,901-0364 沖縄県糸満市潮崎町2丁目2 サンエーしおざきシティ,https://www.ymobile.jp/shop/detail/W14D/,ymobile-w14d,26.12303,127.66836,https://www.ymobile.jp/shop/api_json.php,2026-08-19
ymobile,沖縄,沖縄県,ワイモバイルエディオン那覇メインプレイス,900-0006 沖縄県那覇市おもろまち4丁目4‐9 サンエー那覇メインプレイス,https://www.ymobile.jp/shop/detail/W0W8/,ymobile-w0w8,26.225725,127.695287,https://www.ymobile.jp/shop/api_json.php,2026-08-19
aeonmobile,東北,岩手県,イオンモバイル盛岡,020-0148 岩手県盛岡市前潟4丁目7-1,https://aeonmobile.jp/shoplist/morioka/,aeon-mobile-morioka,39.71159147945328,141.09774401516833,https://aeonmobile.jp/shoplist/data.json,2026-08-19
aeonmobile,東北,岩手県,イオンモバイル盛岡南,020-0866 岩手県盛岡市本宮七丁目1番1号,https://aeonmobile.jp/shoplist/moriokaminami/,aeon-mobile-moriokaminami,39.68347327945698,141.12610291516742,https://aeonmobile.jp/shoplist/data.json,2026-08-19
uqmobile,東北,岩手県,UQスポット イオンモール盛岡,岩手県 盛岡市 前潟四丁目７番１号 イオンモール盛岡２階,https://www.uqwimax.jp/mobile/shoplist/T006U03/,uq-mobile-t006u03,39.711439,141.098604,https://www.uqwimax.jp/mobile/shoplist/shoplist.json,2026-08-19
ymobile,東北,岩手県,ワイモバイルケーズデンキ盛岡南店,020-0831 岩手県盛岡市三本柳5地割58,https://www.ymobile.jp/shop/detail/W20A/,ymobile-w20a,39.660209,141.162744,https://www.ymobile.jp/shop/api_json.php,2026-08-19
aeonmobile,東海,岐阜県,イオンモバイルイオンモール各務原インター,504-0943 岐阜県各務原市那加萱場町3丁目8番地,https://aeonmobile.jp/shoplist/aeonmobileaeonmallkakamigaharainta/,aeon-mobile-aeonmobileaeonmallkakamigaharainta,35.39203823026279,136.82061066525074,https://aeonmobile.jp/shoplist/data.json,2026-08-19
aeonmobile,東海,岐阜県,イオンモバイル各務原インター,504-0943 岐阜県各務原市那加萱場町3丁目8番地,https://aeonmobile.jp/shoplist/kakamigaharainta/,aeon-mobile-kakamigaharainta,35.391664580262784,136.82228371500278,https://aeonmobile.jp/shoplist/data.json,2026-08-19
aeonmobile,東海,岐阜県,イオンモバイル岐阜,502-0882 岐阜県岐阜市正木中1丁目2番1号,https://aeonmobile.jp/shoplist/gifu/,aeon-mobile-gifu,35.44775438024941,136.74264071500446,https://aeonmobile.jp/shoplist/data.json,2026-08-19
aeonmobile,東海,岐阜県,イオンモバイル大垣,503-0933 岐阜県大垣市外野2丁目100番地,https://aeonmobile.jp/shoplist/ogaki/,aeon-mobile-ogaki,35.33675168027602,136.61142271524935,https://aeonmobile.jp/shoplist/data.json,2026-08-19
uqmobile,東海,岐阜県,UQスポット イオンモール各務原インター,岐阜県 各務原市 那加萱場町３丁目８番地,https://www.uqwimax.jp/mobile/shoplist/N04531U/,uq-mobile-n04531u,35.391706,136.824388,https://www.uqwimax.jp/mobile/shoplist/shoplist.json,2026-08-19
uqmobile,東海,岐阜県,UQスポット イオンモール大垣,岐阜県 大垣市 外野２丁目１００ イオンモール大垣内２Ｆ,https://www.uqwimax.jp/mobile/shoplist/N31215U/,uq-mobile-n31215u,35.336738,136.613998,https://www.uqwimax.jp/mobile/shoplist/shoplist.json,2026-08-19
ymobile,東海,岐阜県,ワイモバイルイオンモール大垣,503-0933 岐阜県大垣市外野2丁目100 イオンモール大垣内1F,https://www.ymobile.jp/shop/detail/W9FF/,ymobile-w9ff,35.3367407,136.6140595,https://www.ymobile.jp/shop/api_json.php,2026-08-19
ymobile,東海,岐阜県,ワイモバイルモレラ岐阜,501-0406 岐阜県本巣市三橋1100 モレラ岐阜1F,https://www.ymobile.jp/shop/detail/W0IN/,ymobile-w0in,35.455317,136.673051,https://www.ymobile.jp/shop/api_json.php,2026-08-19
ymobile,東海,岐阜県,ワイモバイルラスパ御嵩,505-0126 岐阜県可児郡御嵩町上恵土1052‐1 ラスパ御嵩,https://www.ymobile.jp/shop/detail/W14M/,ymobile-w14m,35.434372,137.070585,https://www.ymobile.jp/shop/api_json.php,2026-08-19
ymobile,東海,岐阜県,ワイモバイル関マーゴ,501-3936 岐阜県関市倉知516 サンサンシティマーゴ2F,https://www.ymobile.jp/shop/detail/W285/,ymobile-w285,35.47804558,136.9001957,https://www.ymobile.jp/shop/api_json.php,2026-08-19
aeonmobile,九州,宮崎県,イオンモバイル延岡,882-0847 宮崎県延岡市旭町2丁目2-1,https://aeonmobile.jp/shoplist/nobeoka/,aeon-mobile-nobeoka,32.57234268103431,131.66789871495075,https://aeonmobile.jp/shoplist/data.json,2026-08-19
aeonmobile,九州,宮崎県,イオンモバイル宮崎,880-0834 宮崎県宮崎市新別府町江口862-1,https://aeonmobile.jp/shoplist/miyazaki/,aeon-mobile-miyazaki,31.92352238123811,131.452366114933,https://aeonmobile.jp/shoplist/data.json,2026-08-19
aeonmobile,九州,宮崎県,イオンモバイル都城,885-0055 宮崎県都城市早鈴町1990,https://aeonmobile.jp/shoplist/miyakonojo/,aeon-mobile-miyakonojo,31.7146660813058,131.0737153149273,https://aeonmobile.jp/shoplist/data.json,2026-08-19
uqmobile,九州,宮崎県,UQスポット イオンモール都城駅前,宮崎県 都城市 栄町４６７２－５ イオンモール都城駅前２Ｆ,https://www.uqwimax.jp/mobile/shoplist/Q09092C/,uq-mobile-q09092c,31.735327,131.079843,https://www.uqwimax.jp/mobile/shoplist/shoplist.json,2026-08-19
ymobile,九州,宮崎県,ワイモバイルエディオン宮崎本店,880-0905 宮崎県宮崎市中村西3丁目94‐1,https://www.ymobile.jp/shop/detail/W111/,ymobile-w111,31.8954,131.416311,https://www.ymobile.jp/shop/api_json.php,2026-08-19
aeonmobile,東北,宮城県,イオンモバイル新利府,981-0114 宮城県宮城郡利府町新中道3丁目1－1,https://aeonmobile.jp/shoplist/rifu/,aeon-mobile-rifu,38.32168407185276,140.96971177578197,https://aeonmobile.jp/shoplist/data.json,2026-08-19
aeonmobile,東北,宮城県,イオンモバイル石巻,986-0866 宮城県石巻市茜平4丁目104番地,https://aeonmobile.jp/shoplist/ishinomaki/,aeon-mobile-ishinomaki,38.44807537964252,141.26378421512712,https://aeonmobile.jp/shoplist/data.json,2026-08-19
aeonmobile,東北,宮城県,イオンモバイル仙台幸町,983-0836 宮城県仙台市宮城野区幸町5丁目10番1号,https://aeonmobile.jp/shoplist/sendaisaiwaicho/,aeon-mobile-sendaisaiwaicho,38.27341537967184,140.90089661512147,https://aeonmobile.jp/shoplist/data.json,2026-08-19
aeonmobile,東北,宮城県,イオンモバイル仙台中山,981-3213 宮城県仙台市泉区南中山1-35-40,https://aeonmobile.jp/shoplist/sendainakayama/,aeon-mobile-sendainakayama,38.29788187966757,140.82506351512237,https://aeonmobile.jp/shoplist/data.json,2026-08-19
aeonmobile,東北,宮城県,イオンモバイル富谷,981-3329 宮城県富谷市大清水1丁目33-1,https://aeonmobile.jp/shoplist/tomiya/,aeon-mobile-tomiya,38.36477667965629,140.87306151512456,https://aeonmobile.jp/shoplist/data.json,2026-08-19
aeonmobile,東北,宮城県,イオンモバイル名取,981-1294 宮城県名取市杜せきのした5丁目3番地の1,https://aeonmobile.jp/shoplist/natori/,aeon-mobile-natori,38.16391797969042,140.892922415118,https://aeonmobile.jp/shoplist/data.json,2026-08-19
uqmobile,東北,宮城県,UQスポット イオンモール新利府南館,宮城県 宮城郡利府町 新中道３－１－１ イオンモール新利府 南館３階,https://www.uqwimax.jp/mobile/shoplist/T443U01/,uq-mobile-t443u01,38.321935,140.972308,https://www.uqwimax.jp/mobile/shoplist/shoplist.json,2026-08-19
uqmobile,東北,宮城県,UQスポット イオン仙台中山,宮城県 仙台市泉区 南中山１丁目３５－４０ イオン仙台中山３Ｆ,https://www.uqwimax.jp/mobile/shoplist/T443U02/,uq-mobile-t443u02,38.297895,140.827181,https://www.uqwimax.jp/mobile/shoplist/shoplist.json,2026-08-19
ymobile,東北,宮城県,ワイモバイルイオンモール石巻,986-0866 宮城県石巻市茜平4丁目104 イオンモール石巻1F,https://www.ymobile.jp/shop/detail/W0ML/,ymobile-w0ml,38.4474748,141.2650246,https://www.ymobile.jp/shop/api_json.php,2026-08-19
ymobile,東北,宮城県,ワイモバイルケーズデンキ石巻本店,986-0868 宮城県石巻市恵み野2丁目15‐4,https://www.ymobile.jp/shop/detail/W207/,ymobile-w207,38.445452,141.271979,https://www.ymobile.jp/shop/api_json.php,2026-08-19
ymobile,東北,宮城県,ワイモバイルケーズデンキ仙台港店,983-0013 宮城県仙台市宮城野区中野3丁目5番地の4,https://www.ymobile.jp/shop/detail/W12M/,ymobile-w12m,38.271988,140.988751,https://www.ymobile.jp/shop/api_json.php,2026-08-19
ymobile,東北,宮城県,ワイモバイルケーズデンキ仙台太白店,982-0818 宮城県仙台市太白区山田新町33 ケーズデンキ仙台太白 1F,https://www.ymobile.jp/shop/detail/W15J/,ymobile-w15j,38.217336,140.835374,https://www.ymobile.jp/shop/api_json.php,2026-08-19
ymobile,東北,宮城県,ワイモバイルケーズデンキ仙台南店,981-1222 宮城県名取市上余田字千刈田466,https://www.ymobile.jp/shop/detail/W12L/,ymobile-w12l,38.186577,140.891747,https://www.ymobile.jp/shop/api_json.php,2026-08-19
ymobile,東北,宮城県,ワイモバイルケーズデンキ大崎古川本店,989-6136 宮城県大崎市古川穂波2丁目9‐15,https://www.ymobile.jp/shop/detail/W15I/,ymobile-w15i,38.567267,140.944089,https://www.ymobile.jp/shop/api_json.php,2026-08-19
ymobile,東北,宮城県,ワイモバイルケーズデンキ東仙台店,983-0833 宮城県仙台市宮城野区東仙台4丁目14‐5,https://www.ymobile.jp/shop/detail/W0XB/,ymobile-w0xb,38.27789,140.908275,https://www.ymobile.jp/shop/api_json.php,2026-08-19
ymobile,東北,宮城県,ワイモバイルコジマ×ビックカメライオンモール名取店,981-1227 宮城県名取市杜せきのした5丁目3‐1,https://www.ymobile.jp/shop/detail/W0XP/,ymobile-w0xp,38.163649,140.896697,https://www.ymobile.jp/shop/api_json.php,2026-08-19
ymobile,東北,宮城県,ワイモバイルヨドバシカメラマルチメディア仙台,983-0852 宮城県仙台市宮城野区榴岡1丁目3‐1,https://www.ymobile.jp/shop/detail/W95J/,ymobile-w95j,38.2591834148137,140.88389774743402,https://www.ymobile.jp/shop/api_json.php,2026-08-19
ymobile,東北,宮城県,ワイモバイルララガーデン長町,982-0011 宮城県仙台市太白区長町7丁目20‐5 ララガーデン長町2F,https://www.ymobile.jp/shop/detail/W09A/,ymobile-w09a,38.225195,140.875893,https://www.ymobile.jp/shop/api_json.php,2026-08-19
aeonmobile,近畿,京都府,イオンモバイル久御山,613-0024 京都府久世郡久御山町森南大内156-1,https://aeonmobile.jp/shoplist/kumiyama/,aeon-mobile-kumiyama,34.89369998038539,135.74455231501742,https://aeonmobile.jp/shoplist/data.json,2026-08-19
aeonmobile,近畿,京都府,イオンモバイル京都桂川,601-8211 京都府京都市南区久世高田町376番1,https://aeonmobile.jp/shoplist/kyotokatsuragawa/,aeon-mobile-kyotokatsuragawa,34.963663980367855,135.7069431150196,https://aeonmobile.jp/shoplist/data.json,2026-08-19
aeonmobile,近畿,京都府,イオンモバイル京都洛南,601-8327 京都市南区吉祥院御池町31,https://aeonmobile.jp/shoplist/kyotorakunan/,aeon-mobile-kyotorakunan,34.97557398036489,135.73434231501972,https://aeonmobile.jp/shoplist/data.json,2026-08-19
aeonmobile,近畿,京都府,イオンモバイル高の原,619-0223 京都府木津川市相楽台1-1-1,https://aeonmobile.jp/shoplist/takanohara/,aeon-mobile-takanohara,34.72597158042794,135.78781141501264,https://aeonmobile.jp/shoplist/data.json,2026-08-19
uqmobile,近畿,京都府,UQスポット ＭＯＭＯテラス六地蔵,京都府 京都市伏見区 桃山町山ノ下３２,https://www.uqwimax.jp/mobile/shoplist/KC89007/,uq-mobile-kc89007,34.937367,135.795004,https://www.uqwimax.jp/mobile/shoplist/shoplist.json,2026-08-19
uqmobile,近畿,京都府,UQスポット イオン京都洛南ＳＣ,京都府 京都市南区 吉祥院御池町３１ イオン京都洛南ショッピングセンター２Ｆ,https://www.uqwimax.jp/mobile/shoplist/K433110/,uq-mobile-k433110,34.975581,135.735907,https://www.uqwimax.jp/mobile/shoplist/shoplist.json,2026-08-19
ymobile,近畿,京都府,ワイモバイルMOMOテラス六地蔵,612-8002 京都府京都市伏見区桃山町山ノ下32 MOMOテラス2F,https://www.ymobile.jp/shop/detail/W47T/,ymobile-w47t,34.937548,135.7948284,https://www.ymobile.jp/shop/api_json.php,2026-08-19
ymobile,近畿,京都府,ワイモバイルヨドバシカメラマルチメディア京都,600-8216 京都府京都市下京区烏丸通七条下る東塩小路町590‐2,https://www.ymobile.jp/shop/detail/W95M/,ymobile-w95m,34.988537,135.759172,https://www.ymobile.jp/shop/api_json.php,2026-08-19
uqmobile,九州,熊本県,UQスポット イオンモール熊本,熊本県 上益城郡嘉島町 大字上島字長池２２３２ イオンモール熊本 ２階,https://www.uqwimax.jp/mobile/shoplist/Q011065/,uq-mobile-q011065,32.737624,130.745545,https://www.uqwimax.jp/mobile/shoplist/shoplist.json,2026-08-19
ymobile,九州,熊本県,ワイモバイルゆめタウンはません,862-0965 熊本県熊本市南区田井島1丁目2‐1 ゆめタウンはません1F,https://www.ymobile.jp/shop/detail/W0XN/,ymobile-w0xn,32.771586,130.726496,https://www.ymobile.jp/shop/api_json.php,2026-08-19
aeonmobile,関東,群馬県,イオンモバイル高崎,370-3521 群馬県高崎市棟高町1400番地,https://aeonmobile.jp/shoplist/takasaki/,aeon-mobile-takasaki,36.390554680034896,139.00452931503335,https://aeonmobile.jp/shoplist/data.json,2026-08-19
aeonmobile,関東,群馬県,イオンモバイル太田,373-0808 群馬県太田市石原町81,https://aeonmobile.jp/shoplist/ota/,aeon-mobile-ota,36.294763730055735,139.39819546503043,https://aeonmobile.jp/shoplist/data.json,2026-08-19
uqmobile,関東,群馬県,UQスポット 高崎オーパ,群馬県 高崎市 八島町４６－１ 高崎オーパ６Ｆ,https://www.uqwimax.jp/mobile/shoplist/E369UQ1/,uq-mobile-e369uq1,36.323394,139.011203,https://www.uqwimax.jp/mobile/shoplist/shoplist.json,2026-08-19
ymobile,関東,群馬県,ワイモバイルスマーク伊勢崎,379-2224 群馬県伊勢崎市西小保方町368 スマーク伊勢崎1階,https://www.ymobile.jp/shop/detail/W0M6/,ymobile-w0m6,36.340056,139.231944,https://www.ymobile.jp/shop/api_json.php,2026-08-19
ymobile,関東,群馬県,ワイモバイル桐生,376-0011 群馬県桐生市相生町1丁目319‐13,https://www.ymobile.jp/shop/detail/WA3V/,ymobile-wa3v,36.40403736,139.3164056,https://www.ymobile.jp/shop/api_json.php,2026-08-19
ymobile,関東,群馬県,ワイモバイル太田中央,373-0033 群馬県太田市西本町56‐1,https://www.ymobile.jp/shop/detail/W07J/,ymobile-w07j,36.293783,139.360502,https://www.ymobile.jp/shop/api_json.php,2026-08-19
aeonmobile,中国,広島県,アップルプレミアムリセラー NEWCOM 広島府中店,735-8577 広島県安芸郡府中町大須2-1-1イオンモール広島府中1F,https://aeonmobile.jp/shoplist/newcomhiroshimafuchuu/,aeon-mobile-newcomhiroshimafuchuu,34.3946643,132.499303,https://aeonmobile.jp/shoplist/data.json,2026-08-19
aeonmobile,中国,広島県,イオンモバイル広島祇園,731-0196 広島県広島市安佐南区祇園3丁目2-1,https://aeonmobile.jp/shoplist/hiroshimagion/,aeon-mobile-hiroshimagion,34.44297458050142,132.45905921500417,https://aeonmobile.jp/shoplist/data.json,2026-08-19
aeonmobile,中国,広島県,イオンモバイル広島府中,735-8577 広島県安芸郡府中町大須2丁目1-1,https://aeonmobile.jp/shoplist/hiroshimafuchuu/,aeon-mobile-hiroshimafuchuu,34.39526268051405,132.49632181500274,https://aeonmobile.jp/shoplist/data.json,2026-08-19
aeonmobile,中国,広島県,イオン三原店,723-0014 広島県三原市城町2-13-1,https://aeonmobile.jp/shoplist/mihara/,aeon-mobile-mihara,34.39881309935018,133.08455837630845,https://aeonmobile.jp/shoplist/data.json,2026-08-19
uqmobile,中国,広島県,UQスポット イオンモール広島祇園,広島県 広島市安佐南区 祇園３丁目２－１ イオンモール広島祇園２Ｆ,https://www.uqwimax.jp/mobile/shoplist/CK01047/,uq-mobile-ck01047,34.444171,132.461694,https://www.uqwimax.jp/mobile/shoplist/shoplist.json,2026-08-19
uqmobile,中国,広島県,UQスポット イオンモール広島府中,広島県 安芸郡府中町 大須２－１－１,https://www.uqwimax.jp/mobile/shoplist/CK01044/,uq-mobile-ck01044,34.394417,132.499403,https://www.uqwimax.jp/mobile/shoplist/shoplist.json,2026-08-19
uqmobile,中国,広島県,UQスポット フジグラン神辺,広島県 福山市 神辺町大字新道上字二丁目１０－２６,https://www.uqwimax.jp/mobile/shoplist/C005247/,uq-mobile-c005247,34.545246,133.356995,https://www.uqwimax.jp/mobile/shoplist/shoplist.json,2026-08-19
uqmobile,中国,広島県,UQスポット ゆめタウン廿日市,広島県 廿日市市 下平良２丁目２－１ ゆめタウン廿日市３階,https://www.uqwimax.jp/mobile/shoplist/CK01045/,uq-mobile-ck01045,34.345619,132.335799,https://www.uqwimax.jp/mobile/shoplist/shoplist.json,2026-08-19
uqmobile,中国,広島県,UQスポット ゆめタウン福山,広島県 福山市 入船町３丁目１－６０ ゆめタウン福山２階,https://www.uqwimax.jp/mobile/shoplist/C005250/,uq-mobile-c005250,34.487033,133.378666,https://www.uqwimax.jp/mobile/shoplist/shoplist.json,2026-08-19
ymobile,中国,広島県,ワイモバイルイオンモール広島府中,735-0021 広島県安芸郡府中町大須2丁目1‐1 イオンモール広島府中2F,https://www.ymobile.jp/shop/detail/W9GY/,ymobile-w9gy,34.394718,132.499466,https://www.ymobile.jp/shop/api_json.php,2026-08-19
ymobile,中国,広島県,ワイモバイルエディオン広島本店,730-0031 広島県広島市中区紙屋町2丁目1‐18,https://www.ymobile.jp/shop/detail/W0UF/,ymobile-w0uf,34.395375,132.456118,https://www.ymobile.jp/shop/api_json.php,2026-08-19
ymobile,中国,広島県,ワイモバイルエディオン廿日市店,738-0024 広島県廿日市市新宮1丁目9‐34,https://www.ymobile.jp/shop/detail/W0YG/,ymobile-w0yg,34.350012,132.330371,https://www.ymobile.jp/shop/api_json.php,2026-08-19
ymobile,中国,広島県,ワイモバイルフジグラン東広島,739-0024 広島県東広島市西条町御薗宇4405 フジグラン東広島2F,https://www.ymobile.jp/shop/detail/W0FG/,ymobile-w0fg,34.408154,132.749904,https://www.ymobile.jp/shop/api_json.php,2026-08-19
aeonmobile,四国,香川県,イオンモバイル高松,761-8012 香川県高松市香西本町1番1,https://aeonmobile.jp/shoplist/takamatsu/,aeon-mobile-takamatsu,34.351849480525566,134.00122611500154,https://aeonmobile.jp/shoplist/data.json,2026-08-19
uqmobile,四国,香川県,UQスポット ゆめタウン丸亀,香川県 丸亀市 新田町１５０ ゆめタウン丸亀２Ｆ,https://www.uqwimax.jp/mobile/shoplist/S062019/,uq-mobile-s062019,34.273252,133.785332,https://www.uqwimax.jp/mobile/shoplist/shoplist.json,2026-08-19
uqmobile,四国,香川県,UQスポット ゆめタウン高松,香川県 高松市 三条町６０８－１ ゆめタウン高松 １Ｆ,https://www.uqwimax.jp/mobile/shoplist/S062020/,uq-mobile-s062020,34.316902,134.041628,https://www.uqwimax.jp/mobile/shoplist/shoplist.json,2026-08-19
ymobile,四国,香川県,ワイモバイルエディオンゆめタウン高松店,761-8056 香川県高松市上天神町字高田362‐1 ゆめタウン高松南館,https://www.ymobile.jp/shop/detail/W0XR/,ymobile-w0xr,34.315124,134.041647,https://www.ymobile.jp/shop/api_json.php,2026-08-19
aeonmobile,四国,高知県,イオンモバイル高知,780-0026 高知県高知市秦南町1-4-8,https://aeonmobile.jp/shoplist/kochi/,aeon-mobile-kochi,33.57746658073774,133.5401713149792,https://aeonmobile.jp/shoplist/data.json,2026-08-19
uqmobile,四国,高知県,UQスポット 帯屋町,高知県 高知市 帯屋町１丁目１－１４,https://www.uqwimax.jp/mobile/shoplist/S415036/,uq-mobile-s415036,33.560874,133.542295,https://www.uqwimax.jp/mobile/shoplist/shoplist.json,2026-08-19
uqmobile,四国,高知県,UQスポット 百石,高知県 高知市 百石町３丁目１０－２４,https://www.uqwimax.jp/mobile/shoplist/S415041/,uq-mobile-s415041,33.546106,133.544965,https://www.uqwimax.jp/mobile/shoplist/shoplist.json,2026-08-19
aeonmobile,九州,佐賀県,イオンモバイル佐賀大和,840-0201 佐賀県佐賀市大和町大字尼寺3535,https://aeonmobile.jp/shoplist/sagayamato/,aeon-mobile-sagayamato,33.304132980816114,130.27843231497144,https://aeonmobile.jp/shoplist/data.json,2026-08-19
uqmobile,九州,佐賀県,UQスポット ゆめタウン佐賀,佐賀県 佐賀市 兵庫北５丁目１４－１ ゆめタウン佐賀１Ｆ,https://www.uqwimax.jp/mobile/shoplist/Q062014/,uq-mobile-q062014,33.274941,130.307634,https://www.uqwimax.jp/mobile/shoplist/shoplist.json,2026-08-19
aeonmobile,関東,埼玉県,アップルプレミアムリセラー NEWCOM レイクタウンkaze店,343-0828 埼玉県越谷市レイクタウン4丁目2番地2イオンモールレイクタウンkaze2F,https://aeonmobile.jp/shoplist/newcomlaketown/,aeon-mobile-newcomlaketown,35.87702402671748,139.82180305159423,https://aeonmobile.jp/shoplist/data.json,2026-08-19
aeonmobile,関東,埼玉県,イオンモバイルレイクタウン,343-0828 埼玉県越谷市レイクタウン3-1-1,https://aeonmobile.jp/shoplist/laketown/,aeon-mobile-laketown,35.8822001,139.829035,https://aeonmobile.jp/shoplist/data.json,2026-08-19
aeonmobile,関東,埼玉県,イオンモバイル羽生,348-0039 埼玉県羽生市川崎2丁目281番地3,https://aeonmobile.jp/shoplist/hanyu/,aeon-mobile-hanyu,36.14232668008937,139.54163801502563,https://aeonmobile.jp/shoplist/data.json,2026-08-19
aeonmobile,関東,埼玉県,イオンモバイル浦和美園,336-8760 埼玉県さいたま市緑区美園5丁目50番地1,https://aeonmobile.jp/shoplist/urawamisono/,aeon-mobile-urawamisono,35.89099423014586,139.72901431501793,https://aeonmobile.jp/shoplist/data.json,2026-08-19
aeonmobile,関東,埼玉県,イオンモバイル熊谷,360-0815 埼玉県熊谷市本石2-135,https://aeonmobile.jp/shoplist/kumagaya/,aeon-mobile-kumagaya,36.145443780088584,139.3766736150259,https://aeonmobile.jp/shoplist/data.json,2026-08-19
aeonmobile,関東,埼玉県,イオンモバイル春日部,344-0122 埼玉県春日部市下柳420-1,https://aeonmobile.jp/shoplist/kasukabe/,aeon-mobile-kasukabe,35.98813813012394,139.78686361502093,https://aeonmobile.jp/shoplist/data.json,2026-08-19
aeonmobile,関東,埼玉県,イオンモバイル川口前川,333-0842 埼玉県川口市前川1-1-11,https://aeonmobile.jp/shoplist/kawaguchimaekawa/,aeon-mobile-kawaguchimaekawa,35.83389578015896,139.70503056501624,https://aeonmobile.jp/shoplist/data.json,2026-08-19
aeonmobile,関東,埼玉県,イオンモバイル大井,356-0050 埼玉県ふじみ野市ふじみ野1-2-1,https://aeonmobile.jp/shoplist/ooi/,aeon-mobile-ooi,35.85996759999999,139.51321501462786,https://aeonmobile.jp/shoplist/data.json,2026-08-19
aeonmobile,関東,埼玉県,イオンモバイル大宮,331-0825 埼玉県さいたま市北区櫛引町2-574-1,https://aeonmobile.jp/shoplist/omiya/,aeon-mobile-omiya,35.92320658013856,139.60724851501902,https://aeonmobile.jp/shoplist/data.json,2026-08-19
aeonmobile,関東,埼玉県,イオンモバイル入間,358-0013 埼玉県入間市上藤沢462-1,https://aeonmobile.jp/shoplist/iruma/,aeon-mobile-iruma,35.82175830797554,139.39533105199249,https://aeonmobile.jp/shoplist/data.json,2026-08-19
aeonmobile,関東,埼玉県,イオンモバイル北戸田,335-0032 埼玉県戸田市美女木東1-3-1,https://aeonmobile.jp/shoplist/kitatoda/,aeon-mobile-kitatoda,35.8265735301607,139.650522965016,https://aeonmobile.jp/shoplist/data.json,2026-08-19
aeonmobile,関東,埼玉県,イオンモバイル与野,338-0004 埼玉県さいたま市中央区本町西5丁目2番9号,https://aeonmobile.jp/shoplist/yono/,aeon-mobile-yono,35.892173680145696,139.61203691501805,https://aeonmobile.jp/shoplist/data.json,2026-08-19
uqmobile,関東,埼玉県,UQスポット イオンモール羽生,埼玉県 羽生市 川崎２丁目２８１－３ イオンモール羽生 ３階,https://www.uqwimax.jp/mobile/shoplist/E369UQ2/,uq-mobile-e369uq2,36.142863,139.542037,https://www.uqwimax.jp/mobile/shoplist/shoplist.json,2026-08-19
uqmobile,関東,埼玉県,UQスポット イオンレイクタウン,埼玉県 越谷市 レイクタウン３丁目１番地１ ｍｏｒｉ棟 ３Ｆ,https://www.uqwimax.jp/mobile/shoplist/E209079/,uq-mobile-e209079,35.880386,139.828196,https://www.uqwimax.jp/mobile/shoplist/shoplist.json,2026-08-19
uqmobile,関東,埼玉県,UQスポット コクーンシティさいたま新都心,埼玉県 さいたま市大宮区 吉敷町４丁目２６７－２ コクーン１西館１階,https://www.uqwimax.jp/mobile/shoplist/E045UQ1/,uq-mobile-e045uq1,35.896281,139.634751,https://www.uqwimax.jp/mobile/shoplist/shoplist.json,2026-08-19
uqmobile,関東,埼玉県,UQスポット モラージュ菖蒲,埼玉県 久喜市 菖蒲町菖蒲６００５番地１,https://www.uqwimax.jp/mobile/shoplist/E328UQ1/,uq-mobile-e328uq1,36.075102,139.611895,https://www.uqwimax.jp/mobile/shoplist/shoplist.json,2026-08-19
uqmobile,関東,埼玉県,UQスポット ララガーデン春日部,埼玉県 春日部市 南１丁目１番１ ララガーデン春日部２階,https://www.uqwimax.jp/mobile/shoplist/E005UQ5/,uq-mobile-e005uq5,35.977155,139.755317,https://www.uqwimax.jp/mobile/shoplist/shoplist.json,2026-08-19
uqmobile,関東,埼玉県,UQスポット ららぽーと新三郷,埼玉県 三郷市 新三郷ららシティ３丁目１番１号 ららぽーと新三郷１階,https://www.uqwimax.jp/mobile/shoplist/E005UQ3/,uq-mobile-e005uq3,35.859459,139.866404,https://www.uqwimax.jp/mobile/shoplist/shoplist.json,2026-08-19
uqmobile,関東,埼玉県,UQスポット 和光,埼玉県 和光市 本町５－６ 柳瀬ビル１Ｆ,https://www.uqwimax.jp/mobile/shoplist/E324UQ1/,uq-mobile-e324uq1,35.788502,139.611198,https://www.uqwimax.jp/mobile/shoplist/shoplist.json,2026-08-19
ymobile,関東,埼玉県,ワイモバイルアリオ深谷,366-0052 埼玉県深谷市上柴町西4丁目2 アリオ深谷店2F,https://www.ymobile.jp/shop/detail/W9T1/,ymobile-w9t1,36.181353,139.298949,https://www.ymobile.jp/shop/api_json.php,2026-08-19
ymobile,関東,埼玉県,ワイモバイルアリオ鷲宮,340-0212 埼玉県久喜市久本寺谷田7‐1 アリオ鷲宮,https://www.ymobile.jp/shop/detail/W9SB/,ymobile-w9sb,36.07863,139.661521,https://www.ymobile.jp/shop/api_json.php,2026-08-19
ymobile,関東,埼玉県,ワイモバイルイオンモール羽生,348-0039 埼玉県羽生市川崎2丁目281‐3 イオンモール羽生1F,https://www.ymobile.jp/shop/detail/W999/,ymobile-w999,36.143082,139.5421,https://www.ymobile.jp/shop/api_json.php,2026-08-19
ymobile,関東,埼玉県,ワイモバイルイオンモール春日部,344-0122 埼玉県春日部市下柳420‐1 イオンモール春日部3階,https://www.ymobile.jp/shop/detail/W59B/,ymobile-w59b,35.988009,139.788773,https://www.ymobile.jp/shop/api_json.php,2026-08-19
ymobile,関東,埼玉県,ワイモバイルイオンモール与野,338-0004 埼玉県さいたま市中央区本町西5丁目2‐9 イオン与野ショッピングセンター2階,https://www.ymobile.jp/shop/detail/W9HI/,ymobile-w9hi,35.891016,139.614844,https://www.ymobile.jp/shop/api_json.php,2026-08-19
ymobile,関東,埼玉県,ワイモバイルウニクス南古谷,350-0026 埼玉県川越市泉町3‐1 ウニクス南古谷,https://www.ymobile.jp/shop/detail/WA1G/,ymobile-wa1g,35.90608,139.512642,https://www.ymobile.jp/shop/api_json.php,2026-08-19
ymobile,関東,埼玉県,ワイモバイルエディオンららぽーと新三郷店,341-0009 埼玉県三郷市新三郷ららシティ3丁目1‐1 ららぽーと新三郷,https://www.ymobile.jp/shop/detail/W12X/,ymobile-w12x,35.858083,139.867303,https://www.ymobile.jp/shop/api_json.php,2026-08-19
ymobile,関東,埼玉県,ワイモバイルケーズデンキピオニウォーク東松山,355-0048 埼玉県東松山市あずま町4丁目5,https://www.ymobile.jp/shop/detail/W12J/,ymobile-w12j,36.003615,139.409134,https://www.ymobile.jp/shop/api_json.php,2026-08-19
ymobile,関東,埼玉県,ワイモバイルケーズデンキ埼大通り店,338-0823 埼玉県さいたま市桜区栄和4丁目10番18号,https://www.ymobile.jp/shop/detail/WA5X/,ymobile-wa5x,35.868972,139.6172,https://www.ymobile.jp/shop/api_json.php,2026-08-19
ymobile,関東,埼玉県,ワイモバイルケーズデンキ鶴ヶ島インター店,350-2211 埼玉県鶴ヶ島市脚折町5丁目1番34号,https://www.ymobile.jp/shop/detail/WA3U/,ymobile-wa3u,35.9479545,139.3956535,https://www.ymobile.jp/shop/api_json.php,2026-08-19
ymobile,関東,埼玉県,ワイモバイルジョーシン浦和美園イオンモール店,336-0967 埼玉県さいたま市緑区美園5丁目50番地1 イオンモール浦和美園1F,https://www.ymobile.jp/shop/detail/W9FL/,ymobile-w9fl,35.889431,139.731949,https://www.ymobile.jp/shop/api_json.php,2026-08-19
ymobile,関東,埼玉県,ワイモバイルそよら武蔵狭山,350-1305 埼玉県狭山市入間川3丁目31‐5 そよら武蔵狭山2F,https://www.ymobile.jp/shop/detail/WACO/,ymobile-waco,35.86017924,139.4064054,https://www.ymobile.jp/shop/api_json.php,2026-08-19
ymobile,関東,埼玉県,ワイモバイルノジマレイクタウン店,343-0828 埼玉県越谷市レイクタウン3丁目1‐1 イオンレイクタウンmori 1階,https://www.ymobile.jp/shop/detail/W951/,ymobile-w951,35.881531,139.828191,https://www.ymobile.jp/shop/api_json.php,2026-08-19
ymobile,関東,埼玉県,ワイモバイルノジマ所沢本店,359-1148 埼玉県所沢市小手指台5‐4,https://www.ymobile.jp/shop/detail/W20N/,ymobile-w20n,35.791206,139.444473,https://www.ymobile.jp/shop/api_json.php,2026-08-19
ymobile,関東,埼玉県,ワイモバイルフレスポ八潮,340-0822 埼玉県八潮市大瀬1丁目1‐3 フレスポ八潮2階,https://www.ymobile.jp/shop/detail/W1EV/,ymobile-w1ev,35.808691,139.844329,https://www.ymobile.jp/shop/api_json.php,2026-08-19
ymobile,関東,埼玉県,ワイモバイルモラージュ菖蒲,346-0106 埼玉県久喜市菖蒲町菖蒲字伊勢浦6005‐1 モラージュ菖蒲3F,https://www.ymobile.jp/shop/detail/W044/,ymobile-w044,36.075276,139.611208,https://www.ymobile.jp/shop/api_json.php,2026-08-19
ymobile,関東,埼玉県,ワイモバイルヨドバシカメラマルチメディアさいたま新都心駅前店,330-0843 埼玉県さいたま市大宮区吉敷町4丁目263‐6,https://www.ymobile.jp/shop/detail/W9HW/,ymobile-w9hw,35.89553,139.634429,https://www.ymobile.jp/shop/api_json.php,2026-08-19
ymobile,関東,埼玉県,ワイモバイルララガーデン春日部,344-0064 埼玉県春日部市南1丁目1‐1 ララガーデン春日部2F,https://www.ymobile.jp/shop/detail/W041/,ymobile-w041,35.977448,139.755006,https://www.ymobile.jp/shop/api_json.php,2026-08-19
ymobile,関東,埼玉県,ワイモバイルららぽーと富士見,354-0022 埼玉県富士見市山室1丁目1259‐1 ららぽーと富士見店内,https://www.ymobile.jp/shop/detail/W9H2/,ymobile-w9h2,35.860415,139.548042,https://www.ymobile.jp/shop/api_json.php,2026-08-19
ymobile,関東,埼玉県,ワイモバイルレイクタウンmori,343-0828 埼玉県越谷市レイクタウン3丁目1番地1 イオンレイクタウンmori 1F,https://www.ymobile.jp/shop/detail/W0W5/,ymobile-w0w5,35.882052,139.828182,https://www.ymobile.jp/shop/api_json.php,2026-08-19
ymobile,関東,埼玉県,ワイモバイル坂戸にっさい,350-0269 埼玉県坂戸市にっさい花みず木4丁目10‐2,https://www.ymobile.jp/shop/detail/WA55/,ymobile-wa55,35.9687,139.367455,https://www.ymobile.jp/shop/api_json.php,2026-08-19
ymobile,関東,埼玉県,ワイモバイル若葉,350-0214 埼玉県坂戸市千代田3丁目22‐2,https://www.ymobile.jp/shop/detail/WA54/,ymobile-wa54,35.951312,139.411321,https://www.ymobile.jp/shop/api_json.php,2026-08-19
aeonmobile,東海,三重県,イオンモバイル伊勢,516-0014 三重県伊勢市楠部町乙160-2,https://aeonmobile.jp/shoplist/ise/,aeon-mobile-ise,34.4783051804921,136.72887881497533,https://aeonmobile.jp/shoplist/data.json,2026-08-19
aeonmobile,東海,三重県,イオンモバイル四日市尾平,512-0921 三重県四日市市尾平町字天王川原1805,https://aeonmobile.jp/shoplist/yokkaichiobira/,aeon-mobile-yokkaichiobira,34.9773959803644,136.58894931499034,https://aeonmobile.jp/shoplist/data.json,2026-08-19
aeonmobile,東海,三重県,イオンモバイル四日市北,510-8016 三重県四日市市富州原町2-40,https://aeonmobile.jp/shoplist/yokkaichikita/,aeon-mobile-yokkaichikita,35.00819107281207,136.65427797562506,https://aeonmobile.jp/shoplist/data.json,2026-08-19
aeonmobile,東海,三重県,イオンモバイル津南,514-0817 三重県津市高茶屋小森町145番,https://aeonmobile.jp/shoplist/tsuminami/,aeon-mobile-tsuminami,34.6720037804419,136.5155189152314,https://aeonmobile.jp/shoplist/data.json,2026-08-19
uqmobile,東海,三重県,UQスポット イオンタウン四日市泊,三重県 四日市市 泊小柳町４－５－１,https://www.uqwimax.jp/mobile/shoplist/N04534U/,uq-mobile-n04534u,34.93901,136.601297,https://www.uqwimax.jp/mobile/shoplist/shoplist.json,2026-08-19
uqmobile,東海,三重県,UQスポット イオンモール津南,三重県 津市 高茶屋小森町１４５番地,https://www.uqwimax.jp/mobile/shoplist/N04529U/,uq-mobile-n04529u,34.671008,136.517916,https://www.uqwimax.jp/mobile/shoplist/shoplist.json,2026-08-19
ymobile,東海,三重県,ワイモバイルイオンタウン津城山,514-1112 三重県津市久居小野辺町1130‐7イオンタウン津城山内,https://www.ymobile.jp/shop/detail/WA4K/,ymobile-wa4k,34.6794948,136.5015188,https://www.ymobile.jp/shop/api_json.php,2026-08-19
ymobile,東海,三重県,ワイモバイルイオンモール桑名,511-0863 三重県桑名市新西方1丁目22 イオンモール桑名3F,https://www.ymobile.jp/shop/detail/W9SA/,ymobile-w9sa,35.072285,136.662606,https://www.ymobile.jp/shop/api_json.php,2026-08-19
ymobile,東海,三重県,ワイモバイルイオンモール東員,511-0255 三重県員弁郡東員町大字長深字築田510‐1イオンモール東員店内1F,https://www.ymobile.jp/shop/detail/W28J/,ymobile-w28j,35.061183,136.579822,https://www.ymobile.jp/shop/api_json.php,2026-08-19
aeonmobile,東北,山形県,イオンモバイル山形南,990-2453 山形県山形市若宮3丁目7番8号,https://aeonmobile.jp/shoplist/yamagataminami/,aeon-mobile-yamagataminami,38.226621421875,140.3033942257773,https://aeonmobile.jp/shoplist/data.json,2026-08-19
uqmobile,東北,山形県,UQスポット イオンモール天童,山形県 天童市 芳賀タウン北４丁目１番１号 イオンモール天童２Ｆ,https://www.uqwimax.jp/mobile/shoplist/T005U05/,uq-mobile-t005u05,38.343402,140.363298,https://www.uqwimax.jp/mobile/shoplist/shoplist.json,2026-08-19
uqmobile,東北,山形県,UQスポット イオン米沢,山形県 米沢市 春日２丁目１３－４ イオン米沢２Ｆ,https://www.uqwimax.jp/mobile/shoplist/T328009/,uq-mobile-t328009,37.923393,140.108818,https://www.uqwimax.jp/mobile/shoplist/shoplist.json,2026-08-19
ymobile,東北,山形県,ワイモバイルイオンモール天童,994-0067 山形県天童市大字芳賀タウン4丁目1番1号 イオンモール天童2階,https://www.ymobile.jp/shop/detail/W9GU/,ymobile-w9gu,38.343195,140.363027,https://www.ymobile.jp/shop/api_json.php,2026-08-19
ymobile,東北,山形県,ワイモバイルケーズデンキ山形北本店,990-0886 山形県山形市嶋南4丁目3番3号,https://www.ymobile.jp/shop/detail/W0XA/,ymobile-w0xa,38.281869,140.314638,https://www.ymobile.jp/shop/api_json.php,2026-08-19
ymobile,東北,山形県,ワイモバイルケーズデンキ米沢店,992-0042 山形県米沢市塩井町塩野2‐1,https://www.ymobile.jp/shop/detail/W19G/,ymobile-w19g,37.926307,140.108477,https://www.ymobile.jp/shop/api_json.php,2026-08-19
uqmobile,中国,山口県,UQスポット おのだサンパーク,山口県 山陽小野田市 中川６丁目４－１ おのだサンパーク２Ｆ,https://www.uqwimax.jp/mobile/shoplist/CK01042/,uq-mobile-ck01042,33.985008,131.171002,https://www.uqwimax.jp/mobile/shoplist/shoplist.json,2026-08-19
uqmobile,中国,山口県,UQスポット フジグラン宇部,山口県 宇部市 明神町３丁目１－１ フジグラン宇部1F,https://www.uqwimax.jp/mobile/shoplist/CK01043/,uq-mobile-ck01043,33.930975,131.257197,https://www.uqwimax.jp/mobile/shoplist/shoplist.json,2026-08-19
uqmobile,中国,山口県,UQスポット ゆめタウン山口,山口県 山口市 大内千坊六丁目９番１号 ゆめタウン山口２Ｆ,https://www.uqwimax.jp/mobile/shoplist/C597094/,uq-mobile-c597094,34.160345,131.491597,https://www.uqwimax.jp/mobile/shoplist/shoplist.json,2026-08-19
uqmobile,中国,山口県,UQスポット 星プラザ下松,山口県 下松市 中央町２１－３ 星プラザ下松２Ｆ,https://www.uqwimax.jp/mobile/shoplist/C597097/,uq-mobile-c597097,34.018586,131.862173,https://www.uqwimax.jp/mobile/shoplist/shoplist.json,2026-08-19
ymobile,中国,山口県,ワイモバイルゆめタウン柳井,742-0031 山口県柳井市南町4丁目5‐3 ゆめタウン柳井1F,https://www.ymobile.jp/shop/detail/W9WT/,ymobile-w9wt,33.96102276,132.1060946,https://www.ymobile.jp/shop/api_json.php,2026-08-19
aeonmobile,甲信越,山梨県,イオンモバイル甲府昭和,409-3852 山梨県中巨摩郡昭和町飯喰1505-1,https://aeonmobile.jp/shoplist/kofushowa/,aeon-mobile-kofushowa,35.62376108020769,138.5248630150099,https://aeonmobile.jp/shoplist/data.json,2026-08-19
uqmobile,甲信越,山梨県,UQスポット イオンモール甲府昭和,山梨県 中巨摩郡昭和町 飯喰１５０５－１ ３Ｆ,https://www.uqwimax.jp/mobile/shoplist/E005UQ1/,uq-mobile-e005uq1,35.623161,138.527196,https://www.uqwimax.jp/mobile/shoplist/shoplist.json,2026-08-19
ymobile,甲信越,山梨県,ワイモバイルイオンタウン山梨中央,409-3821 山梨県中央市下河東3053‐1 イオンタウン山梨中央1階,https://www.ymobile.jp/shop/detail/W9W3/,ymobile-w9w3,35.60860511,138.5416368,https://www.ymobile.jp/shop/api_json.php,2026-08-19
ymobile,甲信越,山梨県,ワイモバイルイオンモール甲府昭和,409-3852 山梨県中巨摩郡昭和町飯喰1505‐1,https://www.ymobile.jp/shop/detail/WA2F/,ymobile-wa2f,35.62309,138.527346,https://www.ymobile.jp/shop/api_json.php,2026-08-19
ymobile,甲信越,山梨県,ワイモバイルノジマNEW甲府店,400-0047 山梨県甲府市徳行2丁目4‐20,https://www.ymobile.jp/shop/detail/W9IF/,ymobile-w9if,35.652547,138.547315,https://www.ymobile.jp/shop/api_json.php,2026-08-19
ymobile,甲信越,山梨県,ワイモバイルヨドバシカメラ甲府,400-0031 山梨県甲府市丸の内1丁目3‐3,https://www.ymobile.jp/shop/detail/WA6O/,ymobile-wa6o,35.66616,138.56934,https://www.ymobile.jp/shop/api_json.php,2026-08-19
ymobile,甲信越,山梨県,ワイモバイルラザウォーク甲斐双葉,400-0107 山梨県甲斐市志田字柿木645‐1 ラザウォーク甲斐双葉 1F,https://www.ymobile.jp/shop/detail/W9WJ/,ymobile-w9wj,35.68451,138.48384,https://www.ymobile.jp/shop/api_json.php,2026-08-19
aeonmobile,近畿,滋賀県,イオンモバイル近江八幡,523-0898 滋賀県近江八幡市鷹飼町南3-7,https://aeonmobile.jp/shoplist/omihachiman/,aeon-mobile-omihachiman,35.121558180328606,136.1008443150241,https://aeonmobile.jp/shoplist/data.json,2026-08-19
aeonmobile,近畿,滋賀県,イオンモバイル草津,525-0067 滋賀県草津市新浜町300番地,https://aeonmobile.jp/shoplist/kusatsu/,aeon-mobile-kusatsu,34.99802548035919,135.90908381502055,https://aeonmobile.jp/shoplist/data.json,2026-08-19
aeonmobile,近畿,滋賀県,イオン長浜店,526-0847 滋賀県長浜市山階町271-1,https://aeonmobile.jp/shoplist/nagahama/,aeon-mobile-nagahama,35.396900972680385,136.28691987650163,https://aeonmobile.jp/shoplist/data.json,2026-08-19
uqmobile,近畿,滋賀県,UQスポット イオンモール草津,滋賀県 草津市 新浜町３００ イオンモール草津２階,https://www.uqwimax.jp/mobile/shoplist/K048044/,uq-mobile-k048044,34.997742,135.913302,https://www.uqwimax.jp/mobile/shoplist/shoplist.json,2026-08-19
uqmobile,近畿,滋賀県,UQスポット イオン近江八幡ＳＣ,滋賀県 近江八幡市 鷹飼町190-9 イオン近江八幡ショッピングセンター１番街２Ｆ,https://www.uqwimax.jp/mobile/shoplist/K062084/,uq-mobile-k062084,35.121292,136.10283,https://www.uqwimax.jp/mobile/shoplist/shoplist.json,2026-08-19
ymobile,近畿,滋賀県,ワイモバイルアル・プラザ近江八幡,523-0893 滋賀県近江八幡市桜宮町202‐1 アル・プラザ近江八幡1F,https://www.ymobile.jp/shop/detail/W0YM/,ymobile-w0ym,35.13023,136.096129,https://www.ymobile.jp/shop/api_json.php,2026-08-19
aeonmobile,九州,鹿児島県,イオンモバイル鹿児島,891-0115 鹿児島市東開町7,https://aeonmobile.jp/shoplist/kagoshima/,aeon-mobile-kagoshima,31.527234981367368,130.5346683149222,https://aeonmobile.jp/shoplist/data.json,2026-08-19
ymobile,九州,鹿児島県,ワイモバイルエディオン鹿児島南店,890-0073 鹿児島県鹿児島市宇宿2丁目2‐18 スクエアモール鹿児島宇宿,https://www.ymobile.jp/shop/detail/W0X4/,ymobile-w0x4,31.543245,130.542231,https://www.ymobile.jp/shop/api_json.php,2026-08-19
aeonmobile,東北,秋田県,イオンモバイル大曲,014-0033 秋田県大仙市和合字坪立177番地,https://aeonmobile.jp/shoplist/omagari/,aeon-mobile-omagari,39.43769457161377,140.5066979759629,https://aeonmobile.jp/shoplist/data.json,2026-08-19
ymobile,東北,秋田県,ワイモバイルケーズデンキ秋田中央店,010-0976 秋田県秋田市八橋南1丁目3‐25,https://www.ymobile.jp/shop/detail/W206/,ymobile-w206,39.719792,140.089804,https://www.ymobile.jp/shop/api_json.php,2026-08-19
aeonmobile,甲信越,新潟県,イオンモバイル県央,959-1232 新潟県燕市井土巻3-65,https://aeonmobile.jp/shoplist/keno/,aeon-mobile-keno,37.65065267978226,138.93416081507306,https://aeonmobile.jp/shoplist/data.json,2026-08-19
aeonmobile,甲信越,新潟県,イオンモバイル上越,943-0173 新潟県上越市富岡3457,https://aeonmobile.jp/shoplist/joetsu/,aeon-mobile-joetsu,37.153047979877336,138.2563623150573,https://aeonmobile.jp/shoplist/data.json,2026-08-19
aeonmobile,甲信越,新潟県,イオンモバイル新潟亀田インター,950-0150 新潟県新潟市江南区下早通柳田1-1-1,https://aeonmobile.jp/shoplist/niigatakamedainta/,aeon-mobile-niigatakamedainta,37.875527679741246,139.0781234150802,https://aeonmobile.jp/shoplist/data.json,2026-08-19
aeonmobile,甲信越,新潟県,イオンモバイル新潟青山,950-2002 新潟県新潟市西区青山2-5-1,https://aeonmobile.jp/shoplist/niigataaoyama/,aeon-mobile-niigataaoyama,37.89628257973754,139.00269401508098,https://aeonmobile.jp/shoplist/data.json,2026-08-19
aeonmobile,甲信越,新潟県,イオンモバイル新発田,957-0061 新潟県新発田市住吉町5-11-5,https://aeonmobile.jp/shoplist/shibata/,aeon-mobile-shibata,37.942735979729164,139.30739531508246,https://aeonmobile.jp/shoplist/data.json,2026-08-19
uqmobile,甲信越,新潟県,UQスポット アピタ新潟西,新潟県 新潟市西区 小新５丁目７－２１,https://www.uqwimax.jp/mobile/shoplist/EP45UQ1/,uq-mobile-ep45uq1,37.880398,139.003402,https://www.uqwimax.jp/mobile/shoplist/shoplist.json,2026-08-19
uqmobile,甲信越,新潟県,UQスポット 上越エルマール,新潟県 上越市 西本町3-8-8 直江津ショッピングセンター・エルマール1F,https://www.uqwimax.jp/mobile/shoplist/E002UA1/,uq-mobile-e002ua1,37.1708,138.237648,https://www.uqwimax.jp/mobile/shoplist/shoplist.json,2026-08-19
ymobile,甲信越,新潟県,ワイモバイルコジマ×ビックカメラ新潟店,950-0914 新潟県新潟市中央区紫竹山1丁目6‐10,https://www.ymobile.jp/shop/detail/W2IX/,ymobile-w2ix,37.899435,139.064543,https://www.ymobile.jp/shop/api_json.php,2026-08-19
ymobile,甲信越,新潟県,ワイモバイルノジマイオンモール新潟亀田インター店,950-0150 新潟県新潟市江南区下早通柳田1丁目1‐1 イオンモール新潟亀田インター2階,https://www.ymobile.jp/shop/detail/W953/,ymobile-w953,37.876183,139.081625,https://www.ymobile.jp/shop/api_json.php,2026-08-19
ymobile,甲信越,新潟県,ワイモバイル長岡,940-0062 新潟県長岡市大手通1丁目4‐6 ドルミー駅前ビル1F,https://www.ymobile.jp/shop/detail/W06F/,ymobile-w06f,37.44698735,138.8517925,https://www.ymobile.jp/shop/api_json.php,2026-08-19
aeonmobile,関東,神奈川県,イオンモバイル茅ヶ崎中央,253-0041 神奈川県茅ヶ崎市茅ヶ崎3-5-16,https://aeonmobile.jp/shoplist/0701chigasakichuuo/,aeon-mobile-0701chigasakichuuo,35.33605648027623,139.40046091503055,https://aeonmobile.jp/shoplist/data.json,2026-08-19
aeonmobile,関東,神奈川県,イオンモバイル久里浜,239-0831 神奈川県横須賀市久里浜5丁目13-1,https://aeonmobile.jp/shoplist/kurihama/,aeon-mobile-kurihama,35.22882698030217,139.70145031502736,https://aeonmobile.jp/shoplist/data.json,2026-08-19
aeonmobile,関東,神奈川県,イオンモバイル橋本,252-0143 神奈川県相模原市緑区橋本6-2-1,https://aeonmobile.jp/shoplist/hashimoto/,aeon-mobile-hashimoto,35.59624158021424,139.34274241503843,https://aeonmobile.jp/shoplist/data.json,2026-08-19
aeonmobile,関東,神奈川県,イオンモバイル駒岡,230-0071 神奈川県横浜市鶴見区駒岡5-6-1,https://aeonmobile.jp/shoplist/komaoka/,aeon-mobile-komaoka,35.53199378022937,139.64589141503643,https://aeonmobile.jp/shoplist/data.json,2026-08-19
aeonmobile,関東,神奈川県,イオンモバイル座間,252-0012 神奈川県座間市広野台2-10-4,https://aeonmobile.jp/shoplist/zama/,aeon-mobile-zama,35.49990997264627,139.42202477564743,https://aeonmobile.jp/shoplist/data.json,2026-08-19
aeonmobile,関東,神奈川県,イオンモバイル新百合ヶ丘,215-0021 神奈川県川崎市麻生区上麻生1-19,https://aeonmobile.jp/shoplist/shinyurigaoka/,aeon-mobile-shinyurigaoka,35.602301980212694,139.50458231503853,https://aeonmobile.jp/shoplist/data.json,2026-08-19
aeonmobile,関東,神奈川県,イオンモバイル秦野,257-0041 神奈川県秦野市入船町12-1,https://aeonmobile.jp/shoplist/hadano/,aeon-mobile-hadano,35.3780607802661,139.22596951503192,https://aeonmobile.jp/shoplist/data.json,2026-08-19
aeonmobile,関東,神奈川県,イオンモバイル相模原,252-0344 神奈川県相模原市南区古淵2-10-1,https://aeonmobile.jp/shoplist/sagamihara/,aeon-mobile-sagamihara,35.55370308022423,139.4147103150371,https://aeonmobile.jp/shoplist/data.json,2026-08-19
aeonmobile,関東,神奈川県,イオンモバイル大和,242-0023 神奈川県大和市渋谷6-6-1,https://aeonmobile.jp/shoplist/yamato/,aeon-mobile-yamato,35.434815980252424,139.46398931500403,https://aeonmobile.jp/shoplist/data.json,2026-08-19
aeonmobile,関東,神奈川県,イオンモバイル大和鶴間,242-0001 神奈川県大和市下鶴間1-2-1,https://aeonmobile.jp/shoplist/yamatotsuruma/,aeon-mobile-yamatotsuruma,35.48892618679287,139.45680917650006,https://aeonmobile.jp/shoplist/data.json,2026-08-19
aeonmobile,関東,神奈川県,イオンモバイル天王町,240-0001 横浜市保土ヶ谷区川辺町3-5,https://aeonmobile.jp/shoplist/tennotyo/,aeon-mobile-tennotyo,35.45827243024665,139.59768011619764,https://aeonmobile.jp/shoplist/data.json,2026-08-19
aeonmobile,関東,神奈川県,イオンモバイル本牧,252-0012 神奈川県横浜市中区本牧原7-1,https://aeonmobile.jp/shoplist/honmoku/,aeon-mobile-honmoku,35.42550198025475,139.66488231500372,https://aeonmobile.jp/shoplist/data.json,2026-08-19
uqmobile,関東,神奈川県,UQスポット アリオ橋本,神奈川県 相模原市緑区 大山町１－２２ アリオ橋本２階 【区画２６６】,https://www.uqwimax.jp/mobile/shoplist/E002UQ3/,uq-mobile-e002uq3,35.590919,139.349799,https://www.uqwimax.jp/mobile/shoplist/shoplist.json,2026-08-19
uqmobile,関東,神奈川県,UQスポット イオンモール座間,神奈川県 座間市 広野台２丁目１０－４ イオンモール座間３Ｆ,https://www.uqwimax.jp/mobile/shoplist/E321UQ8/,uq-mobile-e321uq8,35.50068,139.425307,https://www.uqwimax.jp/mobile/shoplist/shoplist.json,2026-08-19
uqmobile,関東,神奈川県,UQスポット イオンモール大和,神奈川県 大和市 下鶴間１丁目２－１ イオンモール大和3F,https://www.uqwimax.jp/mobile/shoplist/E321UQ4/,uq-mobile-e321uq4,35.488962,139.457895,https://www.uqwimax.jp/mobile/shoplist/shoplist.json,2026-08-19
uqmobile,関東,神奈川県,UQスポット コースカベイサイド横須賀,神奈川県 横須賀市 本町2丁目1-12 コースカベイサイドストアーズ3F,https://www.uqwimax.jp/mobile/shoplist/E350UQ3/,uq-mobile-e350uq3,35.283448,139.662604,https://www.uqwimax.jp/mobile/shoplist/shoplist.json,2026-08-19
uqmobile,関東,神奈川県,UQスポット ららぽーと横浜,神奈川県 横浜市都筑区 池辺町４０３５番１ ららぽーと横浜３階,https://www.uqwimax.jp/mobile/shoplist/E350UQ5/,uq-mobile-e350uq5,35.51718,139.566514,https://www.uqwimax.jp/mobile/shoplist/shoplist.json,2026-08-19
uqmobile,関東,神奈川県,UQスポット ららぽーと海老名,神奈川県 海老名市 扇町１３－１ ららぽーと海老名 4F,https://www.uqwimax.jp/mobile/shoplist/E209069/,uq-mobile-e209069,35.455994,139.389302,https://www.uqwimax.jp/mobile/shoplist/shoplist.json,2026-08-19
uqmobile,関東,神奈川県,UQスポット ららぽーと湘南平塚,神奈川県 平塚市 天沼１０－１ ららぽーと湘南平塚３Ｆ,https://www.uqwimax.jp/mobile/shoplist/E209062/,uq-mobile-e209062,35.336576,139.35583,https://www.uqwimax.jp/mobile/shoplist/shoplist.json,2026-08-19
uqmobile,関東,神奈川県,UQスポット 上大岡,神奈川県 横浜市港南区 上大岡西１丁目１２－１１ マルイビル１階,https://www.uqwimax.jp/mobile/shoplist/EB11UQ2/,uq-mobile-eb11uq2,35.410822,139.595897,https://www.uqwimax.jp/mobile/shoplist/shoplist.json,2026-08-19
uqmobile,関東,神奈川県,UQスポット 西武東戸塚,神奈川県 横浜市戸塚区 品濃町５３７－１ ５階,https://www.uqwimax.jp/mobile/shoplist/E350UQ4/,uq-mobile-e350uq4,35.43055,139.558639,https://www.uqwimax.jp/mobile/shoplist/shoplist.json,2026-08-19
uqmobile,関東,神奈川県,UQスポット 二俣川,神奈川県 横浜市旭区 二俣川１丁目４３－２８ ドン・キホーテ 二俣川店 ２階,https://www.uqwimax.jp/mobile/shoplist/E321UQC/,uq-mobile-e321uqc,35.464745,139.53152,https://www.uqwimax.jp/mobile/shoplist/shoplist.json,2026-08-19
ymobile,関東,神奈川県,ワイモバイルNEW城山,252-0104 神奈川県相模原市緑区向原4丁目2‐3,https://www.ymobile.jp/shop/detail/WAD8/,ymobile-wad8,35.5897646,139.3068778,https://www.ymobile.jp/shop/api_json.php,2026-08-19
ymobile,関東,神奈川県,ワイモバイルイオンモール座間,252-0012 神奈川県座間市広野台2丁目10‐4 イオンモール,https://www.ymobile.jp/shop/detail/WA4L/,ymobile-wa4l,35.500564,139.4252274,https://www.ymobile.jp/shop/api_json.php,2026-08-19
ymobile,関東,神奈川県,ワイモバイルコジマ×ビックカメラ梶ヶ谷店,213-0015 神奈川県川崎市高津区梶ケ谷2丁目2‐3,https://www.ymobile.jp/shop/detail/W13J/,ymobile-w13j,35.591141,139.602371,https://www.ymobile.jp/shop/api_json.php,2026-08-19
ymobile,関東,神奈川県,ワイモバイルトレッサ横浜,222-0002 神奈川県横浜市港北区師岡町700 トレッサ横浜北棟3F 309‐6区画,https://www.ymobile.jp/shop/detail/WA1R/,ymobile-wa1r,35.525953,139.646109,https://www.ymobile.jp/shop/api_json.php,2026-08-19
ymobile,関東,神奈川県,ワイモバイルノジマテラスモール湘南店,251-0041 神奈川県藤沢市辻堂神台1丁目3‐1 テラスモール湘南4F,https://www.ymobile.jp/shop/detail/W9IG/,ymobile-w9ig,35.338278,139.446283,https://www.ymobile.jp/shop/api_json.php,2026-08-19
ymobile,関東,神奈川県,ワイモバイルノジマららぽーと横浜店,224-0053 神奈川県横浜市都筑区池辺町4035‐1 ららぽーと横浜,https://www.ymobile.jp/shop/detail/W200/,ymobile-w200,35.516077,139.565705,https://www.ymobile.jp/shop/api_json.php,2026-08-19
ymobile,関東,神奈川県,ワイモバイルノジマ横浜四季の森店,241-0002 神奈川県横浜市旭区上白根3丁目41‐1 横浜四季の森フォレオ,https://www.ymobile.jp/shop/detail/W20W/,ymobile-w20w,35.498761,139.540926,https://www.ymobile.jp/shop/api_json.php,2026-08-19
ymobile,関東,神奈川県,ワイモバイルノジマ鴨宮店,256-0813 神奈川県小田原市前川100 フレスポ小田原シティーモール,https://www.ymobile.jp/shop/detail/W144/,ymobile-w144,35.282214,139.193733,https://www.ymobile.jp/shop/api_json.php,2026-08-19
ymobile,関東,神奈川県,ワイモバイルノジマ相模原本店,252-0242 神奈川県相模原市中央区横山1丁目1‐1,https://www.ymobile.jp/shop/detail/W13K/,ymobile-w13k,35.570245,139.363191,https://www.ymobile.jp/shop/api_json.php,2026-08-19
ymobile,関東,神奈川県,ワイモバイルノジマ藤沢店,251-0042 神奈川県藤沢市辻堂新町4丁目1‐1 湘南モールFILL,https://www.ymobile.jp/shop/detail/W19K/,ymobile-w19k,35.338413,139.465408,https://www.ymobile.jp/shop/api_json.php,2026-08-19
ymobile,関東,神奈川県,ワイモバイルビックカメララゾーナ川崎店,212-0013 神奈川県川崎市幸区堀川町72‐1,https://www.ymobile.jp/shop/detail/W98A/,ymobile-w98a,35.5330694,139.6958766,https://www.ymobile.jp/shop/api_json.php,2026-08-19
ymobile,関東,神奈川県,ワイモバイルマークイズみなとみらい,220-0012 神奈川県横浜市西区みなとみらい3丁目5‐1 MARKISみなとみらい B4階,https://www.ymobile.jp/shop/detail/W9S9/,ymobile-w9s9,35.457698,139.631756,https://www.ymobile.jp/shop/api_json.php,2026-08-19
ymobile,関東,神奈川県,ワイモバイルモザイクモール港北,224-0003 神奈川県横浜市都筑区中川中央1丁目31‐1 モザイクモール港北2F,https://www.ymobile.jp/shop/detail/W35J/,ymobile-w35j,35.5550882,139.5775654,https://www.ymobile.jp/shop/api_json.php,2026-08-19
ymobile,関東,神奈川県,ワイモバイルヨドバシカメラマルチメディア横浜,220-0004 神奈川県横浜市西区北幸1丁目2‐7,https://www.ymobile.jp/shop/detail/W95H/,ymobile-w95h,35.46763,139.62045,https://www.ymobile.jp/shop/api_json.php,2026-08-19
ymobile,関東,神奈川県,ワイモバイルヨドバシカメラマルチメディア川崎ルフロン,210-0024 神奈川県川崎市川崎区日進町1‐11 ルフロン,https://www.ymobile.jp/shop/detail/W95I/,ymobile-w95i,35.529384,139.696682,https://www.ymobile.jp/shop/api_json.php,2026-08-19
ymobile,関東,神奈川県,ワイモバイルららぽーと湘南平塚,254-0031 神奈川県平塚市天沼10‐1 ららぽーと湘南平塚3階,https://www.ymobile.jp/shop/detail/W9TJ/,ymobile-w9tj,35.336326,139.354845,https://www.ymobile.jp/shop/api_json.php,2026-08-19
ymobile,関東,神奈川県,ワイモバイル戸塚,244-0003 神奈川県横浜市戸塚区戸塚町8 ラピス戸塚2‐1F,https://www.ymobile.jp/shop/detail/W0C0/,ymobile-w0c0,35.40124943,139.535405,https://www.ymobile.jp/shop/api_json.php,2026-08-19
ymobile,関東,神奈川県,ワイモバイル綱島,223-0053 神奈川県横浜市港北区綱島西2丁目7‐18 ニックハイム綱島第2A‐2,https://www.ymobile.jp/shop/detail/W72N/,ymobile-w72n,35.536257,139.631916,https://www.ymobile.jp/shop/api_json.php,2026-08-19
ymobile,関東,神奈川県,ワイモバイル鹿島田,212-0053 神奈川県川崎市幸区下平間131 洋光ビル1階,https://www.ymobile.jp/shop/detail/W09M/,ymobile-w09m,35.551406,139.676761,https://www.ymobile.jp/shop/api_json.php,2026-08-19
ymobile,関東,神奈川県,ワイモバイル湘南台,252-0804 神奈川県藤沢市湘南台2丁目10‐7 マーベルスクエア2階,https://www.ymobile.jp/shop/detail/W0MP/,ymobile-w0mp,35.39578,139.465,https://www.ymobile.jp/shop/api_json.php,2026-08-19
ymobile,関東,神奈川県,ワイモバイル上溝,252-0238 神奈川県相模原市中央区星が丘3丁目7‐21,https://www.ymobile.jp/shop/detail/WA56/,ymobile-wa56,35.55792296,139.3709841,https://www.ymobile.jp/shop/api_json.php,2026-08-19
ymobile,関東,神奈川県,ワイモバイル上大岡,233-0002 神奈川県横浜市港南区上大岡西1丁目18‐5 ミオカビル1F,https://www.ymobile.jp/shop/detail/W06E/,ymobile-w06e,35.4078,139.595304,https://www.ymobile.jp/shop/api_json.php,2026-08-19
ymobile,関東,神奈川県,ワイモバイル相模原,252-0242 神奈川県相模原市中央区横山1丁目1‐1 ノジマ相模原本店内3F,https://www.ymobile.jp/shop/detail/WAD6/,ymobile-wad6,35.570245,139.363191,https://www.ymobile.jp/shop/api_json.php,2026-08-19
aeonmobile,東北,青森県,イオンモバイルつがる柏,038-3107 青森県つがる市柏稲盛幾世41,https://aeonmobile.jp/shoplist/tsugarukashiwa/,aeon-mobile-tsugarukashiwa,40.80203667138016,140.4142545759074,https://aeonmobile.jp/shoplist/data.json,2026-08-19
aeonmobile,東北,青森県,イオンモバイル下田,039-2112 青森県上北郡おいらせ町中野平40-1,https://aeonmobile.jp/shoplist/shimoda/,aeon-mobile-shimoda,40.60199487934391,141.41722011519786,https://aeonmobile.jp/shoplist/data.json,2026-08-19
aeonmobile,東北,青森県,イオンモバイル八戸沼館,031-0071 青森県八戸市沼館4丁目7－111,https://aeonmobile.jp/shoplist/hachinohenumadate/,aeon-mobile-hachinohenumadate,40.52834243947709,141.49740560817375,https://aeonmobile.jp/shoplist/data.json,2026-08-19
uqmobile,東北,青森県,UQスポット イオンタウン弘前樋の口,青森県 弘前市 大字樋の口２丁目９－６ イオンタウン弘前樋の口 １Ｆ,https://www.uqwimax.jp/mobile/shoplist/T005U03/,uq-mobile-t005u03,40.602722,140.444197,https://www.uqwimax.jp/mobile/shoplist/shoplist.json,2026-08-19
uqmobile,東北,青森県,UQスポット サンロード青森,青森県 青森市 緑３丁目９番地２ サンロード青森 ２階,https://www.uqwimax.jp/mobile/shoplist/T005U04/,uq-mobile-t005u04,40.806395,140.752762,https://www.uqwimax.jp/mobile/shoplist/shoplist.json,2026-08-19
ymobile,東北,青森県,ワイモバイルケーズデンキ弘前本店,036-8084 青森県弘前市大字高田4丁目2‐7,https://www.ymobile.jp/shop/detail/W13U/,ymobile-w13u,40.598564,140.508249,https://www.ymobile.jp/shop/api_json.php,2026-08-19
ymobile,東北,青森県,ワイモバイルケーズデンキ青森本店,030-0847 青森県青森市東大野2丁目10‐1,https://www.ymobile.jp/shop/detail/W208/,ymobile-w208,40.800118,140.743714,https://www.ymobile.jp/shop/api_json.php,2026-08-19
aeonmobile,東海,静岡県,イオンモバイル焼津,425-0047 静岡県焼津市東祢宜島12-4,https://aeonmobile.jp/shoplist/yaizu/,aeon-mobile-yaizu,34.83933498039914,138.3073553149863,https://aeonmobile.jp/shoplist/data.json,2026-08-19
aeonmobile,東海,静岡県,イオンモバイル清水,424-0871 静岡県静岡市清水区上原1-6-16,https://aeonmobile.jp/shoplist/shimizu/,aeon-mobile-shimizu,35.00925198035655,138.45654731499127,https://aeonmobile.jp/shoplist/data.json,2026-08-19
aeonmobile,東海,静岡県,イオンモバイル静岡,422-8042 静岡県静岡市駿河区石田1丁目5-1,https://aeonmobile.jp/shoplist/shizuoka/,aeon-mobile-shizuoka,34.95962687432726,138.40099127005433,https://aeonmobile.jp/shoplist/data.json,2026-08-19
aeonmobile,東海,静岡県,イオンモバイル袋井,437-0125 静岡県袋井市上山梨4丁目1番地の1,https://aeonmobile.jp/shoplist/fukuroi/,aeon-mobile-fukuroi,34.784968980412984,137.90058331498463,https://aeonmobile.jp/shoplist/data.json,2026-08-19
aeonmobile,東海,静岡県,イオンモバイル浜松市野,435-0052 静岡県浜松市中央区天王町字諏訪1981-3,https://aeonmobile.jp/shoplist/hamamatsuichino/,aeon-mobile-hamamatsuichino,34.71831970000001,137.76308843955078,https://aeonmobile.jp/shoplist/data.json,2026-08-19
aeonmobile,東海,静岡県,イオンモバイル富士宮,418-0032 静岡県富士宮市浅間町1-8,https://aeonmobile.jp/shoplist/fujinomiya/,aeon-mobile-fujinomiya,35.22059507273947,138.6098965756348,https://aeonmobile.jp/shoplist/data.json,2026-08-19
uqmobile,東海,静岡県,UQスポット サントムーン柿田川,静岡県 駿東郡清水町 玉川６１－２ サントムーン柿田川 本館２Ｆ,https://www.uqwimax.jp/mobile/shoplist/N30913U/,uq-mobile-n30913u,35.110552,138.903998,https://www.uqwimax.jp/mobile/shoplist/shoplist.json,2026-08-19
uqmobile,東海,静岡県,UQスポット ららぽーと沼津,静岡県 沼津市 東椎路字東荒３０１番地３ ららぽーと沼津３階 ３０１８０,https://www.uqwimax.jp/mobile/shoplist/N30926U/,uq-mobile-n30926u,35.11915,138.840123,https://www.uqwimax.jp/mobile/shoplist/shoplist.json,2026-08-19
uqmobile,東海,静岡県,UQスポット ららぽーと磐田,静岡県 磐田市 高見丘1200番地 ２階,https://www.uqwimax.jp/mobile/shoplist/N00223U/,uq-mobile-n00223u,34.750452,137.842203,https://www.uqwimax.jp/mobile/shoplist/shoplist.json,2026-08-19
ymobile,東海,静岡県,ワイモバイルBiVi藤枝,426-0067 静岡県藤枝市前島1丁目7‐10 BiVi藤枝1F,https://www.ymobile.jp/shop/detail/W0DW/,ymobile-w0dw,34.8473644,138.2529551,https://www.ymobile.jp/shop/api_json.php,2026-08-19
ymobile,東海,静岡県,ワイモバイルアピタ磐田,438-0071 静岡県磐田市今之浦3丁目1番11 アピタ磐田店2F,https://www.ymobile.jp/shop/detail/W9IY/,ymobile-w9iy,34.718053,137.857009,https://www.ymobile.jp/shop/api_json.php,2026-08-19
ymobile,東海,静岡県,ワイモバイルイオンセントラルスクエア静岡,422-8042 静岡県静岡市駿河区石田1丁目5‐1 イオンセントラルスクエア静岡1F,https://www.ymobile.jp/shop/detail/W9ZG/,ymobile-w9zg,34.959722,138.401666,https://www.ymobile.jp/shop/api_json.php,2026-08-19
ymobile,東海,静岡県,ワイモバイルイオンタウン富士南,416-0934 静岡県富士市鮫島118‐10 イオンタウン富士南,https://www.ymobile.jp/shop/detail/W14K/,ymobile-w14k,35.140207,138.675648,https://www.ymobile.jp/shop/api_json.php,2026-08-19
ymobile,東海,静岡県,ワイモバイルイオンモール浜松市野,435-0052 静岡県浜松市中央区天王町諏訪1981‐3 イオンモール浜松市野1F,https://www.ymobile.jp/shop/detail/WA23/,ymobile-wa23,34.739715,137.762233,https://www.ymobile.jp/shop/api_json.php,2026-08-19
ymobile,東海,静岡県,ワイモバイルエディオンイオンモール浜松志都呂店,432-8069 静岡県浜松市中央区志都呂2丁目37番1号 イオンモール浜松志都呂1階,https://www.ymobile.jp/shop/detail/W20O/,ymobile-w20o,34.697202,137.653057,https://www.ymobile.jp/shop/api_json.php,2026-08-19
ymobile,東海,静岡県,ワイモバイルエディオンサントムーン柿田川店,411-0907 静岡県駿東郡清水町伏見字泉頭58‐1,https://www.ymobile.jp/shop/detail/W0NA/,ymobile-w0na,35.108807,138.900918,https://www.ymobile.jp/shop/api_json.php,2026-08-19
ymobile,東海,静岡県,ワイモバイルエディオン清水店,424-0043 静岡県静岡市清水区永楽町14‐50,https://www.ymobile.jp/shop/detail/W20L/,ymobile-w20l,35.024759,138.472415,https://www.ymobile.jp/shop/api_json.php,2026-08-19
ymobile,東海,静岡県,ワイモバイルコジマ×ビックカメラ静岡店,422-8004 静岡県静岡市駿河区国吉田1丁目1‐57,https://www.ymobile.jp/shop/detail/W128/,ymobile-w128,34.995925,138.425511,https://www.ymobile.jp/shop/api_json.php,2026-08-19
ymobile,東海,静岡県,ワイモバイルプレ葉ウォーク浜北,434-0038 静岡県浜松市浜名区貴布祢1200 2階,https://www.ymobile.jp/shop/detail/W05D/,ymobile-w05d,34.79773983,137.7793664,https://www.ymobile.jp/shop/api_json.php,2026-08-19
ymobile,東海,静岡県,ワイモバイルベイドリーム清水,424-0906 静岡県静岡市清水区駒越北町8番1号 ベイドリーム清水2F,https://www.ymobile.jp/shop/detail/W0WC/,ymobile-w0wc,34.984547,138.499825,https://www.ymobile.jp/shop/api_json.php,2026-08-19
ymobile,東海,静岡県,ワイモバイルマークイズ静岡,420-0821 静岡県静岡市葵区柚木1026 MARK IS静岡2F,https://www.ymobile.jp/shop/detail/W9WU/,ymobile-w9wu,34.984322,138.409418,https://www.ymobile.jp/shop/api_json.php,2026-08-19
ymobile,東海,静岡県,ワイモバイル日清プラザ三島,411-0838 静岡県三島市中田町9番30号 日清プラザ三島3F,https://www.ymobile.jp/shop/detail/W9ZF/,ymobile-w9zf,35.11332327,138.9192322,https://www.ymobile.jp/shop/api_json.php,2026-08-19
aeonmobile,北陸,石川県,イオンモバイルかほく,929-1198 石川県かほく市内日角タ25番,https://aeonmobile.jp/shoplist/kahoku/,aeon-mobile-kahoku,36.70907747996745,136.6988807150434,https://aeonmobile.jp/shoplist/data.json,2026-08-19
aeonmobile,北陸,石川県,イオンモバイルもりの里,920-1184 石川県金沢市もりの里1丁目70番地,https://aeonmobile.jp/shoplist/morinosato/,aeon-mobile-morinosato,36.55164048000048,136.68773401503827,https://aeonmobile.jp/shoplist/data.json,2026-08-19
aeonmobile,北陸,石川県,イオンモバイル新小松,923-0862 石川県小松市清六町315番地,https://aeonmobile.jp/shoplist/shinkomatsu/,aeon-mobile-shinkomatsu,36.40717692199024,136.451001085326,https://aeonmobile.jp/shoplist/data.json,2026-08-19
uqmobile,北陸,石川県,UQスポット イオンモールかほく,石川県 かほく市 内日角タ25番 イオンモールかほく2F,https://www.uqwimax.jp/mobile/shoplist/H303121/,uq-mobile-h303121,36.709023,136.701117,https://www.uqwimax.jp/mobile/shoplist/shoplist.json,2026-08-19
uqmobile,北陸,石川県,UQスポット イオンモール新小松,石川県 小松市 清六町３１５番地,https://www.uqwimax.jp/mobile/shoplist/H364002/,uq-mobile-h364002,36.395042,136.467201,https://www.uqwimax.jp/mobile/shoplist/shoplist.json,2026-08-19
uqmobile,北陸,石川県,UQスポット イオンモール白山,石川県 白山市 横江町5001番地イオンモール白山3F,https://www.uqwimax.jp/mobile/shoplist/H303120/,uq-mobile-h303120,36.545018,136.583205,https://www.uqwimax.jp/mobile/shoplist/shoplist.json,2026-08-19
ymobile,北陸,石川県,ワイモバイルイオンモール新小松,923-0862 石川県小松市清六町315番地 イオンモール新小松3階,https://www.ymobile.jp/shop/detail/W9ZV/,ymobile-w9zv,36.395032,136.467032,https://www.ymobile.jp/shop/api_json.php,2026-08-19
ymobile,北陸,石川県,ワイモバイルエディオン金沢本店,921-8804 石川県野々市市野代2丁目11,https://www.ymobile.jp/shop/detail/W13L/,ymobile-w13l,36.539716,136.602235,https://www.ymobile.jp/shop/api_json.php,2026-08-19
aeonmobile,関東,千葉県,イオンスタイル木更津,292-0835 千葉県木更津市築地1-4,https://aeonmobile.jp/shoplist/kisarazu/,aeon-mobile-kisarazu,34.999598164674005,134.89771971701944,https://aeonmobile.jp/shoplist/data.json,2026-08-19
aeonmobile,関東,千葉県,イオンモバイルノア,278-0031 千葉県野田市中根36-1,https://aeonmobile.jp/shoplist/noa/,aeon-mobile-noa,35.94765608013292,139.87380651501977,https://aeonmobile.jp/shoplist/data.json,2026-08-19
aeonmobile,関東,千葉県,イオンモバイルマリンピア,261-0004 千葉県千葉市美浜区高洲3-13-1,https://aeonmobile.jp/shoplist/marinpia/,aeon-mobile-marinpia,35.628433380206744,140.0710226150099,https://aeonmobile.jp/shoplist/data.json,2026-08-19
aeonmobile,関東,千葉県,イオンモバイルユーカリが丘,285-0850 千葉県佐倉市西ﾕｰｶﾘが丘6丁目12番地3,https://aeonmobile.jp/shoplist/yu-karigaoka/,aeon-mobile-yu-karigaoka,35.7263758470983,140.1497027214997,https://aeonmobile.jp/shoplist/data.json,2026-08-19
aeonmobile,関東,千葉県,イオンモバイル稲毛,263-0043 千葉県千葉市稲毛区小仲台1-4-20,https://aeonmobile.jp/shoplist/inage/,aeon-mobile-inage,35.636699980204725,140.0928373150102,https://aeonmobile.jp/shoplist/data.json,2026-08-19
aeonmobile,関東,千葉県,イオンモバイル鎌ヶ谷,273-0107 千葉県鎌ヶ谷市新鎌ヶ谷2丁目7番1号,https://aeonmobile.jp/shoplist/kamagaya/,aeon-mobile-kamagaya,35.77828642255621,139.99848487566044,https://aeonmobile.jp/shoplist/data.json,2026-08-19
aeonmobile,関東,千葉県,イオンモバイル鎌取,266-0031 千葉県千葉市緑区おゆみ野3-16-1,https://aeonmobile.jp/shoplist/kamatori/,aeon-mobile-kamatori,35.5613697302224,140.1752577150079,https://aeonmobile.jp/shoplist/data.json,2026-08-19
aeonmobile,関東,千葉県,イオンモバイル館山,294-0047 千葉県館山市八幡545-1,https://aeonmobile.jp/shoplist/tateyama/,aeon-mobile-tateyama,35.00595648035715,139.85947281499114,https://aeonmobile.jp/shoplist/data.json,2026-08-19
aeonmobile,関東,千葉県,イオンモバイル検見川浜,261-0011 千葉県千葉市美浜区真砂4-2-6,https://aeonmobile.jp/shoplist/kemigawahama/,aeon-mobile-kemigawahama,35.63781527260122,140.05792227578584,https://aeonmobile.jp/shoplist/data.json,2026-08-19
aeonmobile,関東,千葉県,イオンモバイル市川妙典,272-0111 千葉県市川市妙典5-3-1,https://aeonmobile.jp/shoplist/ichikawamyoden/,aeon-mobile-ichikawamyoden,35.6928355801916,139.92567201501183,https://aeonmobile.jp/shoplist/data.json,2026-08-19
aeonmobile,関東,千葉県,イオンモバイル成田,286-0029 千葉県成田市ウィング土屋24番地,https://aeonmobile.jp/shoplist/narita/,aeon-mobile-narita,35.79537753016791,140.31712206501516,https://aeonmobile.jp/shoplist/data.json,2026-08-19
aeonmobile,関東,千葉県,イオンモバイル千葉ニュータウン,286-0029 千葉県印西市中央北3-1-1,https://aeonmobile.jp/shoplist/chibanyu-taun/,aeon-mobile-chibanyu-taun,35.80293588016614,140.11154471526208,https://aeonmobile.jp/shoplist/data.json,2026-08-19
aeonmobile,関東,千葉県,イオンモバイル船橋,273-0045 千葉県船橋市山手1-1-8,https://aeonmobile.jp/shoplist/funabashi/,aeon-mobile-funabashi,35.7118530620232,139.9791988980837,https://aeonmobile.jp/shoplist/data.json,2026-08-19
aeonmobile,関東,千葉県,イオンモバイル津田沼,275-0016 千葉県習志野市津田沼1-23-1,https://aeonmobile.jp/shoplist/tsudanuma/,aeon-mobile-tsudanuma,35.690175263408776,140.02517241298008,https://aeonmobile.jp/shoplist/data.json,2026-08-19
aeonmobile,関東,千葉県,イオンモバイル柏,277-0854 千葉県柏市豊町2-5-25,https://aeonmobile.jp/shoplist/kashiwa/,aeon-mobile-kashiwa,35.85176693015489,139.9593690150167,https://aeonmobile.jp/shoplist/data.json,2026-08-19
aeonmobile,関東,千葉県,イオンモバイル八千代緑が丘,276-0049 千葉県八千代市緑ヶ丘2丁目1番3,https://aeonmobile.jp/shoplist/yachiyomidorigaoka/,aeon-mobile-yachiyomidorigaoka,35.72747038659895,140.07333041361022,https://aeonmobile.jp/shoplist/data.json,2026-08-19
aeonmobile,関東,千葉県,イオンモバイル幕張新都心,261-8535 千葉県千葉市美浜区豊砂1-1,https://aeonmobile.jp/shoplist/makuharishintoshin/,aeon-mobile-makuharishintoshin,35.65224938020118,140.03042191501058,https://aeonmobile.jp/shoplist/data.json,2026-08-19
aeonmobile,関東,千葉県,イオン海浜幕張店,261-0021 千葉県千葉市美浜区ひび野1-3,https://aeonmobile.jp/shoplist/makuhari/,aeon-mobile-makuhari,35.652773370803565,140.0340526251551,https://aeonmobile.jp/shoplist/data.json,2026-08-19
uqmobile,関東,千葉県,UQスポット アリオ市原,千葉県 市原市 更級四丁目３番地２,https://www.uqwimax.jp/mobile/shoplist/E179010/,uq-mobile-e179010,35.508141,140.1016,https://www.uqwimax.jp/mobile/shoplist/shoplist.json,2026-08-19
uqmobile,関東,千葉県,UQスポット イオンタウンユーカリが丘,千葉県 佐倉市 西ユーカリが丘６丁目１２－３ イオンタウンユーカリが丘東館2F,https://www.uqwimax.jp/mobile/shoplist/E206008/,uq-mobile-e206008,35.726178,140.150296,https://www.uqwimax.jp/mobile/shoplist/shoplist.json,2026-08-19
uqmobile,関東,千葉県,UQスポット イオンタウン成田富里,千葉県 成田市 東町１３３番地,https://www.uqwimax.jp/mobile/shoplist/E206010/,uq-mobile-e206010,35.778016,140.323199,https://www.uqwimax.jp/mobile/shoplist/shoplist.json,2026-08-19
uqmobile,関東,千葉県,UQスポット イオンモール幕張新都心,千葉県 千葉市美浜区 豊砂１－１ イオンモール幕張新都心グランドモール３Ｆ,https://www.uqwimax.jp/mobile/shoplist/E336UQ5/,uq-mobile-e336uq5,35.653874,140.031599,https://www.uqwimax.jp/mobile/shoplist/shoplist.json,2026-08-19
uqmobile,関東,千葉県,UQスポット イオンモール木更津,千葉県 木更津市 築地１－４ イオンモール木更津２Ｆ,https://www.uqwimax.jp/mobile/shoplist/E336UQ7/,uq-mobile-e336uq7,35.365333,139.908553,https://www.uqwimax.jp/mobile/shoplist/shoplist.json,2026-08-19
uqmobile,関東,千葉県,UQスポット ネクスト船橋,千葉県 船橋市 本町１－５－１ ｎｅｘｔ船橋１Ｆ,https://www.uqwimax.jp/mobile/shoplist/E336UQ3/,uq-mobile-e336uq3,35.700238,139.985701,https://www.uqwimax.jp/mobile/shoplist/shoplist.json,2026-08-19
uqmobile,関東,千葉県,UQスポット モラージュ柏,千葉県 柏市 大山台２丁目３－１ モラージュ柏１Ｆ,https://www.uqwimax.jp/mobile/shoplist/E339UQ3/,uq-mobile-e339uq3,35.882398,139.969104,https://www.uqwimax.jp/mobile/shoplist/shoplist.json,2026-08-19
uqmobile,関東,千葉県,UQスポット ユニモちはら台,千葉県 市原市 ちはら台西3-4 unimoちはら台2F,https://www.uqwimax.jp/mobile/shoplist/E336UQ4/,uq-mobile-e336uq4,35.52759,140.172493,https://www.uqwimax.jp/mobile/shoplist/shoplist.json,2026-08-19
uqmobile,関東,千葉県,UQスポット ららぽーと柏の葉,千葉県 柏市 若柴１７５ ららぽーと柏の葉３階,https://www.uqwimax.jp/mobile/shoplist/E339UQ6/,uq-mobile-e339uq6,35.893777,139.950115,https://www.uqwimax.jp/mobile/shoplist/shoplist.json,2026-08-19
ymobile,関東,千葉県,ワイモバイルイオンタウン成田富里,286-0025 千葉県成田市東町133 イオンタウン成田富里2階,https://www.ymobile.jp/shop/detail/W9PA/,ymobile-w9pa,35.77810683,140.3228744,https://www.ymobile.jp/shop/api_json.php,2026-08-19
ymobile,関東,千葉県,ワイモバイルイオンモール千葉ニュータウン,270-1350 千葉県印西市中央北3丁目2 イオンモール千葉ニュータウン3階,https://www.ymobile.jp/shop/detail/WA08/,ymobile-wa08,35.80190806,140.1119298,https://www.ymobile.jp/shop/api_json.php,2026-08-19
ymobile,関東,千葉県,ワイモバイルイオンモール木更津,292-0835 千葉県木更津市築地1‐4 イオンモール木更津,https://www.ymobile.jp/shop/detail/W9D5/,ymobile-w9d5,35.364302,139.908125,https://www.ymobile.jp/shop/api_json.php,2026-08-19
ymobile,関東,千葉県,ワイモバイルケーズデンキオーツーパーク稲毛店,263-0051 千葉県千葉市稲毛区園生町380‐1,https://www.ymobile.jp/shop/detail/W12I/,ymobile-w12i,35.651601,140.119245,https://www.ymobile.jp/shop/api_json.php,2026-08-19
ymobile,関東,千葉県,ワイモバイルケーズデンキ東京ベイサイド新浦安,279-0013 千葉県浦安市日の出4丁目1番8号,https://www.ymobile.jp/shop/detail/W94X/,ymobile-w94x,35.643921,139.9248073,https://www.ymobile.jp/shop/api_json.php,2026-08-19
ymobile,関東,千葉県,ワイモバイルケーズデンキ柏中央店,277-0872 千葉県柏市十余二276番地60,https://www.ymobile.jp/shop/detail/W9CW/,ymobile-w9cw,35.881942,139.964719,https://www.ymobile.jp/shop/api_json.php,2026-08-19
ymobile,関東,千葉県,ワイモバイルノジマイオンモール幕張新都心店,261-0024 千葉県千葉市美浜区豊砂1‐6 イオンモール幕張新都心 アクティブモール2F,https://www.ymobile.jp/shop/detail/W257/,ymobile-w257,35.655362,140.025683,https://www.ymobile.jp/shop/api_json.php,2026-08-19
ymobile,関東,千葉県,ワイモバイルノジマイオン八千代緑が丘店,276-0049 千葉県八千代市緑が丘2丁目1‐3イオンモール八千代緑が丘3F,https://www.ymobile.jp/shop/detail/W9D1/,ymobile-w9d1,35.727824,140.073182,https://www.ymobile.jp/shop/api_json.php,2026-08-19
ymobile,関東,千葉県,ワイモバイルフルルガーデン八千代,276-0029 千葉県八千代市村上南1丁目3‐1 フルルガーデン八千代3階,https://www.ymobile.jp/shop/detail/WA02/,ymobile-wa02,35.722346,140.11783,https://www.ymobile.jp/shop/api_json.php,2026-08-19
ymobile,関東,千葉県,ワイモバイルモラージュ柏,277-0837 千葉県柏市大山台2丁目3 モラージュ柏2F,https://www.ymobile.jp/shop/detail/W047/,ymobile-w047,35.883006,139.968281,https://www.ymobile.jp/shop/api_json.php,2026-08-19
aeonmobile,近畿,大阪府,イオンモバイルおおとり,593-8324 大阪府堺市西区鳳東町7-733,https://aeonmobile.jp/shoplist/ootori/,aeon-mobile-ootori,34.53230576005315,135.46396212210317,https://aeonmobile.jp/shoplist/data.json,2026-08-19
aeonmobile,近畿,大阪府,イオンモバイルりんくう泉南,590-0535 大阪府泉南市りんくう南浜3-12,https://aeonmobile.jp/shoplist/rinkuusennan/,aeon-mobile-rinkuusennan,34.38174258051753,135.26672961500233,https://aeonmobile.jp/shoplist/data.json,2026-08-19
aeonmobile,近畿,大阪府,イオンモバイル茨木,567-0033 大阪府茨木市松ｹ本町8番30号ｰ3,https://aeonmobile.jp/shoplist/ibaraki/,aeon-mobile-ibaraki,34.810004580406634,135.55589751501498,https://aeonmobile.jp/shoplist/data.json,2026-08-19
aeonmobile,近畿,大阪府,イオンモバイル喜連瓜破駅前,547-0024 大阪府大阪市平野区瓜破2-1-13,https://aeonmobile.jp/shoplist/kireuriwari/,aeon-mobile-kireuriwari,34.60837498045826,135.54971831500913,https://aeonmobile.jp/shoplist/data.json,2026-08-19
aeonmobile,近畿,大阪府,イオンモバイル金剛東,584-0082 大阪府富田林市向陽台3-1-1,https://aeonmobile.jp/shoplist/kongohigashi/,aeon-mobile-kongohigashi,34.501318280486146,135.57802231500588,https://aeonmobile.jp/shoplist/data.json,2026-08-19
aeonmobile,近畿,大阪府,イオンモバイル高槻,569-8567 大阪府高槻市萩之庄3-47-2,https://aeonmobile.jp/shoplist/takatsuki/,aeon-mobile-takatsuki,34.85885398039424,135.6417683150164,https://aeonmobile.jp/shoplist/data.json,2026-08-19
aeonmobile,近畿,大阪府,イオンモバイル堺鉄砲町,590-0905 大阪府堺市堺区鉄砲町1-1,https://aeonmobile.jp/shoplist/sakaiteppocho/,aeon-mobile-sakaiteppocho,34.59414498046193,135.47773861500863,https://aeonmobile.jp/shoplist/data.json,2026-08-19
aeonmobile,近畿,大阪府,イオンモバイル堺北花田,591-8008 大阪府堺市北区東浅香山町4丁1番12号,https://aeonmobile.jp/shoplist/sakaikitahanada/,aeon-mobile-sakaikitahanada,34.585474780464295,135.51247481500846,https://aeonmobile.jp/shoplist/data.json,2026-08-19
aeonmobile,近畿,大阪府,イオンモバイル四條畷,575-0001 大阪府四條畷市砂四丁目3番2号,https://aeonmobile.jp/shoplist/shijonawate/,aeon-mobile-shijonawate,34.746977580422666,135.62829931501312,https://aeonmobile.jp/shoplist/data.json,2026-08-19
aeonmobile,近畿,大阪府,イオンモバイル大阪ドームシティ,550-0023 大阪府大阪市西区千代崎3丁目13番1号,https://aeonmobile.jp/shoplist/osakado-mushiti/,aeon-mobile-osakado-mushiti,34.6705396804423,135.47563871501092,https://aeonmobile.jp/shoplist/data.json,2026-08-19
aeonmobile,近畿,大阪府,イオンモバイル大日,570-0016 大阪府守口市大日東町1番18号,https://aeonmobile.jp/shoplist/dainichi/,aeon-mobile-dainichi,34.74883967861591,135.57989267867848,https://aeonmobile.jp/shoplist/data.json,2026-08-19
aeonmobile,近畿,大阪府,イオンモバイル鶴見緑地,538-0053 大阪府大阪市鶴見区鶴見4-17-1,https://aeonmobile.jp/shoplist/tsurumiryokuchi/,aeon-mobile-tsurumiryokuchi,34.7047796804335,135.56493601501208,https://aeonmobile.jp/shoplist/data.json,2026-08-19
aeonmobile,近畿,大阪府,イオンモバイル野田阪神,553-0001 大阪市福島区海老江1-1-23,https://aeonmobile.jp/shoplist/nodahanshin/,aeon-mobile-nodahanshin,34.69518868043588,135.47370791501154,https://aeonmobile.jp/shoplist/data.json,2026-08-19
uqmobile,近畿,大阪府,UQスポット あべのキューズモール,大阪府 大阪市阿倍野区 阿倍野筋1丁目6-1 あべのキューズモールB1F,https://www.uqwimax.jp/mobile/shoplist/K062093/,uq-mobile-k062093,34.645417,135.512259,https://www.uqwimax.jp/mobile/shoplist/shoplist.json,2026-08-19
uqmobile,近畿,大阪府,UQスポット アリオ八尾,大阪府 八尾市 光町２－３－３ アリオモール３Ｆ,https://www.uqwimax.jp/mobile/shoplist/K433102/,uq-mobile-k433102,34.632476,135.605804,https://www.uqwimax.jp/mobile/shoplist/shoplist.json,2026-08-19
uqmobile,近畿,大阪府,UQスポット アリオ鳳,大阪府 堺市西区 鳳南町３丁１９９－１２,https://www.uqwimax.jp/mobile/shoplist/KD50002/,uq-mobile-kd50002,34.524745,135.459401,https://www.uqwimax.jp/mobile/shoplist/shoplist.json,2026-08-19
uqmobile,近畿,大阪府,UQスポット イオンモール堺鉄砲町,大阪府 堺市堺区 鉄砲町１ ３Ｆ,https://www.uqwimax.jp/mobile/shoplist/K537016/,uq-mobile-k537016,34.594078,135.481176,https://www.uqwimax.jp/mobile/shoplist/shoplist.json,2026-08-19
uqmobile,近畿,大阪府,UQスポット イオンモール堺北花田,大阪府 堺市北区 東浅香山町４丁１－１２ イオンモール堺北花田４Ｆ,https://www.uqwimax.jp/mobile/shoplist/K062083/,uq-mobile-k062083,34.583909,135.515764,https://www.uqwimax.jp/mobile/shoplist/shoplist.json,2026-08-19
uqmobile,近畿,大阪府,UQスポット イオンモール四條畷,大阪府 四條畷市 砂４丁目３番２号 イオンモール四條畷３階,https://www.uqwimax.jp/mobile/shoplist/K433113/,uq-mobile-k433113,34.746114,135.629287,https://www.uqwimax.jp/mobile/shoplist/shoplist.json,2026-08-19
uqmobile,近畿,大阪府,UQスポット イオンモール鶴見緑地,大阪府 大阪市鶴見区 鶴見４－１７－１ イオンモール鶴見緑地４Ｆ,https://www.uqwimax.jp/mobile/shoplist/K062075/,uq-mobile-k062075,34.703558,135.566354,https://www.uqwimax.jp/mobile/shoplist/shoplist.json,2026-08-19
uqmobile,近畿,大阪府,UQスポット くずはモール,大阪府 枚方市 楠葉花園町１５－１ くずはモール３Ｆ,https://www.uqwimax.jp/mobile/shoplist/K062086/,uq-mobile-k062086,34.861283,135.677307,https://www.uqwimax.jp/mobile/shoplist/shoplist.json,2026-08-19
uqmobile,近畿,大阪府,UQスポット セブンパーク天美,大阪府 松原市 天美東3丁目500番地 3Ｆ,https://www.uqwimax.jp/mobile/shoplist/K433111/,uq-mobile-k433111,34.591979,135.542681,https://www.uqwimax.jp/mobile/shoplist/shoplist.json,2026-08-19
uqmobile,近畿,大阪府,UQスポット ディアモール大阪,大阪府 大阪市北区 梅田１丁目 大阪駅前ダイヤモンド地下街３号 ディアモール大阪,https://www.uqwimax.jp/mobile/shoplist/K062087/,uq-mobile-k062087,34.700347,135.4974,https://www.uqwimax.jp/mobile/shoplist/shoplist.json,2026-08-19
uqmobile,近畿,大阪府,UQスポット ららぽーとＥＸＰＯＣＩＴＹ,大阪府 吹田市 千里万博公園２－１ ららぽーとＥＸＰＯＣＩＴＹ３階,https://www.uqwimax.jp/mobile/shoplist/K062089/,uq-mobile-k062089,34.806006,135.536212,https://www.uqwimax.jp/mobile/shoplist/shoplist.json,2026-08-19
uqmobile,近畿,大阪府,UQスポット ららぽーと和泉,大阪府 和泉市 あゆみ野４－４－７ ららぽーと和泉４Ｆ,https://www.uqwimax.jp/mobile/shoplist/KD80005/,uq-mobile-kd80005,34.436824,135.448196,https://www.uqwimax.jp/mobile/shoplist/shoplist.json,2026-08-19
uqmobile,近畿,大阪府,UQスポット 岸和田カンカンベイサイドモール,大阪府 岸和田市 港緑町２－１ ＥＡＳＴ１階,https://www.uqwimax.jp/mobile/shoplist/K537018/,uq-mobile-k537018,34.46626,135.371301,https://www.uqwimax.jp/mobile/shoplist/shoplist.json,2026-08-19
ymobile,近畿,大阪府,ワイモバイルJR高槻駅前,569-1123 大阪府高槻市芥川町2丁目8‐24,https://www.ymobile.jp/shop/detail/W0FC/,ymobile-w0fc,34.85231741,135.6154297,https://www.ymobile.jp/shop/api_json.php,2026-08-19
ymobile,近畿,大阪府,ワイモバイルアリオ八尾,581-0803 大阪府八尾市光町2丁目3 アリオ八尾,https://www.ymobile.jp/shop/detail/W9WC/,ymobile-w9wc,34.632844,135.605824,https://www.ymobile.jp/shop/api_json.php,2026-08-19
ymobile,近畿,大阪府,ワイモバイルアリオ鳳,593-8325 大阪府堺市西区鳳南町3丁199‐12 アリオ鳳1F,https://www.ymobile.jp/shop/detail/W0JE/,ymobile-w0je,34.52426533,135.4595668,https://www.ymobile.jp/shop/api_json.php,2026-08-19
ymobile,近畿,大阪府,ワイモバイルイオンタウン松原,580-0015 大阪府松原市新堂4丁目1154 イオンタウン松原1F,https://www.ymobile.jp/shop/detail/W9RH/,ymobile-w9rh,34.5663161,135.5518802,https://www.ymobile.jp/shop/api_json.php,2026-08-19
ymobile,近畿,大阪府,ワイモバイルイオンモール堺北花田,591-8008 大阪府堺市北区東浅香山町4丁1‐12 イオンモール堺北花田4階,https://www.ymobile.jp/shop/detail/W0Q6/,ymobile-w0q6,34.584529,135.515189,https://www.ymobile.jp/shop/api_json.php,2026-08-19
ymobile,近畿,大阪府,ワイモバイルイオンモール鶴見緑地,538-0053 大阪府大阪市鶴見区鶴見4丁目17‐1 イオン鶴見緑地4F,https://www.ymobile.jp/shop/detail/W08X/,ymobile-w08x,34.704308422273,135.56638001244218,https://www.ymobile.jp/shop/api_json.php,2026-08-19
ymobile,近畿,大阪府,ワイモバイルエディオン高槻宮田店,569-1142 大阪府高槻市宮田町1丁目2‐1,https://www.ymobile.jp/shop/detail/W252/,ymobile-w252,34.838572,135.585986,https://www.ymobile.jp/shop/api_json.php,2026-08-19
ymobile,近畿,大阪府,ワイモバイルエディオン堺インター店,593-8314 大阪府堺市西区太平寺711‐1 ベスピア堺インター,https://www.ymobile.jp/shop/detail/W0UH/,ymobile-w0uh,34.512877,135.484221,https://www.ymobile.jp/shop/api_json.php,2026-08-19
ymobile,近畿,大阪府,ワイモバイルエディオン中環東大阪店,577-0003 大阪府東大阪市稲田三島町3番88号,https://www.ymobile.jp/shop/detail/W19Z/,ymobile-w19z,34.695038,135.590741,https://www.ymobile.jp/shop/api_json.php,2026-08-19
ymobile,近畿,大阪府,ワイモバイルエディオン八尾南店,581-0036 大阪府八尾市沼4丁目80‐1,https://www.ymobile.jp/shop/detail/W0XQ/,ymobile-w0xq,34.5888,135.605807,https://www.ymobile.jp/shop/api_json.php,2026-08-19
ymobile,近畿,大阪府,ワイモバイルエディオン豊中店,561-0821 大阪府豊中市日出町2丁目2‐18,https://www.ymobile.jp/shop/detail/W20E/,ymobile-w20e,34.741101,135.478919,https://www.ymobile.jp/shop/api_json.php,2026-08-19
ymobile,近畿,大阪府,ワイモバイルジョーシン泉南イオンモール店,590-0535 大阪府泉南市りんくう南浜3‐12イオンモールりんくう泉南1F,https://www.ymobile.jp/shop/detail/W9FM/,ymobile-w9fm,34.379743,135.266567,https://www.ymobile.jp/shop/api_json.php,2026-08-19
ymobile,近畿,大阪府,ワイモバイルなんば,542-0075 大阪府大阪市中央区難波千日前15‐22 大秀ビル1F,https://www.ymobile.jp/shop/detail/W99I/,ymobile-w99i,34.66384722,135.5027937,https://www.ymobile.jp/shop/api_json.php,2026-08-19
ymobile,近畿,大阪府,ワイモバイルビックカメラなんば店,542-0074 大阪府大阪市中央区千日前2丁目10‐1,https://www.ymobile.jp/shop/detail/W984/,ymobile-w984,34.666688,135.502614,https://www.ymobile.jp/shop/api_json.php,2026-08-19
ymobile,近畿,大阪府,ワイモバイルベルファ都島,534-0016 大阪府大阪市都島区友渕町2丁目13‐34 ベルファ都島2階 216区画,https://www.ymobile.jp/shop/detail/W0WL/,ymobile-w0wl,34.716025,135.530154,https://www.ymobile.jp/shop/api_json.php,2026-08-19
ymobile,近畿,大阪府,ワイモバイルみのおキューズモール,562-0034 大阪府箕面市西宿1丁目13‐10 EAST2 2階,https://www.ymobile.jp/shop/detail/WA6E/,ymobile-wa6e,34.8322887,135.490542,https://www.ymobile.jp/shop/api_json.php,2026-08-19
ymobile,近畿,大阪府,ワイモバイルヨドバシカメラマルチメディア梅田,530-0011 大阪府大阪市北区大深町1‐1,https://www.ymobile.jp/shop/detail/W95L/,ymobile-w95l,34.704241,135.496294,https://www.ymobile.jp/shop/api_json.php,2026-08-19
ymobile,近畿,大阪府,ワイモバイルららぽーと和泉,594-1157 大阪府和泉市あゆみ野4丁目4‐7 ららぽーと和泉4F,https://www.ymobile.jp/shop/detail/W9E2/,ymobile-w9e2,34.43568,135.447909,https://www.ymobile.jp/shop/api_json.php,2026-08-19
ymobile,近畿,大阪府,ワイモバイル寝屋川,572-0837 大阪府寝屋川市早子町13‐10 よしみビル1F,https://www.ymobile.jp/shop/detail/W08V/,ymobile-w08v,34.763701,135.622369,https://www.ymobile.jp/shop/api_json.php,2026-08-19
ymobile,近畿,大阪府,ワイモバイル梅田,530-0018 大阪府大阪市北区小松原町3‐3 OSビル1F,https://www.ymobile.jp/shop/detail/W06Z/,ymobile-w06z,34.702911,135.50045,https://www.ymobile.jp/shop/api_json.php,2026-08-19
aeonmobile,九州,大分県,イオンモバイルパークプレイス大分,870-0174 大分県大分市公園通り西2丁目1番,https://aeonmobile.jp/shoplist/pakupureisuoita/,aeon-mobile-pakupureisuoita,33.1955849808477,131.6544793149683,https://aeonmobile.jp/shoplist/data.json,2026-08-19
aeonmobile,九州,大分県,イオンモバイル挾間,879-5518 大分県由布市挾間町北方77,https://aeonmobile.jp/shoplist/hasama/,aeon-mobile-hasama,33.20645708084451,131.52007411496857,https://aeonmobile.jp/shoplist/data.json,2026-08-19
ymobile,九州,大分県,ワイモバイルイオンモール三光,871-0111 大分県中津市三光佐知1032 イオンモール三光1F,https://www.ymobile.jp/shop/detail/W03T/,ymobile-w03t,33.55897147,131.192584,https://www.ymobile.jp/shop/api_json.php,2026-08-19
ymobile,九州,大分県,ワイモバイルケーズデンキパークプレイス大分本店,870-0174 大分県大分市公園通り西2丁目2番,https://www.ymobile.jp/shop/detail/W0WT/,ymobile-w0wt,33.195083,131.660638,https://www.ymobile.jp/shop/api_json.php,2026-08-19
aeonmobile,九州,長崎県,イオンモバイル大村,856-0836 長崎県大村市幸町25-200,https://aeonmobile.jp/shoplist/omura/,aeon-mobile-omura,32.901345980934536,129.95173331495997,https://aeonmobile.jp/shoplist/data.json,2026-08-19
aeonmobile,九州,長崎県,イオンモバイル大塔,857-1161 長崎県佐世保市大塔町14-2,https://aeonmobile.jp/shoplist/daito/,aeon-mobile-daito,33.14866198086135,129.77785831496692,https://aeonmobile.jp/shoplist/data.json,2026-08-19
uqmobile,九州,長崎県,UQスポット ゆめタウン夢彩都,長崎県 長崎市 元船町１０－１ 1Ｆ,https://www.uqwimax.jp/mobile/shoplist/Q046501/,uq-mobile-q046501,32.746287,129.869997,https://www.uqwimax.jp/mobile/shoplist/shoplist.json,2026-08-19
aeonmobile,甲信越,長野県,イオンモバイル佐久平,385-0029 長野県佐久市佐久平駅南11-10,https://aeonmobile.jp/shoplist/sakudaira/,aeon-mobile-sakudaira,36.27572918005987,138.46192501502972,https://aeonmobile.jp/shoplist/data.json,2026-08-19
aeonmobile,甲信越,長野県,イオンモバイル上田,386-0018 長野県上田市常田2丁目12-18,https://aeonmobile.jp/shoplist/ueda/,aeon-mobile-ueda,36.39235688003459,138.2552612150333,https://aeonmobile.jp/shoplist/data.json,2026-08-19
aeonmobile,甲信越,長野県,イオンモバイル須坂＜2025.10.3グランドオープン＞,382-8501 長野県須坂市大字福島386番地-1,https://aeonmobile.jp/shoplist/suzaka/,aeon-mobile-suzaka,36.63998919999999,138.27165327221374,https://aeonmobile.jp/shoplist/data.json,2026-08-19
uqmobile,甲信越,長野県,UQスポット イオンモール松本,長野県 松本市 中央４丁目９番５１号,https://www.uqwimax.jp/mobile/shoplist/N178003/,uq-mobile-n178003,36.233986,137.978403,https://www.uqwimax.jp/mobile/shoplist/shoplist.json,2026-08-19
ymobile,甲信越,長野県,ワイモバイルアリオ上田,386-0025 長野県上田市天神3丁目5番1号 1‐9‐3区画 アリオ上田1階,https://www.ymobile.jp/shop/detail/W05A/,ymobile-w05a,36.39952036,138.2446648,https://www.ymobile.jp/shop/api_json.php,2026-08-19
ymobile,甲信越,長野県,ワイモバイルイオンモール松本,390-0811 長野県松本市中央4丁目9‐51 イオンモール松本3階 晴庭,https://www.ymobile.jp/shop/detail/WA1Y/,ymobile-wa1y,36.23401,137.978191,https://www.ymobile.jp/shop/api_json.php,2026-08-19
aeonmobile,中国,鳥取県,イオンモバイル鳥取北,680-0904 鳥取県鳥取市晩稲348番地,https://aeonmobile.jp/shoplist/tottorikita/,aeon-mobile-tottorikita,35.52463998023104,134.19932931503627,https://aeonmobile.jp/shoplist/data.json,2026-08-19
aeonmobile,中国,鳥取県,イオンモバイル日吉津,689-3553 鳥取県西伯郡日吉津村日吉津1160-1,https://aeonmobile.jp/shoplist/hiezu/,aeon-mobile-hiezu,35.44566588024995,133.38503461503407,https://aeonmobile.jp/shoplist/data.json,2026-08-19
ymobile,中国,鳥取県,ワイモバイルエディオン米子本店,683-0804 鳥取県米子市米原5丁目6‐31,https://www.ymobile.jp/shop/detail/W0YE/,ymobile-w0ye,35.444718,133.329825,https://www.ymobile.jp/shop/api_json.php,2026-08-19
aeonmobile,中国,島根県,イオンスタイル出雲,693-0004 島根県出雲市渡橋町1066,https://aeonmobile.jp/shoplist/izumo/,aeon-mobile-izumo,35.36758888026865,132.7368784152502,https://aeonmobile.jp/shoplist/data.json,2026-08-19
aeonmobile,中国,島根県,イオンモバイル松江,690-0001 島根県松江市東朝日町151,https://aeonmobile.jp/shoplist/matsue/,aeon-mobile-matsue,35.464038180245524,133.0671112150345,https://aeonmobile.jp/shoplist/data.json,2026-08-19
aeonmobile,関東,東京都,イオンスタイル御嶽山駅前,145-0073 東京都大田区北嶺町37-13,https://aeonmobile.jp/shoplist/ontakesanekimae/,aeon-mobile-ontakesanekimae,35.585812635211724,139.67918337459915,https://aeonmobile.jp/shoplist/data.json,2026-08-19
aeonmobile,関東,東京都,イオンモバイルむさし村山,208-0022 東京都武蔵村山市榎1丁目1-3,https://aeonmobile.jp/shoplist/musashimurayama/,aeon-mobile-musashimurayama,35.74511658017938,139.38307431504282,https://aeonmobile.jp/shoplist/data.json,2026-08-19
aeonmobile,関東,東京都,イオンモバイル葛西,134-0088 東京都江戸川区西葛西3-9-19,https://aeonmobile.jp/shoplist/kasai/,aeon-mobile-kasai,35.6692551801971,139.85626461504057,https://aeonmobile.jp/shoplist/data.json,2026-08-19
aeonmobile,関東,東京都,イオンモバイル東雲,135-0062 東京都江東区東雲1丁目9番10号,https://aeonmobile.jp/shoplist/shinonome/,aeon-mobile-shinonome,35.648792959274964,139.80084006523353,https://aeonmobile.jp/shoplist/data.json,2026-08-19
aeonmobile,関東,東京都,イオンモバイル東久留米,203-0023 東京都東久留米市南沢5丁目17番62号,https://aeonmobile.jp/shoplist/higashikurume/,aeon-mobile-higashikurume,35.74470452125766,139.52668923953638,https://aeonmobile.jp/shoplist/data.json,2026-08-19
aeonmobile,関東,東京都,イオンモバイル南砂,136-0076 東京都江東区南砂6-7-15,https://aeonmobile.jp/shoplist/minamisuna/,aeon-mobile-minamisuna,35.671685080196546,139.8335529150407,https://aeonmobile.jp/shoplist/data.json,2026-08-19
aeonmobile,関東,東京都,イオンモバイル日の出,190-0182 東京都西多摩郡日の出町大字平井237番地3,https://aeonmobile.jp/shoplist/hinode/,aeon-mobile-hinode,35.73495128018185,139.2733149150425,https://aeonmobile.jp/shoplist/data.json,2026-08-19
aeonmobile,関東,東京都,イオンモバイル板橋,175-0083 東京都板橋区徳丸2-6-1,https://aeonmobile.jp/shoplist/itabashi/,aeon-mobile-itabashi,35.77012568883843,139.6396946987668,https://aeonmobile.jp/shoplist/data.json,2026-08-19
aeonmobile,関東,東京都,イオンモバイル碑文谷,152-0003 東京都目黒区碑文谷4-1-1,https://aeonmobile.jp/shoplist/himonya/,aeon-mobile-himonya,35.622513680208016,139.68216951503928,https://aeonmobile.jp/shoplist/data.json,2026-08-19
aeonmobile,関東,東京都,イオンモバイル品川シーサイド,140-0002 東京都品川区東品川4-12-5,https://aeonmobile.jp/shoplist/shinagawashi-saido/,aeon-mobile-shinagawashi-saido,35.610883380210765,139.74696321503893,https://aeonmobile.jp/shoplist/data.json,2026-08-19
uqmobile,関東,東京都,UQスポット アリオ亀有,東京都 葛飾区 亀有３丁目４９番３号 アリオ亀有３階,https://www.uqwimax.jp/mobile/shoplist/E045UQ2/,uq-mobile-e045uq2,35.764459,139.852589,https://www.uqwimax.jp/mobile/shoplist/shoplist.json,2026-08-19
uqmobile,関東,東京都,UQスポット イオンモール日の出,東京都 西多摩郡日の出町 大字平井字三吉野桜木２３７番地３ イオンモール日の出３階,https://www.uqwimax.jp/mobile/shoplist/E005UQA/,uq-mobile-e005uqa,35.734812,139.276668,https://www.uqwimax.jp/mobile/shoplist/shoplist.json,2026-08-19
uqmobile,関東,東京都,UQスポット 蒲田,東京都 大田区 蒲田５丁目８－７,https://www.uqwimax.jp/mobile/shoplist/EPA4UQ1/,uq-mobile-epa4uq1,35.563048,139.719199,https://www.uqwimax.jp/mobile/shoplist/shoplist.json,2026-08-19
uqmobile,関東,東京都,UQスポット 新小岩,東京都 葛飾区 新小岩１丁目 ４２－８ Ｋ．Ｓ．Ｔビル,https://www.uqwimax.jp/mobile/shoplist/E356UQ3/,uq-mobile-e356uq3,35.715204,139.860101,https://www.uqwimax.jp/mobile/shoplist/shoplist.json,2026-08-19
uqmobile,関東,東京都,UQスポット 瑞江,東京都 江戸川区 瑞江２丁目１－２ ドン・キホーテラパーク瑞江３Ｆ,https://www.uqwimax.jp/mobile/shoplist/E206013/,uq-mobile-e206013,35.692877,139.896939,https://www.uqwimax.jp/mobile/shoplist/shoplist.json,2026-08-19
uqmobile,関東,東京都,UQスポット 浅草ＲＯＸ,東京都 台東区 浅草１丁目２５－１５ 浅草ＲＯＸ４階４０８区画,https://www.uqwimax.jp/mobile/shoplist/E339UQ5/,uq-mobile-e339uq5,35.713133,139.792756,https://www.uqwimax.jp/mobile/shoplist/shoplist.json,2026-08-19
uqmobile,関東,東京都,UQスポット 池袋西口駅前,東京都 豊島区 西池袋１丁目 １８－１ 五光ビル１階,https://www.uqwimax.jp/mobile/shoplist/E185UQ1/,uq-mobile-e185uq1,35.73128,139.709303,https://www.uqwimax.jp/mobile/shoplist/shoplist.json,2026-08-19
uqmobile,関東,東京都,UQスポット 池袋東口駅前,東京都 豊島区 南池袋１丁目２７－８ サンパレスビル１Ｆ,https://www.uqwimax.jp/mobile/shoplist/E209061/,uq-mobile-e209061,35.72949,139.712902,https://www.uqwimax.jp/mobile/shoplist/shoplist.json,2026-08-19
ymobile,関東,東京都,ワイモバイルアリオ西新井,123-0843 東京都足立区西新井栄町1丁目20‐1 アリオ西新井2F 215区画,https://www.ymobile.jp/shop/detail/W9HG/,ymobile-w9hg,35.774558,139.785977,https://www.ymobile.jp/shop/api_json.php,2026-08-19
ymobile,関東,東京都,ワイモバイルアリオ北砂,136-0073 東京都江東区北砂2丁目17‐1 アリオ北砂3F,https://www.ymobile.jp/shop/detail/W040/,ymobile-w040,35.68300464,139.8255842,https://www.ymobile.jp/shop/api_json.php,2026-08-19
ymobile,関東,東京都,ワイモバイルケーズデンキ昭島店,196-0012 東京都昭島市つつじが丘2丁目8‐20,https://www.ymobile.jp/shop/detail/W12Z/,ymobile-w12z,35.714722,139.366366,https://www.ymobile.jp/shop/api_json.php,2026-08-19
ymobile,関東,東京都,ワイモバイルケーズデンキ青梅店,198-0021 東京都青梅市今寺5丁目13‐1,https://www.ymobile.jp/shop/detail/W130/,ymobile-w130,35.793794,139.303033,https://www.ymobile.jp/shop/api_json.php,2026-08-19
ymobile,関東,東京都,ワイモバイルコジマ×ビックカメラ南砂町SUNAMO店,136-0075 東京都江東区新砂3丁目4‐31,https://www.ymobile.jp/shop/detail/W98F/,ymobile-w98f,35.665268,139.83525,https://www.ymobile.jp/shop/api_json.php,2026-08-19
ymobile,関東,東京都,ワイモバイルジョイフル本田瑞穂,190-1212 東京都西多摩郡瑞穂町大字殿ケ谷442‐212 ジョイフル本田瑞穂店2F,https://www.ymobile.jp/shop/detail/W9WW/,ymobile-w9ww,35.76025869,139.3575949,https://www.ymobile.jp/shop/api_json.php,2026-08-19
ymobile,関東,東京都,ワイモバイルノジマイオンモールむさし村山店,208-0022 東京都武蔵村山市榎1丁目1‐3 イオンモールむさし村山3F,https://www.ymobile.jp/shop/detail/W20M/,ymobile-w20m,35.745765,139.385069,https://www.ymobile.jp/shop/api_json.php,2026-08-19
ymobile,関東,東京都,ワイモバイルノジマ日の出店,190-0182 東京都西多摩郡日の出町大字平井字三吉野桜木237‐3 イオンモール日の出2F,https://www.ymobile.jp/shop/detail/W202/,ymobile-w202,35.734956,139.275689,https://www.ymobile.jp/shop/api_json.php,2026-08-19
ymobile,関東,東京都,ワイモバイルビックカメラJR八王子駅店,192-0083 東京都八王子市旭町1‐17,https://www.ymobile.jp/shop/detail/W98B/,ymobile-w98b,35.654653,139.338899,https://www.ymobile.jp/shop/api_json.php,2026-08-19
ymobile,関東,東京都,ワイモバイルビックカメラ渋谷東口店,150-0002 東京都渋谷区渋谷1丁目24‐10,https://www.ymobile.jp/shop/detail/W9FV/,ymobile-w9fv,35.659963,139.702132,https://www.ymobile.jp/shop/api_json.php,2026-08-19
ymobile,関東,東京都,ワイモバイルビックカメラ新宿西口店,160-0023 東京都新宿区西新宿1丁目5‐1 ハルク3F,https://www.ymobile.jp/shop/detail/W987/,ymobile-w987,35.6926401,139.6987222,https://www.ymobile.jp/shop/api_json.php,2026-08-19
ymobile,関東,東京都,ワイモバイルビックカメラ新宿東口店,160-0022 東京都新宿区新宿3丁目29‐1 MI新宿ビル本館,https://www.ymobile.jp/shop/detail/W98C/,ymobile-w98c,35.6913487,139.7029051,https://www.ymobile.jp/shop/api_json.php,2026-08-19
ymobile,関東,東京都,ワイモバイルビックカメラ赤坂見附駅店,107-0052 東京都港区赤坂3丁目1‐6,https://www.ymobile.jp/shop/detail/W98D/,ymobile-w98d,35.6771209,139.7368026,https://www.ymobile.jp/shop/api_json.php,2026-08-19
ymobile,関東,東京都,ワイモバイルビックカメラ池袋本店,170-0013 東京都豊島区東池袋1丁目41‐5,https://www.ymobile.jp/shop/detail/W982/,ymobile-w982,35.7317365,139.7129273,https://www.ymobile.jp/shop/api_json.php,2026-08-19
ymobile,関東,東京都,ワイモバイルビックカメラ有楽町店,100-0006 東京都千代田区有楽町1丁目11‐1 1階,https://www.ymobile.jp/shop/detail/W985/,ymobile-w985,35.675583,139.7629285,https://www.ymobile.jp/shop/api_json.php,2026-08-19
ymobile,関東,東京都,ワイモバイルヨドバシカメラマルチメディアAkiba,101-0028 東京都千代田区神田花岡町1‐1,https://www.ymobile.jp/shop/detail/W95D/,ymobile-w95d,35.69871482,139.7747639,https://www.ymobile.jp/shop/api_json.php,2026-08-19
ymobile,関東,東京都,ワイモバイルヨドバシカメラマルチメディア吉祥寺,180-0004 東京都武蔵野市吉祥寺本町1丁目19‐1,https://www.ymobile.jp/shop/detail/W95G/,ymobile-w95g,35.7047195,139.5815899,https://www.ymobile.jp/shop/api_json.php,2026-08-19
ymobile,関東,東京都,ワイモバイルヨドバシカメラマルチメディア錦糸町,130-0022 東京都墨田区江東橋3丁目14‐5 テルミナ,https://www.ymobile.jp/shop/detail/W95E/,ymobile-w95e,35.6963951,139.8141849,https://www.ymobile.jp/shop/api_json.php,2026-08-19
ymobile,関東,東京都,ワイモバイルヨドバシカメラマルチメディア町田,194-0013 東京都町田市原町田1丁目1‐11,https://www.ymobile.jp/shop/detail/W95F/,ymobile-w95f,35.54222,139.44445,https://www.ymobile.jp/shop/api_json.php,2026-08-19
ymobile,関東,東京都,ワイモバイルヨドバシカメラ新宿西口本店,160-0023 東京都新宿区西新宿1丁目11‐1 MYビル1F,https://www.ymobile.jp/shop/detail/W95B/,ymobile-w95b,35.6898127,139.6984251,https://www.ymobile.jp/shop/api_json.php,2026-08-19
ymobile,関東,東京都,ワイモバイルヨドバシカメラ新宿東口ケータイ総合館,160-0022 東京都新宿区新宿3丁目26‐8 2階,https://www.ymobile.jp/shop/detail/W95C/,ymobile-w95c,35.691824,139.70179,https://www.ymobile.jp/shop/api_json.php,2026-08-19
ymobile,関東,東京都,ワイモバイル蒲田西口駅前,144-0051 東京都大田区西蒲田7丁目48‐16 イナバビル1階,https://www.ymobile.jp/shop/detail/W0JL/,ymobile-w0jl,35.562373,139.713235,https://www.ymobile.jp/shop/api_json.php,2026-08-19
ymobile,関東,東京都,ワイモバイル経堂,156-0052 東京都世田谷区経堂1丁目21‐20,https://www.ymobile.jp/shop/detail/W45B/,ymobile-w45b,35.650174,139.636823,https://www.ymobile.jp/shop/api_json.php,2026-08-19
ymobile,関東,東京都,ワイモバイル自由が丘,152-0035 東京都目黒区自由が丘1丁目9‐3 平林ビル1階,https://www.ymobile.jp/shop/detail/W465/,ymobile-w465,35.6074939,139.669697,https://www.ymobile.jp/shop/api_json.php,2026-08-19
ymobile,関東,東京都,ワイモバイル十条,114-0031 東京都北区十条仲原1丁目2‐6 飯田ビル1F,https://www.ymobile.jp/shop/detail/W475/,ymobile-w475,35.7617918,139.7213923,https://www.ymobile.jp/shop/api_json.php,2026-08-19
ymobile,関東,東京都,ワイモバイル赤羽,115-0045 東京都北区赤羽1丁目4番8号,https://www.ymobile.jp/shop/detail/W05K/,ymobile-w05k,35.778066,139.722481,https://www.ymobile.jp/shop/api_json.php,2026-08-19
ymobile,関東,東京都,ワイモバイル大井町,140-0011 東京都品川区東大井5丁目4‐12 東宝ビル1F・2F,https://www.ymobile.jp/shop/detail/W41T/,ymobile-w41t,35.607357,139.736049,https://www.ymobile.jp/shop/api_json.php,2026-08-19
ymobile,関東,東京都,ワイモバイル池袋西口,171-0021 東京都豊島区西池袋1丁目18‐1 五光ビル,https://www.ymobile.jp/shop/detail/W964/,ymobile-w964,35.7312836,139.7092971,https://www.ymobile.jp/shop/api_json.php,2026-08-19
ymobile,関東,東京都,ワイモバイル調布,182-0026 東京都調布市小島町2丁目52‐1 調布とうきゅう1F,https://www.ymobile.jp/shop/detail/W07C/,ymobile-w07c,35.649866,139.543227,https://www.ymobile.jp/shop/api_json.php,2026-08-19
ymobile,関東,東京都,ワイモバイル東村山,189-0014 東京都東村山市本町2丁目4‐82,https://www.ymobile.jp/shop/detail/W0W7/,ymobile-w0w7,35.761016,139.466756,https://www.ymobile.jp/shop/api_json.php,2026-08-19
aeonmobile,四国,徳島県,イオンモバイル徳島,770-0865 徳島県徳島市南末広町4番1号,https://aeonmobile.jp/shoplist/tokushima/,aeon-mobile-tokushima,34.062530080603075,134.57117351496305,https://aeonmobile.jp/shoplist/data.json,2026-08-19
aeonmobile,関東,栃木県,イオンモバイル佐野新都市,327-0821 栃木県佐野市高萩町1324-1,https://aeonmobile.jp/shoplist/sanoshintoshi/,aeon-mobile-sanoshintoshi,36.29836278005498,139.60398391503057,https://aeonmobile.jp/shoplist/data.json,2026-08-19
uqmobile,関東,栃木県,UQスポット イオンモール小山,栃木県 小山市 大字中久喜１４６７－１ イオンモール小山２Ｆ,https://www.uqwimax.jp/mobile/shoplist/E09090C/,uq-mobile-e09090c,36.321879,139.840354,https://www.uqwimax.jp/mobile/shoplist/shoplist.json,2026-08-19
uqmobile,関東,栃木県,UQスポット カインズ大平,栃木県 栃木市 大平町下皆川２１１６番地１ カインズ大平 本館内,https://www.uqwimax.jp/mobile/shoplist/E090U01/,uq-mobile-e090u01,36.353593,139.709384,https://www.uqwimax.jp/mobile/shoplist/shoplist.json,2026-08-19
uqmobile,関東,栃木県,UQスポット ベルモール宇都宮,栃木県 宇都宮市 陽東６－２－１ ベルモール２階,https://www.uqwimax.jp/mobile/shoplist/E059UQ1/,uq-mobile-e059uq1,36.555106,139.928396,https://www.uqwimax.jp/mobile/shoplist/shoplist.json,2026-08-19
ymobile,関東,栃木県,ワイモバイルイオンタウン真岡,321-4306 栃木県真岡市台町2668,https://www.ymobile.jp/shop/detail/W9SM/,ymobile-w9sm,36.433081,140.001903,https://www.ymobile.jp/shop/api_json.php,2026-08-19
ymobile,関東,栃木県,ワイモバイルサンテラス佐野,327-0821 栃木県佐野市高萩町509‐3,https://www.ymobile.jp/shop/detail/WA18/,ymobile-wa18,36.303248,139.59174,https://www.ymobile.jp/shop/api_json.php,2026-08-19
ymobile,関東,栃木県,ワイモバイルヨドバシカメラマルチメディア宇都宮,321-0964 栃木県宇都宮市駅前通り1丁目4ー6 宇都宮西口ビル,https://www.ymobile.jp/shop/detail/W9ZI/,ymobile-w9zi,36.560316,139.89693,https://www.ymobile.jp/shop/api_json.php,2026-08-19
ymobile,関東,栃木県,ワイモバイル宇都宮インターパークビレッジ,321-0118 栃木県宇都宮市インターパーク4丁目1‐3,https://www.ymobile.jp/shop/detail/W0N0/,ymobile-w0n0,36.494154,139.907462,https://www.ymobile.jp/shop/api_json.php,2026-08-19
aeonmobile,近畿,奈良県,アップルプレミアムリセラー NEWCOM 橿原店,634-0837 奈良県橿原市曲川町7-20-1,https://aeonmobile.jp/shoplist/newcomkashihara/,aeon-mobile-newcomkashihara,34.506526930484895,135.76091281522707,https://aeonmobile.jp/shoplist/data.json,2026-08-19
aeonmobile,近畿,奈良県,イオンモバイル橿原,634-0837 奈良県橿原市曲川町7-20-1,https://aeonmobile.jp/shoplist/kashihara/,aeon-mobile-kashihara,34.50620798048491,135.76178521500603,https://aeonmobile.jp/shoplist/data.json,2026-08-19
aeonmobile,近畿,奈良県,イオンモバイル大和郡山,639-1101 奈良県大和郡山市下三橋町741,https://aeonmobile.jp/shoplist/yamatokoriyama/,aeon-mobile-yamatokoriyama,34.65216778044704,135.79967381501027,https://aeonmobile.jp/shoplist/data.json,2026-08-19
aeonmobile,近畿,奈良県,イオンモバイル登美ヶ丘,630-0115 奈良県生駒市鹿畑町3027番地,https://aeonmobile.jp/shoplist/tomigaoka/,aeon-mobile-tomigaoka,34.72549078042829,135.7475479150125,https://aeonmobile.jp/shoplist/data.json,2026-08-19
uqmobile,近畿,奈良県,UQスポット イオンモール大和郡山,奈良県 大和郡山市 下三橋町７４１ イオンモール大和郡山 ３Ｆ,https://www.uqwimax.jp/mobile/shoplist/K433108/,uq-mobile-k433108,34.651177,135.802507,https://www.uqwimax.jp/mobile/shoplist/shoplist.json,2026-08-19
ymobile,近畿,奈良県,ワイモバイルジョーシン郡山イオンモール店,639-1101 奈良県大和郡山市下三橋町741‐170イオンモール大和郡山1F,https://www.ymobile.jp/shop/detail/W9FN/,ymobile-w9fn,34.649928,135.802623,https://www.ymobile.jp/shop/api_json.php,2026-08-19
ymobile,近畿,奈良県,ワイモバイルミ・ナーラ,630-8012 奈良県奈良市二条大路南1丁目3‐1 ミ・ナーラ1階,https://www.ymobile.jp/shop/detail/W269/,ymobile-w269,34.685187,135.802192,https://www.ymobile.jp/shop/api_json.php,2026-08-19
aeonmobile,北陸,富山県,イオンスタイル高岡南,933-0813 富山県高岡市下伏間江383,https://aeonmobile.jp/shoplist/takaokaminami/,aeon-mobile-takaokaminami,36.72371753605124,137.01694796151813,https://aeonmobile.jp/shoplist/data.json,2026-08-19
ymobile,北陸,富山県,ワイモバイルイオンモールとなみ,939-1344 富山県砺波市中神1丁目174,https://www.ymobile.jp/shop/detail/W9HJ/,ymobile-w9hj,36.64158,136.947964,https://www.ymobile.jp/shop/api_json.php,2026-08-19
ymobile,北陸,福井県,ワイモバイルアピタ福井大和田,910-0836 福井県福井市大和田2丁目1230番地,https://www.ymobile.jp/shop/detail/WA2L/,ymobile-wa2l,36.096606,136.2508,https://www.ymobile.jp/shop/api_json.php,2026-08-19
ymobile,北陸,福井県,ワイモバイルエディオン福井本店,910-0838 福井県福井市新保北1丁目601,https://www.ymobile.jp/shop/detail/W13M/,ymobile-w13m,36.088782,136.249123,https://www.ymobile.jp/shop/api_json.php,2026-08-19
ymobile,北陸,福井県,ワイモバイルショッピングシティベル,918-8015 福井県福井市花堂南2丁目16‐1,https://www.ymobile.jp/shop/detail/WA2A/,ymobile-wa2a,36.03390582213944,136.21216312007763,https://www.ymobile.jp/shop/api_json.php,2026-08-19
ymobile,北陸,福井県,ワイモバイル武生楽市,915-0094 福井県越前市横市町28‐14‐1,https://www.ymobile.jp/shop/detail/W9ZT/,ymobile-w9zt,35.907124,136.19293,https://www.ymobile.jp/shop/api_json.php,2026-08-19
aeonmobile,九州,福岡県,イオンモバイル香椎浜,813-0016 福岡県福岡市東区香椎浜3丁目12-1,https://aeonmobile.jp/shoplist/kashiihama/,aeon-mobile-kashiihama,33.656453680715494,130.42719071498138,https://aeonmobile.jp/shoplist/data.json,2026-08-19
aeonmobile,九州,福岡県,イオンモバイル筑紫野,818-0042 福岡県筑紫野市立明寺434番地1,https://aeonmobile.jp/shoplist/chikushino/,aeon-mobile-chikushino,33.48040998076544,130.5232893149765,https://aeonmobile.jp/shoplist/data.json,2026-08-19
aeonmobile,九州,福岡県,イオンモバイル直方,822-0008 福岡県直方市湯野原2丁目1-1,https://aeonmobile.jp/shoplist/nogata/,aeon-mobile-nogata,33.769329080683924,130.74666081498478,https://aeonmobile.jp/shoplist/data.json,2026-08-19
aeonmobile,九州,福岡県,イオンモバイル八幡東,805-0071 福岡県北九州市八幡東区東田3丁目2-102,https://aeonmobile.jp/shoplist/yahatahigashi/,aeon-mobile-yahatahigashi,33.87012448065584,130.81012411498753,https://aeonmobile.jp/shoplist/data.json,2026-08-19
aeonmobile,九州,福岡県,イオンモバイル福岡,811-2303 福岡県糟屋郡粕屋町大字酒殿字老ノ木192-1,https://aeonmobile.jp/shoplist/fukuoka/,aeon-mobile-fukuoka,33.59535388073265,130.47892461497975,https://aeonmobile.jp/shoplist/data.json,2026-08-19
aeonmobile,九州,福岡県,イオンモバイル福岡伊都,819-0375 福岡県福岡市西区北原1丁目2-1,https://aeonmobile.jp/shoplist/fukuokaito/,aeon-mobile-fukuokaito,33.57744298073769,130.25656871497918,https://aeonmobile.jp/shoplist/data.json,2026-08-19
uqmobile,九州,福岡県,UQスポット イオンマリナタウン,福岡県 福岡市西区 豊浜３丁目１－１０ イオンマリナタウン,https://www.uqwimax.jp/mobile/shoplist/Q062009/,uq-mobile-q062009,33.589445,130.33392,https://www.uqwimax.jp/mobile/shoplist/shoplist.json,2026-08-19
uqmobile,九州,福岡県,UQスポット イオンモール大牟田,福岡県 大牟田市 岬町３番４ イオンモール大牟田１階,https://www.uqwimax.jp/mobile/shoplist/Q653015/,uq-mobile-q653015,33.030617,130.428128,https://www.uqwimax.jp/mobile/shoplist/shoplist.json,2026-08-19
uqmobile,九州,福岡県,UQスポット イオンモール筑紫野,福岡県 筑紫野市 大字立明寺４３４－１ イオンモール筑紫野１Ｆ,https://www.uqwimax.jp/mobile/shoplist/Q653014/,uq-mobile-q653014,33.481646,130.527912,https://www.uqwimax.jp/mobile/shoplist/shoplist.json,2026-08-19
uqmobile,九州,福岡県,UQスポット イオンモール福津,福岡県 福津市 日蒔野６丁目１６番地１ イオンモール福津 ３Ｆ,https://www.uqwimax.jp/mobile/shoplist/Q005090/,uq-mobile-q005090,33.753401,130.494099,https://www.uqwimax.jp/mobile/shoplist/shoplist.json,2026-08-19
uqmobile,九州,福岡県,UQスポット サニーサイドモール小倉,福岡県 北九州市小倉南区 下曽根新町１０番１号 サニーサイドモール小倉１Ｆ,https://www.uqwimax.jp/mobile/shoplist/Q613202/,uq-mobile-q613202,33.83202,130.933499,https://www.uqwimax.jp/mobile/shoplist/shoplist.json,2026-08-19
uqmobile,九州,福岡県,UQスポット ゆめタウン久留米,福岡県 久留米市 新合川一丁目２－１ １Ｆ,https://www.uqwimax.jp/mobile/shoplist/Q209000/,uq-mobile-q209000,33.321808,130.538475,https://www.uqwimax.jp/mobile/shoplist/shoplist.json,2026-08-19
uqmobile,九州,福岡県,UQスポット ゆめタウン博多,福岡県 福岡市東区 東浜１丁目１ー１ ゆめタウン博多 １階,https://www.uqwimax.jp/mobile/shoplist/Q005093/,uq-mobile-q005093,33.611744,130.411672,https://www.uqwimax.jp/mobile/shoplist/shoplist.json,2026-08-19
ymobile,九州,福岡県,ワイモバイルイオンモール福岡,811-2303 福岡県糟屋郡粕屋町大字酒殿字老ノ木192‐1,https://www.ymobile.jp/shop/detail/W9D6/,ymobile-w9d6,33.596972,130.480497,https://www.ymobile.jp/shop/api_json.php,2026-08-19
ymobile,九州,福岡県,ワイモバイルイオン笹丘,810-0034 福岡県福岡市中央区笹丘1丁目28‐74 イオン笹丘地下1階,https://www.ymobile.jp/shop/detail/W156/,ymobile-w156,33.564815,130.376759,https://www.ymobile.jp/shop/api_json.php,2026-08-19
ymobile,九州,福岡県,ワイモバイルエディオンイオンモール福津店,811-3209 福岡県福津市日蒔野6丁目16番地の1,https://www.ymobile.jp/shop/detail/W15W/,ymobile-w15w,33.752604,130.492711,https://www.ymobile.jp/shop/api_json.php,2026-08-19
ymobile,九州,福岡県,ワイモバイルビックカメラ天神1号館,810-0021 福岡県福岡市中央区今泉1丁目25‐1,https://www.ymobile.jp/shop/detail/W988/,ymobile-w988,33.5868245,130.4010906,https://www.ymobile.jp/shop/api_json.php,2026-08-19
ymobile,九州,福岡県,ワイモバイルヨドバシカメラマルチメディア博多,812-0012 福岡県福岡市博多区博多駅中央街6‐12,https://www.ymobile.jp/shop/detail/W95N/,ymobile-w95n,33.588289,130.421619,https://www.ymobile.jp/shop/api_json.php,2026-08-19
aeonmobile,東北,福島県,イオンモバイルいわき,970-8026 福島県いわき市平字三倉68-1,https://aeonmobile.jp/shoplist/iwaki/,aeon-mobile-iwaki,37.05049767989785,140.8963353150828,https://aeonmobile.jp/shoplist/data.json,2026-08-19
aeonmobile,東北,福島県,イオンモバイル郡山,963-8812 福島県郡山市松木町2-88,https://aeonmobile.jp/shoplist/koriyama/,aeon-mobile-koriyama,37.390766473371436,140.38942346326675,https://aeonmobile.jp/shoplist/data.json,2026-08-19
uqmobile,東北,福島県,UQスポット イオンモールいわき小名浜,福島県 いわき市 小名浜字辰巳町７９ イオンモールいわき小名浜2F,https://www.uqwimax.jp/mobile/shoplist/TW01U10/,uq-mobile-tw01u10,36.946801,140.903897,https://www.uqwimax.jp/mobile/shoplist/shoplist.json,2026-08-19
ymobile,東北,福島県,ワイモバイルケーズデンキ会津若松本店,965-0057 福島県会津若松市町北町大字藤室字道下84‐1,https://www.ymobile.jp/shop/detail/W19F/,ymobile-w19f,37.518431,139.914253,https://www.ymobile.jp/shop/api_json.php,2026-08-19
ymobile,東北,福島県,ワイモバイルケーズデンキ郡山本店,963-8022 福島県郡山市西ノ内2丁目11‐35,https://www.ymobile.jp/shop/detail/W209/,ymobile-w209,37.406955,140.362835,https://www.ymobile.jp/shop/api_json.php,2026-08-19
ymobile,東北,福島県,ワイモバイルヨドバシカメラマルチメディア郡山,963-8002 福島県郡山市駅前1丁目16‐7,https://www.ymobile.jp/shop/detail/W9ZL/,ymobile-w9zl,37.397154,140.387625,https://www.ymobile.jp/shop/api_json.php,2026-08-19
aeonmobile,近畿,兵庫県,イオンモバイルジェームス山,655-0873 兵庫県神戸市垂水区青山台7-7-1,https://aeonmobile.jp/shoplist/jemusuyama/,aeon-mobile-jemusuyama,34.64623618044841,135.07388081501009,https://aeonmobile.jp/shoplist/data.json,2026-08-19
aeonmobile,近畿,兵庫県,イオンモバイル伊丹,664-0847 兵庫県伊丹市藤ノ木1丁目1番1号,https://aeonmobile.jp/shoplist/ionmobairuiommo-ruitami/,aeon-mobile-ionmobairuiommo-ruitami,34.78182608041379,135.42163871523448,https://aeonmobile.jp/shoplist/data.json,2026-08-19
aeonmobile,近畿,兵庫県,イオンモバイル伊丹昆陽,664-0027 兵庫県伊丹市池尻4丁目1番1,https://aeonmobile.jp/shoplist/itamikoya/,aeon-mobile-itamikoya,34.784483680413025,135.37920771501416,https://aeonmobile.jp/shoplist/data.json,2026-08-19
aeonmobile,近畿,兵庫県,イオンモバイル加古川,675-0101 兵庫県加古川市平岡町新在家615-1,https://aeonmobile.jp/shoplist/kakogawa/,aeon-mobile-kakogawa,34.74908968042213,134.86009461501325,https://aeonmobile.jp/shoplist/data.json,2026-08-19
aeonmobile,近畿,兵庫県,イオンモバイル高砂店,676-0019 兵庫県高砂市緑丘2-1-40,https://aeonmobile.jp/shoplist/takasago/,aeon-mobile-takasago,34.766818146706484,134.77187299811402,https://aeonmobile.jp/shoplist/data.json,2026-08-19
aeonmobile,近畿,兵庫県,イオンモバイル三田ウッディタウン,669-1321 兵庫県三田市けやき台1-6-2,https://aeonmobile.jp/shoplist/sandaudditaun/,aeon-mobile-sandaudditaun,34.908183480381624,135.18543551501773,https://aeonmobile.jp/shoplist/data.json,2026-08-19
aeonmobile,近畿,兵庫県,イオンモバイル洲本,656-0021 兵庫県洲本市塩屋1-1-8,https://aeonmobile.jp/shoplist/sumoto/,aeon-mobile-sumoto,34.34489798052737,134.8902463150014,https://aeonmobile.jp/shoplist/data.json,2026-08-19
aeonmobile,近畿,兵庫県,イオンモバイル神戸北,651-1515 兵庫県神戸市北区上津台8丁目1番1号,https://aeonmobile.jp/shoplist/kobekita/,aeon-mobile-kobekita,34.85994598039393,135.19208341501636,https://aeonmobile.jp/shoplist/data.json,2026-08-19
aeonmobile,近畿,兵庫県,イオンモバイル淡路,656-2132 兵庫県淡路市志筑新島10-2,https://aeonmobile.jp/shoplist/awaji/,aeon-mobile-awaji,34.426056880505975,134.90396771500366,https://aeonmobile.jp/shoplist/data.json,2026-08-19
aeonmobile,近畿,兵庫県,イオンモバイル猪名川,666-0257 兵庫県川辺郡猪名川町白金2-1,https://aeonmobile.jp/shoplist/inagawa/,aeon-mobile-inagawa,34.90211898038322,135.36228331501772,https://aeonmobile.jp/shoplist/data.json,2026-08-19
aeonmobile,近畿,兵庫県,イオンモバイル姫路リバーシティー,672-8064 兵庫県姫路市飾磨区細江2560番地,https://aeonmobile.jp/shoplist/himejiriba-shiti/,aeon-mobile-himejiriba-shiti,34.79838698040961,134.66623731501463,https://aeonmobile.jp/shoplist/data.json,2026-08-19
aeonmobile,近畿,兵庫県,イオンモバイル姫路大津,671-1146 兵庫県姫路市大津区大津町２丁目５番,https://aeonmobile.jp/shoplist/himejiotsu/,aeon-mobile-himejiotsu,34.806563380407475,134.60449971501484,https://aeonmobile.jp/shoplist/data.json,2026-08-19
aeonmobile,近畿,兵庫県,イオンモバイル明石,674-0068 兵庫県明石市大久保町ゆりのき通り3-3-1,https://aeonmobile.jp/shoplist/akashi/,aeon-mobile-akashi,34.678740080440186,134.93263371501104,https://aeonmobile.jp/shoplist/data.json,2026-08-19
aeonmobile,近畿,兵庫県,イオン加西北条店,675-2312 兵庫県加西市北条町北条308-1,https://aeonmobile.jp/shoplist/kasaihojo/,aeon-mobile-kasaihojo,34.930460770849194,134.82584032632516,https://aeonmobile.jp/shoplist/data.json,2026-08-19
aeonmobile,近畿,兵庫県,イオン三木店,673-0404 兵庫県三木市大村字砂163,https://aeonmobile.jp/shoplist/miki/,aeon-mobile-miki,34.805322272882684,134.96958007648075,https://aeonmobile.jp/shoplist/data.json,2026-08-19
aeonmobile,近畿,兵庫県,イオン赤穂店,678-0232 兵庫県赤穂市中広字別所55-3,https://aeonmobile.jp/shoplist/ako/,aeon-mobile-ako,34.755399380420364,134.39817201523374,https://aeonmobile.jp/shoplist/data.json,2026-08-19
uqmobile,近畿,兵庫県,UQスポット あまがさきキューズモール,兵庫県 尼崎市 潮江１－３－１ あまがさきキューズモール３Ｆ,https://www.uqwimax.jp/mobile/shoplist/K062073/,uq-mobile-k062073,34.733572,135.430904,https://www.uqwimax.jp/mobile/shoplist/shoplist.json,2026-08-19
uqmobile,近畿,兵庫県,UQスポット イオンモール伊丹昆陽,兵庫県 伊丹市 池尻４丁目１－１ イオンモール伊丹昆陽３F,https://www.uqwimax.jp/mobile/shoplist/KB82022/,uq-mobile-kb82022,34.784456,135.381396,https://www.uqwimax.jp/mobile/shoplist/shoplist.json,2026-08-19
uqmobile,近畿,兵庫県,UQスポット イオンモール神戸北,兵庫県 神戸市北区 上津台８丁目１－１,https://www.uqwimax.jp/mobile/shoplist/K405012/,uq-mobile-k405012,34.861134,135.194698,https://www.uqwimax.jp/mobile/shoplist/shoplist.json,2026-08-19
uqmobile,近畿,兵庫県,UQスポット イオンモール猪名川,兵庫県 川辺郡猪名川町 白金２－１ イオンモール猪名川２Ｆ,https://www.uqwimax.jp/mobile/shoplist/K062082/,uq-mobile-k062082,34.902043,135.364851,https://www.uqwimax.jp/mobile/shoplist/shoplist.json,2026-08-19
uqmobile,近畿,兵庫県,UQスポット イオンモール姫路リバーシティ,兵庫県 姫路市 飾磨区細江２５６０ イオンモール姫路リバーシティ３Ｆ,https://www.uqwimax.jp/mobile/shoplist/K09091C/,uq-mobile-k09091c,34.798692,134.668254,https://www.uqwimax.jp/mobile/shoplist/shoplist.json,2026-08-19
uqmobile,近畿,兵庫県,UQスポット ららぽーと甲子園,兵庫県 西宮市 甲子園八番町１－１００ ららぽーと甲子園２Ｆ,https://www.uqwimax.jp/mobile/shoplist/K428057/,uq-mobile-k428057,34.717783,135.3636,https://www.uqwimax.jp/mobile/shoplist/shoplist.json,2026-08-19
ymobile,近畿,兵庫県,ワイモバイルあまがさきキューズモール,661-0976 兵庫県尼崎市潮江1丁目3‐1 あまがさきキューズモール1F,https://www.ymobile.jp/shop/detail/WA5Y/,ymobile-wa5y,34.733561,135.430849,https://www.ymobile.jp/shop/api_json.php,2026-08-19
ymobile,近畿,兵庫県,ワイモバイルイオンモール伊丹昆陽,664-0027 兵庫県伊丹市池尻4丁目1‐1 イオンモール伊丹昆陽1F,https://www.ymobile.jp/shop/detail/W9HQ/,ymobile-w9hq,34.784608,135.3801194,https://www.ymobile.jp/shop/api_json.php,2026-08-19
ymobile,近畿,兵庫県,ワイモバイルイオンモール加西北条,675-2312 兵庫県加西市北条町北条308番地の1 イオンモール2階,https://www.ymobile.jp/shop/detail/W9SE/,ymobile-w9se,34.931024,134.827243,https://www.ymobile.jp/shop/api_json.php,2026-08-19
ymobile,近畿,兵庫県,ワイモバイルイオンモール神戸南,652-0844 兵庫県神戸市兵庫区中之島2丁目1番1,https://www.ymobile.jp/shop/detail/WA1Q/,ymobile-wa1q,34.665719,135.17459,https://www.ymobile.jp/shop/api_json.php,2026-08-19
ymobile,近畿,兵庫県,ワイモバイルイオン赤穂,678-0232 兵庫県赤穂市中広字別所55‐3 イオン赤穂1階,https://www.ymobile.jp/shop/detail/W9BD/,ymobile-w9bd,34.7560899,134.4010269,https://www.ymobile.jp/shop/api_json.php,2026-08-19
ymobile,近畿,兵庫県,ワイモバイルイズミヤ神戸玉津,651-2132 兵庫県神戸市西区森友3丁目7‐3 イズミヤ神戸玉津店2F,https://www.ymobile.jp/shop/detail/W9I9/,ymobile-w9i9,34.663547,134.982749,https://www.ymobile.jp/shop/api_json.php,2026-08-19
ymobile,近畿,兵庫県,ワイモバイルエディオンJR尼崎駅店,660-0808 兵庫県尼崎市潮江1丁目1‐50,https://www.ymobile.jp/shop/detail/W20K/,ymobile-w20k,34.731373,135.432799,https://www.ymobile.jp/shop/api_json.php,2026-08-19
ymobile,近畿,兵庫県,ワイモバイルエディオン伊丹店,664-0831 兵庫県伊丹市北伊丹5丁目70‐1,https://www.ymobile.jp/shop/detail/W0YT/,ymobile-w0yt,34.798003,135.421437,https://www.ymobile.jp/shop/api_json.php,2026-08-19
ymobile,近畿,兵庫県,ワイモバイルエディオン御影店,658-0046 兵庫県神戸市東灘区御影本町4丁目2‐1,https://www.ymobile.jp/shop/detail/W28G/,ymobile-w28g,34.712058,135.2566,https://www.ymobile.jp/shop/api_json.php,2026-08-19
ymobile,近畿,兵庫県,ワイモバイルエディオン神戸北町店,651-1233 兵庫県神戸市北区日の峰2丁目3‐3,https://www.ymobile.jp/shop/detail/W0VH/,ymobile-w0vh,34.756183,135.145053,https://www.ymobile.jp/shop/api_json.php,2026-08-19
ymobile,近畿,兵庫県,ワイモバイルエディオン垂水店,655-0052 兵庫県神戸市垂水区舞多聞東2丁目1‐45 プルメール舞多聞,https://www.ymobile.jp/shop/detail/W0UG/,ymobile-w0ug,34.6637229,135.0540932,https://www.ymobile.jp/shop/api_json.php,2026-08-19
ymobile,近畿,兵庫県,ワイモバイルエディオン西宮店,662-0842 兵庫県西宮市芦原町9‐23,https://www.ymobile.jp/shop/detail/W0N8/,ymobile-w0n8,34.742142,135.353955,https://www.ymobile.jp/shop/api_json.php,2026-08-19
ymobile,近畿,兵庫県,ワイモバイルららぽーと甲子園,663-8178 兵庫県西宮市甲子園八番町1‐100 ららぽーと甲子園2階,https://www.ymobile.jp/shop/detail/W0QW/,ymobile-w0qw,34.717774,135.363569,https://www.ymobile.jp/shop/api_json.php,2026-08-19
ymobile,近畿,兵庫県,ワイモバイル御影クラッセ,658-0054 兵庫県神戸市東灘区御影中町3丁目2‐1 御影クラッセ3F,https://www.ymobile.jp/shop/detail/W9RL/,ymobile-w9rl,34.7153884,135.2548655,https://www.ymobile.jp/shop/api_json.php,2026-08-19
aeonmobile,北海道,北海道,イオンモバイル旭川西,070-0823 北海道旭川市緑町23丁目2161-3,https://aeonmobile.jp/shoplist/asahikawanishi/,aeon-mobile-asahikawanishi,43.79408217911666,142.32375021530868,https://aeonmobile.jp/shoplist/data.json,2026-08-19
aeonmobile,北海道,北海道,イオンモバイル伊達,052-0021 北海道伊達市末永町8-1,https://aeonmobile.jp/shoplist/date/,aeon-mobile-date,42.4735371791794,140.86033531526218,https://aeonmobile.jp/shoplist/data.json,2026-08-19
aeonmobile,北海道,北海道,イオンモバイル岩見沢,068-0854 北海道岩見沢市大和4条8丁目1,https://aeonmobile.jp/shoplist/iwamizawa/,aeon-mobile-iwamizawa,43.18424017914013,141.739018915287,https://aeonmobile.jp/shoplist/data.json,2026-08-19
aeonmobile,北海道,北海道,イオンモバイル釧路,088-0621 北海道釧路郡釧路町桂木1丁目1-7,https://aeonmobile.jp/shoplist/kushiro/,aeon-mobile-kushiro,43.00910647914869,144.40251761528089,https://aeonmobile.jp/shoplist/data.json,2026-08-19
aeonmobile,北海道,北海道,イオンモバイル釧路昭和,084-0910 北海道釧路市昭和中央4丁目18-1,https://aeonmobile.jp/shoplist/kushiroshowa/,aeon-mobile-kushiroshowa,43.025919879147786,144.35710251528147,https://aeonmobile.jp/shoplist/data.json,2026-08-19
aeonmobile,北海道,北海道,イオンモバイル江別,069-0812 北海道江別市幸町35,https://aeonmobile.jp/shoplist/ebetsu/,aeon-mobile-ebetsu,43.09697797914439,141.53145531528392,https://aeonmobile.jp/shoplist/data.json,2026-08-19
aeonmobile,北海道,北海道,イオンモバイル札幌桑園,060-0008 北海道札幌市中央区北8条西14丁目28,https://aeonmobile.jp/shoplist/sapporosoen/,aeon-mobile-sapporosoen,43.06939347914566,141.33098691528295,https://aeonmobile.jp/shoplist/data.json,2026-08-19
aeonmobile,北海道,北海道,イオンモバイル札幌元町,065-0031 北海道札幌市東区北31条東15丁目1-1,https://aeonmobile.jp/shoplist/sapporomotomachi/,aeon-mobile-sapporomotomachi,43.1013208791441,141.36596461528404,https://aeonmobile.jp/shoplist/data.json,2026-08-19
aeonmobile,北海道,北海道,イオンモバイル札幌手稲駅前,006-0811 北海道札幌市手稲区前田1条11-1-1,https://aeonmobile.jp/shoplist/teineekimae/,aeon-mobile-teineekimae,43.12008666432444,141.24387075173146,https://aeonmobile.jp/shoplist/data.json,2026-08-19
aeonmobile,北海道,北海道,イオンモバイル札幌藻岩,005-0802 北海道札幌市南区川沿2条2丁目1-1,https://aeonmobile.jp/shoplist/sapporomoiwa/,aeon-mobile-sapporomoiwa,42.99930197914917,141.3342873152804,https://aeonmobile.jp/shoplist/data.json,2026-08-19
aeonmobile,北海道,北海道,イオンモバイル札幌発寒,063-8585 北海道札幌市西区発寒8条12丁目1,https://aeonmobile.jp/shoplist/sapporohassamu/,aeon-mobile-sapporohassamu,43.09644647914431,141.27423361528398,https://aeonmobile.jp/shoplist/data.json,2026-08-19
aeonmobile,北海道,北海道,イオンモバイル札幌苗穂,007-0802 北海道札幌市東区東苗穂2条3丁目1-1,https://aeonmobile.jp/shoplist/sapporonaebo/,aeon-mobile-sapporonaebo,43.07971497914516,141.4024911152832,https://aeonmobile.jp/shoplist/data.json,2026-08-19
aeonmobile,北海道,北海道,イオンモバイル札幌平岡,004-0873 北海道札幌市清田区平岡3条5丁目3-1,https://aeonmobile.jp/shoplist/sapporohiraoka/,aeon-mobile-sapporohiraoka,42.99632237914932,141.45570911528037,https://aeonmobile.jp/shoplist/data.json,2026-08-19
aeonmobile,北海道,北海道,イオンモバイル三笠,068-2165 北海道三笠市岡山1059-1,https://aeonmobile.jp/shoplist/mikasa/,aeon-mobile-mikasa,43.24353997913756,141.80335531528905,https://aeonmobile.jp/shoplist/data.json,2026-08-19
aeonmobile,北海道,北海道,イオンモバイル室蘭,050-0083 北海道室蘭市東町2丁目4-32,https://aeonmobile.jp/shoplist/muroran/,aeon-mobile-muroran,42.34507837918795,141.02400881525767,https://aeonmobile.jp/shoplist/data.json,2026-08-19
aeonmobile,北海道,北海道,イオンモバイル小樽,047-0008 北海道小樽市築港11-6,https://aeonmobile.jp/shoplist/otaru/,aeon-mobile-otaru,43.18458687914022,141.01943281548265,https://aeonmobile.jp/shoplist/data.json,2026-08-19
aeonmobile,北海道,北海道,イオンモバイル上磯,049-0111 北海道北斗市七重浜4-44-1,https://aeonmobile.jp/shoplist/kamiiso/,aeon-mobile-kamiiso,41.821967779226625,140.70884661543937,https://aeonmobile.jp/shoplist/data.json,2026-08-19
aeonmobile,北海道,北海道,イオンモバイル新さっぽろ,004-0052 北海道札幌市厚別区厚別中央2条5-7-1,https://aeonmobile.jp/shoplist/shinsapporo/,aeon-mobile-shinsapporo,43.03818247914707,141.46939581547795,https://aeonmobile.jp/shoplist/data.json,2026-08-19
aeonmobile,北海道,北海道,イオンモバイル千歳,066-8557 北海道千歳市栄町6丁目51,https://aeonmobile.jp/shoplist/chitose/,aeon-mobile-chitose,42.828856579158256,141.64590371527447,https://aeonmobile.jp/shoplist/data.json,2026-08-19
aeonmobile,北海道,北海道,イオンモバイル帯広,080-0014 北海道帯広市西4条南20丁目1,https://aeonmobile.jp/shoplist/obihiro/,aeon-mobile-obihiro,42.90873997915387,143.19816131527736,https://aeonmobile.jp/shoplist/data.json,2026-08-19
aeonmobile,北海道,北海道,イオンモバイル登別,059-0026 北海道登別市若山町4丁目33-1,https://aeonmobile.jp/shoplist/noboribetsu/,aeon-mobile-noboribetsu,42.381349279185514,141.06627881525887,https://aeonmobile.jp/shoplist/data.json,2026-08-19
aeonmobile,北海道,北海道,イオンモバイル東札幌,003-0003 北海道札幌市白石区東札幌3条2-1,https://aeonmobile.jp/shoplist/higashisapporo/,aeon-mobile-higashisapporo,43.05265797914637,141.38313811547835,https://aeonmobile.jp/shoplist/data.json,2026-08-19
aeonmobile,北海道,北海道,イオンモバイル苫小牧,053-0053 北海道苫小牧市柳町3丁目1-20,https://aeonmobile.jp/shoplist/tomakomai/,aeon-mobile-tomakomai,42.65577787916807,141.63869961526845,https://aeonmobile.jp/shoplist/data.json,2026-08-19
aeonmobile,北海道,北海道,イオンモバイル北見,090-0052 北海道北見市北進町1丁目1-1,https://aeonmobile.jp/shoplist/kitami/,aeon-mobile-kitami,43.80826647911624,143.87334161530924,https://aeonmobile.jp/shoplist/data.json,2026-08-19
uqmobile,北海道,北海道,UQスポット ＭＥＧＡドン・キホーテ西帯広,北海道 帯広市 西２１条南４丁目４－１ ＭＥＧＡドン・キホーテ西帯広店内,https://www.uqwimax.jp/mobile/shoplist/D556186/,uq-mobile-d556186,42.911582,143.143497,https://www.uqwimax.jp/mobile/shoplist/shoplist.json,2026-08-19
uqmobile,北海道,北海道,UQスポット ＭＥＧＡドン・キホーテ苫小牧,北海道 苫小牧市 木場町１－６－１ ＭＥＧＡドン・キホーテ苫小牧店１Ｆ,https://www.uqwimax.jp/mobile/shoplist/D556184/,uq-mobile-d556184,42.641024,141.595398,https://www.uqwimax.jp/mobile/shoplist/shoplist.json,2026-08-19
uqmobile,北海道,北海道,UQスポット ＭＥＧＡドン・キホーテ函館,北海道 函館市 美原１丁目７－１ ＭＥＧＡドン・キホーテ函館店Ｂ１Ｆ,https://www.uqwimax.jp/mobile/shoplist/D556185/,uq-mobile-d556185,41.813548,140.756195,https://www.uqwimax.jp/mobile/shoplist/shoplist.json,2026-08-19
uqmobile,北海道,北海道,UQスポット イオンモール旭川駅前,北海道 旭川市 宮下通７丁目 ２－５ イオンモール旭川駅前3F,https://www.uqwimax.jp/mobile/shoplist/D466005/,uq-mobile-d466005,43.763767,142.357503,https://www.uqwimax.jp/mobile/shoplist/shoplist.json,2026-08-19
ymobile,北海道,北海道,ワイモバイルアリオ札幌,065-0007 北海道札幌市東区北七条東9丁目2‐20 アリオ札幌3F,https://www.ymobile.jp/shop/detail/W0W0/,ymobile-w0w0,43.07117,141.370255,https://www.ymobile.jp/shop/api_json.php,2026-08-19
ymobile,北海道,北海道,ワイモバイルウイングベイ小樽,047-0008 北海道小樽市築港11 ウイングベイ小樽3番街1F,https://www.ymobile.jp/shop/detail/W0IR/,ymobile-w0ir,43.183512,141.024251,https://www.ymobile.jp/shop/api_json.php,2026-08-19
ymobile,北海道,北海道,ワイモバイルエディオン札幌清田店,004-0839 北海道札幌市清田区真栄56番地,https://www.ymobile.jp/shop/detail/W24T/,ymobile-w24t,42.991259,141.438619,https://www.ymobile.jp/shop/api_json.php,2026-08-19
ymobile,北海道,北海道,ワイモバイルビックカメラ札幌店,060-0004 北海道札幌市中央区北四条西2丁目1 東急百貨店さっぽろ店5階・6階,https://www.ymobile.jp/shop/detail/W986/,ymobile-w986,43.06646,141.35292,https://www.ymobile.jp/shop/api_json.php,2026-08-19
ymobile,北海道,北海道,ワイモバイルヨドバシカメラマルチメディア札幌,060-0806 北海道札幌市北区北六条西5丁目1‐22,https://www.ymobile.jp/shop/detail/W95K/,ymobile-w95k,43.0684643,141.3475821,https://www.ymobile.jp/shop/api_json.php,2026-08-19
ymobile,北海道,北海道,ワイモバイル釧路昭和,084-0910 北海道釧路市昭和中央4丁目9‐14 プロビル,https://www.ymobile.jp/shop/detail/W9F9/,ymobile-w9f9,43.022967,144.358825,https://www.ymobile.jp/shop/api_json.php,2026-08-19
ymobile,北海道,北海道,ワイモバイル屯田,002-0858 北海道札幌市北区屯田八条10丁目6‐1,https://www.ymobile.jp/shop/detail/W9G5/,ymobile-w9g5,43.142865,141.32304,https://www.ymobile.jp/shop/api_json.php,2026-08-19
aeonmobile,近畿,和歌山県,イオンモバイル和歌山,640-8454 和歌山市ふじと台23番地,https://aeonmobile.jp/shoplist/wakayama/,aeon-mobile-wakayama,34.27476198054596,135.14701431499918,https://aeonmobile.jp/shoplist/data.json,2026-08-19
aeonmobile,近畿,和歌山県,イオン新宮店,647-0052 和歌山県新宮市橋本2-14-23,https://aeonmobile.jp/shoplist/shingu/,aeon-mobile-shingu,33.714178535504416,135.98761447628723,https://aeonmobile.jp/shoplist/data.json,2026-08-19
uqmobile,近畿,和歌山県,UQスポット イオンモール和歌山,和歌山県 和歌山市 ふじと台23番地 イオンモール和歌山1F,https://www.uqwimax.jp/mobile/shoplist/K048043/,uq-mobile-k048043,34.275996,135.149198,https://www.uqwimax.jp/mobile/shoplist/shoplist.json,2026-08-19
ymobile,近畿,和歌山県,ワイモバイルイオンモール和歌山,640-8454 和歌山県和歌山市ふじと台23番地 イオンモール和歌山3階,https://www.ymobile.jp/shop/detail/W9GZ/,ymobile-w9gz,34.276154,135.149189,https://www.ymobile.jp/shop/api_json.php,2026-08-19
